acc_x, acc_y, angular_z, stamp, 
0.047350406646728516, -0.0218353271484375, -0.0018982947081058238, 1791555257700834892
0.026098549365997314, -0.0035851597785949707, -6.653444813857167e-05, 1791555257731743195
-0.008504748344421387, -0.005396008491516113, 0.0009936464076071056, 1791555257761795879
0.011831223964691162, 0.010100901126861572, 0.0008175156716226712, 1791555257850868208
0.0725979208946228, -0.023903965950012207, 0.0011098664574153891, 1791555257883977179
0.04040402173995972, -0.02018904685974121, -0.00047229005132250673, 1791555257915277878
0.00952303409576416, 0.0012213587760925293, 0.0026257643257905842, 1791555257942044979
0.0096513032913208, 0.028326213359832764, 0.0003887878207653662, 1791555257971922079
0.015373528003692627, -0.01277017593383789, -0.001057917897826721, 1791555257994885284
0.029318392276763916, 0.0013890862464904785, 0.0002238106130120793, 1791555258022069395
0.0020633935928344727, -0.003970921039581299, 0.0004020687714265388, 1791555258051932271
-0.02332937717437744, 0.006730437278747559, 7.399132144046005e-05, 1791555258075060169
0.01048368215560913, 0.017529547214508057, 8.915737195663776e-05, 1791555258112012913
-0.0026714205741882324, -0.011315524578094482, 7.818279178003744e-05, 1791555258142043244
-0.010267078876495361, -0.029392123222351074, 7.5231447196891e-05, 1791555258172036386
0.036237359046936035, -0.015016794204711914, 6.54942598281651e-05, 1791555258204187026
0.01812654733657837, 0.00482255220413208, 6.632321285816804e-05, 1791555258235462457
-0.007134795188903809, -0.014823973178863525, 7.222617429537612e-05, 1791555258272175139
0.016129791736602783, -0.009341657161712646, 6.413329870641738e-05, 1791555258302147234
0.035753726959228516, -0.0020374059677124023, 6.39238049630694e-05, 1791555258332199642
-0.00020235776901245117, 0.00694882869720459, 5.790681259590622e-05, 1791555258363812071
-0.00014150142669677734, -0.002078711986541748, 5.321195271922034e-05, 1791555258395955974
0.011625349521636963, 0.01039952039718628, 4.617607167524899e-05, 1791555258524059287
0.050924062728881836, 0.0013466477394104004, 4.597789402611044e-05, 1791555258555334124
0.018424570560455322, 0.013836383819580078, 5.1539761104250603e-05, 1791555258582642590
0.037771403789520264, -0.025952816009521484, 4.642115044087273e-05, 1791555258612307262
-0.003719151020050049, 0.008199214935302734, 4.3801159905380966e-05, 1791555258642372279
-0.007587790489196777, 0.009966790676116943, 4.0865418849452066e-05, 1791555258672397515
0.0211179256439209, 0.03140842914581299, 3.986414594036082e-05, 1791555258702419206
0.02634108066558838, -0.02455192804336548, 3.988121870003924e-05, 1791555258732418598
0.01693934202194214, 0.004047214984893799, 3.3997093589761246e-05, 1791555258764091623
-0.014127492904663086, 0.01265484094619751, 3.8525298607348674e-05, 1791555258822520970
-0.03567618131637573, -0.016233980655670166, 3.1903146962066515e-05, 1791555258852503746
0.0218622088432312, 0.019594907760620117, 2.6977562020658724e-05, 1791555258875747694
0.02177596092224121, 0.019315242767333984, 3.3201214117424606e-05, 1791555258901856572
0.025322556495666504, -0.015083134174346924, 2.7265407967326267e-05, 1791555258932549718
-0.03908073902130127, -0.01154017448425293, 2.7855527720852596e-05, 1791555258962587044
-0.006657242774963379, 0.011634290218353271, 2.5627729554716505e-05, 1791555258992906126
0.00601506233215332, 0.03657984733581543, 2.5994764644411945e-05, 1791555259022792532
-0.01741105318069458, -0.017506659030914307, 2.6933096897848538e-05, 1791555259052738482
-0.022700369358062744, -0.024680376052856445, 2.4202587128516727e-05, 1791555259083595123
0.004536807537078857, 0.025557994842529297, 2.347208313445701e-05, 1791555259115410128
0.03873258829116821, 0.005669653415679932, 2.8395021993653418e-05, 1791555259141706728
-0.018844187259674072, 0.0020693540573120117, 2.3887546851887107e-05, 1791555259171711806
-0.002775728702545166, 0.00749439001083374, 2.3075482909642665e-05, 1791555259202766673
-0.02084273099899292, -0.017706990242004395, 2.3770433083065972e-05, 1791555259232908479
0.004650473594665527, 0.011106729507446289, 2.197322776861927e-05, 1791555259262800714
0.018928229808807373, -0.005257606506347656, 1.883877625196088e-05, 1791555259292916820
0.013246476650238037, -0.018080413341522217, 1.7821243778849545e-05, 1791555259323073999
-0.022668957710266113, -0.01796555519104004, 1.8093884118696054e-05, 1791555259356066135
-0.022307395935058594, 0.02346402406692505, 2.1033801587954986e-05, 1791555259383028806
-0.005831360816955566, 0.023318171501159668, 1.966536004787566e-05, 1791555259411867319
0.013919293880462646, 0.006927847862243652, 1.7310530723173103e-05, 1791555259442905511
-0.02381157875061035, -0.016490697860717773, 1.7862104551235348e-05, 1791555259472981375
-0.011324524879455566, 0.003280162811279297, 1.637020206051074e-05, 1791555259493026737
0.003412485122680664, 0.0033354759216308594, 1.6452246283465448e-05, 1791555259532954488
0.04126518964767456, 0.012164890766143799, 1.7426983029102132e-05, 1791555259563776147
0.0069408416748046875, -0.03277575969696045, 1.5990584331591798e-05, 1791555259595498827
-0.003964245319366455, -0.007432699203491211, 1.733505875084516e-05, 1791555259623037542
-0.011128842830657959, -0.0019299983978271484, 1.3885209693503945e-05, 1791555259653122641
0.0267830491065979, 0.025130867958068848, 1.396188933769165e-05, 1791555259683040536
0.03539854288101196, -0.021580874919891357, 1.1918909619723751e-05, 1791555259713080665
-0.02248436212539673, -0.01055598258972168, 1.0884889735969133e-05, 1791555259743228986
-0.04409158229827881, -0.0029979348182678223, 1.094919166345777e-05, 1791555259773195747
-0.015186429023742676, 0.00981450080871582, 1.0532068692583424e-05, 1791555259804348158
0.015298962593078613, -0.007959306240081787, 9.621941184129778e-06, 1791555259835347955
-0.015349030494689941, -0.014906048774719238, 1.1718558004463898e-05, 1791555259863341477
0.01681995391845703, -0.011042356491088867, 9.973119084822672e-06, 1791555259893243326
-0.0010187029838562012, -8.279085159301758e-05, 1.0902837643161063e-05, 1791555259923327417
0.04741525650024414, 0.008894383907318115, 1.095616895717911e-05, 1791555259953263986
0.007412433624267578, -0.021551668643951416, 9.94598715206973e-06, 1791555259983240744
0.00698542594909668, -0.0016347765922546387, 9.934381381613295e-06, 1791555260013247690
-0.023705780506134033, 0.002161741256713867, 7.83696106183308e-06, 1791555260043676235
0.01763993501663208, 0.027348458766937256, 5.5721823583090895e-06, 1791555260075774302
-0.0005171298980712891, 0.009145557880401611, 6.4850611458200125e-06, 1791555260103352192
-0.004417359828948975, -0.034143149852752686, 4.97362516165801e-06, 1791555260133315363
-0.042293429374694824, 0.008972585201263428, 5.959958964464277e-06, 1791555260163317991
-0.002562224864959717, 0.008913755416870117, 5.944540598456837e-06, 1791555260193399013
0.040496885776519775, 0.01763254404067993, 5.9511279230468395e-06, 1791555260223448362
0.02062124013900757, 0.0065686702728271484, 5.957239935718157e-06, 1791555260253465526
-0.019188225269317627, 0.006324350833892822, 4.940028992966121e-06, 1791555260283626841
-0.02990138530731201, 0.002604186534881592, 3.68605589075308e-06, 1791555260315962740
0.011493563652038574, 0.009499549865722656, 5.001666153375612e-06, 1791555260345752981
-0.0045340657234191895, 0.009190380573272705, 5.366537604026031e-06, 1791555260373518882
-0.0119171142578125, 0.007005274295806885, 3.975436858353008e-06, 1791555260403503570
-0.013409256935119629, 0.003251791000366211, 4.962640094846051e-06, 1791555260433530171
-0.02919304370880127, -0.0005638003349304199, 3.045381395662203e-06, 1791555260462895105
0.007390320301055908, 0.0028676986694335938, 2.9155553604109714e-06, 1791555260493579021
-0.0013010501861572266, 0.00980377197265625, 3.86007483861592e-06, 1791555260524480555
0.002327859401702881, -0.01740288734436035, 3.750756351806496e-06, 1791555260556284358
-0.029728412628173828, -0.0029870271682739258, 4.039202121781501e-06, 1791555260585818071
-0.005754828453063965, 0.0007166266441345215, 6.430520895021986e-06, 1791555260613640443
0.04568701982498169, 0.009296655654907227, -0.0011968536023187115, 1791555260643595805
0.08644610643386841, -0.009924173355102539, 0.002918911084688732, 1791555260673695676
0.7189944982528687, 0.47384482622146606, 0.13026958402395042, 1791555260704143244
0.7325235605239868, 0.4791385531425476, 0.35165165037304774, 1791555260734010734
-0.39106541872024536, 0.25010013580322266, 0.4592167019215888, 1791555260764225678
0.23501938581466675, -0.0023569464683532715, 0.5883741508526078, 1791555260795542329
0.03864401578903198, 0.3586224913597107, 0.7044219608477005, 1791555260826593221
-0.25318974256515503, 0.4483325481414795, 1.0174862663073814, 1791555260853064250
0.29532772302627563, 0.41119009256362915, 1.0484361324086726, 1791555260883108093
0.42204248905181885, 0.14416372776031494, 1.1410095678879788, 1791555260913983951
-0.12988930940628052, 0.305250346660614, 1.3054018325087031, 1791555260943791862
0.38555896282196045, 0.6070763468742371, 1.4024288774181806, 1791555260973800803
-0.09882080554962158, 0.5719577670097351, 1.4880707241619007, 1791555261004084384
-0.21300536394119263, 0.08436459302902222, 1.5175508144339198, 1791555261035782116
0.21299439668655396, 0.38271617889404297, 1.68332457933061, 1791555261066580677
0.22129297256469727, 0.28420984745025635, 1.9725250688628326, 1791555261094101703
0.09078258275985718, 0.33030205965042114, 1.7915299952423165, 1791555261124014229
0.19654661417007446, -0.1458091139793396, 1.527458325369938, 1791555261146918363
-0.24078798294067383, 0.07516944408416748, 1.9316802592808409, 1791555261174094106
0.24354857206344604, 0.4277462959289551, 1.7531727769165468, 1791555261204068159
-0.1254866123199463, 0.30606788396835327, 1.7918255765875608, 1791555261234034939
-0.01286327838897705, 0.3252943158149719, 1.7868228444359182, 1791555261264057891
-0.09854269027709961, 0.5206077098846436, 1.770280324280666, 1791555261294093774
-0.1468150019645691, 0.27660560607910156, 1.794581426106446, 1791555261324123877
-0.25046318769454956, 0.17807060480117798, 1.719108456291042, 1791555261355685085
-0.4890073537826538, 0.13231652975082397, 1.6719638328034694, 1791555261387595313
-0.3967074751853943, 0.6716839075088501, 1.9425764180176803, 1791555261424195348
-0.4737793207168579, 0.23451870679855347, 1.8292024435521583, 1791555261454141797
0.22299861907958984, 0.40304410457611084, 1.7791413306999526, 1791555261484142307
-0.4350571632385254, 0.26415008306503296, 1.6707624886779109, 1791555261515727547
-0.4557063579559326, -0.13273167610168457, 1.6836181840400126, 1791555261547575948
0.10352843999862671, 0.3973625898361206, 2.0262309020238325, 1791555261574437562
-0.17244821786880493, 0.5974568724632263, 1.8415422794559695, 1791555261604230977
-0.4376372694969177, -0.13862210512161255, 1.5569247100327863, 1791555261627366304
-0.0008284449577331543, 0.26801884174346924, 1.9305125255109195, 1791555261664513473
-0.8011853694915771, 0.2521112561225891, 1.834768066000246, 1791555261694314036
-0.2455042004585266, -0.1260930299758911, 1.825942620077957, 1791555261724335523
-0.03538161516189575, -0.08322381973266602, 1.705576209768676, 1791555261755598514
-0.20386821031570435, 0.29971176385879517, 1.6320725642547123, 1791555261788598049
-0.16147083044052124, 0.6575899720191956, 2.016178662585354, 1791555261824687359
-0.09847450256347656, 0.08348435163497925, 1.797794138714511, 1791555261854417125
-0.6295577883720398, 0.04565703868865967, 1.7969217231916337, 1791555261884529301
0.0335690975189209, 0.011074244976043701, 1.7292763684089967, 1791555261916244445
-0.3435519337654114, -0.019945263862609863, 1.710131927237324, 1791555261947504090
0.04750990867614746, -0.12688928842544556, 1.9854130763039959, 1791555261974554366
0.648321807384491, 0.46018463373184204, 1.754297339116959, 1791555262004548768
0.08453947305679321, 0.47536349296569824, 1.6713329133061723, 1791555262034475248
-0.4802091717720032, 0.300739049911499, 1.6836316380917253, 1791555262064493078
-0.4079365134239197, 0.30640268325805664, 1.6947450375626563, 1791555262094523413
-0.6489466428756714, 0.14754223823547363, 1.7048632143652684, 1791555262124565452
0.20382535457611084, 0.16323107481002808, 1.6573411574580044, 1791555262155555935
-0.47570252418518066, 0.13993191719055176, 1.5709609569810037, 1791555262187750369
0.13034772872924805, 0.005258679389953613, 1.8643129736323318, 1791555262214952542
-0.4032018780708313, 0.18917566537857056, 1.7047056040914004, 1791555262244652324
-0.18365013599395752, 0.044493675231933594, 1.4543530723646352, 1791555262267678094
-0.18984490633010864, 0.12687867879867554, 1.8369229670534486, 1791555262294790099
-0.23094266653060913, 0.383292555809021, 1.6429460386953858, 1791555262324783394
-0.44971317052841187, 0.10023987293243408, 1.6502277122674593, 1791555262354725342
0.22670197486877441, 0.5252401828765869, 1.6511674832807925, 1791555262384800849
-0.3267973065376282, 0.0558927059173584, 1.7146657361810094, 1791555262413850349
-0.40395402908325195, 0.23499184846878052, 1.5863246176877401, 1791555262444913126
-0.20900309085845947, 0.21269702911376953, 1.6271164529205495, 1791555262475659547
-0.3277636766433716, 0.0886545181274414, 1.647512282747522, 1791555262506824225
0.1793796420097351, 0.3531038761138916, 1.8031429348865156, 1791555262534910679
-0.09008538722991943, 0.3266862630844116, 1.6061587688388193, 1791555262564971737
-0.14412307739257812, 0.126237690448761, 1.6675063815360178, 1791555262594053067
0.025138437747955322, 0.4171496033668518, 1.5683483850182858, 1791555262624871873
-0.6119176745414734, 0.2724100351333618, 1.5999131716438453, 1791555262654916128
-0.14486920833587646, 0.29916322231292725, 1.624677774369853, 1791555262684939572
-0.46731603145599365, 0.2355770468711853, 1.584745622702172, 1791555262716077462
0.08910530805587769, -0.12922418117523193, 1.5329802163119004, 1791555262747938043
-0.242564857006073, 0.23889416456222534, 1.7891947993505344, 1791555262784977193
0.24821877479553223, 0.5144758224487305, 1.613562072496693, 1791555262815170778
-0.46381843090057373, 0.28129059076309204, 1.6083031314614011, 1791555262845035911
-0.5671790838241577, -0.2843483090400696, 1.5418926283345198, 1791555262876166573
-0.44858163595199585, 0.4321206212043762, 1.4806890840279048, 1791555262907872401
-0.2970210313796997, 0.3415651321411133, 1.7439875689547568, 1791555262935172074
-0.15261399745941162, 0.08665460348129272, 1.6205394802116224, 1791555262965108189
-0.22258412837982178, 0.490597128868103, 1.6086895122880915, 1791555262995125177
0.18393218517303467, 0.6217853426933289, 1.6215969505260939, 1791555263025122743
-0.16366451978683472, 0.22945332527160645, 1.6250985326923453, 1791555263055167696
0.1783047914505005, 0.29995644092559814, 1.5294267167684674, 1791555263085310911
-0.6414628624916077, 0.13624626398086548, 1.4817066120096223, 1791555263115679077
-0.30786222219467163, -0.044149041175842285, 1.4432540877404136, 1791555263147818989
-0.46351802349090576, 0.633937418460846, 1.7307556097781889, 1791555263175488793
-0.26740163564682007, 0.19179129600524902, 1.5538088429844215, 1791555263196091183
0.2682011127471924, 0.12269121408462524, 1.4893703308891044, 1791555263227684210
0.7505590319633484, 0.22835856676101685, 1.6555384840705671, 1791555263255523932
-0.16363495588302612, 0.6156346201896667, 1.529887810273583, 1791555263285319742
-0.26070743799209595, 0.42093056440353394, 1.5324967736338724, 1791555263315347140
-0.2863214612007141, 0.5626842975616455, 1.5222382475554856, 1791555263345603539
-0.13828998804092407, 0.3391203284263611, 1.5591969300453792, 1791555263375358121
0.14360660314559937, -0.22789627313613892, 1.5567998289386649, 1791555263405398726
-0.6097697019577026, 0.05649864673614502, 1.5112013550037144, 1791555263435639194
-0.21825015544891357, 0.30663013458251953, 1.3553331903633314, 1791555263469438313
-0.34160852432250977, 0.22734886407852173, 1.7989734642182558, 1791555263495617892
0.12159276008605957, 0.40201425552368164, 1.539784264026715, 1791555263526404160
0.17598742246627808, 0.5622382164001465, 1.5880019870099997, 1791555263556139336
0.4232906699180603, 0.3542652130126953, 1.5207649031637975, 1791555263586169406
-0.04283261299133301, 0.5431546568870544, 1.45136552214708, 1791555263616137948
-0.6586841940879822, 0.08010554313659668, 1.4704467512044546, 1791555263646266988
-0.28619885444641113, -0.06201374530792236, 1.509917773400541, 1791555263676204570
-0.42151468992233276, 0.41836732625961304, 1.4095300949763105, 1791555263708165763
0.3466336727142334, 0.2148669958114624, 1.5215182092675887, 1791555263738077094
-0.339230477809906, 0.25500059127807617, 1.57352743169369, 1791555263776167425
-0.3781909942626953, 0.29201245307922363, 1.4595578448963908, 1791555263806303385
-0.5919968485832214, 0.39782583713531494, 1.5086298917207137, 1791555263836248093
-0.01411527395248413, -0.005232572555541992, 1.422755832837596, 1791555263867756117
-0.20181262493133545, -0.018342912197113037, 1.415805255669832, 1791555263898178396
0.250713050365448, 0.08316898345947266, 1.5605452899765202, 1791555263926384153
-0.4196884036064148, -0.00390547513961792, 1.39691546102095, 1791555263947706257
-0.2274518609046936, 0.3563457131385803, 1.4575727546936845, 1791555263978302930
-0.03234642744064331, 0.5419225692749023, 1.5458035599848627, 1791555264016485171
0.239235520362854, 0.22319775819778442, 1.4476481113065165, 1791555264046356804
-0.3570373058319092, 0.15095984935760498, 1.4228002779566002, 1791555264076414128
0.21116209030151367, 0.24029380083084106, 1.3990204307067111, 1791555264107592145
0.026637613773345947, 0.6231067180633545, 1.416431034988003, 1791555264138300494
-0.13158130645751953, -0.06951868534088135, 1.47135698608257, 1791555264176271376
-0.5025730133056641, 0.005216002464294434, 1.4138840499447891, 1791555264206315508
-0.11755353212356567, 0.599632740020752, 1.4605001452020505, 1791555264236317228
-0.16868466138839722, 0.28374505043029785, 1.345838546339431, 1791555264268453959
0.03245508670806885, -0.19649142026901245, 1.4500093434846264, 1791555264297510011
-0.07477587461471558, 0.5556317567825317, 1.469651642058656, 1791555264326381284
-0.165838360786438, 0.39668047428131104, 1.410244313781929, 1791555264356439047
0.035194337368011475, 0.15518790483474731, 1.4208592217027611, 1791555264386320613
0.1899510622024536, 0.707937479019165, 1.4046403134863892, 1791555264416303332
-0.30138158798217773, 0.3621255159378052, 1.4245600595192447, 1791555264446335568
-0.6987987756729126, -0.011986911296844482, 1.3739511253004724, 1791555264477328003
0.7481002807617188, 0.152965247631073, 1.3895429356496931, 1791555264507782215
-0.448367714881897, 0.40589654445648193, 1.3518106398754581, 1791555264538899633
-0.1873278021812439, 0.2987528443336487, 1.532062743422339, 1791555264566309994
-0.2516636252403259, 0.39334040880203247, 1.3996535766183573, 1791555264596462081
0.15172499418258667, -0.27204710245132446, 1.2317601854618445, 1791555264619217457
-0.1763017773628235, -0.15629684925079346, 1.5237858579807322, 1791555264646513038
0.12509769201278687, 0.8440224528312683, 1.3482847382690657, 1791555264676428212
0.6495956778526306, 0.22019833326339722, 1.1311274101699265, 1791555264699578252
-0.7041723132133484, -0.057773053646087646, 1.4448436734337295, 1791555264736505824
0.18843960762023926, 0.4239317774772644, 1.3586586788726847, 1791555264766454998
-0.1390906572341919, 0.4138064384460449, 1.3776822814802263, 1791555264796522336
0.1636185646057129, 0.24440854787826538, 1.3195850663838562, 1791555264827762594
-0.3602336645126343, 0.09017127752304077, 1.2902539663175674, 1791555264859674001
-0.33733052015304565, 0.46042388677597046, 1.4590331835170884, 1791555264896950831
-0.33951735496520996, 0.08391284942626953, 1.387286532990149, 1791555264926613318
0.3908606767654419, -0.12719792127609253, 1.3471557442696156, 1791555264956663605
-0.23690718412399292, 0.4317488670349121, 1.2361944242171028, 1791555264988102090
0.027140915393829346, 0.05438357591629028, 1.2304273209572878, 1791555265019907176
-0.5055018067359924, 0.07453411817550659, 1.4104608060500188, 1791555265056727706
-0.11990350484848022, 0.41673731803894043, 1.3521967212761237, 1791555265086603703
-0.29665565490722656, 0.4309406280517578, 1.3856029071036016, 1791555265116604831
-0.0972743034362793, -0.20485323667526245, 1.3210516187187005, 1791555265148131027
-0.4278331995010376, -0.1768655776977539, 1.2791866083552725, 1791555265180517398
0.29087764024734497, 0.7031831741333008, 1.5629033508147185, 1791555265206730252
-0.10714095830917358, 0.36554622650146484, 1.356181360855035, 1791555265236631007
-0.4025745987892151, -0.0021344423294067383, 1.1237921334057202, 1791555265260644881
-0.16340869665145874, 0.5139194130897522, 1.4851714463767411, 1791555265296600039
-0.0345921516418457, 0.3323274254798889, 1.3200416519385707, 1791555265326612215
0.0428929328918457, 0.3595588803291321, 1.3516457125091457, 1791555265356956247
-0.5109967589378357, 0.20418590307235718, 1.343531403220415, 1791555265387687973
0.02184396982192993, 0.13217800855636597, 1.2708811031098421, 1791555265419725005
-0.33805060386657715, 0.13932949304580688, 1.4683343360337882, 1791555265456653873
-0.1402692198753357, 0.5265103578567505, 1.3545718000621119, 1791555265486669329
-0.9525028467178345, 0.5567173361778259, 1.3455729508319074, 1791555265516726304
-0.39003849029541016, -0.018640458583831787, 1.2229105376650995, 1791555265547663201
-1.0471218824386597, 0.14388567209243774, 1.0881295978748102, 1791555265579709597
-0.10135906934738159, 0.2571284770965576, 1.1688742568379489, 1791555265606874216
-0.758092999458313, -0.724652886390686, 0.911771546792814, 1791555265628084437
-0.20871692895889282, 0.174809992313385, 0.8677533552233734, 1791555265658841783
-0.5894986987113953, 0.31256240606307983, 0.8223614865066964, 1791555265696947240
-0.24594926834106445, -0.09881305694580078, 0.673116878346513, 1791555265727260580
-0.49772244691848755, -0.0005850791931152344, 0.5867626846353117, 1791555265756994179
-0.3386579155921936, -0.17388921976089478, 0.47459881921887276, 1791555265787700465
-1.085917592048645, -0.03153330087661743, 0.3919536207033117, 1791555265819411619
0.3145411014556885, 0.24206340312957764, 0.34172066681741825, 1791555265846932826
0.061614274978637695, -0.18147259950637817, 0.25292842111790503, 1791555265876944076
1.0393412113189697, 0.3935672640800476, 0.26044472520994033, 1791555265899670536
0.8105909824371338, 0.5540222525596619, 0.6057000258273073, 1791555265936969839
0.341987669467926, 0.31031686067581177, 0.673296213198727, 1791555265966998213
0.31265997886657715, -0.1096615195274353, 0.7893759258438142, 1791555265995994732
0.16330021619796753, 0.17326343059539795, 0.895553313145453, 1791555266025847895
0.923835039138794, 0.4597237706184387, 0.8551872329239654, 1791555266059773218
0.7544170618057251, 0.6752192974090576, 1.0510604902048142, 1791555266097399235
0.3256332278251648, 0.5059146285057068, 1.0634108536348834, 1791555266127517171
0.2605692744255066, 0.3168937563896179, 1.221583115501168, 1791555266157149008
0.5261411070823669, 0.18650436401367188, 1.2133307173647547, 1791555266188001371
0.18027353286743164, 0.5430343747138977, 1.166785210571353, 1791555266219700312
-0.25378406047821045, 0.4016452431678772, 1.3707684173400714, 1791555266247521197
-0.2814874053001404, 0.2955482602119446, 1.2488989078707364, 1791555266277404372
-0.02669811248779297, 0.167813241481781, 1.2049803998996096, 1791555266307484843
0.015143334865570068, 0.06952810287475586, 1.2723815792951911, 1791555266337255186
-0.4623531699180603, -0.039673686027526855, 1.2453109821010189, 1791555266367258014
-0.07745152711868286, 0.1551613211631775, 1.202958012414066, 1791555266397248140
0.1167725920677185, 0.4463125467300415, 1.1979051966978533, 1791555266427714103
-0.1233324408531189, 0.3104898929595947, 1.110983524780807, 1791555266460770110
0.01927340030670166, -0.06902104616165161, 1.32612182532307, 1791555266497479521
-0.15595072507858276, -0.12142163515090942, 1.251122733367176, 1791555266527340591
0.2898852825164795, 0.5834285616874695, 1.227442338918641, 1791555266557710053
-0.3082687258720398, 0.023650527000427246, 1.2067845739921637, 1791555266588165490
-0.68218594789505, 0.022736191749572754, 1.1559496430683187, 1791555266619702819
0.12451106309890747, 0.5841104388237, 1.343800959549227, 1791555266646840048
-0.5987659096717834, -0.011549234390258789, 1.196929909418542, 1791555266677495872
0.29423433542251587, 0.19236481189727783, 1.0713057841215843, 1791555266699915595
0.3629717230796814, 0.4414607882499695, 1.2937202801712437, 1791555266737676313
0.7911490201950073, 0.3459102511405945, 1.210232786293654, 1791555266767539422
-0.46104341745376587, 0.3493310809135437, 1.1735118291052185, 1791555266797546890
0.030757248401641846, 0.623824954032898, 1.1562111576115315, 1791555266828038999
-0.3248479962348938, 0.35459041595458984, 1.133354116698798, 1791555266859775951
0.08681386709213257, -0.1578148603439331, 1.2988728372905505, 1791555266887731488
-0.23371189832687378, 0.02901357412338257, 1.2511891327531646, 1791555266916826776
-0.07991373538970947, 0.24545049667358398, 1.1670225023063623, 1791555266947599331
-0.260079562664032, 0.15747129917144775, 1.1865958342512655, 1791555266977679878
0.023123741149902344, 0.3537312150001526, 1.1835804405362444, 1791555267007692192
-0.0401151180267334, 0.6582668423652649, 1.1609219132607, 1791555267038090908
0.09568500518798828, 0.20376849174499512, 1.1923674439189662, 1791555267068100734
0.40711331367492676, 0.6725888848304749, 1.0549813821558423, 1791555267100363359
-0.8132470846176147, -0.18154430389404297, 1.1707122031413304, 1791555267130255347
-0.2477278709411621, 0.10031694173812866, 1.2991877664011184, 1791555267157802445
-0.30416470766067505, 0.7582273483276367, 1.165392405284947, 1791555267187818034
0.4526262879371643, 0.022244751453399658, 1.0157287302813611, 1791555267210689549
-0.40864402055740356, -0.19218063354492188, 1.2350389753928228, 1791555267248037051
0.6587477922439575, 0.46417349576950073, 1.1431130219309624, 1791555267277809870
-0.3180605173110962, 0.5446423888206482, 1.1254653282517273, 1791555267307877414
0.2461037039756775, 0.2663540244102478, 1.0694891165114009, 1791555267340043197
-0.14892876148223877, 0.5843179225921631, 1.1242939639805687, 1791555267370496835
0.0883110761642456, 0.2777644991874695, 1.2085331046153163, 1791555267398233326
-0.2732875347137451, 0.06604981422424316, 1.1636460401886626, 1791555267428101849
-0.49129700660705566, 0.29263967275619507, 1.0403997324594216, 1791555267450074044
-0.296389639377594, 0.6169420480728149, 1.2178709463106019, 1791555267488055681
0.04139024019241333, 0.21848565340042114, 1.1660932551246401, 1791555267518024136
0.012875556945800781, 0.1920180320739746, 1.1401380649022437, 1791555267548204224
-0.10374832153320312, 0.18594282865524292, 1.072893263662243, 1791555267579899088
-0.35470151901245117, 0.41316157579421997, 1.0771554426207273, 1791555267610719307
0.13037019968032837, 0.09186846017837524, 1.2150540402487728, 1791555267638123850
-0.5560952425003052, 0.13853752613067627, 1.0299249373926413, 1791555267659915936
-0.10956990718841553, 0.020142555236816406, 1.1325793479190165, 1791555267690874995
-0.12617701292037964, 0.4058946967124939, 1.2824929730702495, 1791555267718393765
-0.7043020725250244, 0.3595131039619446, 1.0245217051705204, 1791555267740173756
-0.0073580145835876465, 0.18125087022781372, 1.0946036850347787, 1791555267771036845
-0.33082056045532227, 0.1862351894378662, 1.2573965526028221, 1791555267798263370
-0.050031840801239014, -0.04630774259567261, 1.1310195285780955, 1791555267828160815
-0.13118326663970947, 0.1739330291748047, 1.121040210667175, 1791555267858347338
-0.03183770179748535, 0.4696270227432251, 1.099690793701083, 1791555267888205246
0.4939875602722168, 0.29619425535202026, 1.1199711539332804, 1791555267918602575
-0.2954100966453552, 0.5615968108177185, 1.1423772600807207, 1791555267948268470
0.1316279172897339, 0.6376851797103882, 1.0503498904897879, 1791555267979799712
-0.03718501329421997, 0.11591672897338867, 1.0623089384883257, 1791555268011277554
0.2704782485961914, -0.05720251798629761, 1.2387372649343422, 1791555268038406487
-0.6993415355682373, 0.24486982822418213, 1.1154424518064827, 1791555268068327445
-0.056482911109924316, -0.01199030876159668, 1.0774931298118964, 1791555268098407062
0.008614063262939453, 0.12672066688537598, 1.097550289213638, 1791555268128376900
-0.3162503242492676, 0.6833118796348572, 1.0969390247849287, 1791555268158402541
0.5789163708686829, 0.39013224840164185, 1.0786006787731985, 1791555268188664420
-0.37023496627807617, 0.2678365707397461, 1.0447845291872906, 1791555268219792245
0.32962989807128906, 0.5998808145523071, 1.0287627884505028, 1791555268251289794
0.025925874710083008, 0.7993254661560059, 1.1797520193580935, 1791555268288482915
-0.36277294158935547, 0.23532944917678833, 1.0934201392867944, 1791555268318488281
-0.06786787509918213, 0.3498523235321045, 1.0760072526465083, 1791555268348524291
-0.5747131705284119, 0.15393096208572388, 1.049740310438931, 1791555268380225908
-0.3575516939163208, 0.34658288955688477, 1.054728194030775, 1791555268411936941
0.1209723949432373, 0.5101993083953857, 1.1537281255837426, 1791555268448595571
0.11819761991500854, 0.424919068813324, 1.0741328111976027, 1791555268478589221
-0.22238093614578247, 0.5609311461448669, 1.0636660383759058, 1791555268508602392
-0.17746174335479736, 0.1485368013381958, 0.9988404701621992, 1791555268540373896
-0.2659527659416199, 0.1300055980682373, 1.0064460665260402, 1791555268572293853
-0.1162990927696228, 0.7296244502067566, 1.1990912815960102, 1791555268608780244
0.027491211891174316, 0.46836674213409424, 1.074304144538454, 1791555268638737992
-0.21435487270355225, 0.30907541513442993, 1.073441371216405, 1791555268668731479
-0.022041738033294678, 0.39323222637176514, 0.9757439307784153, 1791555268700763406
-0.24679505825042725, 0.17342066764831543, 0.9844557802348971, 1791555268732120721
-0.5055065155029297, -0.14354485273361206, 1.1924107831579145, 1791555268757848137
0.39752525091171265, 0.48716044425964355, 0.9916605643800257, 1791555268788788247
-0.7590442895889282, 0.25776010751724243, 1.0909345344678678, 1791555268817825981
0.7182915806770325, -0.041648149490356445, 1.0794937853388784, 1791555268847821218
-0.08054745197296143, 0.6946693062782288, 1.0652882482474688, 1791555268877849746
0.34167224168777466, 0.42078566551208496, 1.0123530557288802, 1791555268909038293
-0.3013129234313965, 0.4199973940849304, 1.0196538906430719, 1791555268939758016
0.29283297061920166, 0.3766348958015442, 0.9776911822568377, 1791555268972040811
-0.6784508228302002, 0.21757268905639648, 1.1571035548637367, 1791555268999273620
0.3860495090484619, -0.3261185884475708, 1.0526477457807766, 1791555269029181871
-0.32028526067733765, 0.8200975656509399, 1.04358682521102, 1791555269059292117
0.7508073449134827, 0.3939318060874939, 1.0818140361756376, 1791555269089140892
-0.5251292586326599, 0.2602713704109192, 1.0622815300295665, 1791555269119015606
0.3350180387496948, 0.23166996240615845, 1.0596996582866505, 1791555269149036671
-0.5002748370170593, 0.19380789995193481, 1.0457996038917066, 1791555269180184541
0.14308732748031616, 0.012433052062988281, 1.0078468374244796, 1791555269212527784
-0.02016836404800415, 0.3397524952888489, 1.1529262521709613, 1791555269239243102
0.5274249315261841, 0.23319780826568604, 1.0452585918808437, 1791555269269099377
-0.03632241487503052, 0.12153887748718262, 1.0282905098278612, 1791555269299100147
0.3371312618255615, 0.19867360591888428, 0.9754579992496618, 1791555269329123094
-0.04429948329925537, 0.7139422297477722, 0.9906766312275584, 1791555269359355446
-0.1641247272491455, 0.30999499559402466, 1.0066103980645462, 1791555269389152148
-0.29256170988082886, 0.2728513479232788, 1.024573794721604, 1791555269419147803
-0.2370707392692566, 0.2672991156578064, 0.9807153781860436, 1791555269451236446
-0.39827650785446167, 0.08024919033050537, 1.0823518315232745, 1791555269479241120
-0.060537755489349365, 0.10809987783432007, 0.9851891039351544, 1791555269509246387
0.15429270267486572, 0.0854644775390625, 0.8877084377867792, 1791555269532326198
-0.13105303049087524, 0.31613194942474365, 1.0910819913807093, 1791555269569366325
0.22105562686920166, 0.4090023636817932, 0.9670973639613138, 1791555269599341265
-0.4245624542236328, 0.31605827808380127, 0.9889292601398862, 1791555269629363604
0.21093356609344482, 0.2570188045501709, 0.9737380861938337, 1791555269660533320
-0.4759088158607483, 0.25392740964889526, 0.9236847977610858, 1791555269692031916
-0.013121426105499268, 0.0031371712684631348, 1.0588448328966207, 1791555269719800415
-0.2806703448295593, 0.4424716830253601, 0.9993021864978211, 1791555269749583796
0.3055904507637024, 0.1526389718055725, 0.9780025317322832, 1791555269779458050
-0.5305993556976318, 0.13606131076812744, 0.9574835419290497, 1791555269809665997
0.6865172386169434, 0.17574083805084229, 0.985214647220204, 1791555269839678402
-0.05210202932357788, 0.43544453382492065, 0.9902977487717327, 1791555269869751639
-0.2276044487953186, 0.22550266981124878, 0.9567884594693447, 1791555269899881666
0.07578492164611816, 0.22464728355407715, 0.8955177639382875, 1791555269931895974
-0.3610866665840149, 0.24623167514801025, 1.0375974418868368, 1791555269959792071
0.20451050996780396, -0.08118516206741333, 0.9942983655762049, 1791555269989579615
-0.026370227336883545, 0.38459527492523193, 0.9869615925205846, 1791555270019611147
0.27537280321121216, 0.5196770429611206, 0.9722975611256732, 1791555270049621200
-0.15452075004577637, 0.5371346473693848, 0.9688801659219587, 1791555270079646699
-0.061635375022888184, 0.5775071978569031, 0.9695803564666733, 1791555270109659031
-0.39996135234832764, 0.13672637939453125, 0.9427521912984889, 1791555270139897718
0.027793288230895996, 0.03569626808166504, 0.8886639138289678, 1791555270172499245
-0.5794973969459534, -0.038383305072784424, 1.046408205208108, 1791555270199795259
-0.11713504791259766, 0.12946438789367676, 0.9693284450327726, 1791555270229748779
-0.01503908634185791, -0.16203391551971436, 0.9571891199293866, 1791555270259784505
0.33201295137405396, 0.6484026908874512, 0.9625526900104653, 1791555270288865519
0.05609709024429321, 0.29021674394607544, 0.9274927028098381, 1791555270319752176
-0.1538379192352295, 0.4227328300476074, 0.9876695933780041, 1791555270349773522
-0.0012302994728088379, 0.49919605255126953, 0.9489120355032127, 1791555270380324592
-0.1525590419769287, 0.1866241693496704, 0.8863083379748395, 1791555270412144192
-0.03954589366912842, -0.029979407787322998, 1.0810508058548565, 1791555270438855925
-0.934042751789093, 0.3404916524887085, 0.9283205190436579, 1791555270468842902
-0.329245924949646, 0.3947182893753052, 0.7701739660930375, 1791555270492401995
-0.2842748761177063, 0.019008934497833252, 1.0125124861642312, 1791555270529926111
0.06185632944107056, 0.16523367166519165, 0.940078774209945, 1791555270559930160
-0.24942249059677124, 0.5696420073509216, 0.9409666116421029, 1791555270589990499
0.3385249376296997, 0.4411599040031433, 0.968110156025146, 1791555270620352649
-0.14570409059524536, 0.7684849500656128, 0.8969789102026507, 1791555270652118126
-0.08350634574890137, 0.02409571409225464, 1.021275605056877, 1791555270680116974
-0.3354203701019287, 0.1781037449836731, 0.9536002810622928, 1791555270710203755
0.2769995927810669, 0.6818203926086426, 0.987809741257241, 1791555270739259641
0.10409265756607056, 0.5912454128265381, 0.9169598963018548, 1791555270770093379
-0.142500102519989, 0.22822630405426025, 0.9540337514926864, 1791555270800222584
0.12837105989456177, 0.5402716994285583, 0.9358425821333543, 1791555270830197110
0.016036689281463623, 0.24228286743164062, 0.9225516119064195, 1791555270860100751
0.04644644260406494, -0.3653028607368469, 0.882538154717269, 1791555270891982334
-0.48490363359451294, 0.3722662925720215, 0.9371008151559288, 1791555270922629759
-0.35658687353134155, -0.08150094747543335, 1.0343998505184149, 1791555270950136847
-0.2532305121421814, -0.19872277975082397, 0.9382960950325063, 1791555270980175735
0.733082115650177, 0.6376890540122986, 0.9397639006078031, 1791555271010382255
-0.00981682538986206, 0.6389712691307068, 0.9259283806174317, 1791555271040368762
-0.09152191877365112, 0.40559691190719604, 0.9594747267216259, 1791555271069265575
-0.12308633327484131, 0.3032209277153015, 0.882541317842228, 1791555271100400769
-0.2163810133934021, 0.1428501009941101, 0.874862392127841, 1791555271132346960
0.19905543327331543, -0.11187303066253662, 0.9336546061326224, 1791555271162370525
0.051922500133514404, 0.6453503370285034, 0.96281589750425, 1791555271200743709
0.4794849157333374, 0.4908093810081482, 0.9572427996156003, 1791555271230359402
-0.206612229347229, 0.14733457565307617, 0.9024047023329154, 1791555271260601014
-0.16233623027801514, 0.29613929986953735, 0.8504693881666269, 1791555271292008247
-0.1940639615058899, -0.10057997703552246, 0.8829865815749393, 1791555271323011432
0.10515332221984863, 0.5759046077728271, 0.974844671951965, 1791555271360480273
-0.06191796064376831, 0.5736485123634338, 0.9068744883055603, 1791555271390462979
0.018487513065338135, 0.19605755805969238, 0.9184039453831921, 1791555271420526551
-0.48418647050857544, 0.7697626948356628, 0.8660104057240978, 1791555271452371378
0.6064794659614563, -0.150334894657135, 0.9086290118675255, 1791555271483654923
-0.3830938935279846, -0.22699278593063354, 0.9923270878597789, 1791555271520599405
-0.5399428606033325, 0.21275824308395386, 0.8516320348701545, 1791555271551531493
-0.40893369913101196, 0.18220102787017822, 0.8993772074059067, 1791555271580663523
-0.3079039454460144, -0.18929332494735718, 0.8702232121420999, 1791555271612054680
0.11911791563034058, -0.41475987434387207, 0.8477093198094364, 1791555271643770632
-0.19042044878005981, 0.2532290816307068, 0.9907926135365714, 1791555271670632294
0.14514535665512085, 0.40343254804611206, 0.9336678346654652, 1791555271699955973
0.13422095775604248, 0.7228921055793762, 0.8551870730357425, 1791555271730701073
0.031634628772735596, 0.527987539768219, 0.8882763225302448, 1791555271760812131
0.07808095216751099, 0.18539267778396606, 0.8988273485810326, 1791555271790697017
-0.5131295919418335, 0.09397149085998535, 0.8974837205687692, 1791555271820755205
-0.045668959617614746, -0.19050556421279907, 0.8611668538378229, 1791555271851954808
-0.3044736981391907, 0.29468226432800293, 0.8429757542726548, 1791555271883693484
0.1907222867012024, 0.19081342220306396, 0.9536343385915336, 1791555271910786901
-0.4911181330680847, 0.304284930229187, 0.8638825848632784, 1791555271940808898
-0.11290216445922852, 0.135162353515625, 0.8618820408114813, 1791555271971497860
0.06606310606002808, 0.3858874440193176, 0.9368553449798043, 1791555271999834942
0.19190865755081177, 0.9543361663818359, 0.8451526563926971, 1791555272030961043
-0.48403143882751465, 0.10534036159515381, 0.8894115943105899, 1791555272060920885
-0.2238338589668274, -0.08690416812896729, 0.8137920061002402, 1791555272092631041
-0.30389851331710815, 0.13755333423614502, 0.8349445462552475, 1791555272124199280
-0.10169029235839844, -0.13700324296951294, 0.9879156584387239, 1791555272150959069
-0.07452905178070068, 0.18053656816482544, 0.8955152092155124, 1791555272180957249
0.32133907079696655, 0.3109264373779297, 0.887495173323956, 1791555272211000441
-0.28510648012161255, 0.28451985120773315, 0.8643687530132648, 1791555272241003563
0.675541877746582, 0.6422346234321594, 0.8641411492269819, 1791555272271040380
-0.4528399109840393, 0.318356454372406, 0.8753954213086856, 1791555272301169208
-0.4361919164657593, 0.032714009284973145, 0.8437462146033065, 1791555272332163897
0.2606770396232605, 0.04197198152542114, 0.822701787788711, 1791555272364671055
-0.49280470609664917, 0.5300886631011963, 1.0289951674435405, 1791555272390829502
-0.14473724365234375, 0.7446643114089966, 0.8689745303599493, 1791555272421665656
0.10246306657791138, 0.017406046390533447, 0.7507345646426463, 1791555272444298194
-0.6263449192047119, 0.06850725412368774, 0.8963179033735095, 1791555272481682666
0.293449342250824, 0.7742354273796082, 0.8515552754406074, 1791555272511726571
-0.7486681342124939, -0.3568323850631714, 0.8462929600729431, 1791555272541678733
0.5522443652153015, -0.2851906418800354, 0.8551924939751676, 1791555272572027559
0.17959266901016235, 0.5365803837776184, 0.7859493313797906, 1791555272604232471
-0.1827194094657898, 0.4127848148345947, 0.9281840006506412, 1791555272631704430
-0.31101083755493164, 0.1350724697113037, 0.8678603059825528, 1791555272661664693
0.08341085910797119, 0.5614376068115234, 0.8622010503892479, 1791555272691720553
0.06174194812774658, 0.48884135484695435, 0.8841284890811972, 1791555272721660110
-0.2245168685913086, -0.1274632215499878, 0.8709431269782655, 1791555272751698561
-0.554535984992981, 0.18331068754196167, 0.8789499176930073, 1791555272780356163
0.12316197156906128, -0.062043190002441406, 0.7775972086752949, 1791555272812147390
-0.43658143281936646, -0.05580025911331177, 0.81213732976903, 1791555272843588638
0.16248196363449097, 0.579898476600647, 0.9172711910408983, 1791555272871426741
-0.05349457263946533, 0.4738672375679016, 0.8272111032369769, 1791555272901419672
-0.06014084815979004, 0.35798996686935425, 0.8383237837028353, 1791555272931419264
0.21833884716033936, 0.4425700306892395, 0.8289738772072567, 1791555272961461037
-0.44725531339645386, 0.06583577394485474, 0.8173847489009824, 1791555272991492619
-0.47608017921447754, -0.10188496112823486, 0.8309170217061732, 1791555273021506391
0.2401530146598816, 0.3921223282814026, 0.8096456783452922, 1791555273052341777
-0.550817608833313, -0.005638539791107178, 0.7863232910502455, 1791555273084199037
0.13129878044128418, -0.21468114852905273, 0.926079016553993, 1791555273110835438
-0.24193298816680908, 0.7528030872344971, 0.7991925811339236, 1791555273141564658
0.5699765682220459, -0.19177931547164917, 0.7099490121030393, 1791555273165025700
-0.23330140113830566, 0.2206013798713684, 0.9106203932487935, 1791555273201672081
-0.2765118479728699, -0.24712419509887695, 0.8335306516872024, 1791555273231751123
0.29791659116744995, 0.4772740602493286, 0.8508765306708913, 1791555273261678831
0.15896296501159668, 0.3405526876449585, 0.8029032289926484, 1791555273292480854
-0.16855746507644653, 0.0945701003074646, 0.768107256418244, 1791555273324456240
-0.09873872995376587, 0.7226002812385559, 0.9247005795814185, 1791555273351730426
0.061175763607025146, 0.0930677056312561, 0.8166128971621268, 1791555273381718058
-0.27604126930236816, 0.21595454216003418, 0.7849857730081347, 1791555273411750609
-0.19177848100662231, 0.11666446924209595, 0.8112641403881602, 1791555273441760997
-0.4942338466644287, 0.013539433479309082, 0.8185358608541683, 1791555273471796988
0.8726229667663574, 0.6373296976089478, 0.8351451582316503, 1791555273500822458
-0.2161126732826233, 0.0466117262840271, 0.8033045884008905, 1791555273532292919
-0.3498994708061218, -0.0474056601524353, 0.7746878948770696, 1791555273564403805
-0.10860443115234375, 0.7352506518363953, 0.8786581507184482, 1791555273591888953
0.23127597570419312, 0.4270364046096802, 0.8025467690145409, 1791555273621882328
-0.5802019834518433, 0.18972796201705933, 0.8065421233730228, 1791555273651911394
0.6271129846572876, 0.27671992778778076, 0.7949110160409968, 1791555273681901072
-0.6872667074203491, 0.17216730117797852, 0.7941467708684736, 1791555273711943098
0.25548452138900757, 0.10667628049850464, 0.7988105384121044, 1791555273741948640
-0.2804427146911621, 0.10979610681533813, 0.7777781021070221, 1791555273772636032
0.1303614377975464, 0.33992189168930054, 0.7690308105381867, 1791555273804673846
0.062333106994628906, 0.2954539656639099, 0.8855374865446195, 1791555273831999288
0.4993375539779663, 0.17770016193389893, 0.7777861821493628, 1791555273862028626
-0.034223318099975586, 0.5058445334434509, 0.7873235755119471, 1791555273892004829
-0.41290217638015747, 0.3742551803588867, 0.7716286034312316, 1791555273922071092
-0.09492713212966919, 0.02357649803161621, 0.7769967876214713, 1791555273952094057
0.24503570795059204, 0.00955122709274292, 0.7992106176236797, 1791555273982120274
0.10881102085113525, 0.47414684295654297, 0.7960225394018755, 1791555274012200175
-0.19687235355377197, 0.14122909307479858, 0.7142323588161715, 1791555274044405517
-0.026021122932434082, 0.3016808032989502, 0.844445571747543, 1791555274072280959
0.05858725309371948, 0.5131524205207825, 0.8079505408305936, 1791555274102163752
-0.5662063360214233, -0.10432344675064087, 0.7877059950189935, 1791555274132168020
0.2963743805885315, 0.032891690731048584, 0.788734378551878, 1791555274162194804
-0.17857414484024048, 0.33079832792282104, 0.7898063130827639, 1791555274192214265
-0.06650352478027344, 0.1488521695137024, 0.7835118409229024, 1791555274222196648
-0.27510297298431396, 0.23661726713180542, 0.7685485912065376, 1791555274252538443
0.6434905529022217, 0.1026192307472229, 0.7350826859362645, 1791555274284158680
-0.18999534845352173, 0.49057531356811523, 0.7856538877870548, 1791555274314389893
0.3063444495201111, 0.5498492121696472, 0.8349121780405551, 1791555274342445491
-0.45281416177749634, 0.18653005361557007, 0.7643822724036881, 1791555274372299709
0.23389959335327148, 0.672088623046875, 0.7150639945703663, 1791555274394406565
-0.1472262144088745, 0.044640541076660156, 0.8677782794298008, 1791555274422416785
-0.13379979133605957, 0.38049858808517456, 0.8097300868529375, 1791555274452376051
0.2532907724380493, 0.1758999228477478, 0.7779396358682416, 1791555274482395206
-0.4163338541984558, -0.16384965181350708, 0.7655008524625392, 1791555274511533511
-0.31182271242141724, 0.3665858507156372, 0.7532087316820882, 1791555274541666111
0.9911586046218872, -0.020918667316436768, 0.7119874990281073, 1791555274572963978
-0.576883852481842, 0.06974416971206665, 0.7153017815735462, 1791555274604526980
0.7865065336227417, 0.5471941828727722, 0.7444685848303205, 1791555274635253878
0.20720934867858887, 0.39733898639678955, 0.8255634771847071, 1791555274662817968
0.05379241704940796, 0.4247123599052429, 0.7726747798429711, 1791555274692746636
-0.4041405916213989, 0.43302613496780396, 0.7681412379355437, 1791555274722579682
-0.07355004549026489, -0.14008140563964844, 0.7488255357314069, 1791555274752885890
-0.2849242091178894, 0.18684494495391846, 0.7938044521642953, 1791555274782022957
0.563217043876648, 0.17827612161636353, 0.7328870352963154, 1791555274812600578
-0.544452965259552, 0.14001232385635376, 0.674158412558313, 1791555274844364190
0.32588088512420654, 0.14782774448394775, 0.7263988607617622, 1791555274875159109
-0.5863269567489624, 0.5674278140068054, 0.8374517984694739, 1791555274902879284
0.19458353519439697, 0.08838814496994019, 0.7484106574345264, 1791555274932797521
-0.16214513778686523, 0.4004036784172058, 0.6654214744415802, 1791555274955418920
0.015232503414154053, 0.4239848852157593, 0.7947621513111869, 1791555274992758081
-0.33114999532699585, 0.1331581473350525, 0.7352316145701384, 1791555275023172527
-0.3505818247795105, -0.06861567497253418, 0.7783761719018242, 1791555275052807135
0.14920371770858765, 1.0162087678909302, 0.7196457436115019, 1791555275084626849
0.0482601523399353, 0.1838397979736328, 0.6976247255887275, 1791555275116502058
-0.7010628581047058, 0.15535354614257812, 0.8597873548780213, 1791555275142957084
0.051267266273498535, 0.8200007677078247, 0.7411432343550377, 1791555275173030225
-0.15157127380371094, -0.02927917242050171, 0.6139321020225774, 1791555275196461725
-0.32404428720474243, 0.047004103660583496, 0.8170215753406094, 1791555275233196278
-0.22043836116790771, 0.7532603144645691, 0.7506257897376011, 1791555275263038384
0.07774049043655396, -0.12043792009353638, 0.7527072195010267, 1791555275292948543
-0.32454246282577515, 0.22467178106307983, 0.7233307992125675, 1791555275324395432
0.6199317574501038, 0.9298146367073059, 0.7215667912953042, 1791555275356199907
-0.35744941234588623, 0.008282184600830078, 0.8416771934947683, 1791555275383052115
-0.09930682182312012, 0.30731117725372314, 0.7370270386666223, 1791555275413006831
0.3706759810447693, 0.8095227479934692, 0.7180104467392652, 1791555275443085923
-0.6473656892776489, -0.28578537702560425, 0.7113202008986711, 1791555275473440044
-0.2616345286369324, -0.11392313241958618, 0.7408975792765574, 1791555275503100765
0.0590057373046875, 0.46114659309387207, 0.7311283567405981, 1791555275533111199
0.11889863014221191, 0.09127873182296753, 0.6910455304558003, 1791555275564625755
-0.46289288997650146, 0.21433407068252563, 0.7127585512434723, 1791555275596636047
0.06152451038360596, 0.8462327718734741, 0.8482310495632511, 1791555275623238319
0.008791804313659668, -0.07345002889633179, 0.7137644083938898, 1791555275653406995
-0.18030762672424316, 0.1373288631439209, 0.7329071686155669, 1791555275683260907
-0.24053716659545898, 0.8276364207267761, 0.7150312610193792, 1791555275713298980
0.24665415287017822, 0.46862125396728516, 0.6991341034841777, 1791555275743418156
-0.415740966796875, -0.12733596563339233, 0.7097265132321248, 1791555275773264196
0.429145872592926, 0.6066720485687256, 0.6884120103193727, 1791555275804652393
0.00789785385131836, 0.5143084526062012, 0.6927311035843221, 1791555275836564646
-0.5259459018707275, 0.10708343982696533, 0.8146027732727565, 1791555275863384029
-0.11651301383972168, 0.37378501892089844, 0.7003488154922259, 1791555275893278860
-0.18670833110809326, 0.11557376384735107, 0.5964515890474815, 1791555275917093921
-0.3376428484916687, 0.24599695205688477, 0.852537679677859, 1791555275943448866
0.10198646783828735, 0.6495693325996399, 0.7400048508558, 1791555275973355157
-0.1764659285545349, 0.13474571704864502, 0.597030355678357, 1791555275996315732
-0.320662260055542, 0.12086790800094604, 0.7444291533858483, 1791555276033400628
0.03828495740890503, 0.7897105813026428, 0.6983875719681611, 1791555276063635884
0.25013649463653564, -0.34165775775909424, 0.7070976672439658, 1791555276093677125
-0.47943586111068726, 0.13260555267333984, 0.7134828239705818, 1791555276124561598
0.44064271450042725, 1.415269136428833, 0.6764188711772006, 1791555276156393679
0.1140325665473938, -0.20005148649215698, 0.8138667466712826, 1791555276182553799
-0.26855117082595825, 0.05031484365463257, 0.7221331093200041, 1791555276212528354
0.7603278160095215, 1.1359317302703857, 0.6949691827245866, 1791555276243560889
-0.474884569644928, -0.5511205792427063, 0.7102536482624614, 1791555276273517621
-0.03820830583572388, -0.2727507948875427, 0.7054332059459186, 1791555276303585060
0.05083942413330078, 0.9060078263282776, 0.7033022195855779, 1791555276333789611
0.04586285352706909, -0.3374956250190735, 0.690551788441065, 1791555276364016556
0.12079215049743652, -0.2599254250526428, 0.6693075341513102, 1791555276396582749
0.4767882823944092, 1.1358507871627808, 0.7952550257560963, 1791555276423708420
0.5053433775901794, 0.42404597997665405, 0.6924124212783962, 1791555276453680315
-0.8090234994888306, 0.04723232984542847, 0.68897628898745, 1791555276483735145
-0.5047177076339722, 0.6969263553619385, 0.6994057808633268, 1791555276514004788
-1.3861972093582153, -0.0028212666511535645, 0.7397653143968547, 1791555276543797283
-0.8340634107589722, 0.0916169285774231, 0.6948887175814276, 1791555276572901070
-0.04052191972732544, 0.09370404481887817, 0.5748585847053991, 1791555276604414420
-1.1068710088729858, 0.20656275749206543, 0.505589852156228, 1791555276636289037
-0.5581117868423462, -0.14391851425170898, 0.526952024246494, 1791555276662921321
-0.9156534075737, -0.24663060903549194, 0.43535288060424443, 1791555276693047303
-0.49079370498657227, 0.2784607410430908, 0.39419699338595116, 1791555276722914741
-0.3432347774505615, -0.0934598445892334, 0.34001447258181516, 1791555276752923523
0.7563644647598267, -0.0263635516166687, 0.2850160724590161, 1791555276783921716
1.4282846450805664, 0.5937581062316895, 0.43958789737635295, 1791555276813943677
1.0107218027114868, 0.597138524055481, 0.5771845794136238, 1791555276844607553
1.2164772748947144, 0.07735317945480347, 0.573001705087722, 1791555276876893641
0.8146595358848572, 0.5042153596878052, 0.6794381358439809, 1791555276904149905
1.1321642398834229, 0.2650272250175476, 0.6544621313626926, 1791555276934120390
-0.3792796730995178, 0.35530000925064087, 0.7001593635472323, 1791555276964156129
0.4809191823005676, 0.37463968992233276, 0.7380828555078914, 1791555276994046022
0.31268441677093506, 0.3976355195045471, 0.7137400143818254, 1791555277024125277
0.20833289623260498, 0.0958324670791626, 0.6438517022466596, 1791555277054042658
-0.25509113073349, 0.549759030342102, 0.6320420402426339, 1791555277084383032
-0.1286185383796692, 0.5582652688026428, 0.607004474921895, 1791555277116445375
0.32095640897750854, -0.5371241569519043, 0.7421207839665345, 1791555277144314196
-0.28022271394729614, -0.45015519857406616, 0.6857316461032307, 1791555277174101931
-0.15588253736495972, 0.5168789625167847, 0.5817403075942883, 1791555277196915491
0.06680899858474731, -0.6468683481216431, 0.7410480774201332, 1791555277224198300
-0.5848592519760132, 0.034367263317108154, 0.6873334727964482, 1791555277254203258
0.38780921697616577, 0.8630685806274414, 0.6785201711149814, 1791555277284181683
-0.2010263204574585, -0.7443142533302307, 0.5717115521297061, 1791555277306687724
0.015583693981170654, -0.09413456916809082, 0.7185480211357773, 1791555277344207582
-0.02845102548599243, 1.3861887454986572, 0.6612025851035357, 1791555277374497457
0.04671335220336914, 0.7635688185691833, 0.6619156574472358, 1791555277403850252
0.13967764377593994, -0.5904043316841125, 0.6462458201670425, 1791555277436498573
-0.10522669553756714, -0.04269164800643921, 0.6932973432651527, 1791555277465828912
-0.25939810276031494, 0.17997044324874878, 0.6612085732665131, 1791555277504360743
-0.25588327646255493, 0.6842333078384399, 0.6470797586569104, 1791555277534760080
-0.12150692939758301, -0.212627112865448, 0.6357166967042114, 1791555277564791208
-0.4704816937446594, -0.4714165925979614, 0.600212074491269, 1791555277596679939
0.014165222644805908, 0.6785080432891846, 0.6462839723187123, 1791555277625862430
0.2892639636993408, 0.49944376945495605, 0.6559985990587724, 1791555277654589528
0.1116936206817627, -0.03246605396270752, 0.6665567888070227, 1791555277684436512
-0.6438331007957458, 0.32394707202911377, 0.6476723068652359, 1791555277714485366
0.4285547137260437, 0.5381061434745789, 0.640138746697512, 1791555277744640496
0.022313237190246582, 0.16748905181884766, 0.6586832741116199, 1791555277774544048
-0.36521679162979126, -0.06442457437515259, 0.6592239199015423, 1791555277803893597
-0.11645686626434326, -0.03280985355377197, 0.5993063769325575, 1791555277837118606
0.035658061504364014, 0.2454354166984558, 0.6505952922619298, 1791555277867410477
0.444588303565979, -0.08099573850631714, 0.7260549679979251, 1791555277893630764
-0.2966150641441345, -0.46164900064468384, 0.6296552370914773, 1791555277933663546
-0.15200376510620117, 0.38544273376464844, 0.6266752973722396, 1791555277964952718
0.2958553433418274, 1.048641324043274, 0.6222043207222996, 1791555277996541721
-0.4739360809326172, -0.4144786596298218, 0.6199849674536314, 1791555278027730202
0.06788766384124756, -0.3378106355667114, 0.7177272385401307, 1791555278054767732
-0.5305361747741699, 1.0138297080993652, 0.6436330543125764, 1791555278084814293
0.9106900691986084, -0.06595903635025024, 0.6578917878806584, 1791555278114750766
-0.34594517946243286, -0.5925707221031189, 0.670840043970547, 1791555278144788652
0.17748016119003296, 0.8946576714515686, 0.631764098936993, 1791555278174805248
-0.2362470030784607, 0.7813090682029724, 0.6251710452439418, 1791555278203857795
-0.15314185619354248, -0.06616848707199097, 0.5862601177184588, 1791555278236448258
0.524223804473877, -0.4656141400337219, 0.6310323325551326, 1791555278267463179
-0.1727420687675476, 0.4204336404800415, 0.704496939337976, 1791555278295074606
-0.36702799797058105, 0.36832863092422485, 0.6402526180959989, 1791555278335120478
0.21327638626098633, 0.43738800287246704, 0.6499220804326519, 1791555278365066656
-0.010925650596618652, -0.32921165227890015, 0.6222874329211177, 1791555278396710625
-0.36989110708236694, -0.02530592679977417, 0.6142577152820229, 1791555278428485160
0.22467690706253052, 0.4721218943595886, 0.6635774104300303, 1791555278455066769
-0.16978877782821655, -0.027647078037261963, 0.59363479692402, 1791555278485070140
-0.1987740397453308, 0.08979195356369019, 0.5315383818686384, 1791555278508287369
-0.1252657175064087, 0.30740463733673096, 0.6926838982229553, 1791555278545049108
0.23974955081939697, 0.6678606271743774, 0.6515185122262889, 1791555278575082883
0.08706223964691162, 0.24608713388442993, 0.6603231445620948, 1791555278605204001
-0.5674179792404175, -0.09817403554916382, 0.6176688637646114, 1791555278636514069
-0.4676712155342102, 0.10915166139602661, 0.6082903414860512, 1791555278668774006
0.2792699337005615, 0.3819032311439514, 0.7405254459660927, 1791555278695452826
-0.46950745582580566, -0.22492551803588867, 0.6091059373889476, 1791555278716674820
-0.17426776885986328, 0.6195594072341919, 0.6279381941826822, 1791555278748271565
-0.5268433690071106, -0.12119787931442261, 0.7161259566209273, 1791555278775219448
0.14316833019256592, -0.8455328941345215, 0.6178803069253198, 1791555278805145546
-0.10487598180770874, 0.46605241298675537, 0.6396404144348299, 1791555278835174145
0.4123082160949707, 1.3157689571380615, 0.6405729671856426, 1791555278865210362
0.005850434303283691, 0.14347076416015625, 0.6228473096937983, 1791555278895248808
-0.009010493755340576, -0.4299544095993042, 0.633682402834026, 1791555278925347394
-0.22543621063232422, 0.765092670917511, 0.6108917187528683, 1791555278957296396
-0.07279586791992188, 0.7375937104225159, 0.5718001169986665, 1791555278989053385
-0.21676570177078247, -0.6630638837814331, 0.683920348334635, 1791555279015666121
-0.10719281435012817, -0.3998255729675293, 0.6377953410472487, 1791555279045372964
0.10374492406845093, 0.11758285760879517, 0.6178653295292224, 1791555279075754598
0.20503294467926025, 0.9861765503883362, 0.6331100202192825, 1791555279105580450
-0.123210608959198, 0.37701255083084106, 0.6172830372688944, 1791555279135379391
-0.4980301260948181, -0.5808036923408508, 0.6154426538955932, 1791555279165403283
0.03817027807235718, -0.07822853326797485, 0.6386511178637263, 1791555279196513929
-0.31175243854522705, 0.5441834926605225, 0.6032235205829134, 1791555279228362227
0.2360491156578064, -0.22539061307907104, 0.6575230805442306, 1791555279255503847
-0.018085181713104248, 0.292705237865448, 0.61454022506396, 1791555279285545301
-0.19095885753631592, 0.8937909007072449, 0.6308688389470299, 1791555279315484090
-0.06320196390151978, 0.3615785241127014, 0.6161494974855078, 1791555279345478427
0.1681506633758545, -0.06891524791717529, 0.6133489621372296, 1791555279375664335
-0.14551573991775513, -0.010504484176635742, 0.6298755408496175, 1791555279405549666
-0.2793489098548889, 0.19972723722457886, 0.5748385365327969, 1791555279437295378
-0.22807741165161133, 0.06816673278808594, 0.5913717303826723, 1791555279468342382
0.46447867155075073, 0.07200419902801514, 0.7048896142682103, 1791555279495698571
-0.1528162956237793, -0.13930583000183105, 0.6368936663726961, 1791555279525632205
-0.30996280908584595, 0.5145819187164307, 0.5550849220293206, 1791555279548358687
0.41840481758117676, 0.664990246295929, 0.6655979843022323, 1791555279585630889
0.07843965291976929, -0.7932131290435791, 0.6394399974567121, 1791555279614764414
0.15161937475204468, 0.28068822622299194, 0.6138488807773568, 1791555279644693060
0.02097994089126587, 0.964302659034729, 0.5522339848808727, 1791555279676458771
0.012499511241912842, -0.22676414251327515, 0.5410903256708223, 1791555279708627937
-0.215021014213562, -0.8248727321624756, 0.6757229759400611, 1791555279735756222
0.1826964020729065, 0.5260746479034424, 0.6435430030556013, 1791555279764833947
8.153915405273438e-05, 0.5738763213157654, 0.6106560601073698, 1791555279794823554
0.30017751455307007, 0.12984341382980347, 0.5841462641390961, 1791555279825930807
-0.6009040474891663, 0.20871710777282715, 0.6106168028945377, 1791555279855948710
-0.0018256306648254395, -0.3248502016067505, 0.612110959090473, 1791555279886343732
0.021111667156219482, 0.22293400764465332, 0.6080157764069629, 1791555279916499006
0.08549773693084717, 0.477893590927124, 0.5397656314644417, 1791555279948772368
0.2101413607597351, -0.018460631370544434, 0.6426594236113405, 1791555279976109207
-0.974683940410614, 0.022739887237548828, 0.5884925314782168, 1791555279996871485
0.3718791604042053, 0.38611191511154175, 0.5748101119356573, 1791555280028620494
0.13942819833755493, -0.018653512001037598, 0.6011405108304256, 1791555280066149338
0.034240126609802246, -0.14132744073867798, 0.5982793520913616, 1791555280096032518
-0.09573990106582642, 0.3201782703399658, 0.5865321724409269, 1791555280126110434
-0.4460412859916687, -0.0033617019653320312, 0.5719553788580114, 1791555280156770721
0.07664865255355835, -0.1558758020401001, 0.5652126306481616, 1791555280188505893
0.32922977209091187, 0.39808201789855957, 0.6400810267858323, 1791555280216266641
0.11422508955001831, -0.044171273708343506, 0.5780029661298498, 1791555280246604692
-0.17793172597885132, 0.13338947296142578, 0.6081900775392249, 1791555280276147703
-0.11069852113723755, 0.859058141708374, 0.598857009401405, 1791555280306195987
0.181576669216156, 0.12342715263366699, 0.6178656446230195, 1791555280336278390
-0.3592792749404907, -0.420388400554657, 0.6210806090588252, 1791555280366168597
-0.5291193723678589, 0.38652801513671875, 0.5768890274932653, 1791555280396948391
0.26149898767471313, 0.3752932548522949, 0.5611738426412829, 1791555280428693048
-0.5115193724632263, -0.4482501745223999, 0.6467707203366719, 1791555280456341670
0.2804720997810364, -0.055093348026275635, 0.5832719653370273, 1791555280486963508
-0.543026328086853, 0.27227455377578735, 0.5295798019167878, 1791555280508464497
0.14630961418151855, 0.3687138557434082, 0.6044030063761332, 1791555280546977474
0.19635134935379028, -0.02652895450592041, 0.575516262676746, 1791555280577190783
-0.03789675235748291, -0.15361261367797852, 0.5648621950402293, 1791555280607002005
0.1313784122467041, 0.40317708253860474, 0.5851345390010825, 1791555280637016147
-0.3246311545372009, 0.5524236559867859, 0.5703976274989401, 1791555280668468638
0.10320961475372314, -0.5057345628738403, 0.6310533048298641, 1791555280696495086
-0.3898639678955078, -0.13832908868789673, 0.5513299128707637, 1791555280727461292
0.09493529796600342, -0.011368393898010254, 0.5673920282529934, 1791555280756978615
-0.3618274927139282, 0.6153289675712585, 0.5737705431902189, 1791555280787123721
-0.09696424007415771, 0.12855571508407593, 0.5734560439697665, 1791555280817208100
-0.10915565490722656, -0.1542130708694458, 0.5683714844784055, 1791555280847069399
0.17863231897354126, -0.29737716913223267, 0.5712479392141522, 1791555280877055391
-0.4586772322654724, -0.0810961127281189, 0.5349292744575401, 1791555280909070639
0.35608112812042236, 0.4104565978050232, 0.5705530556021955, 1791555280938940125
-0.514681339263916, 0.28256577253341675, 0.6194910504522075, 1791555280977087760
0.01585918664932251, 0.06165868043899536, 0.5815562345318908, 1791555281007084513
-0.2681059241294861, -0.4090968370437622, 0.5687987788483335, 1791555281037080087
-0.5365476012229919, -0.39980387687683105, 0.5469816145903629, 1791555281068724931
0.17046046257019043, 0.6669160723686218, 0.5684617732425117, 1791555281099237605
0.26589709520339966, 0.6230807900428772, 0.604913442322273, 1791555281127119918
0.04597502946853638, -0.07046788930892944, 0.5675080674456292, 1791555281157073662
-0.25140273571014404, 0.055060505867004395, 0.5617500349141281, 1791555281187149386
0.15507948398590088, 0.7982691526412964, 0.5831224902136811, 1791555281217112821
-0.0437699556350708, 0.42387592792510986, 0.6030629577183946, 1791555281247134822
-0.5030779242515564, -0.5038778781890869, 0.5846377531797826, 1791555281277120695
-0.02156621217727661, -0.5535038113594055, 0.5486435150482502, 1791555281307862875
-0.35906094312667847, 0.7541240453720093, 0.5593383945604733, 1791555281339376238
0.21529638767242432, 1.1882998943328857, 0.6049500462810553, 1791555281377158912
0.1567004919052124, 0.3666912913322449, 0.5564018056536197, 1791555281407243523
-0.30235522985458374, -0.5655397772789001, 0.5801875814481032, 1791555281437177722
0.12461787462234497, -0.2733743190765381, 0.5429571007196208, 1791555281468614682
-0.3475223183631897, 0.6310921311378479, 0.5406508685279121, 1791555281499607287
-0.4447566866874695, -0.1182900071144104, 0.5944514305880026, 1791555281527255370
-0.17330396175384521, 0.5629592537879944, 0.5562334493603404, 1791555281557480827
-0.05029952526092529, -0.09888821840286255, 0.5908964512961535, 1791555281587331794
0.08453595638275146, -0.08016222715377808, 0.6098844690715317, 1791555281617250314
-0.018614351749420166, 0.25126922130584717, 0.5711919927033394, 1791555281647383137
0.05960738658905029, -0.34747427701950073, 0.5585261733961482, 1791555281677259012
-0.18673288822174072, -0.27303969860076904, 0.5410152060270644, 1791555281708463790
0.12575167417526245, 0.37506580352783203, 0.5461160905863566, 1791555281740001693
-0.243860125541687, 0.4675252437591553, 0.6419776823495833, 1791555281767698872
-0.40376216173171997, 0.6769291162490845, 0.6027825403542357, 1791555281807363322
-0.2583693265914917, -0.10384368896484375, 0.5942114438605848, 1791555281837352231
-0.23122817277908325, -0.17084038257598877, 0.5623390779254267, 1791555281868939676
-0.003307521343231201, -0.19304239749908447, 0.5829646139692202, 1791555281898870574
-0.11344367265701294, 0.5214471817016602, 0.6270384428875765, 1791555281927683206
-0.08153986930847168, 0.9905983805656433, 0.5926362867621523, 1791555281957364022
0.09268438816070557, -1.1265873908996582, 0.48554503686819594, 1791555281980479909
-0.21059221029281616, -0.29565268754959106, 0.6059243667536361, 1791555282017363082
-0.027777671813964844, 0.48985058069229126, 0.5951256840376107, 1791555282047383842
-0.18672853708267212, 0.7794097065925598, 0.5916815721202254, 1791555282077346510
-0.10378503799438477, -0.48720085620880127, 0.5770324715163676, 1791555282108456802
-0.2440078854560852, -0.7388760447502136, 0.5787684069097669, 1791555282140460437
0.0600929856300354, 0.11062628030776978, 0.6251463167824344, 1791555282177385760
-0.34250324964523315, 0.4132446050643921, 0.5535057826789883, 1791555282207401904
-0.11588281393051147, 0.3247935175895691, 0.5726940786255728, 1791555282237415978
-0.201313316822052, 0.09374481439590454, 0.5543056039716584, 1791555282268618020
-0.4216618537902832, -0.2356020212173462, 0.528069981658173, 1791555282300523171
0.05327713489532471, 0.05076557397842407, 0.6195688113057158, 1791555282327418325
0.04174387454986572, 0.48938167095184326, 0.5518971174559699, 1791555282357506580
0.3158939480781555, -0.37963294982910156, 0.47632003652662575, 1791555282381309863
0.13427704572677612, -0.06469142436981201, 0.6734886618606586, 1791555282407728421
0.16792422533035278, 0.7745804190635681, 0.5670284715083694, 1791555282436825278
0.02376735210418701, -0.1076732873916626, 0.43775597498892593, 1791555282460576024
-0.16019350290298462, 0.10046857595443726, 0.6194216911649573, 1791555282497559097
0.05424237251281738, 0.2921244502067566, 0.5827230949102279, 1791555282527544130
-0.4488440752029419, 0.07093256711959839, 0.5396214653107477, 1791555282557580577
-0.008571386337280273, 0.2166728973388672, 0.5380615924581652, 1791555282588703857
-0.20281630754470825, 0.18469053506851196, 0.541174933468002, 1791555282620662897
0.03229242563247681, 0.46136510372161865, 0.6244492572858928, 1791555282657598453
0.11170530319213867, -0.17867690324783325, 0.5807949680985587, 1791555282687638385
-0.4561876654624939, 0.1690482497215271, 0.5669123960453529, 1791555282717631192
-0.3751380443572998, 0.43740564584732056, 0.5583231364952587, 1791555282748563862
0.1621701717376709, 0.04838067293167114, 0.5637086799637886, 1791555282780538593
0.5043558478355408, 0.6634567975997925, 0.6122459239855204, 1791555282817782973
-0.17101198434829712, -0.14018231630325317, 0.5676420491792091, 1791555282847703268
-0.3385523557662964, 0.012808740139007568, 0.5863442542014868, 1791555282877768825
-0.5188670754432678, 0.7261165380477905, 0.5728432369524837, 1791555282908802817
-0.14772140979766846, 0.5259624719619751, 0.5469762996452787, 1791555282940790424
-0.0421409010887146, -0.5717447400093079, 0.6709610008823375, 1791555282966994412
-0.2535640001296997, -0.28017741441726685, 0.6071624837763329, 1791555282995858609
-0.6640462875366211, 0.21460026502609253, 0.45728293846839546, 1791555283021508986
0.42358964681625366, -0.7706321477890015, 0.6633021431830005, 1791555283048004532
-0.3904494643211365, 0.2748708128929138, 0.5689973128150497, 1791555283077868155
0.14328134059906006, 0.6318312287330627, 0.5809136367100816, 1791555283107891007
-0.21292084455490112, -0.08855748176574707, 0.5859598852046166, 1791555283137874590
0.5479422807693481, -0.11110097169876099, 0.5634323730694983, 1791555283167886572
-0.10339230298995972, 0.5242045521736145, 0.5791560892264355, 1791555283198058842
-0.4441877007484436, 0.46708106994628906, 0.5776589867383468, 1791555283228508926
0.5102517008781433, 0.04792749881744385, 0.5170127371118105, 1791555283260804549
-0.16440832614898682, 0.1592721939086914, 0.6550698083558966, 1791555283288031196
0.4061339497566223, 0.07158076763153076, 0.6104516319639963, 1791555283318031029
-0.01561051607131958, 0.25057458877563477, 0.5592847519021642, 1791555283348048682
-0.22272032499313354, 0.6369962096214294, 0.5486393245825081, 1791555283378068995
-0.047042131423950195, 0.3986140489578247, 0.5529694252675074, 1791555283408097903
0.004256069660186768, 0.19019818305969238, 0.5879130277300981, 1791555283438146101
-0.5829615592956543, -0.24488943815231323, 0.5749283249069611, 1791555283468936143
-0.03869122266769409, 0.36032819747924805, 0.5358737102779374, 1791555283500808434
-0.3503252863883972, 0.4933093190193176, 0.6196091214887026, 1791555283528223257
0.3521525263786316, -0.12016814947128296, 0.5917842375284973, 1791555283558201170
-0.26179027557373047, -0.5059203505516052, 0.591342871933492, 1791555283588190909
0.2570570707321167, 0.631009578704834, 0.5668273125332647, 1791555283618264015
-0.3728991150856018, 1.0904200077056885, 0.5908268042516083, 1791555283648197625
0.026609301567077637, -0.08885812759399414, 0.5875894863270178, 1791555283678490483
-0.35077130794525146, -0.28618210554122925, 0.5560084280670101, 1791555283708805585
-0.22304695844650269, 0.22238695621490479, 0.5054523047558513, 1791555283741155344
-0.5755520462989807, 0.9986617565155029, 0.6121460786708861, 1791555283768643577
0.6464313268661499, -0.1136065125465393, 0.5775248886757448, 1791555283798525123
-0.49892890453338623, 0.12362241744995117, 0.521361056947411, 1791555283820674632
-0.3927232623100281, 0.14892399311065674, 0.6136491089747079, 1791555283858496476
0.3913446068763733, 0.8732455372810364, 0.5837220505255549, 1791555283888411999
-0.19477254152297974, 0.5388039350509644, 0.5841839240075641, 1791555283918703358
0.10984045267105103, -0.40328454971313477, 0.5876408950694555, 1791555283948576706
-0.1642225980758667, 0.44758981466293335, 0.5270331024491153, 1791555283980962282
-0.11021685600280762, 0.2737324833869934, 0.5916456354572197, 1791555284018557101
0.08874696493148804, 0.49227017164230347, 0.5359430066642838, 1791555284048565507
-0.49408572912216187, 0.3466351628303528, 0.5643405588689102, 1791555284078603312
0.351166307926178, 0.13961100578308105, 0.5618113857927852, 1791555284109176126
-0.1340925693511963, 0.15799492597579956, 0.5289511089942005, 1791555284141170612
-0.34504783153533936, -0.1063886284828186, 0.6285870490657186, 1791555284168611271
-0.26238274574279785, 0.11560285091400146, 0.5908717029925373, 1791555284198581907
0.44296354055404663, 0.8734942674636841, 0.5866467806236596, 1791555284228679284
0.2157222032546997, -0.13030606508255005, 0.5769602606526812, 1791555284258609272
-0.32656151056289673, -0.01878303289413452, 0.5749136304617218, 1791555284288877037
-0.015296399593353271, 0.8242504596710205, 0.5611693678702582, 1791555284318784204
-0.1934734582901001, 0.33803778886795044, 0.5545846026274632, 1791555284348880653
-0.5451115369796753, -0.3220512866973877, 0.5325024866000322, 1791555284381365386
0.2499990463256836, 0.1608099341392517, 0.5688134139567792, 1791555284411082753
-0.07231032848358154, 0.043264567852020264, 0.6122273680579032, 1791555284448769201
0.10178524255752563, 0.43949949741363525, 0.6286506325651687, 1791555284477966301
-0.08679383993148804, 0.7510091066360474, 0.5756479613872626, 1791555284507830758
-0.06542408466339111, 0.10587936639785767, 0.5065164444345382, 1791555284540643767
0.0818471908569336, -0.25399959087371826, 0.5564683807313942, 1791555284571546595
-0.07954561710357666, 0.3710271120071411, 0.6266185808591023, 1791555284598819715
0.004903018474578857, 0.4767172932624817, 0.5816329134531223, 1791555284628997211
-0.037634193897247314, -0.40170443058013916, 0.5774204992765265, 1791555284658880114
0.24157047271728516, 0.015250682830810547, 0.5685040860557355, 1791555284689174550
-0.21292132139205933, 0.7710384726524353, 0.628337022394947, 1791555284717922234
0.21769005060195923, 0.2771722674369812, 0.5620975948894992, 1791555284749331006
0.020815789699554443, 0.10262280702590942, 0.5609840029247838, 1791555284779563492
-0.27688533067703247, 0.2726171612739563, 0.5266799283712091, 1791555284812218034
-0.5843356251716614, 0.33392637968063354, 0.6431595859438142, 1791555284839150685
0.2564467191696167, 0.3005638122558594, 0.5568448850448514, 1791555284869131700
-0.4704287052154541, 0.06121861934661865, 0.4823155190057058, 1791555284891967659
0.28175389766693115, -0.21604931354522705, 0.6250298583380622, 1791555284919125066
-0.01434701681137085, 0.4598279595375061, 0.572290558055607, 1791555284949114203
-0.28465795516967773, 0.4086505174636841, 0.5560707205742363, 1791555284979146387
0.040023982524871826, 0.02045881748199463, 0.5892942536947543, 1791555285009341215
0.16396218538284302, 0.09180384874343872, 0.6036895855620954, 1791555285039167146
-0.05806607007980347, 0.5900239944458008, 0.5639799984087758, 1791555285069507039
-0.39143723249435425, 0.666395366191864, 0.5353083861316223, 1791555285101152512
0.4039723873138428, 0.19325727224349976, 0.574870461575824, 1791555285132095058
0.07089465856552124, 0.4898998737335205, 0.6458263505485077, 1791555285169314756
0.16980719566345215, -0.3737078309059143, 0.5583080308009167, 1791555285199200239
-0.17366766929626465, 0.2889810800552368, 0.5530999296752916, 1791555285229278005
-0.00837785005569458, 0.857767641544342, 0.5677172296261626, 1791555285261268291
-0.35243624448776245, 0.2683815360069275, 0.5535623163743376, 1791555285292636166
0.23139691352844238, 0.3139194846153259, 0.6221952792144314, 1791555285329339936
-0.21174472570419312, -0.5442683696746826, 0.5771239333944126, 1791555285359338953
0.31452518701553345, 0.3359975814819336, 0.5761459039099392, 1791555285389510550
-0.3819972276687622, 0.6907275319099426, 0.5602913865593224, 1791555285421170406
-0.0722876787185669, 0.2991873025894165, 0.5427316907551479, 1791555285453258651
0.027832388877868652, 0.20955991744995117, 0.6470417710939952, 1791555285479538103
-0.39159464836120605, -0.10932928323745728, 0.5748161571435364, 1791555285509453968
0.38251161575317383, 0.31210917234420776, 0.5962291182263539, 1791555285539495633
-0.14482414722442627, 0.3837498426437378, 0.5633181161944274, 1791555285569499246
0.11092251539230347, 0.013148069381713867, 0.5664025791489569, 1791555285599539251
-0.19244736433029175, -0.05723303556442261, 0.6060606295564294, 1791555285629528655
0.09416574239730835, 0.5450923442840576, 0.5520826664458235, 1791555285660608248
0.24218589067459106, 0.4699127674102783, 0.5314207249814725, 1791555285692649283
-0.42473459243774414, 0.13668429851531982, 0.6607605241563245, 1791555285719695531
0.025631368160247803, -0.2884921431541443, 0.5684560982694793, 1791555285749718660
-0.041153013706207275, -0.0481228232383728, 0.5525202179423366, 1791555285779609781
0.06687086820602417, 0.5205327272415161, 0.5613577538059845, 1791555285809955274
0.31742358207702637, 0.974352240562439, 0.5901178932752521, 1791555285839629086
-0.16261452436447144, -0.11692559719085693, 0.5545495297562354, 1791555285870017525
-0.16823160648345947, -0.22645264863967896, 0.5554586962883145, 1791555285901070152
0.33281654119491577, 0.7673934698104858, 0.5660990187881539, 1791555285932792064
-0.05377805233001709, 0.9909764528274536, 0.6296905368186246, 1791555285969819684
-0.17138534784317017, 0.678943932056427, 0.587566425726655, 1791555285999748158
0.24256789684295654, -0.4934875965118408, 0.5777680181604756, 1791555286029808021
0.029915153980255127, 0.1496046781539917, 0.5651710979809913, 1791555286060772913
-0.4036719799041748, 0.6895166635513306, 0.5345106000967965, 1791555286093352241
0.12485939264297485, 0.6589803695678711, 0.6141569701005656, 1791555286129819177
0.09985905885696411, 0.26559388637542725, 0.5784924701792492, 1791555286160005565
0.3947404623031616, -0.06330615282058716, 0.5800575191482659, 1791555286189873384
0.15362775325775146, 0.06902682781219482, 0.5428892617864495, 1791555286221078272
-0.20485585927963257, 0.6569015383720398, 0.53177209180895, 1791555286252646321
-0.23356270790100098, 0.7349424362182617, 0.6268648409840548, 1791555286279963510
-0.016679048538208008, -0.1884487271308899, 0.5934260497266524, 1791555286309959114
-0.2649352550506592, 0.027221500873565674, 0.5890157523593661, 1791555286340038340
-0.2624059319496155, 0.32370245456695557, 0.5770099275842372, 1791555286369063030
-0.22270113229751587, 0.10952353477478027, 0.5405458437890575, 1791555286399012258
-0.18354415893554688, 0.01036369800567627, 0.5768517044171638, 1791555286429378005
0.11820483207702637, 0.3931654691696167, 0.5593328211968921, 1791555286460788072
-0.11380982398986816, 0.30996620655059814, 0.5555991276598723, 1791555286491842254
0.025469422340393066, 0.41707056760787964, 0.6217566206293064, 1791555286520165366
-0.31577783823013306, 0.5685877799987793, 0.5754959950034407, 1791555286550479015
-0.08636736869812012, 0.36568182706832886, 0.5832784869033241, 1791555286580297832
0.10407125949859619, -0.6270031332969666, 0.5765495063073253, 1791555286610180333
-0.31164902448654175, 0.4871094226837158, 0.5574539975818449, 1791555286640250668
0.17886841297149658, 0.8494016528129578, 0.5670934605772506, 1791555286670161215
-0.04980581998825073, 0.25297701358795166, 0.5877426923833704, 1791555286700664848
-0.11850517988204956, -0.1607908010482788, 0.5163563832904752, 1791555286733282148
-0.1028069257736206, 0.06776416301727295, 0.6290911649790673, 1791555286760589392
-0.2726510763168335, 0.7345864772796631, 0.612889762358497, 1791555286790250726
0.1791543960571289, 0.08962839841842651, 0.5886452321544047, 1791555286820335437
-0.43727248907089233, -0.4286593198776245, 0.5720510840863477, 1791555286850404503
0.27256256341934204, 0.15073764324188232, 0.6006571034304463, 1791555286880363164
-0.23216259479522705, 1.0283911228179932, 0.5797450644113638, 1791555286910333680
0.19771641492843628, 0.11123049259185791, 0.545108830091693, 1791555286940720909
0.018416285514831543, -0.30989623069763184, 0.5536870074874145, 1791555286972694631
0.19409090280532837, 0.482363760471344, 0.630282839885223, 1791555287000688361
-0.50419682264328, 0.49551844596862793, 0.5705046614749539, 1791555287030431061
-0.049771010875701904, -0.03183633089065552, 0.5652120812078278, 1791555287060428053
0.21381592750549316, -0.049363553524017334, 0.5849633900628083, 1791555287090488996
-0.2100253701210022, 0.07477742433547974, 0.5737997895747415, 1791555287120680323
0.0037595033645629883, 0.25970178842544556, 0.5684491124018939, 1791555287150441212
0.17157161235809326, 0.4549522399902344, 0.5369323963178684, 1791555287181483826
-0.03461092710494995, 0.014446854591369629, 0.5535800600599639, 1791555287213048528
-0.07909286022186279, 0.11874634027481079, 0.6315008636525744, 1791555287240569186
0.016883671283721924, 0.8469034433364868, 0.5638022967474915, 1791555287270657694
-0.1934618353843689, 0.30601346492767334, 0.578341107226421, 1791555287300782461
-0.42197954654693604, -0.37891823053359985, 0.5780702473154791, 1791555287330582644
0.41820579767227173, -0.04337906837463379, 0.5985415540112329, 1791555287360701386
-0.5204775333404541, 0.47611188888549805, 0.6198124416817535, 1791555287390670829
0.010677993297576904, 0.6649654507637024, 0.5895445073340244, 1791555287420924073
-0.1899949312210083, 0.5175776481628418, 0.5557920225595241, 1791555287451824392
-0.12775743007659912, -0.2709505558013916, 0.6416935739161391, 1791555287479826194
0.028641581535339355, -0.27904045581817627, 0.5751348021320587, 1791555287510910905
0.12477070093154907, 0.48575109243392944, 0.5483555358590525, 1791555287540716646
-0.28112077713012695, 0.7958667874336243, 0.5837373559270395, 1791555287569844331
0.435269832611084, -0.6114313006401062, 0.5662713323364846, 1791555287601014284
0.08049595355987549, -0.17692768573760986, 0.5804779149091914, 1791555287630775047
-0.12225264310836792, 1.0201025009155273, 0.5926222667259613, 1791555287661048959
-0.17541098594665527, 0.5688909292221069, 0.5427579998714248, 1791555287693260474
-0.13876497745513916, -0.059144556522369385, 0.6078215098145894, 1791555287720964434
-0.17470800876617432, -0.04078197479248047, 0.6136537478033912, 1791555287749841744
-0.5312841534614563, 0.391784131526947, 0.5737631594796181, 1791555287780902593
0.20021826028823853, 0.3251396417617798, 0.5520135003350609, 1791555287810925269
-0.5479716062545776, -0.21379774808883667, 0.5592763878494804, 1791555287841146189
0.45378631353378296, -0.4053232669830322, 0.5808290169347727, 1791555287870967864
0.2991752624511719, 0.6512478590011597, 0.5696872387312268, 1791555287901105827
0.26964253187179565, 0.7865281105041504, 0.5468664305444515, 1791555287932800913
-0.29068106412887573, 0.08154380321502686, 0.6018925826529662, 1791555287961061246
0.12104684114456177, -0.041081011295318604, 0.5607560436275897, 1791555287991139115
-0.1395423412322998, 0.10757821798324585, 0.5955864060167253, 1791555288021147007
-0.151098370552063, 0.5135491490364075, 0.5977899027673599, 1791555288051070268
0.30382126569747925, 0.22213542461395264, 0.5745130996381246, 1791555288080155715
-0.20781773328781128, -0.24893701076507568, 0.5450147775585343, 1791555288111052517
0.019013524055480957, -0.24776560068130493, 0.5882603122383495, 1791555288141202069
-0.05499124526977539, 0.641876220703125, 0.5775811126764894, 1791555288171850385
0.7474051713943481, 0.8191510438919067, 0.5500503676925982, 1791555288203742323
-0.440016508102417, 0.5112646818161011, 0.6081638326163608, 1791555288241332275
0.38221532106399536, 0.3579373359680176, 0.5907293528360371, 1791555288271422807
-0.03604608774185181, -0.26985418796539307, 0.5979485979866817, 1791555288301221483
0.22013282775878906, 0.4504236578941345, 0.5211171804249806, 1791555288333698070
-0.530140221118927, 0.7264918088912964, 0.5764310871834903, 1791555288363491059
-0.07636618614196777, 0.3807492256164551, 0.6014389479610602, 1791555288401332850
0.2955070734024048, 0.630879282951355, 0.5367768623755714, 1791555288431394060
0.014922916889190674, -0.10134929418563843, 0.5639108624261151, 1791555288461615376
-0.018909752368927002, 0.08074229955673218, 0.5492117865013871, 1791555288493167538
-0.22511130571365356, 0.7122209668159485, 0.554590516127237, 1791555288524998965
0.14125382900238037, 0.2758970260620117, 0.6891021340857569, 1791555288551347087
-0.3321342468261719, -0.11133134365081787, 0.5964653758131523, 1791555288581495641
-0.09884768724441528, 0.11332464218139648, 0.5578341930743625, 1791555288611470516
-0.19519150257110596, 0.42699360847473145, 0.5784138147183829, 1791555288641687502
0.4099499583244324, -0.23654907941818237, 0.5870035367920458, 1791555288671431002
0.36148637533187866, -0.11522012948989868, 0.5388426418530641, 1791555288701466789
-0.223122239112854, 0.619794487953186, 0.5297746671498544, 1791555288732897465
-0.08841878175735474, 0.2569275498390198, 0.529134050931145, 1791555288764325849
0.35758137702941895, 0.35866278409957886, 0.6378287039656441, 1791555288790831110
0.02369821071624756, 0.21769273281097412, 0.5792435454757893, 1791555288821675957
-0.32894545793533325, 0.315751314163208, 0.5081514506269623, 1791555288844746048
0.046080708503723145, 0.3306043744087219, 0.6022579863497447, 1791555288881685045
-0.32179784774780273, 0.26418519020080566, 0.584045447382836, 1791555288911818691
0.21595799922943115, -0.40556102991104126, 0.6215012258627717, 1791555288941682696
-0.2599484324455261, -0.25738418102264404, 0.5534369497422813, 1791555288973783363
-0.061014533042907715, 0.7080106139183044, 0.5525641258053929, 1791555289004875066
-1.4166111946105957, 0.28296124935150146, 0.6414680736675112, 1791555289031750520
0.08253312110900879, -0.392486572265625, 0.5667935924916184, 1791555289062466566
0.43123728036880493, 0.3248841166496277, 0.5747798290271625, 1791555289092735398
0.6475653052330017, 0.565241277217865, 0.6609874924734572, 1791555289122432027
1.0081707239151, 0.7238280773162842, 0.5590686233620331, 1791555289152340947
-0.3684890866279602, -0.3992586135864258, 0.48869967389180463, 1791555289182415273
-0.7034898400306702, 0.05817759037017822, 0.5260356737134676, 1791555289213257905
0.351471483707428, 0.8878213167190552, 0.5041697980228675, 1791555289245064986
-0.35050398111343384, 0.03351140022277832, 0.5593489658749647, 1791555289272393922
-0.11012756824493408, -0.9417448043823242, 0.5518937705352948, 1791555289302435160
-0.030847549438476562, 0.3943518400192261, 0.5737072591635342, 1791555289332437023
0.07978779077529907, 0.6671820878982544, 0.5627549596824795, 1791555289362477529
-0.23413902521133423, 0.21475136280059814, 0.549946650041952, 1791555289392447545
0.39633113145828247, 0.29230761528015137, 0.5764555632962622, 1791555289422489474
-0.1934570074081421, 0.14072459936141968, 0.5888711813852712, 1791555289453014465
-0.2641752362251282, 0.23816347122192383, 0.5423081158348857, 1791555289485073330
0.2525952458381653, 0.1486606001853943, 0.6308165040203327, 1791555289512079481
-0.49183493852615356, -0.13626694679260254, 0.5752286087584886, 1791555289542009437
0.03351545333862305, -0.28310030698776245, 0.5721856494976384, 1791555289571953143
0.14373379945755005, 0.3675353527069092, 0.5593504982853841, 1791555289602012123
0.6180075407028198, 0.5728121399879456, 0.5650680582027566, 1791555289631986441
-0.06103795766830444, 0.03571349382400513, 0.5719150442445557, 1791555289662081686
0.07737785577774048, 0.21586650609970093, 0.5426164594866565, 1791555289692790713
-0.5088469982147217, 0.3528597354888916, 0.527166361770798, 1791555289725654958
0.1049843430519104, 0.35726815462112427, 0.69286625009701, 1791555289752188562
-0.13991576433181763, -0.0888223648071289, 0.5958225516010469, 1791555289782184070
-0.2722271680831909, -0.21255290508270264, 0.5917016905677308, 1791555289811191753
-0.41894322633743286, 0.24915432929992676, 0.5736149677973529, 1791555289841189299
0.29983264207839966, 0.5263806581497192, 0.5514620226380559, 1791555289872255479
0.24658095836639404, -0.35752350091934204, 0.5731518568758117, 1791555289902305436
-0.2111130952835083, -0.4860612154006958, 0.5746307116903897, 1791555289932999698
-0.06427145004272461, -0.43082886934280396, 0.5264986110963547, 1791555289965022155
-0.4423040747642517, 0.5561493635177612, 0.6522323087791247, 1791555289992471124
0.3723699450492859, 0.203271746635437, 0.6054910047002482, 1791555290022307851
0.06333285570144653, -0.005406796932220459, 0.5675594834101564, 1791555290052341525
0.2763509750366211, 0.12031018733978271, 0.5707054126983455, 1791555290082405736
-0.23077046871185303, 0.4087110757827759, 0.6042593983690568, 1791555290112407435
0.11412292718887329, 0.6388343572616577, 0.591597766763926, 1791555290142403808
-0.14493250846862793, -0.029957354068756104, 0.5361056270710232, 1791555290173469415
-0.2217574119567871, -0.048411667346954346, 0.5274020885882637, 1791555290205138693
0.15330839157104492, -0.3181626796722412, 0.6238949490005428, 1791555290242582203
0.20046228170394897, 0.5272905230522156, 0.6021176677642723, 1791555290272552639
0.15356594324111938, 0.7657678723335266, 0.578044322573701, 1791555290302512932
-0.06793725490570068, -0.06654489040374756, 0.55473236237919, 1791555290333097742
0.18665343523025513, -0.02650904655456543, 0.5384931414645983, 1791555290365704551
-0.34206992387771606, 0.2251034379005432, 0.670720717976816, 1791555290392636707
-0.024568676948547363, 0.2703947424888611, 0.5841247512151236, 1791555290422622145
-0.12228381633758545, -0.0021584033966064453, 0.5693300203111122, 1791555290452954525
0.39810627698898315, -0.23297709226608276, 0.5748545649010108, 1791555290482662350
-0.24044722318649292, 0.1233140230178833, 0.5747182256166719, 1791555290512766609
0.07965236902236938, 0.7770447731018066, 0.5765301070130578, 1791555290542779964
-0.18130022287368774, 0.39706122875213623, 0.572250863702614, 1791555290573515981
0.012556910514831543, -0.5960750579833984, 0.5648402028073017, 1791555290605251187
-0.36112266778945923, 0.0888165831565857, 0.6546084159373899, 1791555290631960421
0.22594517469406128, 0.784813404083252, 0.5605739942794349, 1791555290662691119
-0.21697789430618286, -0.1509978175163269, 0.579116430548166, 1791555290692705583
-0.19277405738830566, -0.5496603846549988, 0.5964089779871925, 1791555290722798486
-0.10945403575897217, -0.2648100256919861, 0.5771488241132758, 1791555290753072326
0.020832061767578125, 0.15449166297912598, 0.598729727715727, 1791555290781840645
-0.24170535802841187, 0.32288575172424316, 0.5687769011877029, 1791555290813514781
0.429975688457489, 0.5392230749130249, 0.545457801612888, 1791555290845449313
-0.509799599647522, -0.349978506565094, 0.615447861800699, 1791555290872939318
0.04599261283874512, -0.54817134141922, 0.5929400560925251, 1791555290902886348
0.15634995698928833, 0.7412179708480835, 0.6012602131001907, 1791555290932893490
-0.07824301719665527, 0.34633970260620117, 0.5767385391887223, 1791555290962874208
0.17015612125396729, -0.0921480655670166, 0.5655664679145687, 1791555290993053032
-0.19772088527679443, 0.3395381569862366, 0.5699710930966453, 1791555291023051996
0.09020060300827026, 0.3292468786239624, 0.5705333324367902, 1791555291052961303
-0.16306829452514648, 0.09261173009872437, 0.5300142677748184, 1791555291085384893
-0.4378131628036499, 0.10342144966125488, 0.5996122279138422, 1791555291113091771
-0.2432386875152588, -0.0747174620628357, 0.563564663526594, 1791555291142980606
-0.18378442525863647, -0.029825687408447266, 0.6192688327161596, 1791555291173017973
-0.3587624430656433, 0.15103483200073242, 0.5419979699128237, 1791555291195479640
0.14062190055847168, 0.15021753311157227, 0.6132403673694047, 1791555291233142306
-0.39271652698516846, -0.0949934720993042, 0.5799825328587022, 1791555291263191653
0.543689489364624, 0.6285476684570312, 0.5847106279945767, 1791555291293164627
-0.307800829410553, 0.2766498327255249, 0.5351845424849648, 1791555291325513892
-0.4278072714805603, -0.44031059741973877, 0.5812739522161218, 1791555291355464998
0.12512707710266113, 0.19624990224838257, 0.6192833047791187, 1791555291383489928
-1.574716329574585, 0.5739426612854004, 0.5891262922015519, 1791555291413228758
-0.5844166874885559, -0.487643301486969, 0.5638577535118027, 1791555291435637655
-2.0732626914978027, 0.27523744106292725, 0.620867301325083, 1791555291463375807
-0.41279762983322144, 0.5343732237815857, 0.5321661209351716, 1791555291493247831
-1.1550288200378418, -0.02964121103286743, 0.49454493222996027, 1791555291522274795
-0.38945645093917847, -0.37249553203582764, 0.4181934433166784, 1791555291553455447
-0.11561352014541626, 0.1256622076034546, 0.39647776935946527, 1791555291583353144
1.6551326513290405, 0.21258240938186646, 0.48163110772356094, 1791555291613506903
0.7066050171852112, 0.7704954743385315, 0.5616413784999894, 1791555291645538683
0.7400099039077759, 0.6307467222213745, 0.6136350185770294, 1791555291675642292
1.1706302165985107, 0.24029427766799927, 0.6003485653389683, 1791555291703691316
-0.009914696216583252, -0.07705050706863403, 0.543150169021911, 1791555291733370948
-0.7236472964286804, 0.3496280312538147, 0.5374877275461929, 1791555291763617073
0.26926344633102417, 0.2615273594856262, 0.5488497063065634, 1791555291793440578
-0.2381371259689331, -0.2762056589126587, 0.57696008344252, 1791555291823465751
-0.19291186332702637, -0.12162566184997559, 0.6037091231090972, 1791555291853587742
0.14715838432312012, 0.6268896460533142, 0.5566375087205157, 1791555291885176587
0.2567656636238098, 0.4153164029121399, 0.5265195309440678, 1791555291916311564
-0.1640576720237732, 0.16673147678375244, 0.6254088824098247, 1791555291943792287
-0.4203621745109558, 0.4384760856628418, 0.5841590529867593, 1791555291973556672
-0.4244006276130676, -0.16446739435195923, 0.5637202454384828, 1791555292003750559
0.1677488088607788, 0.12405973672866821, 0.5822030803482818, 1791555292033580836
-0.09907263517379761, 0.08516424894332886, 0.5732140788669378, 1791555292063600255
-0.00847238302230835, -0.12469267845153809, 0.5719184172219313, 1791555292094002084
-0.18199187517166138, 0.14434874057769775, 0.5879590762838179, 1791555292125148309
0.15283364057540894, 0.9244152903556824, 0.561105549659728, 1791555292156913109
-0.08381497859954834, 0.44128602743148804, 0.6611785809114211, 1791555292183765775
-0.9356212615966797, -0.0006965994834899902, 0.617173625314684, 1791555292213733298
-0.8910674452781677, 0.6305723190307617, 0.6091009217392632, 1791555292243719335
-1.3531544208526611, 0.326160728931427, 0.5597413681437768, 1791555292274094952
-0.6257719993591309, -0.5589012503623962, 0.5482270228111974, 1791555292303756525
-1.3644667863845825, -0.08111345767974854, 0.4966364403039563, 1791555292332906056
-0.17242133617401123, 0.28009605407714844, 0.38909957039360166, 1791555292365667263
1.3606048822402954, 0.4682214856147766, 0.38399700514594187, 1791555292397102245
1.272770643234253, -0.5783161520957947, 0.6571128527085563, 1791555292434056898
0.573436975479126, -0.021829307079315186, 0.6690599987720184, 1791555292462923115
1.14854097366333, 0.28533047437667847, 0.5904354546274944, 1791555292494147858
0.20003169775009155, 0.16793608665466309, 0.57297543072503, 1791555292525478571
-0.597559928894043, -0.35425078868865967, 0.5757884816209674, 1791555292557279341
0.779452919960022, 0.8722390532493591, 0.6395695145080788, 1791555292584289848
-0.39416199922561646, 0.6939457654953003, 0.52424557806948, 1791555292614073550
-0.39628100395202637, -0.22450733184814453, 0.5464731539584922, 1791555292644025476
-0.26641398668289185, 0.19055551290512085, 0.5544997151431352, 1791555292674152072
-0.2646242380142212, 0.6697187423706055, 0.5495398703101316, 1791555292704449663
0.2010558843612671, -0.04400891065597534, 0.571295082153549, 1791555292734166836
-0.221299946308136, -0.4768751859664917, 0.5866150800913895, 1791555292765213335
0.10595357418060303, 0.28131335973739624, 0.5604577984202153, 1791555292797578801
-0.18221473693847656, 0.576288104057312, 0.6492570435512759, 1791555292824176345
0.42332732677459717, 0.38005340099334717, 0.5637531977336024, 1791555292854122226
-0.002861201763153076, 0.12381023168563843, 0.5938147396342043, 1791555292884211652
-0.41955506801605225, 0.3301161527633667, 0.5848859966422641, 1791555292904608748
-0.14291483163833618, 0.04780995845794678, 0.5830606346659677, 1791555292944210462
-0.40982043743133545, 0.20328938961029053, 0.5545279698694473, 1791555292974170510
-0.1764770746231079, 0.06526792049407959, 0.5337772412342786, 1791555293005168351
0.10738617181777954, -0.302201509475708, 0.5539692667176155, 1791555293037372031
-0.38528919219970703, 0.23853009939193726, 0.6713275187379985, 1791555293064262508
0.04696321487426758, 0.6606086492538452, 0.5898982814777229, 1791555293094298309
-0.5233727097511292, 0.45749956369400024, 0.5762449945007476, 1791555293134337146
0.5645103454589844, -0.5187609195709229, 0.5546853376980283, 1791555293165255633
-0.544331431388855, -0.412689745426178, 0.5435000171104739, 1791555293196161456
0.48394542932510376, 0.5329138040542603, 0.6170512185397111, 1791555293224494782
-0.5146859884262085, 0.6584538817405701, 0.6111895075598812, 1791555293254673903
0.10249698162078857, 0.8607933521270752, 0.5763441628701943, 1791555293284599369
-0.19670099020004272, -0.3138527274131775, 0.5643617030582562, 1791555293314413790
0.010163486003875732, -0.7817993760108948, 0.6064339796017871, 1791555293344444763
-0.2404162883758545, 0.6716203689575195, 0.5748532573376177, 1791555293374631254
-0.059956490993499756, 0.6197330355644226, 0.5535743606307173, 1791555293405196079
0.25645941495895386, -0.29751789569854736, 0.574555808893897, 1791555293436838607
0.11038494110107422, 0.2711087465286255, 0.6311463535520696, 1791555293464648740
-0.12459242343902588, 0.5503510236740112, 0.553669316214744, 1791555293494476741
-0.27145588397979736, 0.3916158676147461, 0.5505155645442886, 1791555293524520730
0.6625301837921143, 0.12479650974273682, 0.5771088317938112, 1791555293554689210
-0.6229395866394043, 0.05749589204788208, 0.5989087034506945, 1791555293584537573
0.04393059015274048, 0.02617746591567993, 0.5746694404609176, 1791555293614571492
-0.07566756010055542, 0.36195188760757446, 0.5514224349198242, 1791555293645254620
0.05928534269332886, 0.04467618465423584, 0.5614879939406076, 1791555293677163588
-0.06379175186157227, -0.35952991247177124, 0.6675299053916973, 1791555293703832631
0.004488110542297363, 0.7659245729446411, 0.5525091494593125, 1791555293734790727
-0.06934410333633423, 0.6120973229408264, 0.5574076977181924, 1791555293764732625
-0.24226504564285278, 0.07508575916290283, 0.5679450144047763, 1791555293794763779
0.18767160177230835, 0.1643993854522705, 0.5725410479006949, 1791555293824910252
-0.3874880075454712, 0.012884557247161865, 0.5893277239562712, 1791555293853929976
-0.3457663655281067, 0.34134912490844727, 0.5416975901292594, 1791555293885691494
0.24775362014770508, 0.3679234981536865, 0.5679696081757742, 1791555293917203148
0.19442594051361084, -0.41398000717163086, 0.6792801315967558, 1791555293944870824
-0.3589758276939392, -0.2635965347290039, 0.6035360472026414, 1791555293983833237
0.33796578645706177, -0.006960749626159668, 0.5609287633532692, 1791555294013836637
-0.7774600982666016, 0.6757927536964417, 0.5588543461075169, 1791555294045546860
0.404538631439209, 0.2064419388771057, 0.5438323016534498, 1791555294077641491
-0.014039874076843262, 0.2761099934577942, 0.57917552502394, 1791555294105034775
0.1433314085006714, -0.20742172002792358, 0.5599593963790971, 1791555294135070955
-0.24278151988983154, 0.6186469197273254, 0.5247904466947074, 1791555294157479394
-0.5503123998641968, 0.3704955577850342, 0.6250440567697694, 1791555294185053417
-0.48273587226867676, -0.14667540788650513, 0.5993475391979731, 1791555294215067614
-1.6045453548431396, -0.07701760530471802, 0.6335634616126858, 1791555294245016530
-0.7895485758781433, 0.5880536437034607, 0.5672086217437723, 1791555294275049798
-1.2621817588806152, -0.2687991261482239, 0.5268336442613469, 1791555294305073639
-0.7789732217788696, -0.7667791843414307, 0.4861610560103722, 1791555294335037759
0.0009735822677612305, 0.5282604098320007, 0.4217609696591329, 1791555294365551792
1.8961397409439087, 0.9760411381721497, 0.3840352831471507, 1791555294397771169
0.9466984272003174, -0.3940536379814148, 0.5355938929863828, 1791555294427626776
0.8027120232582092, -0.3933216333389282, 0.6495076509807366, 1791555294455106006
0.5315558314323425, 0.01910877227783203, 0.5554869658934234, 1791555294485136098
0.7062602639198303, 0.41561979055404663, 0.5000955989231018, 1791555294506837051
-0.1797814965248108, 0.059221625328063965, 0.5773554069685116, 1791555294545151611
0.28018617630004883, -0.09990984201431274, 0.5528571115824786, 1791555294575208795
-0.20549386739730835, 0.7089841961860657, 0.5225239868275733, 1791555294605737880
-0.3174956440925598, 0.5899897217750549, 0.553133556459716, 1791555294637321529
0.15369945764541626, 0.36545735597610474, 0.5901973204711166, 1791555294667702435
-0.07373279333114624, 0.034251868724823, 0.6272739554726036, 1791555294695729359
-0.5416790843009949, -0.27098017930984497, 0.5831678549622236, 1791555294725300404
0.1531018614768982, 0.15511047840118408, 0.5727713338057967, 1791555294755361216
-0.0336950421333313, 0.896091103553772, 0.5761285906644966, 1791555294785459709
0.506817102432251, -0.039436161518096924, 0.5910005902284957, 1791555294815673006
-0.4114111661911011, -0.6017951369285583, 0.5783845264630066, 1791555294845690239
0.10425543785095215, 1.0422288179397583, 0.5741140683133508, 1791555294876244466
-0.37529855966567993, 1.0683594942092896, 0.5731366445682752, 1791555294908382254
0.220289945602417, 0.5139666795730591, 0.6497675233006412, 1791555294935642832
-0.15689176321029663, -0.14095211029052734, 0.5904452406784381, 1791555294964467625
0.27550292015075684, 0.09972280263900757, 0.56459924654356, 1791555294995443696
-0.3377630114555359, 0.8878280520439148, 0.5769658890252856, 1791555295025459492
0.04745066165924072, 0.5389292240142822, 0.5632832316388487, 1791555295055649226
0.08067196607589722, 0.047696053981781006, 0.5856353689842037, 1791555295085488071
-0.12581104040145874, -0.0815742015838623, 0.5390303709309135, 1791555295117558857
-0.24123507738113403, -0.10536187887191772, 0.5739939963651182, 1791555295148222477
-0.5449614524841309, 0.28305965662002563, 0.6646354992145106, 1791555295175674315
0.7304896116256714, 0.16744571924209595, 0.5974573496022424, 1791555295205614478
-0.16873449087142944, 0.09228688478469849, 0.5598824002089815, 1791555295235651352
0.3557280898094177, 0.3741888999938965, 0.579133537416635, 1791555295265869905
-0.3797980546951294, 0.5971373319625854, 0.5694011832487088, 1791555295295705254
0.3508763909339905, 0.13152748346328735, 0.5587936376274119, 1791555295325793819
0.04209244251251221, 0.1438281536102295, 0.5567279813666506, 1791555295357611114
-0.359749436378479, 0.3943096399307251, 0.5515735537243068, 1791555295389124039
-0.08797645568847656, 0.19864749908447266, 0.6741475374094038, 1791555295414859070
-0.3233553171157837, -0.007982611656188965, 0.6056785454474736, 1791555295444839401
0.5801018476486206, -0.2292131781578064, 0.5750863522584134, 1791555295475797311
-0.1669061779975891, -0.0420495867729187, 0.5653566915401665, 1791555295506008524
-0.1094292402267456, 1.0596379041671753, 0.5852090220022866, 1791555295535957547
-0.2681337594985962, 0.9694681763648987, 0.573265683283697, 1791555295565813988
0.400529682636261, -0.42463815212249756, 0.5514643681466065, 1791555295597540762
-0.5232687592506409, -0.05082857608795166, 0.5570456371600518, 1791555295629254185
-0.321178674697876, 0.6884928941726685, 0.6498185829517682, 1791555295655967456
-0.21768444776535034, 0.31217867136001587, 0.5807299637691004, 1791555295685907818
-0.19532883167266846, -0.7732088565826416, 0.6094159144561538, 1791555295715953792
0.03994715213775635, 0.07500392198562622, 0.6027654319884518, 1791555295746027595
-0.10225284099578857, -0.14949560165405273, 0.558329804893037, 1791555295776045053
-0.31197869777679443, 0.7181047201156616, 0.5826336446810915, 1791555295806223747
-0.4044286608695984, 0.4170394539833069, 0.5582456226664145, 1791555295837561088
0.11929607391357422, -0.6236172318458557, 0.5314441664276062, 1791555295870212801
-0.06455415487289429, -0.12204831838607788, 0.6581938682057904, 1791555295896223499
0.23136740922927856, 0.8483693599700928, 0.5672749972648874, 1791555295926020476
-0.04574787616729736, 0.3121233582496643, 0.5861331192217746, 1791555295956095646
0.2674131989479065, -0.14073467254638672, 0.5760829274965588, 1791555295986390060
0.09905904531478882, 0.3740806579589844, 0.5706522150527222, 1791555296016142493
0.006105780601501465, 0.4975651502609253, 0.5816911469729884, 1791555296046152507
-0.35447198152542114, 0.2739511728286743, 0.5523962702188715, 1791555296077540414
0.1203303337097168, 0.12507522106170654, 0.5471519464822855, 1791555296109416057
-0.021862924098968506, 0.4765773415565491, 0.6658510700438157, 1791555296146192499
0.12848341464996338, -0.10911697149276733, 0.580306633412577, 1791555296176602374
-0.396307110786438, 0.4847736358642578, 0.5617788324248105, 1791555296206631560
-0.002861499786376953, 0.6063398718833923, 0.5599735346827031, 1791555296237304063
-0.0018651485443115234, 0.23894649744033813, 0.5569592140108646, 1791555296269388890
0.3077365756034851, -0.3183506727218628, 0.6360831206751046, 1791555296296320455
-0.4362422227859497, 0.35508620738983154, 0.5913784975923522, 1791555296326349648
-0.2740700840950012, 0.4033457636833191, 0.5806460454892749, 1791555296356332604
0.22405415773391724, 0.061229825019836426, 0.5882582904735024, 1791555296386372149
-0.0765882134437561, -0.11202108860015869, 0.6011698939619475, 1791555296416393367
-0.19619965553283691, 0.30044764280319214, 0.5889700558748109, 1791555296446375471
0.18764829635620117, 1.1007050275802612, 0.5424290388699117, 1791555296477783701
-0.052057862281799316, 0.2941408157348633, 0.5448752195951143, 1791555296510046148
-0.3802313804626465, -0.5738828778266907, 0.6708467718865524, 1791555296536600707
0.07614004611968994, 0.24007052183151245, 0.5566109106782908, 1791555296566593980
-0.17905616760253906, 0.7103204131126404, 0.569282025213813, 1791555296597151025
0.0009223818778991699, 0.929618775844574, 0.6262550572669962, 1791555296625830636
-0.26448142528533936, 0.1107366681098938, 0.5750123599072842, 1791555296656609570
-0.04447734355926514, -0.16912752389907837, 0.578840903812133, 1791555296686535062
-0.35494738817214966, 0.22618252038955688, 0.5681647434639187, 1791555296717362408
-0.2638108730316162, 0.20249998569488525, 0.544727313400544, 1791555296749173814
-0.12341731786727905, -0.2618531584739685, 0.6213969730247536, 1791555296776697108
-0.04392653703689575, 0.2742210030555725, 0.5578860488982413, 1791555296806785686
0.12195402383804321, 0.4406226873397827, 0.5600317600585919, 1791555296836643149
-0.10160809755325317, 0.2016238570213318, 0.5901549589576864, 1791555296865834014
-0.10234189033508301, 0.49542129039764404, 0.5832395096372774, 1791555296895975048
0.4263727068901062, 0.09071087837219238, 0.5893392795348591, 1791555296926700374
-0.2431555986404419, 0.23316597938537598, 0.5750088765126804, 1791555296958272982
-0.2749403119087219, 0.6235533952713013, 0.5752812677836656, 1791555296989234510
0.1719909906387329, -0.055914342403411865, 0.6299883997943653, 1791555297016783063
-0.04334038496017456, 0.08329325914382935, 0.5691146882698218, 1791555297037559867
-0.15247642993927002, 0.514831006526947, 0.5452028233121529, 1791555297069658666
0.03368818759918213, 0.8309715986251831, 0.6456754871948082, 1791555297105851792
-0.20662981271743774, 0.6781100034713745, 0.5354060352611201, 1791555297136916790
0.08344829082489014, -0.07814222574234009, 0.5786057789810843, 1791555297166970720
-0.12028127908706665, -0.013592243194580078, 0.5960399267323906, 1791555297197579583
-0.29629141092300415, 0.6893882751464844, 0.5670133689918762, 1791555297229174142
-0.36379969120025635, 0.5354757905006409, 0.6256344253053441, 1791555297257015201
0.008252084255218506, -0.48628634214401245, 0.5928696790375627, 1791555297286946904
-0.2554386258125305, -0.604260265827179, 0.6067233065131299, 1791555297317125232
-0.422855019569397, 0.9340050220489502, 0.581589978747942, 1791555297347027700
0.5086678266525269, 0.6070581078529358, 0.5376153567685044, 1791555297377211193
-0.3179367780685425, -0.1792224645614624, 0.5626959133136993, 1791555297407107070
0.5501874089241028, 0.2552446126937866, 0.585039925843475, 1791555297437977208
-0.08988732099533081, -0.05982178449630737, 0.5831060071178551, 1791555297469648254
-0.24011218547821045, -0.08377474546432495, 0.6361602127216917, 1791555297497063286
0.5353540778160095, 0.6101387739181519, 0.5622974858690787, 1791555297527796916
0.028292179107666016, -0.005005359649658203, 0.5756636097683526, 1791555297557879524
0.03837943077087402, -0.0034360289573669434, 0.579024569155982, 1791555297587792072
-0.0027982592582702637, 0.89446622133255, 0.549819870215045, 1791555297617888291
0.026707768440246582, 0.49988800287246704, 0.5701457277999094, 1791555297646823226
-0.08123987913131714, -0.21060246229171753, 0.5693893977321213, 1791555297678129617
-0.17574673891067505, 0.14687925577163696, 0.5517171794645477, 1791555297709279775
-0.3291337490081787, 0.20275312662124634, 0.552091084671896, 1791555297739762919
-0.17789727449417114, 0.34184086322784424, 0.6426213181954206, 1791555297767884635
0.06318217515945435, 0.2653721570968628, 0.5936542384313965, 1791555297797996767
-0.3270323872566223, -0.1621776819229126, 0.5214581625191533, 1791555297819786838
-0.40724682807922363, -0.0777277946472168, 0.6371593035080744, 1791555297856845659
0.08255207538604736, 1.2950972318649292, 0.5698677979940052, 1791555297887992212
-0.07989025115966797, 0.32447874546051025, 0.5544922169131001, 1791555297918024372
-0.0991135835647583, -0.8851616382598877, 0.5462921855394465, 1791555297949462344
0.0953671932220459, 0.7153274416923523, 0.576697156885082, 1791555297979807118
-0.18100464344024658, 0.8881546258926392, 0.6217912279323355, 1791555298008014383
-0.039726078510284424, -0.2922658920288086, 0.5948594159320825, 1791555298036859973
-0.1084563136100769, 0.360465943813324, 0.5084610100562751, 1791555298059790219
-0.036510169506073, 0.20876777172088623, 0.6189903280058865, 1791555298097880433
0.07716047763824463, 0.8827950954437256, 0.5772446738042266, 1791555298127941141
0.37712162733078003, 0.566323459148407, 0.5700362056173566, 1791555298157907355
-0.33591020107269287, -0.24281078577041626, 0.5440362204787946, 1791555298188825651
0.14738798141479492, -0.05375480651855469, 0.5613863481023057, 1791555298220035693
-0.5603255033493042, 0.7387881875038147, 0.6162368476430004, 1791555298248059971
0.11076468229293823, 0.8513997197151184, 0.5538700933298648, 1791555298278287404
-0.20127815008163452, -0.3298320770263672, 0.5251428054656376, 1791555298300138331
-0.046080172061920166, 0.02600991725921631, 0.6301883484893614, 1791555298337885589
0.18287289142608643, 0.08955538272857666, 0.6074758648221688, 1791555298367962190
-0.22794181108474731, 0.7769379019737244, 0.5938192666013141, 1791555298397926978
0.34082138538360596, 0.13807398080825806, 0.5278158702731893, 1791555298429698267
-0.291293740272522, -0.3943023681640625, 0.5516395767360766, 1791555298460366984
0.32032114267349243, 0.013524532318115234, 0.6151905033124666, 1791555298498031525
0.0891197919845581, 0.39408016204833984, 0.5331959697150173, 1791555298528214496
-0.06937974691390991, 0.6834287643432617, 0.5788567034238349, 1791555298557968882
-0.5546342134475708, 0.18452274799346924, 0.5668462513537831, 1791555298589185158
0.4231775403022766, -0.12388747930526733, 0.5728238778443286, 1791555298620717704
-0.46844482421875, -0.1489180326461792, 0.6697924603646652, 1791555298648050238
-0.025666475296020508, 0.4340887665748596, 0.5852629445655514, 1791555298678303490
-0.07482296228408813, 0.7305023074150085, 0.580713800538826, 1791555298708133404
0.7255370616912842, -0.09488135576248169, 0.6111433408618983, 1791555298738103531
-0.3970082402229309, 0.017824888229370117, 0.5833228063043646, 1791555298768114875
0.13132596015930176, 0.8140053749084473, 0.5574685076049134, 1791555298798281992
0.0933346152305603, 0.6974075436592102, 0.5678140357986697, 1791555298829458414
-0.15091979503631592, -0.4205641746520996, 0.5557463032721522, 1791555298861090676
0.19895577430725098, -0.5830627083778381, 0.6270432830503272, 1791555298888326648
-0.44240802526474, 0.4854195713996887, 0.5845353694289356, 1791555298918293377
0.2917153835296631, 1.0012470483779907, 0.5763511535306527, 1791555298948205708
-0.09628105163574219, -0.16098231077194214, 0.5584936632954703, 1791555298978149004
0.2690584063529968, -0.463168740272522, 0.6077313189838769, 1791555299008194380
-0.060011208057403564, 0.8350971937179565, 0.6077219533152904, 1791555299038164729
0.044330477714538574, 0.6115247011184692, 0.5295418452737122, 1791555299069724217
-0.12287914752960205, 0.28725552558898926, 0.5291515451770199, 1791555299101267386
0.05104261636734009, 0.11520969867706299, 0.6615753159178734, 1791555299128561184
0.5293851494789124, 0.07299220561981201, 0.6157014174565922, 1791555299158270817
-0.04998379945755005, 0.43280816078186035, 0.5098586848962443, 1791555299181608364
0.3464260697364807, 0.07266086339950562, 0.6535745624869959, 1791555299208413059
-0.2496577501296997, -0.2059037685394287, 0.5980738879296696, 1791555299238337752
-0.16562867164611816, 0.14452648162841797, 0.5095314662413389, 1791555299261961607
0.06481033563613892, 0.6763892769813538, 0.633426056780071, 1791555299298266314
0.13464438915252686, 0.193234384059906, 0.5580529379596819, 1791555299328228318
-0.14339596033096313, -0.03733116388320923, 0.5794269129527431, 1791555299358247144
-0.17708981037139893, -0.08152258396148682, 0.5471301319842027, 1791555299388864382
-0.20623821020126343, 0.3639622926712036, 0.518165307027811, 1791555299421617793
-0.19178777933120728, 0.21592336893081665, 0.6556242223840872, 1791555299448384282
0.3870982527732849, -0.009736597537994385, 0.5686136422989166, 1791555299478276936
0.08099174499511719, 0.6925828456878662, 0.48879796988492386, 1791555299501253531
-0.15744346380233765, 0.7783734798431396, 0.6483437008666588, 1791555299538380999
0.24226725101470947, 0.32100844383239746, 0.574138319133343, 1791555299568365135
0.12233787775039673, -0.2848033308982849, 0.5568354108323454, 1791555299598370410
-0.10572296380996704, 0.21348142623901367, 0.5787735930772441, 1791555299629269875
-0.3723595142364502, 0.8091093301773071, 0.5256527989872013, 1791555299661508131
0.2514800429344177, 0.039708495140075684, 0.6306447914372952, 1791555299687822744
-0.1468912959098816, -0.455552339553833, 0.5663554744977973, 1791555299718684514
-0.3151601552963257, 0.26334863901138306, 0.5554412238705554, 1791555299748481261
0.06547874212265015, 0.5057739615440369, 0.5579353719883775, 1791555299778540428
0.29765087366104126, 0.16937965154647827, 0.5795351226108115, 1791555299808877556
-0.24907910823822021, -0.034600019454956055, 0.5747492433066879, 1791555299838545982
0.12322878837585449, 0.16425979137420654, 0.5286498636272202, 1791555299869678963
-0.11756139993667603, 0.6037187576293945, 0.5649808874941719, 1791555299900839799
-0.24659210443496704, 0.43753790855407715, 0.633557041529669, 1791555299928750839
0.37851983308792114, 0.30534619092941284, 0.5500451829981723, 1791555299958902257
-0.4966890215873718, -0.27408409118652344, 0.5548082384674689, 1791555299988752532
0.5104548931121826, 0.231803297996521, 0.5777244590909016, 1791555300017652629
-0.41675710678100586, 0.3161963224411011, 0.5743398307129937, 1791555300047658157
0.186681866645813, 0.33324700593948364, 0.5700177206578407, 1791555300078686926
-0.23009651899337769, 0.35010236501693726, 0.5691344617382319, 1791555300109411019
0.0008996725082397461, -0.22261720895767212, 0.5137801595549873, 1791555300142411075
0.297419011592865, -0.43738698959350586, 0.6452991725940405, 1791555300178781472
-0.05925184488296509, 0.6650782823562622, 0.5923388530175381, 1791555300207864339
0.17530310153961182, 0.7389888167381287, 0.5630160721066156, 1791555300237841417
-0.29277145862579346, 0.08765065670013428, 0.5317863076049422, 1791555300269626408
0.44373619556427, -0.29713213443756104, 0.5480311392178087, 1791555300301599475
-0.5809280276298523, 0.35155922174453735, 0.6482461003896753, 1791555300328906066
-0.16055148839950562, 0.2612757086753845, 0.5665655399283842, 1791555300358883767
0.23869943618774414, 0.27753686904907227, 0.5890377291129473, 1791555300388896578
0.2717015743255615, -0.5171512961387634, 0.6227226381118718, 1791555300419093421
-0.3157467246055603, 0.2760242819786072, 0.6072413592780812, 1791555300448919998
0.1772962212562561, 0.916159451007843, 0.575352248926054, 1791555300479169169
0.30812859535217285, 0.19335204362869263, 0.5639466473723345, 1791555300509652794
-0.7121272087097168, -0.21817994117736816, 0.5396475723701007, 1791555300542070873
0.3655162453651428, 0.2533695697784424, 0.6228867105984555, 1791555300569039204
-0.47782403230667114, 0.29317158460617065, 0.5646504807140872, 1791555300599136565
0.20223873853683472, -0.267034649848938, 0.5781627658659816, 1791555300629121790
-0.19428038597106934, 0.3349100351333618, 0.5631230032143199, 1791555300659117828
-0.3102092146873474, 0.16371989250183105, 0.5813689155225796, 1791555300689127985
0.058321475982666016, -0.0055068135261535645, 0.5992989328075191, 1791555300719139199
0.013580679893493652, 0.46908944845199585, 0.5626604778828563, 1791555300749481380
-0.08655571937561035, 0.31992411613464355, 0.5249997300602793, 1791555300781606111
-0.08984237909317017, -0.25099730491638184, 0.6143560466154852, 1791555300809431982
-0.12334156036376953, -0.18410420417785645, 0.5766032693523901, 1791555300839178770
0.23842990398406982, 0.6470938920974731, 0.5895147829923747, 1791555300869404790
0.021243751049041748, 0.4723944067955017, 0.604581407927443, 1791555300899564558
0.42645788192749023, -0.16262227296829224, 0.5715498538690074, 1791555300929221119
-0.18398171663284302, 0.06876617670059204, 0.5827524040573159, 1791555300959240925
-0.268074095249176, 0.6321054697036743, 0.6049063107955994, 1791555300990136303
-0.01991051435470581, 0.33427977561950684, 0.5621377109251049, 1791555301021646861
-0.38333725929260254, -0.5684177279472351, 0.6188322660448233, 1791555301049400446
-0.06694364547729492, -0.4083743691444397, 0.5879905457290177, 1791555301079334091
0.24410444498062134, 0.5147125124931335, 0.5351171785789647, 1791555301100836579
-0.34720879793167114, -0.42856043577194214, 0.5445082995612507, 1791555301131529380
0.023404359817504883, -0.3543629050254822, 0.6127165212019711, 1791555301169587949
0.345658540725708, -0.09071117639541626, 0.5930224151586952, 1791555301199518831
-0.1571030616760254, 1.103554129600525, 0.6122465585525988, 1791555301229397759
-0.39256322383880615, 0.5418436527252197, 0.5548904229636659, 1791555301261395601
-0.017077863216400146, -0.5391846299171448, 0.5830781163891675, 1791555301291480171
0.030340731143951416, -0.4959864616394043, 0.6258047452846182, 1791555301329735240
0.35165631771087646, 0.1596391797065735, 0.5954424609887934, 1791555301359481348
-0.22073441743850708, 0.8844408392906189, 0.5753336248591943, 1791555301389424913
-0.3371655344963074, 0.384912371635437, 0.5275111291478554, 1791555301421407395
-0.05750894546508789, -0.04384428262710571, 0.550610384520305, 1791555301452036234
0.009112894535064697, -0.16106361150741577, 0.6288317476494548, 1791555301489711579
0.169050395488739, -0.029316961765289307, 0.5782190860335086, 1791555301519616542
0.6204929351806641, 0.8839296102523804, 0.5678172871134581, 1791555301549886422
-0.13830417394638062, 0.2916792631149292, 0.539829186954522, 1791555301581604046
-0.13017338514328003, 0.13986140489578247, 0.5919908283755867, 1791555301611019847
0.22457587718963623, 0.40272247791290283, 0.6027081601635929, 1791555301640176753
-0.0546649694442749, -0.17628717422485352, 0.6166099577612933, 1791555301669727567
-0.00407564640045166, 0.3581920862197876, 0.6061150006006323, 1791555301699036296
-0.2043285369873047, 0.46269142627716064, 0.5536739268597856, 1791555301729717952
0.2616950273513794, 0.19123941659927368, 0.5997395914208883, 1791555301759769072
-0.1573164463043213, -0.1773095726966858, 0.6049481864885277, 1791555301789789047
-0.03095877170562744, 0.3545776605606079, 0.5417132352737637, 1791555301822081625
-0.42396581172943115, 0.6074630618095398, 0.5836692167470889, 1791555301852688270
0.46923667192459106, -0.369198739528656, 0.6595974123521754, 1791555301879793283
-0.17965424060821533, 0.3599143624305725, 0.5338686632353595, 1791555301901984259
-0.0916643738746643, 0.7192116379737854, 0.5872691689441155, 1791555301932565769
-0.33664363622665405, -0.35914480686187744, 0.6879557650838234, 1791555301958851705
0.20759814977645874, -0.7114760279655457, 0.5723064850819813, 1791555301989901970
-0.077045738697052, 0.72540283203125, 0.5924365081690667, 1791555302020111546
-0.026634573936462402, 0.54529869556427, 0.5791087854867394, 1791555302050347241
0.322263240814209, 0.2100604772567749, 0.5800132755988974, 1791555302079981125
-0.22222572565078735, -0.013158559799194336, 0.5878069306509138, 1791555302110064996
-0.07215350866317749, 0.18669819831848145, 0.58942491717785, 1791555302141889152
-0.11533498764038086, 0.3018302917480469, 0.5612430755725877, 1791555302174462334
-0.2589878439903259, -0.09501886367797852, 0.6841450662483954, 1791555302200397465
-0.002370476722717285, -0.02027219533920288, 0.6108291269600553, 1791555302230170864
-0.1848815679550171, 0.2780967354774475, 0.6071324779880867, 1791555302260139617
0.3190460801124573, 0.49396204948425293, 0.5720074776465285, 1791555302290119518
-0.40309178829193115, 0.10346531867980957, 0.5558301459235319, 1791555302320116954
-0.013123035430908203, 0.2631734609603882, 0.5608277172369931, 1791555302350265531
-0.31616806983947754, 0.2991400361061096, 0.5776298480943503, 1791555302381473818
-0.49930644035339355, 0.08236294984817505, 0.5607631389210207, 1791555302413553569
0.4027565121650696, 0.4807497262954712, 0.6453721791308905, 1791555302450288030
-0.4077569842338562, 0.13606494665145874, 0.5992981952104579, 1791555302480594887
-0.15891516208648682, 0.14368033409118652, 0.5899806684284333, 1791555302510474620
-0.44963037967681885, -0.20205771923065186, 0.5763780105943239, 1791555302541593592
-0.1426141858100891, -0.38954585790634155, 0.581177477860916, 1791555302573736491
0.3875030279159546, 1.004597783088684, 0.6827633175498323, 1791555302600430102
-0.35584115982055664, 0.6998997330665588, 0.5828896664536095, 1791555302630329835
0.06207263469696045, -0.41110682487487793, 0.5869587195780769, 1791555302660545032
0.0616072416305542, 0.07548385858535767, 0.5702640030111885, 1791555302690537942
-0.34781748056411743, 0.3135303258895874, 0.586298439128044, 1791555302720428876
0.08706384897232056, 0.47443336248397827, 0.6080682779917647, 1791555302750460197
-0.0633399486541748, -0.27728819847106934, 0.5723806519770448, 1791555302782427210
-0.1531832218170166, -0.4827592968940735, 0.5860587743694397, 1791555302813515155
-0.17757076025009155, 0.38536715507507324, 0.6721480795328607, 1791555302840562921
0.4051969647407532, 1.0483967065811157, 0.5817358690471947, 1791555302870459382
0.2702023386955261, -0.08239209651947021, 0.5640914636940932, 1791555302900464038
-0.15235817432403564, -0.15514260530471802, 0.5939621005876726, 1791555302930502249
-0.003121316432952881, 0.9994140267372131, 0.5936699626081899, 1791555302960489542
-0.7819766402244568, 0.1620531678199768, 0.5975565844837848, 1791555302990583462
0.10858464241027832, -0.7943485379219055, 0.6018315294539702, 1791555303021541005
-0.48164957761764526, -0.22822552919387817, 0.5738613937118473, 1791555303053763581
-0.047077834606170654, 0.359297513961792, 0.666725344221751, 1791555303080684935
-1.1389139890670776, -0.18007820844650269, 0.5600907890336467, 1791555303101881349
-0.7638000845909119, 0.03433102369308472, 0.5403866555378282, 1791555303133424762
-1.5427460670471191, -0.10748618841171265, 0.6038538907521964, 1791555303160773445
-0.07541602849960327, -0.02889198064804077, 0.5501765167344499, 1791555303190677546
-0.9355340600013733, 0.8462026119232178, 0.4880860153869998, 1791555303220718265
-0.309192955493927, 0.3171651363372803, 0.4315995199896854, 1791555303250721004
-1.1035642623901367, -0.6563931703567505, 0.36878359173617575, 1791555303280768595
-0.2040920853614807, -0.3662272095680237, 0.36245941888875854, 1791555303308850896
-0.6284286379814148, 0.013668596744537354, 0.28467131028223464, 1791555303341814499
-0.8798379302024841, 0.34424370527267456, 0.25148438664287176, 1791555303373481825
-0.44178563356399536, -0.3199687600135803, 0.24186132602149846, 1791555303400906300
-0.9151749610900879, -0.27943044900894165, 0.17569535007620188, 1791555303429904249
0.02689647674560547, 0.023384809494018555, 0.1523281366933427, 1791555303458848859
1.2390711307525635, 0.20810413360595703, 0.11206161234236155, 1791555303489923877
1.1729618310928345, -0.01906454563140869, 0.23063713155082294, 1791555303521005190
0.8257936239242554, 0.2455381155014038, 0.3667121165321473, 1791555303550884231
1.3544673919677734, 0.13062429428100586, 0.38509481356803177, 1791555303581576826
0.5452849268913269, -0.1546492576599121, 0.3749823329274172, 1791555303614168254
1.3875137567520142, 0.35321342945098877, 0.5288082048218969, 1791555303641055308
-0.16885673999786377, 0.8954434990882874, 0.49795518963709384, 1791555303670968217
1.1079820394515991, -0.02803260087966919, 0.514735770541965, 1791555303701027603
-0.17055493593215942, -0.5250033140182495, 0.5780216231347848, 1791555303731026801
1.3915705680847168, 0.3296504020690918, 0.6354595243840195, 1791555303761061040
0.34420305490493774, 0.16762030124664307, 0.6064476387301456, 1791555303791069803
0.17745733261108398, 0.2914705276489258, 0.5830189810708708, 1791555303821881251
0.17412471771240234, 0.42657214403152466, 0.5402455565141533, 1791555303853481054
0.010473430156707764, -0.12583142518997192, 0.6176781818141717, 1791555303881159850
-0.1752808690071106, -0.02031344175338745, 0.6127569763284395, 1791555303911134380
-0.31935811042785645, 0.46282631158828735, 0.6033980306429906, 1791555303941175666
0.10896724462509155, 0.14528942108154297, 0.5870683391330306, 1791555303971337331
-0.3955392837524414, -0.4835403561592102, 0.5899332261347772, 1791555304001155331
-0.06016641855239868, 0.057496845722198486, 0.5748288104733476, 1791555304031263309
-0.20399469137191772, 0.5818287134170532, 0.5644043556777686, 1791555304061997027
0.34238260984420776, 0.5258883237838745, 0.5644189345709668, 1791555304093655827
0.012135088443756104, 0.3712281584739685, 0.6362283848327418, 1791555304121442290
0.08734345436096191, -0.3156430721282959, 0.6003979750121126, 1791555304151591655
-0.24375015497207642, -0.5048211216926575, 0.5993201275817743, 1791555304181368284
0.34998559951782227, 0.9858003854751587, 0.568228018983503, 1791555304211383596
0.4040284752845764, 0.465951144695282, 0.5583994030382888, 1791555304241426143
-0.551253080368042, 0.07986372709274292, 0.5918480316360852, 1791555304271441376
-0.079109787940979, 0.22931891679763794, 0.580782257581162, 1791555304301629006
-0.20128321647644043, 0.14654207229614258, 0.5233706579460801, 1791555304333924667
-0.05715256929397583, -0.05042392015457153, 0.6236559092281808, 1791555304361479246
-0.07427853345870972, 0.1509702205657959, 0.5878164526094455, 1791555304391436808
0.19011765718460083, -0.026864051818847656, 0.5866397711239634, 1791555304421420228
-0.14594769477844238, 0.04200929403305054, 0.6165303959068219, 1791555304451438240
-0.06364554166793823, 1.1576963663101196, 0.6171664467309613, 1791555304480875757
0.0014229416847229004, 0.3797054886817932, 0.5500550553253439, 1791555304511535400
0.07718342542648315, -0.4155685305595398, 0.5678945148632029, 1791555304542073016
-0.4215962290763855, 0.34422945976257324, 0.5498940056342868, 1791555304574376367
-0.10904371738433838, 0.5583868026733398, 0.6346242052979153, 1791555304601649779
-0.48131781816482544, -0.18158119916915894, 0.5663736678216633, 1791555304631615223
0.4235227704048157, -0.4077794551849365, 0.5761800217233636, 1791555304661683079
-0.48589199781417847, 0.2790975570678711, 0.5963235788706749, 1791555304691626157
0.00018775463104248047, 0.32901203632354736, 0.5821285876841987, 1791555304721687143
-0.016002774238586426, 0.34833306074142456, 0.5786460901527675, 1791555304751910029
0.1151629090309143, 0.1963595151901245, 0.6008456001462044, 1791555304780865118
-0.08472174406051636, 0.04377549886703491, 0.5358320922465007, 1791555304813762891
-0.2826331853866577, 0.6037094593048096, 0.6203131714887442, 1791555304841767522
-0.46147531270980835, 0.16240131855010986, 0.5596069682601265, 1791555304872114663
-0.0799485445022583, -0.4066137671470642, 0.5823846683679786, 1791555304901746491
-0.2052152156829834, 0.6361230611801147, 0.5188033379727527, 1791555304924337903
0.08152681589126587, 0.5018633008003235, 0.6198129335024201, 1791555304961880121
-0.0015532970428466797, 0.4831772446632385, 0.5574901955374445, 1791555304992506064
-0.27172285318374634, 0.2024909257888794, 0.6005624110032931, 1791555305021365156
0.069729745388031, -0.29132938385009766, 0.5750781206392426, 1791555305053510925
-0.6313965320587158, 0.05962103605270386, 0.6157032484652786, 1791555305083413186
0.2602035403251648, 0.27260786294937134, 0.6184885284927419, 1791555305110904697
-0.28338319063186646, 0.4716469645500183, 0.5577981636592392, 1791555305141245019
-0.15702283382415771, 0.09827440977096558, 0.572016401593113, 1791555305172006705
0.22450613975524902, -0.16446971893310547, 0.5663382892204881, 1791555305201975866
-0.18222683668136597, 0.6602185964584351, 0.5627011796843496, 1791555305232383529
0.2795642614364624, 0.7578001618385315, 0.5875426138697114, 1791555305262009435
-0.029269039630889893, -0.0890582799911499, 0.5276267603354083, 1791555305293596074
-0.0038304924964904785, -0.6320910453796387, 0.5750172692745972, 1791555305324253123
-0.13452422618865967, -0.1702536940574646, 0.6314775951664415, 1791555305362121833
0.15009325742721558, 0.9178783297538757, 0.5818152557744013, 1791555305392068716
-0.5000602602958679, 0.9145893454551697, 0.5860151037308642, 1791555305422438747
-0.007020294666290283, 0.013107478618621826, 0.5618306287321788, 1791555305453550930
-0.15025579929351807, -0.32125115394592285, 0.5546483923779241, 1791555305484670879
-0.3688390851020813, 0.17296761274337769, 0.6493712824735061, 1791555305512277152
-0.41889435052871704, 0.6089790463447571, 0.5858642237043885, 1791555305542197336
0.02801370620727539, -0.20491987466812134, 0.5741672518575395, 1791555305572221521
-0.038485050201416016, -0.32001906633377075, 0.6066270604593444, 1791555305602422799
-0.009288489818572998, 0.8262205123901367, 0.5847436485354981, 1791555305632520713
-0.07780522108078003, 0.3437126874923706, 0.5408558550627163, 1791555305662474347
-0.2780458331108093, -0.02502232789993286, 0.5354329542277032, 1791555305693983566
-0.08783751726150513, 0.3348918557167053, 0.5627298119955494, 1791555305725338614
-0.3593371510505676, 0.10145455598831177, 0.6329454069568055, 1791555305752379571
0.3953500986099243, 0.18272888660430908, 0.5417963079908373, 1791555305782408462
-0.04074209928512573, 0.19528841972351074, 0.5429567589644979, 1791555305812459273
0.32012486457824707, 0.34709542989730835, 0.5744317827082016, 1791555305842444414
-0.29446548223495483, 0.11052566766738892, 0.5844355142558226, 1791555305872359568
-0.07630091905593872, 0.35117143392562866, 0.5844300179904378, 1791555305902456382
-0.4042869210243225, 0.4680786728858948, 0.568462659807141, 1791555305933949640
-0.23858731985092163, -0.14643073081970215, 0.5453740413181046, 1791555305965714231
0.00048416852951049805, -0.23704224824905396, 0.6431179839310386, 1791555305992672029
-0.06891697645187378, 0.11400896310806274, 0.5875689604476981, 1791555306023188273
-0.0372319221496582, 0.6696536540985107, 0.5921672839806433, 1791555306053168036
-0.3068538308143616, -0.31235599517822266, 0.5578756926060142, 1791555306073293323
0.5618753433227539, -0.45914846658706665, 0.561246941813819, 1791555306113489275
-0.6310119032859802, 0.08450329303741455, 0.5904414375090802, 1791555306143196500
0.5847676992416382, 1.0792903900146484, 0.5547986241433976, 1791555306173760340
-0.4666471481323242, 0.3029736876487732, 0.5390047461245202, 1791555306205948068
0.4167097210884094, 0.08482569456100464, 0.653438025030041, 1791555306242599881
0.07112669944763184, -0.15175402164459229, 0.5717277606764453, 1791555306272734511
0.07961845397949219, 0.34413665533065796, 0.5941683536609325, 1791555306302652687
-0.5703783631324768, 0.9391681551933289, 0.5597087879933067, 1791555306333622788
0.0406956672668457, 0.34593600034713745, 0.4974933639087081, 1791555306366385240
-0.16098564863204956, -0.3045295476913452, 0.658473549867628, 1791555306392700967
-0.3127182126045227, 0.12159579992294312, 0.5745538805908268, 1791555306422751116
-0.33304131031036377, 0.5205060839653015, 0.5522218146929662, 1791555306452722058
0.06704390048980713, 0.20644807815551758, 0.5859770319633585, 1791555306482725511
0.21176141500473022, -0.48557066917419434, 0.6060627436199031, 1791555306512761510
0.03888481855392456, 0.4416097402572632, 0.565504103471925, 1791555306543027390
0.3032730221748352, 0.9066272974014282, 0.5626644410118162, 1791555306573643293
-0.22580385208129883, 0.23787617683410645, 0.5163411468791295, 1791555306606678350
0.012544810771942139, -0.02154940366744995, 0.6610204420570586, 1791555306633073374
-0.44956743717193604, -0.06814032793045044, 0.5866718840178478, 1791555306663081346
0.4030958414077759, 0.4387248158454895, 0.5976267871427116, 1791555306691961845
-0.1900988221168518, 0.5469595789909363, 0.5485149130947362, 1791555306722920519
-0.09456270933151245, 0.4709168076515198, 0.5861001684044894, 1791555306753140172
-0.24214613437652588, 0.3296506404876709, 0.6138406658808724, 1791555306782950834
0.024033963680267334, -0.45148366689682007, 0.5772282170629885, 1791555306814183730
-0.35467207431793213, 0.7550775408744812, 0.566850760976606, 1791555306845964130
-0.12968021631240845, 0.6805967092514038, 0.6502402745069867, 1791555306873064812
-0.27270638942718506, -0.4818178415298462, 0.5704185447302101, 1791555306893768181
-0.5415288209915161, 0.5634334683418274, 0.5608416510468962, 1791555306925521086
-0.10919207334518433, 0.719586968421936, 0.6102207586613755, 1791555306953188258
-0.10656541585922241, -0.22628086805343628, 0.5611646814861911, 1791555306983220442
-0.41921430826187134, -0.7338640689849854, 0.5846363077094706, 1791555307013141293
-0.15022772550582886, 0.4517533779144287, 0.5824918378864458, 1791555307043215692
0.04220396280288696, 1.2527215480804443, 0.5861541921262241, 1791555307073349017
0.19952607154846191, 0.3425569534301758, 0.6060628828562613, 1791555307103163657
-0.39548879861831665, -0.3643642067909241, 0.5973883673825514, 1791555307132910910
0.15986788272857666, 0.2740786671638489, 0.5322248218565172, 1791555307165944487
-0.4269769787788391, 0.5786483287811279, 0.6575601543501568, 1791555307193504904
-0.26832491159439087, 0.030994176864624023, 0.599255875083998, 1791555307223257920
0.4448854327201843, -0.16088902950286865, 0.5462502178031627, 1791555307253266886
-0.6257311105728149, 0.1817483901977539, 0.5737472240860879, 1791555307283264773
0.7793045043945312, 0.3395121693611145, 0.5906459000186591, 1791555307313311269
0.08343571424484253, 0.3811805248260498, 0.5782415347816383, 1791555307343295389
-0.09230530261993408, 0.47276920080184937, 0.5417005325025768, 1791555307374695632
-0.582841157913208, 0.1991347074508667, 0.5726981427095028, 1791555307404824189
-0.12495893239974976, 0.44764524698257446, 0.6158798711809508, 1791555307433549484
-0.11922979354858398, 0.3250460624694824, 0.6145088269032115, 1791555307463646548
0.32412171363830566, 0.7092888355255127, 0.5936383926032488, 1791555307492977989
-0.06732028722763062, 0.00034165382385253906, 0.5493125855874831, 1791555307523535049
-0.15170592069625854, 0.21038192510604858, 0.5895095363147995, 1791555307553554286
-0.274728000164032, 1.074499487876892, 0.6033594468392431, 1791555307583474499
0.27284669876098633, 0.2786923050880432, 0.5689765979924923, 1791555307613802824
-0.21695607900619507, -0.5748541951179504, 0.549195876116335, 1791555307646335458
-0.40364813804626465, -0.11510199308395386, 0.6729706267694877, 1791555307673610913
0.32814550399780273, 0.588518500328064, 0.5977604040118311, 1791555307703521454
-0.529832661151886, 0.24413418769836426, 0.5717986413601105, 1791555307733584882
0.7718313932418823, -0.03732544183731079, 0.56394326868601, 1791555307763746413
-0.17397242784500122, 0.029027223587036133, 0.5650497562262754, 1791555307793585599
-0.04704922437667847, 0.9815841913223267, 0.5853253721824688, 1791555307823592269
-0.193620502948761, 0.6267785429954529, 0.5667668176884709, 1791555307854132857
0.14270752668380737, -0.5305436849594116, 0.5336785946908735, 1791555307886345461
-0.09994959831237793, 0.013723790645599365, 0.6564973982658056, 1791555307913665163
-0.4319031834602356, 0.4773182272911072, 0.5983357756841617, 1791555307943643287
-0.15568363666534424, 0.0595470666885376, 0.580426886660726, 1791555307973710802
-0.09436655044555664, -0.07577872276306152, 0.5800474621731955, 1791555308004093402
0.21943598985671997, 0.43939441442489624, 0.601668263434116, 1791555308033793262
0.07301938533782959, 0.6088573336601257, 0.5993218394312675, 1791555308064014708
0.20919698476791382, 0.5040323138237, 0.5751854802447964, 1791555308094040616
-0.30824488401412964, 0.2601943016052246, 0.53475863519978, 1791555308124831376
-0.28372472524642944, -0.12578290700912476, 0.5859485977677195, 1791555308153968124
-0.16263288259506226, 0.03215515613555908, 0.5737449121095898, 1791555308184191518
-0.05291152000427246, 0.3392655849456787, 0.5792911697107564, 1791555308214233259
-0.09249085187911987, -0.10863357782363892, 0.548043086754033, 1791555308235955974
-0.3593158721923828, 0.10081785917282104, 0.6453620621443985, 1791555308264167269
0.010157406330108643, 0.5698792934417725, 0.589419242329099, 1791555308294142644
0.11220979690551758, 0.005565941333770752, 0.5574016011140298, 1791555308324132311
-0.26555949449539185, 0.16043692827224731, 0.5762058253973202, 1791555308354158497
0.44243162870407104, 0.17444860935211182, 0.5930371768190261, 1791555308384012754
-0.4241395592689514, 0.4579072594642639, 0.5572514950807058, 1791555308414074419
0.452897846698761, 0.4516181945800781, 0.5306156096517899, 1791555308445900949
-0.3520435690879822, -0.27927166223526, 0.6125760912586931, 1791555308475367549
0.28394728899002075, -0.38452404737472534, 0.629390052872354, 1791555308503244167
-0.057115137577056885, 0.4163311719894409, 0.586208315030119, 1791555308534133503
-0.05591696500778198, 1.0222922563552856, 0.5742615900104561, 1791555308564228019
0.22334009408950806, 0.09386581182479858, 0.570547216776784, 1791555308594215652
-0.05082279443740845, -0.24613642692565918, 0.5990041712164043, 1791555308624323195
-0.45537978410720825, 0.7137444615364075, 0.5702537703289481, 1791555308654440209
-0.21987152099609375, 0.5752749443054199, 0.5125966225676962, 1791555308685909123
-0.3687325716018677, -0.1665535569190979, 0.5349712517504204, 1791555308716819246
0.6575060486793518, 0.4169166088104248, 0.631387826793748, 1791555308754303655
-0.032707929611206055, 0.06789898872375488, 0.5564077902695296, 1791555308784241457
-0.15436124801635742, 0.20987099409103394, 0.5861813662233137, 1791555308814241121
0.1428624987602234, 0.6551665663719177, 0.5628130039721185, 1791555308846364534
-0.2519761919975281, 0.16879546642303467, 0.5925376224369652, 1791555308875915615
-0.012723863124847412, -0.40927863121032715, 0.6046225480003269, 1791555308904445558
-0.3372235894203186, 0.6046777963638306, 0.5631242923547287, 1791555308934296240
-0.19459843635559082, 0.4968945384025574, 0.5555833166191269, 1791555308964351626
-0.035931169986724854, -0.24613100290298462, 0.560040937286865, 1791555308994472484
0.08631330728530884, 0.04299783706665039, 0.5568870974809877, 1791555309024469472
-0.05078226327896118, 0.27423912286758423, 0.5688024465237929, 1791555309054441288
-0.04043388366699219, 0.6967671513557434, 0.5673737273169603, 1791555309084851015
-0.3022845983505249, 0.635592520236969, 0.5057870481134151, 1791555309117920788
-0.017506182193756104, -0.22944402694702148, 0.6603011013805177, 1791555309144657865
0.2398504614830017, -0.2665562033653259, 0.5938863444657656, 1791555309174657435
0.06591957807540894, 0.1263546347618103, 0.5798519900618209, 1791555309204565021
-0.011591911315917969, 0.7842383980751038, 0.5861342808779894, 1791555309234520263
-0.05680447816848755, 0.512646496295929, 0.5845660122678801, 1791555309264593248
0.13370132446289062, -0.18597197532653809, 0.5882361397065309, 1791555309294534281
-0.24914371967315674, -0.3055546283721924, 0.5652678068795485, 1791555309325945740
-0.19792461395263672, 0.8639165163040161, 0.5565299102475288, 1791555309358144505
0.3144032955169678, 0.7065537571907043, 0.6706234650780342, 1791555309384698660
-0.13126367330551147, -0.7968032360076904, 0.6128954330030099, 1791555309414581400
0.14514970779418945, -0.34964579343795776, 0.5969486706365008, 1791555309444659693
-0.10565757751464844, 1.2681909799575806, 0.5614084880211717, 1791555309474635753
0.1782049536705017, 0.7888950109481812, 0.5684850121902348, 1791555309504679514
-0.012920677661895752, -0.28572577238082886, 0.5835161051261694, 1791555309534727205
-0.43739044666290283, -0.03541940450668335, 0.5326299772824461, 1791555309565973480
-0.08307915925979614, 0.6102088093757629, 0.5397545972691663, 1791555309596865015
-0.23056870698928833, 0.3869553804397583, 0.6448818843316141, 1791555309623824804
0.6786431670188904, -0.5423427224159241, 0.5760820638254907, 1791555309654769761
-0.3231884837150574, 0.11035841703414917, 0.6032307286049842, 1791555309684783403
0.3835698366165161, 0.5664209127426147, 0.5819401460594261, 1791555309714797678
0.5307154059410095, 0.5097574591636658, 0.593280079135903, 1791555309743862059
0.12344664335250854, 0.10003340244293213, 0.5996715894203158, 1791555309773868557
0.11499226093292236, -0.08477175235748291, 0.5439914163278511, 1791555309806333317
-0.25556308031082153, 0.31111782789230347, 0.5385161578326894, 1791555309838116848
-0.17097920179367065, 0.3202857971191406, 0.6479485317472167, 1791555309864942851
-0.28213411569595337, 0.09442728757858276, 0.5800565741199698, 1791555309894917836
0.6370536088943481, -0.35627222061157227, 0.5703427842636453, 1791555309924909833
-0.26350557804107666, 0.01097649335861206, 0.5743931418591235, 1791555309954955326
0.03391611576080322, 0.8272877335548401, 0.5863255528144437, 1791555309985071073
-0.17813342809677124, 0.6454587578773499, 0.5639970166474151, 1791555310015203669
0.19379675388336182, 0.03359544277191162, 0.5841709891874827, 1791555310045934405
0.2861171364784241, -0.5583299398422241, 0.5593369855067751, 1791555310077953802
-0.06934982538223267, -0.0960426926612854, 0.6362810873166673, 1791555310105181908
-0.38423776626586914, 0.8904047608375549, 0.5811812967466381, 1791555310135068492
0.7814788222312927, 0.28196531534194946, 0.587327085213835, 1791555310165135577
0.30371713638305664, -0.3692885637283325, 0.6072984664741959, 1791555310195132530
-0.18665564060211182, 0.6312156319618225, 0.5913809189411333, 1791555310224129490
0.08122396469116211, 0.9744856953620911, 0.5543837880042646, 1791555310254153987
-0.4575936198234558, -0.14913934469223022, 0.5430604371908984, 1791555310286502015
0.2853909134864807, -0.6021937727928162, 0.584172436326059, 1791555310318293406
-0.39627695083618164, 0.371192991733551, 0.6488516227493027, 1791555310345253681
0.19659936428070068, 0.38858675956726074, 0.5558389269121364, 1791555310375194074
-0.5552974939346313, -0.1698724627494812, 0.580286503764771, 1791555310405249180
0.3789897561073303, 0.15682071447372437, 0.5642774150219717, 1791555310435230936
-0.33831125497817993, 0.31903350353240967, 0.5360507527923734, 1791555310465327914
0.08183515071868896, 0.4135338068008423, 0.5670704536953255, 1791555310495331166
-0.14303606748580933, 0.4662800431251526, 0.5452741361284761, 1791555310525978034
0.11506760120391846, -0.23419082164764404, 0.5542858857389297, 1791555310558002293
-0.11367172002792358, 0.004104018211364746, 0.6510049275798744, 1791555310585499062
-0.4521692991256714, 0.5872752666473389, 0.5624542421817198, 1791555310615378950
0.6301876306533813, 0.09688699245452881, 0.5747116264893339, 1791555310645410807
-0.3183569312095642, -0.25153523683547974, 0.5862058914953695, 1791555310675424115
0.37081652879714966, -0.19047707319259644, 0.5691075999503507, 1791555310705472101
-0.20079225301742554, 0.6447897553443909, 0.5605749795155902, 1791555310735473131
0.5682419538497925, 0.6660737991333008, 0.5636170910376961, 1791555310766589066
-0.10703569650650024, 0.21745389699935913, 0.5416434594434127, 1791555310797922468
-0.06374412775039673, -0.39665687084198, 0.6035688953044958, 1791555310825709014
-0.05868500471115112, -0.37634921073913574, 0.6004182437308438, 1791555310855733017
-0.13046258687973022, 0.9006203413009644, 0.5961406144058613, 1791555310885588619
0.09547311067581177, 0.8234115839004517, 0.5851749964999519, 1791555310915553513
-0.04867351055145264, -0.3264463543891907, 0.597072382134949, 1791555310945592094
0.20946580171585083, -0.06095641851425171, 0.6040954508134071, 1791555310974837949
-0.31279975175857544, 0.258173406124115, 0.5498393854674177, 1791555311006316196
0.08524179458618164, 0.5348559021949768, 0.5439587653276395, 1791555311038368897
0.037043213844299316, -0.03251248598098755, 0.6302671645463418, 1791555311065803877
0.25289279222488403, -0.7032375931739807, 0.5959459131861713, 1791555311095756029
-0.12019246816635132, 0.3425261378288269, 0.6021305634360391, 1791555311125724991
0.44234246015548706, 0.9784911870956421, 0.5706860270474119, 1791555311155727335
0.03582817316055298, -0.07971495389938354, 0.5573752700766609, 1791555311185767637
0.2526858448982239, -0.12708181142807007, 0.6063519719129602, 1791555311214840753
-0.07708197832107544, 0.7152013182640076, 0.5672743025988519, 1791555311246027915
0.010399699211120605, 0.40432119369506836, 0.5160156523658558, 1791555311278650112
-0.5061652660369873, -0.231686532497406, 0.5411475687040345, 1791555311308578013
0.28064602613449097, -0.09489268064498901, 0.6165125713593944, 1791555311335979602
-0.5734144449234009, 0.13419443368911743, 0.6245335371613817, 1791555311364852529
0.25874221324920654, 0.08161836862564087, 0.5031560011643319, 1791555311388512836
-0.2690696120262146, -0.019176900386810303, 0.6266473670506526, 1791555311415888853
-0.007927536964416504, 0.011035501956939697, 0.5940222745412171, 1791555311445989089
-0.4574582576751709, 0.1565064787864685, 0.6316063748068623, 1791555311475926788
0.48846888542175293, 0.2682684063911438, 0.5994506926496992, 1791555311505989644
0.17284655570983887, -0.28488266468048096, 0.5497666582699555, 1791555311536137039
-0.2859726548194885, 0.4270615577697754, 0.5707982505013262, 1791555311566141427
-0.3040456175804138, 0.953834056854248, 0.5321166292577826, 1791555311598509201
0.32900506258010864, -0.03577852249145508, 0.5755221947481017, 1791555311628861165
-0.6120842695236206, -0.2900197505950928, 0.6299941314941601, 1791555311656225321
0.6098910570144653, -0.008157968521118164, 0.5678609101375284, 1791555311686366890
-0.1055229902267456, 0.160627543926239, 0.5936764935910931, 1791555311716236248
0.163377583026886, 0.698862612247467, 0.6094308612529118, 1791555311746184803
0.4085058569908142, 0.4506516456604004, 0.5790426694192456, 1791555311776116836
-0.08872091770172119, -0.23897790908813477, 0.5683499334320172, 1791555311806229570
-0.2937919497489929, -0.2301114797592163, 0.5644904137137718, 1791555311838095921
-0.3556694984436035, 0.26388365030288696, 0.570616611265077, 1791555311868922643
0.03906738758087158, 0.21111994981765747, 0.6360005982610663, 1791555311896371669
0.11962997913360596, -0.5247963666915894, 0.5971314211867887, 1791555311926218533
0.32572221755981445, 0.28185969591140747, 0.5747918434614689, 1791555311956274612
-0.08411961793899536, 0.8865047693252563, 0.5592253080828028, 1791555311986339172
0.15659713745117188, 0.3889557123184204, 0.5884356475495517, 1791555312016335296
-0.1676369309425354, 0.038570523262023926, 0.5846713794427901, 1791555312045854509
-0.19500523805618286, -0.14344406127929688, 0.5157873195853628, 1791555312078378234
-0.5697943568229675, -0.023052453994750977, 0.5564304005363264, 1791555312109561803
0.3396509885787964, 0.6821163296699524, 0.6636870144986879, 1791555312136499266
-0.11808478832244873, -0.17359954118728638, 0.5934232804860917, 1791555312166358255
-0.2740885615348816, -0.6173944473266602, 0.5670345397393869, 1791555312196600954
0.27934759855270386, 0.7813518047332764, 0.5672388881467443, 1791555312226517877
0.011156737804412842, 0.55650395154953, 0.5753653392456382, 1791555312256708771
0.35620301961898804, -0.1496080756187439, 0.5922532538060334, 1791555312286509766
-0.012348592281341553, 0.06068098545074463, 0.5615171551655607, 1791555312317938808
0.029688596725463867, 0.6887838840484619, 0.5516881392046437, 1791555312350167965
-0.38265687227249146, 0.3382684588432312, 0.6752670010555863, 1791555312376627240
0.1505911946296692, -0.44275087118148804, 0.6003295792156745, 1791555312406694759
-0.48114579916000366, 0.5893356204032898, 0.5041075811495427, 1791555312429792126
-0.03305107355117798, 0.43203890323638916, 0.616924599982996, 1791555312466565537
-0.21671265363693237, 0.952101469039917, 0.5644936378439466, 1791555312496745843
-0.03007042407989502, 0.6127245426177979, 0.6002327902828856, 1791555312525838656
-0.2176479697227478, -0.09672462940216064, 0.543445472140891, 1791555312558391442
0.6250011324882507, -0.3486440181732178, 0.5504459152365949, 1791555312589108020
-0.16596311330795288, 0.39651596546173096, 0.6765493139199994, 1791555312616018186
-0.4223994016647339, 0.16995131969451904, 0.5870175369732833, 1791555312646690596
0.43104761838912964, 0.0034332871437072754, 0.594316483128201, 1791555312676727989
0.09381777048110962, 0.39769649505615234, 0.5646299427645317, 1791555312706803125
-0.17940843105316162, 0.2529063820838928, 0.5686457817179172, 1791555312736796946
0.12079596519470215, 0.590803325176239, 0.5757628651485924, 1791555312766736165
-0.09967941045761108, 0.059331417083740234, 0.5557196362351843, 1791555312798352023
-0.2356494665145874, -0.1750233769416809, 0.5536202013451755, 1791555312829972403
-0.05894869565963745, 0.13336902856826782, 0.6294457831295706, 1791555312856874192
-0.16449624300003052, 0.22713977098464966, 0.5902390775709692, 1791555312885824402
0.16514939069747925, -0.03281402587890625, 0.5724348191716156, 1791555312916991136
-0.06336957216262817, 0.15519297122955322, 0.5948532181751739, 1791555312946865213
0.28849512338638306, 0.38992810249328613, 0.5854937723742241, 1791555312976997762
-0.40551620721817017, 0.3575019836425781, 0.5825537555969749, 1791555313007087375
-0.0926784873008728, -0.016419053077697754, 0.5390587418203437, 1791555313038465279
-0.05510181188583374, -0.013532936573028564, 0.5453994573908744, 1791555313070366005
0.04898589849472046, 0.38452309370040894, 0.6437045678197031, 1791555313107158417
0.2212260365486145, 0.02613145112991333, 0.5534527397894333, 1791555313137121419
-0.6026476621627808, 0.48377472162246704, 0.5706875859745595, 1791555313167235811
0.5353645086288452, 0.6826802492141724, 0.5982927665427401, 1791555313198765205
-0.24904942512512207, -0.4155651926994324, 0.5674902425432413, 1791555313230003066
0.03657543659210205, -0.05028563737869263, 0.6313518605253983, 1791555313257122474
-0.5524225234985352, 0.8884713649749756, 0.5817251268421374, 1791555313287101178
0.22405481338500977, -0.17995357513427734, 0.5890277169080006, 1791555313317136619
-0.06905031204223633, -0.6090869903564453, 0.5652667306103164, 1791555313347445155
0.41717851161956787, 0.08144742250442505, 0.5481918552120751, 1791555313377173821
-0.41769856214523315, -0.06501990556716919, 0.5726609041239379, 1791555313407202101
0.0035321712493896484, 0.3000810146331787, 0.56809296245205, 1791555313438116095
-0.0623665452003479, 0.3483678102493286, 0.544445192799331, 1791555313470199838
0.10628879070281982, -0.36027461290359497, 0.6414088883130099, 1791555313497539759
-0.2090054154396057, -0.13172215223312378, 0.5982357240279994, 1791555313527254193
-0.272643506526947, 0.6294448375701904, 0.6030307138272163, 1791555313556317199
0.645135223865509, 0.19587546586990356, 0.5716037480609423, 1791555313587552201
-0.415000855922699, 0.10589319467544556, 0.6050714120275349, 1791555313617385484
0.17172008752822876, 0.4757789373397827, 0.5825475874323296, 1791555313646343832
-0.10480040311813354, 0.07537579536437988, 0.47484480930203554, 1791555313678465992
-0.18735259771347046, -0.04130518436431885, 0.5176575958350307, 1791555313710411048
0.21391350030899048, 0.43436717987060547, 0.6577525396482998, 1791555313737398003
-0.3832849860191345, 0.038137853145599365, 0.6248797236515726, 1791555313767341903
-0.24669182300567627, -0.1133386492729187, 0.5953875054526193, 1791555313797597301
0.26700830459594727, 0.43203192949295044, 0.5600536180761766, 1791555313827651845
-0.3421121835708618, -0.07945996522903442, 0.581112194647023, 1791555313857701008
-0.025514662265777588, -0.25607699155807495, 0.6084524249102816, 1791555313887642650
-0.24747616052627563, 1.0075589418411255, 0.5599804001584141, 1791555313918610113
0.10329782962799072, 0.7113106846809387, 0.5364917688652493, 1791555313950046487
-0.029825448989868164, -0.6708517074584961, 0.6756043143645315, 1791555313977604441
-0.44157570600509644, -0.32478243112564087, 0.6095661524158933, 1791555314007532027
-0.03814542293548584, 0.36481112241744995, 0.568758277764173, 1791555314037590654
-0.384132981300354, 0.5018123984336853, 0.5788906173195942, 1791555314067576519
0.16533899307250977, -0.01273566484451294, 0.5905750663864249, 1791555314097752903
0.18911266326904297, -0.10822492837905884, 0.6196201904451065, 1791555314126965980
-0.016000807285308838, 0.6939082145690918, 0.5825241704315969, 1791555314158589415
0.8764938116073608, 1.116409420967102, 0.5438764244866335, 1791555314189951801
-0.4634634852409363, 0.34904640913009644, 0.613662954891726, 1791555314216861664
0.5420432090759277, -0.4444488286972046, 0.5699823038681033, 1791555314247943703
-0.013112485408782959, 0.7093076109886169, 0.5394797603987669, 1791555314269997662
-0.09571623802185059, 0.7818121314048767, 0.6098745134533045, 1791555314307741069
-0.37659144401550293, 0.4284404516220093, 0.6093853276299288, 1791555314337716015
-0.100139319896698, 0.2116371989250183, 0.6252277943157392, 1791555314366896504
-0.14256876707077026, -0.01795518398284912, 0.546981810831804, 1791555314398268605
-0.5041798949241638, -0.023678183555603027, 0.5186229535482255, 1791555314430327400
-0.12302112579345703, 0.14154422283172607, 0.6249305040300172, 1791555314457936540
0.21082532405853271, -0.012595415115356445, 0.5967859456238962, 1791555314488607631
-0.4134565591812134, -0.33636707067489624, 0.5443113161755514, 1791555314510038966
0.41595470905303955, 0.4266376495361328, 0.5939847680474323, 1791555314548672578
0.036752521991729736, 1.1333386898040771, 0.6028988013711262, 1791555314578531457
-0.16990935802459717, 0.32323122024536133, 0.6022936325815905, 1791555314608602766
0.10149002075195312, -0.21548056602478027, 0.6011065952432346, 1791555314638548265
-0.1503351330757141, -0.300098717212677, 0.5693959801751941, 1791555314670467460
-0.2119700312614441, 0.49508678913116455, 0.6237682048162654, 1791555314708622209
-0.009368538856506348, 0.7401790022850037, 0.5736977275601081, 1791555314737927954
-0.11569613218307495, 0.4231681227684021, 0.5786983388963539, 1791555314768620752
-0.07737976312637329, 0.08038854598999023, 0.5971948614154686, 1791555314798581604
-0.15048813819885254, -0.1799008846282959, 0.5505338632990104, 1791555314830174389
-0.052267611026763916, 0.4045884609222412, 0.587071887229273, 1791555314860236675
0.14530229568481445, 1.02476966381073, 0.6380977054326599, 1791555314898674132
-0.08913576602935791, 0.7129578590393066, 0.6179996853629269, 1791555314928670453
0.2003617286682129, -0.11216461658477783, 0.6303285380009674, 1791555314957832399
-0.30473875999450684, 0.06737697124481201, 0.5263047308511626, 1791555314990911639
-0.029895484447479248, 0.07250893115997314, 0.6086997640174093, 1791555315020372087
-0.05030339956283569, 0.8825415968894958, 0.6358776650989281, 1791555315048959366
0.3824552893638611, 0.6355682015419006, 0.573201030623527, 1791555315078758408
-0.1363283395767212, -0.01258540153503418, 0.5381748526645195, 1791555315108713277
-0.25845593214035034, -0.13916856050491333, 0.564978420993779, 1791555315138712824
0.19380104541778564, 0.3277723789215088, 0.6092772739783787, 1791555315167849493
-0.501063883304596, 0.12162500619888306, 0.5634429371394124, 1791555315198704176
0.3625198006629944, -0.052883148193359375, 0.5521594253779571, 1791555315230090670
-0.3012251853942871, 0.002063930034637451, 0.5977395648391074, 1791555315259844022
-0.27766358852386475, 0.2872309684753418, 0.6203543330345587, 1791555315288924194
-0.13332778215408325, 0.4795958399772644, 0.5982427717263091, 1791555315318733281
0.18546438217163086, 0.2456110715866089, 0.571175153683484, 1791555315348782749
-0.0841171145439148, 0.1800922155380249, 0.5510906831244751, 1791555315379024810
-0.5684782266616821, 0.17452335357666016, 0.5619208267400977, 1791555315408725812
0.019490063190460205, 0.4779655933380127, 0.559053379997819, 1791555315439171415
-0.20693522691726685, 0.07874387502670288, 0.5628901523575702, 1791555315470524368
-0.35428619384765625, -0.429404616355896, 0.5398860860064516, 1791555315501791803
0.08717024326324463, -0.0275346040725708, 0.633974328898774, 1791555315527840869
-0.02630746364593506, 0.7636929154396057, 0.569262304317463, 1791555315558886427
-0.20454514026641846, 0.2181684970855713, 0.5792707680876269, 1791555315588897682
0.3168148398399353, -0.11001306772232056, 0.5726768711331218, 1791555315618819421
-0.20591431856155396, 0.4097667336463928, 0.5843769678638947, 1791555315648874283
-0.04512166976928711, 0.6069419980049133, 0.5950777447135976, 1791555315677827316
-0.02111077308654785, 0.014089882373809814, 0.5252685967007951, 1791555315710362924
-0.10951060056686401, -0.24985378980636597, 0.5537114600911944, 1791555315742303714
0.03712129592895508, 0.07242858409881592, 0.638069014515719, 1791555315778928742
-0.021872103214263916, 0.12208878993988037, 0.6052449197219868, 1791555315809022659
-0.35575026273727417, 0.5338723659515381, 0.6075073012646456, 1791555315839026461
-0.2724788188934326, 0.6312289834022522, 0.5501118466409595, 1791555315870253263
0.02773427963256836, 0.23862755298614502, 0.5206647136431303, 1791555315901876002
-0.6056315898895264, 0.16630631685256958, 0.6198319033399361, 1791555315939050965
-0.0434606671333313, -0.07459640502929688, 0.5604617052464289, 1791555315969240444
-0.6695431470870972, 0.3039599657058716, 0.5631869458926307, 1791555315999016261
-0.16903769969940186, 0.26753151416778564, 0.544461565620684, 1791555316030250677
0.02865999937057495, -0.2038034200668335, 0.5471534135212281, 1791555316062550996
0.004060924053192139, 0.3275190591812134, 0.6403214366075324, 1791555316099231325
-0.05754595994949341, 0.31650036573410034, 0.5856965125036715, 1791555316129001447
-0.21856248378753662, -0.016507267951965332, 0.5745678692051507, 1791555316159032493
-0.161160409450531, 0.14111018180847168, 0.5747519365669065, 1791555316190099958
-0.14696359634399414, 0.3949355483055115, 0.5280760935262373, 1791555316224219081
0.24840247631072998, 0.642975926399231, 0.6537017180553797, 1791555316259037093
-0.5675812363624573, -0.15412074327468872, 0.5669160668618486, 1791555316289088810
0.25593996047973633, -0.14991170167922974, 0.5730119468622613, 1791555316319069383
-0.3416483402252197, 0.6267976760864258, 0.5438648713853104, 1791555316350107477
-0.21926945447921753, 0.09096032381057739, 0.5327735333488157, 1791555316382360717
0.19991540908813477, 0.06825536489486694, 0.6568116448153319, 1791555316409280028
-0.31386566162109375, -0.3490956425666809, 0.5745730648659897, 1791555316439113747
0.08275556564331055, 0.16725707054138184, 0.576062721476179, 1791555316469187441
0.1338186264038086, 0.8463342189788818, 0.582236717292652, 1791555316499123050
0.44599997997283936, 0.07969462871551514, 0.5721369070638314, 1791555316529199967
-0.4182735085487366, 0.07746952772140503, 0.5554973350266794, 1791555316559357641
0.169572114944458, 0.54325932264328, 0.536854739013143, 1791555316590796600
-0.4082481861114502, 0.4683622717857361, 0.5737486788069205, 1791555316622120244
0.2563672661781311, 0.2857401371002197, 0.6030567806148397, 1791555316659357955
-0.06521773338317871, 0.046717166900634766, 0.5723955045796016, 1791555316689306384
-0.16028445959091187, -0.065643310546875, 0.5899134012214573, 1791555316719405007
0.011439502239227295, 0.1308498978614807, 0.5817739251719426, 1791555316750244202
-0.07114332914352417, 0.2804197072982788, 0.5480559167838428, 1791555316781863031
-0.2989436388015747, -0.12855708599090576, 0.6053533972980611, 1791555316809433803
0.14711475372314453, 0.26244693994522095, 0.5556893567732747, 1791555316839480638
-0.18157708644866943, 0.17985808849334717, 0.5576009620627139, 1791555316869439266
-0.10060280561447144, 0.2521013617515564, 0.5790807709553835, 1791555316899414683
-0.07608789205551147, 0.7087725400924683, 0.5731078040280253, 1791555316929390508
-0.09044349193572998, 0.10254764556884766, 0.576771381383418, 1791555316959451033
0.03231930732727051, -0.1679823398590088, 0.5890588523177033, 1791555316990390987
-0.6991621255874634, 0.3430606722831726, 0.5545916418543085, 1791555317022436671
0.00170212984085083, 0.5212663412094116, 0.6084676933830928, 1791555317059497349
-0.3103540539741516, 0.7231760025024414, 0.5769769681419362, 1791555317089475834
0.41867953538894653, 0.26763588190078735, 0.576530231506827, 1791555317119731556
-0.13054871559143066, -0.1846463680267334, 0.5524405176378924, 1791555317150414641
-0.31881213188171387, 0.03259497880935669, 0.5420278757040642, 1791555317182420318
-0.07312285900115967, 0.8706836104393005, 0.6230623068565265, 1791555317209631491
-0.07225054502487183, 0.08056896924972534, 0.5676306074682533, 1791555317239607071
-0.22538822889328003, 0.14325541257858276, 0.5217060225371977, 1791555317262143871
-0.12571656703948975, 0.4816044569015503, 0.6253053197239201, 1791555317299619913
-0.09354889392852783, 0.9382371306419373, 0.5708757587425323, 1791555317329669727
-0.5265927314758301, 0.17418551445007324, 0.5754188683781022, 1791555317359661461
0.5114452242851257, -0.06817185878753662, 0.5628148436794117, 1791555317390232695
-0.32722097635269165, 0.1939297318458557, 0.5205438598828392, 1791555317422593229
-0.10448217391967773, 0.2601490020751953, 0.6515768740012138, 1791555317448852052
-0.1577545404434204, 0.44088345766067505, 0.5559636011809462, 1791555317479771788
-0.020644783973693848, -0.011630237102508545, 0.49877066858489394, 1791555317502390565
-0.26393115520477295, -0.07384735345840454, 0.6109961602868322, 1791555317539902398
0.19874048233032227, 0.5233858823776245, 0.5724035705791445, 1791555317570000880
-0.2763819098472595, 0.5921069979667664, 0.5617616594887598, 1791555317599868822
-0.18050777912139893, 0.39828968048095703, 0.5609250151843616, 1791555317630193438
0.4492250084877014, -0.42335760593414307, 0.5583605989325672, 1791555317662205257
-0.4567304849624634, -0.047548115253448486, 0.6133206165006181, 1791555317690207219
-0.032932937145233154, 0.3375488519668579, 0.5556266096022748, 1791555317719871406
0.08097153902053833, 0.5121555328369141, 0.5529397213193681, 1791555317749908149
0.15950673818588257, -0.26799291372299194, 0.6035734299424315, 1791555317779926537
-0.019237756729125977, -0.10176008939743042, 0.5798929168019399, 1791555317810116526
0.07367604970932007, 1.0755401849746704, 0.568629101416502, 1791555317839960359
-0.3078877329826355, 0.6300145983695984, 0.551882813174589, 1791555317871017986
-0.08368498086929321, -0.24866336584091187, 0.5752513072101139, 1791555317901826002
0.2515103220939636, -0.207308828830719, 0.5872818239484398, 1791555317940369871
0.14924132823944092, -0.16735035181045532, 0.5926519277925362, 1791555317970256609
0.02430957555770874, 0.889448344707489, 0.5969314262635932, 1791555318000088953
0.35812586545944214, 0.6143847703933716, 0.5648855357518161, 1791555318030460112
0.17552852630615234, -0.016706466674804688, 0.5486688544587817, 1791555318061852723
0.126020610332489, -0.02200227975845337, 0.5881665168580532, 1791555318100176463
-0.013336241245269775, -0.12374252080917358, 0.5845694588942051, 1791555318130367255
0.045895934104919434, 0.4340969920158386, 0.5928816742443294, 1791555318160370077
0.14743417501449585, 0.7212709188461304, 0.5551087203774661, 1791555318190608188
-0.20221024751663208, 0.07444107532501221, 0.5343442413568542, 1791555318222131647
0.08333778381347656, -0.002975761890411377, 0.5821973367075999, 1791555318252949108
-0.22417116165161133, -0.2239764928817749, 0.6339191764993324, 1791555318290211221
0.5862314701080322, 0.6477899551391602, 0.5724145036806023, 1791555318320398799
0.16308391094207764, 0.5664952397346497, 0.5919799525973609, 1791555318350572926
-0.311877965927124, 0.25150561332702637, 0.5344351900156191, 1791555318382638234
-1.1552088260650635, -0.2277008295059204, 0.5878495437605957, 1791555318412870121
-0.7614434957504272, 0.038733839988708496, 0.6729000362215249, 1791555318440371689
0.08520525693893433, 0.6177581548690796, 0.5626655929759904, 1791555318470383955
1.0429786443710327, 0.6603304743766785, 0.5423936204325683, 1791555318500408843
0.5645734667778015, -0.21486133337020874, 0.6522718332884826, 1791555318530418423
1.420276165008545, 0.6405462622642517, 0.5735537498037884, 1791555318560694050
0.18557202816009521, -0.12635916471481323, 0.48884634178519, 1791555318590498592
-0.6987199187278748, -0.6323914527893066, 0.47947951960546903, 1791555318622269988
-0.027075231075286865, 0.9417158365249634, 0.5192503495770889, 1791555318652792521
-0.08994615077972412, 0.7818832397460938, 0.5934818766462102, 1791555318680662614
0.12573593854904175, -0.7038043737411499, 0.5980729198519731, 1791555318710546784
-0.034291088581085205, 0.6353219151496887, 0.526478185102224, 1791555318733410480
-0.17078924179077148, 1.0615344047546387, 0.6703834832647872, 1791555318768836952
0.007641613483428955, 0.6315827965736389, 0.5895115785729642, 1791555318799633104
0.08629226684570312, -0.25050634145736694, 0.5827502118947421, 1791555318830640827
-0.3765541911125183, -0.5811535716056824, 0.5633402699383036, 1791555318862186447
-0.3573644161224365, 0.33050328493118286, 0.5481178000854467, 1791555318893754501
0.21680372953414917, 1.0139816999435425, 0.6064369279596191, 1791555318930704274
-0.13486868143081665, 0.5676365494728088, 0.5889769681947008, 1791555318960690052
0.05787014961242676, -0.031249284744262695, 0.5860370570011122, 1791555318990741591
0.027514517307281494, -0.03687936067581177, 0.5105985616162517, 1791555319022968861
-0.3658289909362793, 0.17586421966552734, 0.5896904051453349, 1791555319052868722
-0.21511989831924438, 0.17695730924606323, 0.6669807779564969, 1791555319079865249
0.5502539873123169, 0.2983776330947876, 0.5588659691163914, 1791555319110778879
-0.31280428171157837, 0.06771165132522583, 0.4973455509764254, 1791555319134124432
0.009474217891693115, 0.24979007244110107, 0.6482662753115351, 1791555319169831680
-0.03321373462677002, 0.6084848642349243, 0.5439568007191589, 1791555319200904130
-0.31231147050857544, 0.2866237759590149, 0.5794236569792385, 1791555319230947855
0.7699007987976074, 0.19347888231277466, 0.5572246618795116, 1791555319262238474
-0.09953969717025757, 0.2712036371231079, 0.5429618375465557, 1791555319294161828
0.26033586263656616, 0.3410985469818115, 0.65055242078437, 1791555319321017495
-0.3768109679222107, 0.5506424307823181, 0.591585454674246, 1791555319350913543
0.496936559677124, 0.554948627948761, 0.5820589812708982, 1791555319380994998
-0.012761831283569336, -0.043140947818756104, 0.5932592622676507, 1791555319411232398
-0.27228742837905884, 0.050406575202941895, 0.5849817629301003, 1791555319441009941
-0.6209211945533752, 0.29050397872924805, 0.5564726397711456, 1791555319471079208
0.3218204379081726, 0.3292025327682495, 0.5533420372700337, 1791555319502525904
-0.13054370880126953, -0.09243804216384888, 0.5475060587141926, 1791555319534681907
0.20546185970306396, -0.07819783687591553, 0.6305784049651657, 1791555319561100930
-0.5478854179382324, 0.8429811000823975, 0.5669013107257458, 1791555319591141338
0.3386601209640503, 0.5234794020652771, 0.5988269537004584, 1791555319621097324
0.19449424743652344, -0.37912678718566895, 0.6024394664541185, 1791555319651163085
-0.15407216548919678, 0.25165772438049316, 0.5768207820975912, 1791555319681185405
-0.20518392324447632, 0.8852366209030151, 0.567545922175176, 1791555319711174529
-0.15252989530563354, 0.07247251272201538, 0.5548685160047792, 1791555319742504323
-0.03157132863998413, -0.4162471294403076, 0.550357950966745, 1791555319774436690
0.05102813243865967, 0.10143065452575684, 0.6139936211844002, 1791555319801254930
0.23179197311401367, 0.6747815012931824, 0.5531107825489127, 1791555319831224286
0.09698015451431274, -0.4448288083076477, 0.5226937011853913, 1791555319853852401
-0.14396876096725464, -0.44381654262542725, 0.6392307971194888, 1791555319881420998
-0.037184298038482666, 0.779484212398529, 0.5739740741184218, 1791555319911322674
0.3981975317001343, 0.5801830887794495, 0.5898742979913765, 1791555319941474908
0.10492604970932007, -0.2721783518791199, 0.5633827132186949, 1791555319961689731
-0.3391091227531433, 0.148360013961792, 0.5744657582260828, 1791555320001373694
0.14545422792434692, 0.5436806678771973, 0.585649092933086, 1791555320031435965
-0.09577953815460205, 0.6000715494155884, 0.5695858891690089, 1791555320062494668
0.3509257435798645, 0.7076330780982971, 0.5266779479623408, 1791555320094206159
-0.21298903226852417, -0.06083148717880249, 0.6321877360206868, 1791555320121529575
-0.012388288974761963, -0.2316422462463379, 0.5883987603217795, 1791555320151448610
0.07239764928817749, 0.4918314218521118, 0.5967203825721163, 1791555320181585254
0.1375606656074524, 1.0314797163009644, 0.6226259867615433, 1791555320211471590
-0.26010632514953613, 0.18169277906417847, 0.5802397738121504, 1791555320241464564
-0.19656848907470703, -0.7133648991584778, 0.5625531065812089, 1791555320271520905
-0.28743571043014526, 0.34999674558639526, 0.5738334094748059, 1791555320302722040
-0.0372844934463501, 0.7522415518760681, 0.5540116131319935, 1791555320334426373
-0.15597444772720337, -0.06874126195907593, 0.635810758540301, 1791555320360898384
-0.1477339267730713, 0.30128049850463867, 0.5329079592668982, 1791555320382506601
-0.09457534551620483, 0.12778210639953613, 0.5908789419150591, 1791555320413305529
0.16281342506408691, -0.07929414510726929, 0.6186100466107893, 1791555320441731122
0.44878411293029785, 0.46288102865219116, 0.5790680518917627, 1791555320471813182
-0.14147526025772095, 0.3548732399940491, 0.5960836006242127, 1791555320501873902
0.24288207292556763, 0.5688906311988831, 0.5970442538954056, 1791555320531702474
0.24546176195144653, 0.20254755020141602, 0.6125622930966358, 1791555320561723962
-0.48490703105926514, 0.0855056643486023, 0.6024364379680255, 1791555320591733151
0.21610134840011597, 0.048320651054382324, 0.5172451433312544, 1791555320622734793
-0.540224552154541, 0.2916067838668823, 0.5013534839865459, 1791555320654312474
0.17979741096496582, -0.24612122774124146, 0.6233353085598645, 1791555320681880257
0.07348448038101196, 0.0929076075553894, 0.5832258389168503, 1791555320711801623
-0.019087791442871094, 0.6748668551445007, 0.554199245739735, 1791555320741810151
-0.13196170330047607, 0.17758816480636597, 0.5986323685918148, 1791555320770839608
0.24181878566741943, 0.22778505086898804, 0.5735437192689249, 1791555320801870606
-0.08921319246292114, 0.3510875701904297, 0.5799854154010431, 1791555320831920568
-0.0995337963104248, 0.14393377304077148, 0.5692610311417506, 1791555320862319012
-0.06941670179367065, -0.0340266227722168, 0.548167277783279, 1791555320894326606
-0.13361775875091553, 0.41926515102386475, 0.6271159750970587, 1791555320922121114
0.06946659088134766, 0.5808167457580566, 0.5759348580350107, 1791555320951979158
0.5451827049255371, -0.14455336332321167, 0.562811023087837, 1791555320982063207
-0.1610206961631775, 0.11871105432510376, 0.5978697919495759, 1791555321012061967
-0.6214359998703003, 0.7001921534538269, 0.5742719454909447, 1791555321042206795
0.6440121531486511, 0.175603449344635, 0.5767428904598109, 1791555321072051941
-0.40446150302886963, -0.5422313213348389, 0.5816737315723796, 1791555321101831535
-0.0020326972007751465, -0.1004030704498291, 0.5385090670171143, 1791555321133832575
-0.6120994091033936, -0.12325072288513184, 0.5920948134013477, 1791555321172071335
0.10149627923965454, 0.6621201634407043, 0.6003792051764076, 1791555321202232709
-0.1991368532180786, 0.6568083763122559, 0.586938991079925, 1791555321232112154
0.06964731216430664, -0.4713106155395508, 0.5321625956749888, 1791555321263015693
-0.3501461148262024, -0.1938433051109314, 0.5439367334964392, 1791555321294461735
0.1340787410736084, 0.5332091450691223, 0.6220444748494549, 1791555321322261442
0.16579723358154297, 0.199909508228302, 0.5968836448509017, 1791555321352201186
0.11399799585342407, -0.26520323753356934, 0.5859498444953651, 1791555321382229224
0.27301734685897827, 0.4429091215133667, 0.5527236607625338, 1791555321412376451
-0.07661974430084229, 0.5047045350074768, 0.5850755331374113, 1791555321442296568
-0.030869722366333008, 0.43454909324645996, 0.5939445206277415, 1791555321472640907
-0.7116444706916809, 0.3091276288032532, 0.5862558959211166, 1791555321502435279
-1.106502652168274, 0.0061713457107543945, 0.517456824114277, 1791555321534360855
-1.6509652137756348, 0.3747190237045288, 0.5754475416499932, 1791555321562631964
-0.43425148725509644, 0.23019349575042725, 0.5552314846418931, 1791555321592357595
-1.0412834882736206, 0.22742199897766113, 0.49826055259278074, 1791555321621754369
-0.32921576499938965, -0.009077668190002441, 0.4326395581959848, 1791555321652694517
-0.014318585395812988, 0.11242347955703735, 0.41862568913015524, 1791555321682471502
1.850051999092102, 0.9815332889556885, 0.4252798975948643, 1791555321712567373
0.9660080075263977, 0.761735737323761, 0.5438870524767837, 1791555321742582972
1.2014955282211304, 0.14637267589569092, 0.5524351114904211, 1791555321774787078
0.6340852975845337, -0.001537024974822998, 0.6533786177262534, 1791555321802701200
0.3636040687561035, 0.7837902903556824, 0.5408143820480523, 1791555321832799829
-0.7114911675453186, 0.22419321537017822, 0.5247981406132327, 1791555321862562216
0.28306418657302856, -0.14856398105621338, 0.5134828128689918, 1791555321892746261
-0.34842467308044434, -0.3296239972114563, 0.5476278068496143, 1791555321922574022
0.09066033363342285, 0.36607420444488525, 0.573607151952889, 1791555321952693242
-0.13326656818389893, 0.46885794401168823, 0.5909923471452415, 1791555321982627248
0.567464292049408, -0.08485311269760132, 0.5400708726177086, 1791555322014497194
-0.17741304636001587, -0.16984522342681885, 0.569569570734452, 1791555322044942225
-0.38029026985168457, -0.49592626094818115, 0.6235903021253749, 1791555322082704209
0.23391461372375488, 0.5778892636299133, 0.5797242705924169, 1791555322112881280
-0.26839733123779297, 0.6554784178733826, 0.5960122215933756, 1791555322142713068
0.11872541904449463, -0.4243360757827759, 0.5669640993219828, 1791555322173477090
0.8156930208206177, -0.19887769222259521, 0.5291744255015585, 1791555322205375321
-0.17854809761047363, 0.8505436182022095, 0.6384311923531031, 1791555322231875627
0.0289192795753479, 0.7890507578849792, 0.5586106757417845, 1791555322262786106
0.6493953466415405, 0.3411087393760681, 0.5023668374996516, 1791555322285553411
-0.03218001127243042, 0.47180455923080444, 0.6697258799700053, 1791555322311825566
0.15016132593154907, 0.39097267389297485, 0.5912308934402424, 1791555322342036057
-0.2082895040512085, 0.20430970191955566, 0.5578784193759975, 1791555322372945420
0.07026398181915283, -0.1803339123725891, 0.5450934591765879, 1791555322403105277
-0.14831691980361938, 0.08963030576705933, 0.575622623641472, 1791555322433035572
-0.012987017631530762, 0.2560131549835205, 0.5712054950672135, 1791555322463131353
0.498521625995636, -0.12439870834350586, 0.5200713194311231, 1791555322494886935
-0.07912838459014893, -0.003263115882873535, 0.5469113129078063, 1791555322525472768
-0.14846158027648926, 0.4931948781013489, 0.6072815073513778, 1791555322553014338
-0.1718490719795227, -0.1245996356010437, 0.5988076372865881, 1791555322583097291
-0.17128288745880127, 0.3860032558441162, 0.5551371028257128, 1791555322605679745
0.38632506132125854, 0.22639119625091553, 0.6317232659351895, 1791555322643241958
-0.12562423944473267, -0.37114977836608887, 0.5657873876808609, 1791555322673096697
-0.48231619596481323, -0.09626805782318115, 0.5874645303224659, 1791555322703147803
0.5501566529273987, 0.851198136806488, 0.5515042439797967, 1791555322734978377
-0.04085642099380493, 0.34260988235473633, 0.5600236898912588, 1791555322764859100
0.09519737958908081, -0.2852378487586975, 0.6114622052611463, 1791555322793143971
-0.10019570589065552, 0.3101481795310974, 0.5767225230099272, 1791555322823254177
-0.264664888381958, 0.6181932091712952, 0.572245864309167, 1791555322853203462
0.12367558479309082, -0.08164960145950317, 0.5871272044787926, 1791555322883332875
0.06249350309371948, -0.08240306377410889, 0.5886802559409, 1791555322913330745
-0.25274235010147095, -0.12199699878692627, 0.5738523159130178, 1791555322943223036
-0.14409828186035156, 0.1908549666404724, 0.5450270583455289, 1791555322974492558
0.18384236097335815, 0.4798552393913269, 0.5450516899300716, 1791555323006657765
0.25612038373947144, 0.049495577812194824, 0.6212295627441076, 1791555323033988629
-0.4114527106285095, 0.04645735025405884, 0.5650835227398547, 1791555323064090383
-0.1704990267753601, 0.7190823554992676, 0.5705335801810727, 1791555323093998567
-0.22337567806243896, 0.303602397441864, 0.5772001404560787, 1791555323124051555
-0.1437569260597229, -0.5558489561080933, 0.5719143620598082, 1791555323154156854
-0.25967681407928467, 0.06870406866073608, 0.5485213067912101, 1791555323184106359
-0.08459246158599854, 0.29148852825164795, 0.5626207328576227, 1791555323214462284
-0.34169644117355347, 0.08085525035858154, 0.5329511357686401, 1791555323247116210
0.47429561614990234, 0.16642826795578003, 0.6376806032114364, 1791555323274228511
0.22643214464187622, 0.3553965091705322, 0.5872882334552538, 1791555323304064098
-0.12549906969070435, 0.5439744591712952, 0.568629892004186, 1791555323334148694
0.019540011882781982, 0.38801735639572144, 0.5431313123237138, 1791555323364377970
-0.40096282958984375, 0.32270121574401855, 0.5730271674415364, 1791555323394296045
0.13737481832504272, 0.035155415534973145, 0.5735965523664697, 1791555323424191780
0.005659520626068115, -0.0658494234085083, 0.5433293078192329, 1791555323454492893
0.07999491691589355, 0.3507503271102905, 0.5381093756465236, 1791555323487298539
-0.577835202217102, 0.760635256767273, 0.6723733913883486, 1791555323514103587
0.01165628433227539, 0.09459590911865234, 0.5654768451072631, 1791555323544276525
-0.16715079545974731, -0.29534459114074707, 0.5778351852297124, 1791555323574158732
-0.6031385064125061, 0.3377522826194763, 0.592652727010714, 1791555323604106603
0.13233095407485962, 0.4892174005508423, 0.5710837113078129, 1791555323634204813
-0.09755563735961914, -0.2485792636871338, 0.5691837967899825, 1791555323664115354
0.2996353507041931, -0.30310899019241333, 0.5616032188564495, 1791555323694644666
-0.010790467262268066, 0.618536651134491, 0.5190170341448048, 1791555323727170680
-0.10864895582199097, 0.23085683584213257, 0.6356568869296988, 1791555323764252796
-0.5429700613021851, 0.4414779543876648, 0.591269858406696, 1791555323794140179
0.07958513498306274, -0.1579422950744629, 0.5728978707748622, 1791555323823788515
-0.2769184112548828, -0.3587544560432434, 0.5788299359754046, 1791555323853744723
-0.07144218683242798, 0.1405734419822693, 0.5315495023736599, 1791555323886807040
-0.17348694801330566, 0.08615225553512573, 0.6155132304790194, 1791555323923937911
0.07724446058273315, 0.20086199045181274, 0.5695298394119828, 1791555323954187021
0.13204890489578247, 0.39298731088638306, 0.5620748824420795, 1791555323984118425
0.04035162925720215, -0.31071043014526367, 0.5869116974597947, 1791555324013824135
-0.31315577030181885, -0.19888025522232056, 0.5287200595408297, 1791555324046769611
0.32276612520217896, 0.752912700176239, 0.6274148037788821, 1791555324074301113
0.48970961570739746, 0.18517065048217773, 0.584244897350197, 1791555324104134104
-0.4053846597671509, -0.17405539751052856, 0.5643400695963771, 1791555324134235141
0.4843485951423645, 0.34588634967803955, 0.5784004264776992, 1791555324164186878
-0.5895716547966003, 0.5784600973129272, 0.6084882231787263, 1791555324194151933
0.054339826107025146, 0.24148398637771606, 0.5834296244088851, 1791555324224307377
-0.06343650817871094, 0.40936028957366943, 0.5403221978354007, 1791555324254901175
0.14375978708267212, -0.17570185661315918, 0.5443940117938397, 1791555324287101973
-0.005151093006134033, 0.026519298553466797, 0.6737173699266866, 1791555324314194279
0.04363369941711426, 0.8458462357521057, 0.5773979142533138, 1791555324344230918
-0.017691373825073242, 0.4152776598930359, 0.5827146827700733, 1791555324374545217
-0.13475370407104492, -0.42080438137054443, 0.6119581671399111, 1791555324404212185
0.23417776823043823, -0.1701134443283081, 0.5881041435684945, 1791555324434202841
-0.3125636577606201, 0.5417664051055908, 0.5834375323073241, 1791555324464379892
0.042599499225616455, 0.09983408451080322, 0.5805076178115334, 1791555324494498164
0.02530902624130249, -0.297410249710083, 0.5209287677707831, 1791555324526803690
0.39434611797332764, 0.06715577840805054, 0.6424968140679241, 1791555324554408831
-0.4930580258369446, 0.6168788075447083, 0.5848411745854913, 1791555324584236977
0.07091856002807617, 0.10964882373809814, 0.4935717608228614, 1791555324606747873
0.13153529167175293, 0.16020643711090088, 0.6008519680990853, 1791555324634401418
-0.27108246088027954, 0.27736467123031616, 0.5879429743812898, 1791555324664336411
0.7495192289352417, 0.5132766962051392, 0.5845048690553043, 1791555324694355213
-0.4531515836715698, 0.015054762363433838, 0.5799598907419642, 1791555324724530372
-0.2688102722167969, -0.2099493145942688, 0.5791161162818665, 1791555324754385813
-0.08289867639541626, 0.281414270401001, 0.5678000280148155, 1791555324784586572
-0.5431706309318542, 0.21653753519058228, 0.5623100815155969, 1791555324814656443
0.5561776757240295, -0.10964244604110718, 0.5439790682211474, 1791555324847109168
-0.4028082489967346, 0.15898042917251587, 0.6715398429712138, 1791555324874505061
0.3754749894142151, 0.4469044804573059, 0.5902625595015656, 1791555324904486099
-0.571365475654602, 0.37496793270111084, 0.5832401692639455, 1791555324934513997
0.4396529793739319, 0.3393450975418091, 0.5865046059096809, 1791555324964597468
-0.40890997648239136, -0.4432939291000366, 0.6027959834265424, 1791555324994548158
-0.12994498014450073, 0.3172130584716797, 0.5967479225015296, 1791555325024628557
0.00928729772567749, 0.32563668489456177, 0.5853355854539878, 1791555325053843514
0.2358696460723877, 1.0593087673187256, 0.5134412198458455, 1791555325087524400
-0.22634834051132202, -0.1446150541305542, 0.6391722533519117, 1791555325114712518
0.17116540670394897, 0.0026997923851013184, 0.5889497008639172, 1791555325144607262
-0.3124935030937195, 0.49061357975006104, 0.5912488840751103, 1791555325174781115
-0.11785954236984253, 0.5706783533096313, 0.5963546427212634, 1791555325204650405
-0.023314058780670166, -0.5414301753044128, 0.6058090917380664, 1791555325233843406
-0.4384685754776001, -0.4715806841850281, 0.5707474426821779, 1791555325264684813
0.03428769111633301, 0.2893564701080322, 0.5668691831729858, 1791555325294734481
-0.24887323379516602, 0.77214115858078, 0.5293554531623365, 1791555325327046117
0.30207812786102295, 0.32063519954681396, 0.6172418541021154, 1791555325356936050
-0.04747980833053589, 0.09012186527252197, 0.6532560955132752, 1791555325384889170
0.22763526439666748, 0.8118802309036255, 0.5222341566900742, 1791555325407386754
0.054670512676239014, 0.27802592515945435, 0.5602050165671351, 1791555325437353836
-0.4275782108306885, -0.22177153825759888, 0.6243715899245111, 1791555325464930523
0.17476671934127808, 0.6725549101829529, 0.5996945695404471, 1791555325493846613
0.28469318151474, 0.4307480454444885, 0.5057855183099836, 1791555325517213451
-0.2737289071083069, -0.03787267208099365, 0.6341797464171386, 1791555325555021271
-0.2669476866722107, -0.33080029487609863, 0.6101925075979002, 1791555325583970499
-0.5384164452552795, 0.003072798252105713, 0.563660907347568, 1791555325615087941
-0.2664671540260315, 0.21757018566131592, 0.5713225509119428, 1791555325645653087
0.4869042634963989, 0.5592028498649597, 0.5530232708269928, 1791555325677495899
-0.002408444881439209, 0.07376229763031006, 0.6246610669628914, 1791555325705225660
-0.0805823802947998, 0.05971634387969971, 0.5892171705665029, 1791555325735011390
-0.17537355422973633, 0.8645679950714111, 0.6022178410376756, 1791555325765096477
0.2362871766090393, 0.43482744693756104, 0.6073614022618394, 1791555325795131024
-0.2227655053138733, -0.769399881362915, 0.5903958682883733, 1791555325825311879
-0.1964288353919983, -0.5956530570983887, 0.5819833486720173, 1791555325855310583
-0.17239230871200562, 0.1964758038520813, 0.5739158919928617, 1791555325886894922
-0.11930173635482788, 0.9623687267303467, 0.5834158260066944, 1791555325918313276
-0.15911459922790527, 0.6023098826408386, 0.6419937914326073, 1791555325945495488
-0.27786785364151, 0.14075696468353271, 0.5777916831376256, 1791555325985217435
0.5063306093215942, 0.12739461660385132, 0.5895775845773701, 1791555326015250855
-0.04573720693588257, 0.14996391534805298, 0.5395856010653397, 1791555326047138710
-0.004746437072753906, 0.6129828095436096, 0.5615664773684017, 1791555326077967009
-0.33092963695526123, 0.6794028282165527, 0.6421337217506108, 1791555326105310280
0.048346519470214844, -0.41325438022613525, 0.6165373073072082, 1791555326135337031
-0.4312741160392761, 0.05799347162246704, 0.6155913185584616, 1791555326165361270
-0.10379612445831299, 0.3398515582084656, 0.5793710683629903, 1791555326195372692
-0.3154948949813843, -0.10942250490188599, 0.5471260970736188, 1791555326225338656
0.025195658206939697, -0.27237266302108765, 0.5674369839404408, 1791555326255376900
0.2547716498374939, 0.4667011499404907, 0.5426316457472596, 1791555326286750243
-0.12238383293151855, 0.6643733382225037, 0.5155454942346926, 1791555326318685827
0.06871014833450317, 0.27638083696365356, 0.629882667927264, 1791555326345487216
-0.024648606777191162, 0.24942898750305176, 0.5962514278126979, 1791555326375496349
-0.08755803108215332, 0.5799910426139832, 0.5028166727398067, 1791555326398757841
0.24383854866027832, 0.579079806804657, 0.6520092376858999, 1791555326425491291
-0.40897101163864136, 0.14329975843429565, 0.5786640775002734, 1791555326455517910
-0.15613144636154175, -0.04574763774871826, 0.5889556393987074, 1791555326485463644
-0.196813702583313, -0.0839046835899353, 0.5991216455551773, 1791555326515766368
-0.5753636956214905, 0.5990344882011414, 0.6060360477679088, 1791555326545544764
0.41102516651153564, 0.03670394420623779, 0.5607101975102574, 1791555326575501855
-0.26427948474884033, -0.22872495651245117, 0.527981678125336, 1791555326606777726
0.07183986902236938, -0.05323600769042969, 0.5369934637822185, 1791555326638923897
-0.017741024494171143, 0.7819554805755615, 0.666294815145307, 1791555326665674116
0.2177373170852661, 0.4945634603500366, 0.5945547182329963, 1791555326695671287
-0.4665527939796448, 0.06778031587600708, 0.5888757408386207, 1791555326725929798
0.24933600425720215, -0.9139993786811829, 0.569196653649302, 1791555326755691505
-0.47854626178741455, 0.0834001898765564, 0.5751649385313276, 1791555326785903984
0.082802414894104, 1.0393872261047363, 0.577176214727918, 1791555326815717045
0.03832721710205078, 0.3113206624984741, 0.5329470746326743, 1791555326846913211
-0.2332492470741272, -0.1900869607925415, 0.5302789760644999, 1791555326879492651
-0.2520841360092163, 0.5773083567619324, 0.6924186746497489, 1791555326904827681
-0.14233404397964478, 0.43174511194229126, 0.5848377976003714, 1791555326934989123
0.09942281246185303, 0.13493144512176514, 0.5041930180420735, 1791555326958747864
-0.68205326795578, -0.1388540267944336, 0.629202928384902, 1791555326995890508
0.22835171222686768, 0.011294901371002197, 0.6040420256883957, 1791555327024853476
0.7468225955963135, 0.19599902629852295, 0.5884170555535249, 1791555327055897714
0.22932231426239014, 0.5020964741706848, 0.5620791581853029, 1791555327086998364
0.07485711574554443, 0.10798418521881104, 0.4836404672783566, 1791555327119218622
-0.21200662851333618, 0.1801081895828247, 0.6005940066698829, 1791555327204934786
-0.2058652639389038, 0.1134873628616333, 0.571694645118141, 1791555327234979765
0.03130847215652466, 0.269977331161499, 0.5896133928771509, 1791555327265001214
-0.5902276039123535, -0.013125479221343994, 0.5735867813237937, 1791555327296057105
0.3527148365974426, 0.11723828315734863, 0.5662694906594467, 1791555327327168537
-0.03131014108657837, 0.0738796591758728, 0.5338942951341642, 1791555327359107842
-0.3146386742591858, -0.017684519290924072, 0.6188526159198781, 1791555327396279343
-0.22899949550628662, -0.5349777936935425, 0.5926915983826135, 1791555327426140501
-0.4047237038612366, 0.8064526915550232, 0.5701020325203179, 1791555327456114321
-0.11097127199172974, 0.2993629574775696, 0.5436840902987355, 1791555327486764631
-0.9874537587165833, -0.36445868015289307, 0.5280578634586895, 1791555327519288573
-0.5304087400436401, -0.6588855981826782, 0.7211070251813121, 1791555327546451050
-1.386131763458252, 0.3256223201751709, 0.5697174200439922, 1791555327576240822
-0.346330463886261, -0.16100716590881348, 0.5233533161316339, 1791555327606225610
-1.4041497707366943, -0.561991274356842, 0.4644126585880107, 1791555327636182240
0.41393548250198364, 0.18654179573059082, 0.40248077883147887, 1791555327666254541
0.6671628355979919, 0.9199661016464233, 0.37688900106730105, 1791555327696244223
1.4085243940353394, -0.20903414487838745, 0.5155572021076821, 1791555327726773470
0.46593785285949707, -0.2876318097114563, 0.5611710376655279, 1791555327759430614
1.105318307876587, 0.04593700170516968, 0.6642852716874484, 1791555327786400093
0.32854950428009033, 0.12074512243270874, 0.5743178842383098, 1791555327816368731
-0.31239187717437744, 0.07744723558425903, 0.5288626823277288, 1791555327846393967
-0.6292158365249634, 0.18317705392837524, 0.546822935412489, 1791555327876434741
1.2454584836959839, -0.06855916976928711, 0.5438592826927344, 1791555327906604286
-0.40214425325393677, 0.2349010705947876, 0.5566942063919065, 1791555327936670820
0.13063406944274902, 1.092205286026001, 0.5322163991766486, 1791555327967319999
-0.6128109097480774, 0.07409822940826416, 0.49897627022161517, 1791555327998804421
0.13872361183166504, 0.015202045440673828, 0.6014347783530882, 1791555328036507549
0.03797316551208496, 0.31502479314804077, 0.5856359279867946, 1791555328066507664
0.15597939491271973, 0.5642554759979248, 0.575900616365005, 1791555328096485455
0.04237097501754761, 0.33413708209991455, 0.5939751450236089, 1791555328125847603
0.19617927074432373, 0.33634859323501587, 0.5173453737518452, 1791555328159333985
