acc_x, acc_y, angular_z, stamp, 
-0.04754496356703456, 0.00019856874907387616, -0.0001515235212136446, 87525000000
-0.04464899295362591, 0.011910360860798764, -0.00018786186032355819, 87530000000
-0.08127380712399315, 0.017250860966155687, 8.0125705619955e-05, 87535000000
-0.03944211195403381, 0.03456098978889209, 8.149824048825301e-07, 87540000000
-0.05255834177221253, -0.029429531563501407, 0.00035442821565489813, 87545000000
-0.050866636132349, 0.004003189012891016, -0.00019311685682118465, 87550000000
-0.07009542817702089, -0.011290374502854651, 0.00011130279262256902, 87555000000
-0.0891808109159951, 0.005498919214091763, -0.00018305672703115825, 87560000000
-0.0645865535451893, 0.03604994134177576, 1.9168663993200764e-06, 87565000000
-0.05480750798053263, -0.015174793354271668, -2.017620010559455e-05, 87570000000
-0.07053943240539762, -0.009096395528952549, -0.00011785050806482833, 87575000000
-0.023455231915041296, -0.017163263496765863, -3.633151039644165e-05, 87580000000
-0.021770356240005062, 0.01931395437399729, -0.0001450804836020625, 87585000000
-0.07571486264478705, -0.044953702544555975, 0.0001296076854730915, 87590000000
-0.06610921422417626, 0.018540021766829826, -0.00023269066984304133, 87595000000
-0.06887742148559592, 0.0022095530063894232, -7.356736439208803e-05, 87600000000
-0.07464403820517664, 0.003673695499545439, 0.00010965082454700893, 87605000000
-0.022384757646588593, -0.028913818306895, -0.0003521746809225794, 87610000000
-0.05966358723278337, 0.03212187702938352, 0.000311192178905705, 87615000000
-0.08558181457229277, 0.038449021619920316, 4.376608076810866e-05, 87620000000
-0.055642848415373744, 0.006027486897416339, -1.6306626270840552e-05, 87625000000
-0.07384400760106855, -0.012325312269334305, -0.00015718426035130382, 87630000000
-0.0675840647769389, -0.015633834244585237, 0.00031604386781818733, 87635000000
-0.03269914712214105, 0.032820346473170774, 0.0001573857087258403, 87640000000
-0.05768063144144795, 0.01152492615848212, -0.00018833148551266409, 87645000000
-0.05939996886342749, -0.025178060563611455, -0.00010313524147162309, 87650000000
-0.08399344671758957, 0.013250906286398273, 0.00024473846964668215, 87655000000
-0.011617737192692594, -0.022213544321080362, -9.718211324706017e-05, 87660000000
5.388826037316782, 0.024275770170932905, -0.00024076856237715944, 87665000000
1.2691629938508444, -0.02005341538860564, -1.0234849582789587e-05, 87670000000
-0.06671279901946052, -0.0005145234388309636, -0.00021162142646640906, 87675000000
-0.1829289031420653, -0.012245596764075183, -0.000718145336379908, 87680000000
-0.04854880624358424, 0.024407550962910626, 4.167666371131027e-05, 87685000000
0.046484085047028924, -0.00464889006897991, 3.7028078974840934e-05, 87690000000
-0.18042046364927464, 0.01869098856783009, -4.760243242972951e-05, 87695000000
5.975334999074723, -0.010771845686190282, 0.001874063291905061, 87700000000
0.02008470465251283, -0.013697547245317444, 0.008840334463684126, 87706000000
-0.12880090434108818, 0.0025858126206102505, 0.01487198628666411, 87712000000
-0.07028160600788849, -0.007148056876179006, 0.027829239848338495, 87717000000
-0.04654857404563153, 0.035583189754176625, 0.03860354663861591, 87722000000
-0.06569847301545262, -0.0006371465178271023, 0.04709730080581893, 87727000000
-0.06382781214457686, 0.003085330219194068, 0.058806658433181065, 87732000000
2.8134297004110342, 0.020059055342984557, 0.09210568256289918, 87737000000
-0.13181050163355343, 0.034828949997831156, 0.12274709533370894, 87742000000
-0.08796547241207021, 0.03747668914013774, 0.165237243511945, 87747000000
-0.09031744665011068, 0.03929754536895032, 0.2110278893614636, 87752000000
-0.057328193567373564, 0.030158091772477014, 0.2558010167183844, 87757000000
-0.0367232654949382, -0.004976600137277699, 0.2974771632283786, 87762000000
2.710650989760359, 0.024146013820081552, 0.3363417852343051, 87767000000
0.5118699866122258, 0.011152739664306162, 0.3877114256317473, 87772000000
-0.09134789458100198, 0.03425247191578314, 0.4504197188180045, 87778000000
-0.07573912313632111, 0.07052480293878302, 0.5005374414599087, 87783000000
-0.0574695611913302, 0.04276187748153444, 0.5449566618441537, 87788000000
-0.05736305469562067, 0.06865106832333195, 0.5816802111587108, 87793000000
-0.02269024982007017, 0.04458153392869543, 0.6080638569174761, 87798000000
0.42001050081606833, 0.06152862410385772, 0.6250468345875907, 87803000000
-0.04788735444490206, 0.07240335025663229, 0.6327004099591811, 87808000000
-0.04799080994714517, 0.08543393394522378, 0.6323657024915161, 87813000000
-0.01273066307124672, 0.0479460319583345, 0.6219112387918238, 87818000000
-0.05199063212408054, 0.07550689894059852, 0.6051691012897409, 87823000000
-0.07261656607572786, 0.08440800810547008, 0.5828853139231978, 87828000000
-0.04078258990944905, 0.05049278063811562, 0.5571763933264424, 87833000000
-0.016525395697350967, 0.05572003645158483, 0.5297739388525398, 87838000000
-0.04390208650783776, 0.055781258425577504, 0.5027045116820096, 87843000000
-0.05365472951002218, 0.061590426977476714, 0.4771021146260673, 87848000000
-0.048384829554819396, 0.0857654237673067, 0.4559864811323999, 87853000000
-0.02590200681017469, 0.0253731034868854, 0.43885798451537117, 87858000000
-0.05563771304419654, 0.004258803249021302, 0.42548979271163434, 87863000000
-0.050180395949765394, 0.04602884456586041, 0.4214316137512662, 87868000000
-0.04573422394691861, 0.0321839816359519, 0.4209371243556458, 87873000000
-0.0773342095141149, 0.05600400381125739, 0.42704062385733066, 87878000000
-0.06390665022880308, 0.05686283708414702, 0.4346896499315104, 87883000000
-0.055007891562895345, 0.03951121174310325, 0.44711405706108714, 87888000000
-0.07443776622414848, 0.03865756255226533, 0.4619430043376815, 87893000000
-0.019506793143833877, 0.047811292998342664, 0.4841176745185815, 87899000000
-0.062326943011824426, 0.04746237808462012, 0.49681323153586326, 87904000000
-0.00372685123278544, 0.0787044589574727, 0.5119116717638752, 87909000000
-0.018476209423990538, 0.04633227019929918, 0.5245884926847297, 87914000000
-0.04633788070871405, 0.06649638252302374, 0.5345581342385716, 87919000000
-0.019566312166557777, 0.05517740223590423, 0.5429711099762391, 87924000000
-0.0678608956313326, 0.016748580625008926, 0.5455665053894497, 87929000000
-0.0400088090410123, 0.039371978566548636, 0.5463533242540529, 87934000000
-0.0320840940632783, 0.04257536742698855, 0.5433362736287569, 87939000000
-0.06951566519550825, 0.060258080706896984, 0.5388139982639369, 87944000000
-0.04437072546832397, 0.03425595846493201, 0.5316667559129924, 87949000000
-0.045402878782638975, 0.021211858792046564, 0.5231623254649376, 87954000000
-0.062339642339891095, 0.005498010598714541, 0.5119122799131801, 87959000000
-0.08389843074226172, 0.020281342359267943, 0.5044543835648656, 87964000000
-0.015423240070907777, 0.03410693785677604, 0.49567789059474177, 87969000000
-0.026406381134459752, 0.003938706507101999, 0.4875850125537648, 87974000000
-0.032219144218724786, 0.029975865346393044, 0.4802138336174275, 87979000000
-0.06016900363765841, 0.037687700849075585, 0.4769886785114958, 87984000000
-0.029257374234247627, 0.055987339714256984, 0.4735929679797982, 87989000000
-0.045534173241977005, 0.01796833381078017, 0.4724566716674697, 87994000000
-0.05271664478572771, 0.028535401269096233, 0.4741588334218642, 87999000000
-0.03380477715691434, 0.06642295679832547, 0.4761613449271792, 88004000000
-0.028332828116504918, 0.0669461934369074, 0.4804287338924808, 88009000000
-0.029641039503162287, 0.04735962201545845, 0.48524395025561784, 88014000000
-0.029357608582767696, 0.07186365664859445, 0.4904585554593638, 88019000000
-0.03771383395797939, 0.03782629595583432, 0.49589203017565725, 88024000000
-0.07291391995354356, 0.04882818957832323, 0.500968861081614, 88029000000
-0.018393792001383608, 0.0670672153407124, 0.5058122405825209, 88034000000
-0.021620319794817777, 0.04168434761129257, 0.5098334136238765, 88039000000
-0.08654680495890951, 0.06878956691415103, 0.5130904323045977, 88044000000
-0.04955130590884703, 0.05537962050297552, 0.5148053541758744, 88049000000
-0.024402314314902338, 0.027694453191219628, 0.5154384937703551, 88054000000
-0.0696829640380788, 0.06449694466473402, 0.5150308261147829, 88059000000
-0.04165330519363109, 0.05127583906128486, 0.5134671934557856, 88064000000
-0.08149632058703124, 0.044635149226070044, 0.5119882913390577, 88069000000
-0.03687443688176849, 0.044104173771714564, 0.5093619391953214, 88074000000
-0.0568957591461332, 0.03747379874035928, 0.5064007360118665, 88079000000
-0.06930728719827087, 0.053329782511047835, 0.5030424140631948, 88084000000
-0.06983214354274486, 0.05856695301032523, 0.5000212575658947, 88089000000
-0.058805342153280926, 0.04798103082954237, 0.49740015354651174, 88094000000
-0.06020518966611199, 0.06483899681129755, 0.49509965425313235, 88099000000
-0.04525111776201142, 0.04820762086794644, 0.4926659591335269, 88104000000
-0.05223649188730118, 0.07799430915925464, 0.49157990949366487, 88109000000
-0.046946634419708144, 0.06425244797498994, 0.4906947129773495, 88114000000
-0.0413075112840932, 0.056900684804646565, 0.4908235588294147, 88119000000
-0.023968773718134995, 0.02935864475245009, 0.49128077746791265, 88124000000
-0.05134666427595547, 0.04011133464267176, 0.4923697237478883, 88129000000
-0.06375696633168823, 0.03766005411233453, 0.49426194970459897, 88134000000
-0.06426813766150988, 0.0655966564214344, 0.49580648814586786, 88139000000
-0.08252037537401993, 0.06387660106311535, 0.49718869981821107, 88144000000
-0.05590706027912229, 0.05843524538813928, 0.49925681071568795, 88149000000
-0.04593668901462856, 0.07702568324767922, 0.5008651254301313, 88154000000
0.025999157770074846, 0.04218613899186631, 0.5025900432955757, 88159000000
-0.1471631361594201, 0.026953199301065812, 0.5033973068932487, 88164000000
-0.05682923573137411, 0.008722322083098241, 0.504466964459041, 88169000000
0.01006914608569829, 0.06865610777207794, 0.5050479103499407, 88174000000
-0.1625270312966646, 0.04583742432522876, 0.5050191444418997, 88179000000
-0.0601554874188013, 0.06446783733037621, 0.5046913181014955, 88184000000
0.10699201869990238, 0.08399221361595811, 0.5043037637891309, 88189000000
-0.17057283225272898, 0.02162777379940528, 0.5036458751204675, 88194000000
0.054664409621341635, 0.05796904072880603, 0.502540716490938, 88199000000
-0.11887597643108865, 0.005051644194062857, 0.5012381143296042, 88204000000
-0.0859096518795438, 0.02489407080607531, 0.5004397610437159, 88209000000
0.06079018230018101, 0.05308155009763399, 0.49923517779112464, 88214000000
-0.1862671231662024, -0.029226282579122992, 0.49850394418884836, 88219000000
-0.06416866224380334, 0.018273538420807717, 0.49791910757734265, 88224000000
0.0491636229195507, 0.10142262420598085, 0.49733067308492285, 88229000000
-0.1877898467535667, 0.008993323812337198, 0.49673855965353464, 88234000000
0.07877682959683942, 0.08568995472211312, 0.49675728268570446, 88239000000
-0.05570089579055634, 0.06318586741646529, 0.49702741261276057, 88244000000
-0.19709607677595803, -0.013676604741036453, 0.49705757885384394, 88249000000
0.051051264653071915, 0.10665229427478001, 0.49736832360992483, 88254000000
-0.047998165748905586, 0.03155524479980525, 0.49839772660980014, 88259000000
-0.1516690419442737, 0.0216505817716831, 0.4986654515185009, 88264000000
0.06969302318780839, 0.09295018619829047, 0.49966256458930003, 88269000000
-0.08295995528875977, 0.058584221618343875, 0.5004184526903545, 88274000000
-0.1667980937334069, 0.0022648331357803995, 0.5002558638098807, 88279000000
0.056245736561852076, 0.10046664288237821, 0.5008001013873471, 88284000000
-0.07859806571492671, 0.03149120907366525, 0.5014038310522803, 88289000000
-0.19551365955406422, 0.005580190103364092, 0.5017113706152316, 88294000000
0.09331062957075326, 0.10789994054689624, 0.501515213392425, 88299000000
-0.0620832257307505, 0.019549880111437205, 0.5018391196792625, 88304000000
-0.19036952713573924, -0.0009583297655153793, 0.5013893971800355, 88309000000
0.06512765757208333, 0.09451607040866755, 0.501339892164847, 88314000000
-0.06131931163411094, 0.08717586486739616, 0.5009644984151205, 88319000000
-0.03699059399546549, 0.045916166879730186, 0.5004443598135025, 88324000000
-0.05194833575607972, 0.037629689614594446, 0.500266213152126, 88329000000
-0.07004089809038758, 0.055047836413619836, 0.5000532062317986, 88334000000
-0.0682373569683018, 0.03644971010547645, 0.49951910368553887, 88339000000
-0.07146170867938212, 0.014187774466735338, 0.4995176334799551, 88344000000
-0.08169579163922047, 0.07474416427258283, 0.49871953600275293, 88349000000
-0.1834595184340871, 0.000920654111460608, 0.499103461205424, 88354000000
0.1353765446297414, 0.14366679829152545, 0.4989051047274633, 88359000000
-0.0672677473099276, 0.013998724239297121, 0.4987389318299661, 88364000000
-0.2594138538971983, -0.01891651265944369, 0.49870210023413103, 88369000000
0.04571596145435108, 0.08698086638089975, 0.49930427681018286, 88374000000
-0.22071696468845675, -0.016033236584784644, 0.4990864797333672, 88379000000
0.14718108722863435, 0.13718348428852742, 0.49930383697852226, 88384000000
-0.17272331498734217, 0.00120977215912226, 0.4996769554742347, 88389000000
0.07134403234507791, 0.09835103209700868, 0.5000242858252611, 88394000000
-0.07134012106774994, 0.03543593372704198, 0.5000805800491587, 88399000000
-0.23082793521636952, -0.009549506961170465, 0.5006867309727601, 88404000000
0.08323552208716516, 0.10659095903428448, 0.5003305682911227, 88409000000
-0.27544136041235184, -0.03596299637542452, 0.500731249334519, 88414000000
0.09140248304233825, 0.13636977647839355, 0.5004893797091153, 88419000000
-0.0887234327915018, 0.04397856050110215, 0.5003849540319569, 88424000000
-0.22215776200566822, 0.014514231708738116, 0.5006426668579026, 88429000000
0.09917847716152986, 0.1304982062382103, 0.5004738390843898, 88434000000
-0.22748669434025515, -0.011430174996823587, 0.5006371797232565, 88439000000
-0.055792012666227984, 0.015174892270115689, 0.5001091187959508, 88444000000
0.13115387534568881, 0.1261561846980018, 0.5002564916194747, 88449000000
-0.2534140698974984, 0.0005726102773758214, 0.5003914351737736, 88454000000
-0.05233322433831598, 0.08198176796789705, 0.49984581636387804, 88459000000
0.09348103889606227, 0.13170678289726565, 0.49942036256875166, 88464000000
-0.22127294176476098, -0.03736718035661825, 0.49959359487372507, 88469000000
0.11544864133739931, 0.15203060705669064, 0.499900766075375, 88474000000
-0.20490997361078345, -0.0043359829500965105, 0.49914996237434645, 88479000000
-0.03795051643522316, 0.05566668705103383, 0.4995773716850592, 88484000000
-0.051367500290837684, 0.05730168941902379, 0.4994261403249574, 88489000000
-0.04749464901353244, 0.06441141054163826, 0.49956969235626447, 88494000000
-0.050812380252707665, 0.04507349697269938, 0.4998182461268096, 88499000000
-0.07999954856631904, 0.08527190196732937, 0.5000814121464218, 88504000000
0.14301809653010691, 0.10029632932197494, 0.4995935226824665, 88509000000
-0.260696460366763, -0.015895365504170214, 0.4997674133343628, 88514000000
-0.07741444989067273, 0.06609793402274027, 0.4996865546118955, 88519000000
-0.05665126899815518, 0.046221978695210504, 0.500106670419, 88524000000
-0.05262530746020289, 0.04182432540058274, 0.5002505110616425, 88529000000
-0.046433438713211886, 0.04260857473219934, 0.4998078640549385, 88534000000
-0.08869344074391938, 0.05814045675289063, 0.49981560208307996, 88539000000
-0.035809770135965174, 0.04836544665013767, 0.49970146017251443, 88544000000
-0.04321295589795535, 0.07498412028552763, 0.4998725290528382, 88549000000
-0.03880680792775927, 0.036165927974366574, 0.5000291723862114, 88554000000
-0.029100756995981296, 0.05208220185508839, 0.49955466681878713, 88559000000
-0.05974794570889605, 0.050510147514596794, 0.500341638750363, 88564000000
-0.04591013420673742, 0.07990587693701179, 0.499980858632701, 88569000000
-0.03725033245779316, 0.05512120378655787, 0.49980472764080813, 88574000000
-0.03366952070656188, 0.06428080944094358, 0.49999711008897035, 88579000000
-0.059113355974306274, 0.07036825458539374, 0.4994494840678859, 88584000000
-0.029356306851695692, 0.010246115535864644, 0.5001383341566928, 88589000000
-0.05055033163052564, 0.05592707970285709, 0.4998659675185743, 88594000000
-0.04457060829907966, 0.0570172563567804, 0.5000427875495209, 88599000000
-0.02837275319906793, 0.045632285363246324, 0.4999160849446679, 88604000000
-0.05487212830198971, 0.054734484724176344, 0.49961353067157, 88609000000
-0.050287198832767735, 0.05378404354907538, 0.4998823625848845, 88614000000
-0.04957322602731094, 0.062192890311989595, 0.4997860370936214, 88619000000
-0.03185123340452145, 0.03142970661879235, 0.5001639652882077, 88624000000
-0.03522593025130979, 0.0473905200758436, 0.4999906255422422, 88629000000
-0.05156485623266973, 0.05404519372950303, 0.5001803300887976, 88634000000
-0.07134448875666621, 0.039425686335532006, 0.49988677078208443, 88639000000
-0.03237075438215647, 0.05751049527101242, 0.5001742402401048, 88644000000
-0.02544590960253613, 0.03890555055640471, 0.5000826263237964, 88649000000
-0.05283185362518863, 0.04510736204751745, 0.49993712468050966, 88654000000
-0.0473725941419117, 0.05955843284691326, 0.4998608220771447, 88659000000
-0.06298521396726242, 0.06566251817176469, 0.5002564566867846, 88664000000
-0.04795847723525391, 0.03735030106714065, 0.49987372156440946, 88669000000
-0.02740547397789256, 0.04032568757356683, 0.5002785881823638, 88674000000
-0.0456948421270891, 0.04956215599904498, 0.49999547856070153, 88679000000
-0.06733342329778741, 0.08288448843377055, 0.49960594518408463, 88684000000
-0.05877351359210593, 0.05987426345444395, 0.4999282353038636, 88689000000
-0.03535594061564841, 0.04593691031537053, 0.499970035411752, 88694000000
-0.024304404880935698, 0.06513823797864354, 0.49994111411232256, 88699000000
-0.059534042678797125, 0.05280079165220264, 0.49975759833294436, 88704000000
-0.04867687942859469, 0.0464668146683752, 0.4999334515660542, 88709000000
-0.0561312102891684, 0.08052955508080456, 0.5000160068755549, 88714000000
-0.047275164782261285, 0.02792917867620432, 0.4999724105779772, 88719000000
-0.06085038537958, 0.05408623009362936, 0.4998540431605596, 88724000000
-0.03853597059584586, 0.07286999501605246, 0.5000757540802522, 88729000000
-0.08568292368608055, 0.06097777205141845, 0.4998948800437014, 88734000000
-0.021410032359935615, 0.049633548249894216, 0.4997444347470393, 88739000000
-0.04458208395633922, 0.061045070720705356, 0.5000469225975436, 88744000000
-0.05330706646151122, 0.07870021454033363, 0.5002677841688044, 88749000000
-0.07370471315453206, 0.05536175941637812, 0.4995935687457234, 88754000000
-0.034658455629215865, 0.08127235550000733, 0.4999243449081812, 88759000000
-0.0541753901454078, 0.04062443830941612, 0.49994502450792805, 88764000000
-0.059656569250779515, 0.0176611839067206, 0.5001137209707627, 88769000000
-0.020183876589843653, 0.07289658742899637, 0.5001618406163109, 88774000000
-0.07493746593245926, 0.04770384660498502, 0.5001406460570618, 88779000000
-0.043378982574096905, 0.039781741200905135, 0.500075501247858, 88784000000
-0.02693698709676797, 0.06514764584833645, 0.49947277307358334, 88789000000
-0.04417780004008404, 0.049470158427558884, 0.5000018531648195, 88794000000
-0.03903175041837887, 0.06863955248000042, 0.49967056604190463, 88799000000
0.025363444923736655, 0.12837282562123722, 0.4998365797676457, 88804000000
-0.08494590599898252, -0.006880350131007226, 0.49970589223003375, 88809000000
-0.03618855372533269, 0.05501734189962172, 0.49969198691546995, 88814000000
-0.03521459922024426, 0.07019291995878016, 0.5000909631941208, 88819000000
-0.04915009122056715, 0.06529739982814552, 0.49990226208074506, 88824000000
-0.056735376183104834, 0.05716537806707725, 0.49977304382611404, 88829000000
-0.014378806241137888, 0.060950271715573545, 0.4998302665471346, 88834000000
-0.09344300464625935, -0.014222181409467015, 0.4996231385576115, 88839000000
-0.05080970618735739, 0.07573048175247443, 0.4997896772459554, 88844000000
-0.008621845476147553, 0.11965070179635276, 0.49972416558558036, 88849000000
-0.13420350849267187, -0.03355627025962729, 0.4997284720086997, 88854000000
-0.07053223162484841, 0.06911685566404684, 0.4999345527188685, 88859000000
0.015406401667728872, 0.1524096884639417, 0.5000609851572627, 88864000000
-0.0981227731284474, -0.00420637411514227, 0.49989293025660697, 88869000000
0.002465888442048857, 0.13675593911114187, 0.49991280259404874, 88874000000
-0.1058032456823389, 0.0055966705089108455, 0.49962134907817624, 88879000000
-0.07826831254461596, 0.027634490277001496, 0.5002839227070383, 88884000000
0.0279596038830691, 0.11743606604980139, 0.5000552359505899, 88889000000
-0.14298813880928068, -0.005637415484123983, 0.4996182485870532, 88894000000
0.006030517651135594, 0.1342249163369053, 0.49959286953313986, 88899000000
-0.11327321145815239, -0.019973480442315665, 0.4997062263302485, 88904000000
0.0021514044553499704, 0.13936145354433588, 0.5000849826997855, 88909000000
-0.13002798712688934, 0.0151598159498389, 0.4993847928480581, 88914000000
-0.013029987995223445, 0.12972809122812734, 0.500034612142177, 88919000000
-0.056055381720982365, 0.08231661562831646, 0.499807798809892, 88924000000
-0.11051347154891948, 0.002360722278367644, 0.500332323980666, 88929000000
-0.009119336022684478, 0.16174994674422627, 0.49978170444279646, 88934000000
-0.11065736216708238, -0.025181000774053018, 0.49970545312276665, 88939000000
-0.021594711357975506, 0.13123416923522485, 0.4997331696921545, 88944000000
-0.008273262662609186, 0.09039822798053185, 0.4997488764895695, 88949000000
-0.11160199250031205, -0.04922805056836892, 0.4999017407511673, 88954000000
-0.018166465209631843, 0.15022136661921842, 0.500072147178184, 88959000000
-0.047173216244929386, 0.06781951619496497, 0.4991014190206836, 88964000000
-0.12661302525385582, 0.00852901931905712, 0.5000132847039797, 88969000000
-0.00414799395735122, 0.1531373216416474, 0.5000989382929751, 88974000000
-0.08481304556082722, 0.06612893293218067, 0.49949806210424347, 88979000000
-0.13638268109042206, -0.018685803636826884, 0.5001935934636557, 88984000000
0.014961707070580779, 0.16333891161813244, 0.4997610290801618, 88989000000
-0.1192784617395839, -0.026086618940253208, 0.49971845006084514, 88994000000
-0.026713161652227837, 0.15253231976390463, 0.4998458438080191, 88999000000
-0.047725549690572015, 0.09214616996801268, 0.49975263729645253, 89004000000
-0.12623108044680043, -0.041559547988189546, 0.499616678133064, 89009000000
0.027179132291087652, 0.19118165144988536, 0.5003058451433661, 89014000000
-0.04089510167353169, 0.048829231235276306, 0.5000557657108848, 89019000000
-0.10441361184791925, -0.04243528061721425, 0.4998085954508774, 89024000000
0.009225584842812284, 0.14686349140057314, 0.49979150312445914, 89029000000
-0.04249015361277508, 0.05982634341337908, 0.49973300003108495, 89034000000
-0.12770080833120548, -0.03347835123255586, 0.49986053045585144, 89039000000
0.008248876531264618, 0.13381595332667107, 0.4995348996285806, 89044000000
-0.155114335244984, -0.0009461359851241288, 0.49997432324658575, 89049000000
0.03074168373604172, 0.18991919507314228, 0.5001775506316624, 89054000000
-0.1196104519893904, -0.03807042657630946, 0.4995130669719081, 89059000000
-0.07189762198733228, 0.07749747705490746, 0.5003825245475958, 89064000000
0.06196877129800076, 0.16408249606423747, 0.49982599519054244, 89069000000
-0.14727509633443261, -0.011677281485994485, 0.4998207000321161, 89074000000
-0.010139054973137404, 0.19132666409068824, 0.5001362038216934, 89079000000
-0.0337304710083491, 0.08576719091710817, 0.5001380122373006, 89084000000
-0.1025786069331254, -0.027242539103157933, 0.5001336671687474, 89089000000
0.014652953205168259, 0.14721015335516027, 0.5001095908211362, 89094000000
-0.048395020791623326, 0.08228503753196734, 0.5000177544706528, 89099000000
-0.1377084114779736, -0.03232224439897159, 0.49974719658463873, 89104000000
0.012427188871485598, 0.1949172314469131, 0.5000263682881418, 89109000000
-0.1061700308797433, -0.0521163979625331, 0.49983877822210937, 89114000000
-0.02437862448003833, 0.07855136377758981, 0.5001195012082105, 89119000000
-0.008465136319964341, 0.14365774259558522, 0.5001938188083075, 89124000000
-0.08626336712593864, -0.024647648835643052, 0.49967461678825414, 89129000000
-0.06341746653818216, 0.016266663678140197, 0.4998367964739176, 89134000000
0.004562861061603874, 0.16893168598802227, 0.5001123346622591, 89139000000
-0.10320648061890242, -0.038164025059259234, 0.5000383492545771, 89144000000
-0.0640034742311533, 0.08274207278445803, 0.5000395399131056, 89149000000
-0.07740889381790853, 0.07883485372424028, 0.5001075559780799, 89154000000
-0.05582778267289771, 0.04822064076696259, 0.4998022974015335, 89159000000
-0.044889134853227104, 0.08995865420442904, 0.5006023371372331, 89164000000
-0.03906825706313967, 0.07158461419777183, 0.49999124578697823, 89169000000
-0.052059693716541434, 0.06171589915723287, 0.500411152160468, 89174000000
-0.0975871234491752, 0.029394910902648175, 0.5001185999359888, 89179000000
-0.04404645378145549, 0.08699244327374539, 0.5002948547713149, 89184000000
-0.04152452235450083, 0.06727445187916277, 0.500215864609097, 89189000000
-0.03483965982895425, 0.05728460905583599, 0.49970108348886705, 89194000000
-0.05573666678767421, 0.03187413664548331, 0.49999614835250156, 89199000000
-0.041891510582048486, 0.06270927268501433, 0.5000233563341855, 89204000000
-0.05563044758581691, 0.06396569969484774, 0.5000884192205642, 89209000000
-0.02147940484186328, 0.09749757078810586, 0.4999903774003854, 89214000000
-0.07093975308890202, 0.07246782500811977, 0.500221668628896, 89219000000
-0.03608846777315171, 0.033753075464853566, 0.5002339741963541, 89224000000
-0.041487411696311115, 0.05984058733384001, 0.4998560360862617, 89229000000
-0.06109395084392455, 0.08285882467464639, 0.5000460035849613, 89234000000
-0.07229260777086907, 0.06646771511108288, 0.5001134858522873, 89239000000
-0.07230200351911303, 0.08190395231326839, 0.5001128632834811, 89244000000
-0.03400911631695497, 0.10738743254426725, 0.4998323790806609, 89249000000
-0.030439110647041544, 0.06895901787595787, 0.4997525260804612, 89254000000
-0.07515711255397967, 0.047342504852759655, 0.49974835918056093, 89259000000
-0.04653534175128912, 0.0926717014131969, 0.49999632162114677, 89264000000
-0.030607565884104532, 0.0676174272746896, 0.49983039751794145, 89269000000
-0.07366059683489529, 0.06266115663230915, 0.4997308100296741, 89274000000
-0.05880830005781465, 0.07416003781455156, 0.5000144902095195, 89279000000
-0.06516410710301646, 0.06208981817065471, 0.5000005448997551, 89284000000
-0.05582752677579372, 0.033030537549812486, 0.49987862695090274, 89289000000
-0.03866240596811089, 0.07671247530526233, 0.4998906743657078, 89294000000
-0.055057044042784865, 0.09581974274713337, 0.4999018520792305, 89299000000
-0.03844717530945995, 0.089173240168042, 0.500239540985158, 89304000000
-0.07430758365613133, 0.08426237262159539, 0.49977984605247905, 89309000000
-0.04244593811065976, 0.0821219446756276, 0.5003248549498905, 89314000000
-0.04585750283915326, 0.07335244167186936, 0.4997342514218278, 89319000000
-0.0550361324632341, 0.06171941088487955, 0.499778533905478, 89324000000
-0.042971276572185114, 0.05841360689917041, 0.500440716582614, 89329000000
-0.07133956592687292, 0.10685522871675304, 0.4998550767014824, 89334000000
-0.02041810741550358, 0.1533655172372542, 0.5001929509884439, 89339000000
-0.07917775653240992, -0.0005200059927611238, 0.4993122179765927, 89344000000
-0.06995255431229035, 0.09017747286817818, 0.5000876751858951, 89349000000
-0.06457125376250203, 0.09423045501121662, 0.49975911801577516, 89354000000
-0.0738243517564227, 0.06900467265084578, 0.49976059500062137, 89359000000
-0.042034050955470734, 0.08054295443780565, 0.500024571130487, 89364000000
-0.02756364817586431, 0.08012210161630774, 0.4999041763876075, 89369000000
-0.04788425354858786, 0.07393033260104388, 0.4998656450392871, 89374000000
-0.05614793695635553, 0.06558761326424942, 0.49960576083573305, 89379000000
-0.02206997313282063, 0.08661035318828787, 0.49961128547085876, 89384000000
-0.043787370096193004, 0.091689769230442, 0.4998730233877462, 89389000000
-0.010237031132006684, 0.16664735019245297, 0.49961565446362854, 89394000000
-0.08782244155780382, 0.04487054936830808, 0.5002601842047117, 89401000000
-0.07015679974788665, 0.08920912524272404, 0.4999614237885583, 89406000000
-0.055124958883803546, 0.08597928214413353, 0.4998316203269163, 89411000000
-0.06330680903857107, 0.06157587097621323, 0.4996450555267066, 89416000000
0.029372520955037014, 0.16020530061568006, 0.4998960276545568, 89421000000
-0.10634368485705215, 0.013559876083198374, 0.49978044228547513, 89426000000
-0.04960983151979212, 0.07367328250478632, 0.5001252640911993, 89431000000
-0.00478152833817308, 0.14880111291963527, 0.4998822558236995, 89436000000
-0.08667965253212238, -0.0007219492242675103, 0.5001542350170706, 89441000000
-0.014347614268860668, 0.17359674642695372, 0.499923799866904, 89446000000
-0.0865956386303953, -0.0024753283154185304, 0.5001460793826232, 89451000000
-0.055353599554678314, 0.06185783937754302, 0.5000443946945496, 89456000000
-0.010425440113972655, 0.13823248858792656, 0.49986016326947935, 89461000000
-0.09917156165867233, -0.0006172278822260228, 0.4999082272845168, 89466000000
-0.03396280697227322, 0.16837526621112955, 0.4998965607634527, 89471000000
-0.12076174200973327, -0.0044173855651154035, 0.4999212800650636, 89476000000
-0.077574949624437, 0.05926337896520796, 0.49990997331076903, 89481000000
0.009457196143364374, 0.14869020395890514, 0.5000912917027031, 89486000000
-0.10549980073179736, -0.027720076107877696, 0.49983577002533625, 89491000000
-0.04673161840961323, 0.142814133465517, 0.5002142938052246, 89496000000
-0.031161855105408944, 0.09331836684191286, 0.49969856485250824, 89501000000
-0.1411512804694344, 0.011264573920166054, 0.4996958259146789, 89506000000
-0.009695146104022771, 0.14703138959953493, 0.4994304946998169, 89512000000
-0.11569684626169172, -0.04915554732148984, 0.4997644580923316, 89517000000
-0.07209247337043379, 0.09557660223690433, 0.4998676205101475, 89522000000
0.006599959799370947, 0.1840748854163535, 0.49946514431367023, 89527000000
-0.09400772521024806, -0.005606299236131748, 0.49979332074551513, 89532000000
-0.030421079651366378, 0.19126967403040993, 0.49986601917920714, 89537000000
-0.09590970951190461, -0.01262908834860028, 0.4994583757454725, 89542000000
-0.04971527652061303, 0.06290770867342929, 0.5000987487157035, 89547000000
0.014402735088388064, 0.19038705914199852, 0.5002379322608866, 89552000000
-0.10614949585356903, -0.03643339538299163, 0.4998489305428481, 89557000000
-0.021295433792596585, 0.194687700280789, 0.49967331732769776, 89562000000
-0.08978373161148635, -0.005512469497087525, 0.5001450686285298, 89567000000
0.015925862682403414, 0.17843730080160755, 0.49973886462859624, 89572000000
-0.05844672073038687, 0.09082582999652027, 0.5000327393506477, 89577000000
-0.10605918905275188, -0.013466150784254137, 0.4997934469938568, 89582000000
0.00864505630533038, 0.1620471262778307, 0.4999628210521501, 89587000000
-0.1215635505492223, -0.009797312810768559, 0.500159659027204, 89592000000
0.008723007136207932, 0.1986776929972164, 0.49969962502426224, 89597000000
-0.05774623249753128, 0.0991536906528167, 0.49938121037302763, 89602000000
-0.11337149017297402, 0.02071032315139637, 0.5001249324176408, 89607000000
0.01830247325625743, 0.1687156989840126, 0.49997541250664684, 89612000000
-0.11010943306774078, -0.041399387494687634, 0.49989667121213094, 89617000000
-0.014281678225027464, 0.1764437571707249, 0.5001919035479078, 89622000000
-0.03892759842419709, 0.048894499140613626, 0.4997329647118662, 89627000000
-0.13620070028170836, -0.023206383967865358, 0.4999738422740815, 89632000000
0.010405554332619145, 0.15851986559929437, 0.4999654469757984, 89637000000
-0.09608331846426847, -0.058142987590826936, 0.4995809638237753, 89642000000
-0.06776564872748812, 0.10688593418065065, 0.4998309475863724, 89647000000
-0.016864509327860554, 0.22774743144656678, 0.49970776571952336, 89652000000
-0.1325811261735629, -0.03347415252826863, 0.49995509644537717, 89657000000
-0.057190542683058836, 0.09677792730662137, 0.5003651217399858, 89662000000
0.01804498606399791, 0.1786732762842286, 0.4998612382843549, 89667000000
-0.1290206764414572, -0.0063599651834912695, 0.5000571010847557, 89672000000
-0.02629077983098444, 0.18957280718780273, 0.5001693055757676, 89677000000
-0.0784794948379508, -0.031642123148074845, 0.49999220249263976, 89682000000
-0.07823390606822948, 0.05203333056486993, 0.5000734579250906, 89687000000
0.022915774052690876, 0.20342781503598917, 0.5002545862285553, 89692000000
-0.09379719971518677, -0.02944975940836918, 0.5000501983340524, 89697000000
-0.05822478513397024, 0.10870660355247498, 0.5004765428181591, 89702000000
-0.021894916290506463, 0.1419045022267266, 0.5000132469898598, 89707000000
-0.10352557745662123, -0.037707144452498446, 0.4999784346084511, 89712000000
-0.08574255211211951, 0.08334845264878223, 0.5002633991167611, 89717000000
-0.0006096951902128086, 0.20673312270815225, 0.5002348525102737, 89722000000
-0.10668027159425676, -0.0629771762620448, 0.49987956531332167, 89727000000
-0.08394165362107919, 0.10214265971163847, 0.4999500253745459, 89732000000
0.0028536355012593172, 0.17416551864863614, 0.4998049836851726, 89737000000
-0.15173002504720656, -0.07441562207319832, 0.5000734493292361, 89742000000
-0.030316599382855903, 0.08754563389147517, 0.4999777922141551, 89747000000
-0.04291472997730092, 0.06820997230127443, 0.5005903770893962, 89752000000
-0.06431049252990073, 0.08627345451766327, 0.5000625473617893, 89757000000
-0.04812092153483938, 0.10339320329955957, 0.5001353571888127, 89762000000
-0.05119980162143591, 0.08477501505932153, 0.5000912273196116, 89767000000
-0.06666860393880804, 0.04250462849620597, 0.49988015471509045, 89772000000
-0.046610380665078326, 0.061106198607214, 0.500173887571386, 89777000000
-0.05733354059137452, 0.07203862208606189, 0.5000244246925141, 89782000000
-0.007436696186688045, 0.21185904749929996, 0.5000517519956988, 89787000000
-0.10931855425616893, -0.001343186352987677, 0.5001790416579139, 89792000000
-0.06682381915801804, 0.08521069807458799, 0.5000011487358841, 89797000000
-0.0466942064247538, 0.06389203564470883, 0.5003443721332873, 89802000000
0.009333816072088566, 0.14538259294955186, 0.4998735721446051, 89807000000
-0.07690972931653707, -0.01552334972093809, 0.4998763207321239, 89812000000
-0.05364196449671491, 0.12069978878968896, 0.5000449780021458, 89817000000
-0.09146561083735977, 0.07940746319445556, 0.5000647981616698, 89822000000
-0.05163413078290202, 0.09796876798541079, 0.4998000139024947, 89827000000
-0.01797922474689121, 0.10215805481514872, 0.4996797586315047, 89832000000
-0.05692611709164735, 0.10146462575416074, 0.4999713512439786, 89837000000
-0.06207912677699615, 0.08465427390049778, 0.49954417953494706, 89842000000
-0.07189106241814751, 0.08546592100843184, 0.4996718165153525, 89847000000
-0.07752994761724584, 0.10240245931467382, 0.4997710714362712, 89852000000
-0.07902204792029556, 0.070653350955463, 0.49988206830069465, 89857000000
-0.04550391858501698, 0.10886922347689797, 0.49997124768508355, 89862000000
-0.022119317498883177, 0.06236318485233214, 0.4995696028206352, 89867000000
-0.05900577652483348, 0.09875233296606557, 0.49990362953247824, 89872000000
-0.05146725197510148, 0.09342660349252144, 0.4999587030450044, 89877000000
-0.025741575037202844, 0.17005364667944753, 0.5001380369212917, 89882000000
-0.11458451119844772, -0.0017200583682763873, 0.49976921366905375, 89887000000
-0.038388350675590016, 0.07166964847675515, 0.49988797067537943, 89892000000
-0.06164043358786306, 0.05261624966707912, 0.49971706670212973, 89897000000
-0.06357621807595223, 0.10255344222942464, 0.5003012642173145, 89902000000
-0.0534833634404799, 0.09538855610738191, 0.4999364996026101, 89907000000
-0.02889533749035047, 0.07810804395519058, 0.4995665676830096, 89912000000
-0.047125999528663094, 0.13661408796090757, 0.4996065932532685, 89917000000
-0.09522205672051379, -0.0005113574325101792, 0.49950211764204094, 89922000000
-0.04802776341673445, 0.07436334597754132, 0.4997925977958768, 89927000000
-0.024730870133964532, 0.09678702914113427, 0.4999425498718313, 89932000000
-0.054925579437685036, 0.09671838408289923, 0.49992398029847385, 89937000000
-0.078303259933538, 0.08198487453423552, 0.4998913094838017, 89943000000
-0.06887900214833562, 0.09374802286259598, 0.499565573498254, 89948000000
-0.04129859136364516, 0.11034756643031712, 0.49942580519397783, 89953000000
-0.08568765711387825, 0.0632782277418023, 0.499856172927457, 89958000000
-0.07141846839350192, 0.04564413843981651, 0.5001357486888738, 89963000000
-0.004756069828709838, 0.15472669915972112, 0.4998176012056923, 89968000000
-0.12643944910973895, -0.011870757539695997, 0.5000848834167718, 89973000000
-0.047069307298272176, 0.09430395382052853, 0.49986199995813546, 89978000000
-0.014122548858164228, 0.1576939528485306, 0.49946186955313177, 89983000000
-0.1124319470300604, -0.04980232355896706, 0.4997291853276744, 89988000000
-0.010234609629135957, 0.10166852107875372, 0.4997640278929647, 89993000000
-0.01343379033512673, 0.16072252925577066, 0.4995650458805806, 89998000000
-0.1056715995357648, 0.029163442827717375, 0.49954090697794457, 90003000000
-0.05494079759995439, 0.10481728944003854, 0.49972230637457427, 90008000000
0.006868803217237186, 0.19541591452420073, 0.49955690297779143, 90013000000
-0.09849032671603634, -0.039261980805398645, 0.49979882430535055, 90018000000
0.02611237562546679, 0.18283225070707823, 0.49988171376273305, 90023000000
-0.12110015394005237, -0.017932024711818075, 0.4998117176780437, 90028000000
-0.06496870562190381, 0.0907058001321118, 0.5000851924748027, 90033000000
-0.008701153461078073, 0.17823874105131018, 0.4999355810577525, 90038000000
-0.15294045497101852, -0.013151116624841634, 0.49981184821854974, 90043000000
-0.059232830363106635, 0.0788871954728753, 0.4997884367300377, 90048000000
-0.011329754542559151, 0.20217019378787654, 0.49980718584052686, 90053000000
-0.1114367618818771, -0.009660585300280237, 0.49984305504127824, 90058000000
-0.015835500583363506, 0.15975331371790885, 0.4998512240414493, 90063000000
-0.07588899566098783, 0.013328034501187897, 0.4996259526061612, 90068000000
-0.0859940870126104, 0.09791818890061366, 0.4997002960414335, 90073000000
0.03507117395128939, 0.18218040575913488, 0.4992793220488261, 90078000000
-0.09083352815460147, -0.039492728380752726, 0.49962920612918743, 90083000000
0.0158486144056288, 0.14866085967522638, 0.5000810160654834, 90088000000
-0.06719427784475912, 0.06958507545110558, 0.49990188033379546, 90093000000
-0.12327744428777038, -0.010346876816077715, 0.5001216078287583, 90098000000
-0.02576773613742131, 0.15312101187662572, 0.5001318916565126, 90103000000
-0.10653548046121639, 0.021319293369353075, 0.4998014635216246, 90108000000
-0.0707836046942423, 0.1053997484140756, 0.5000066299614757, 90113000000
-0.009950088037709874, 0.1585454135326976, 0.49981512704556913, 90118000000
-0.1619845657901623, -0.026155303986872755, 0.499981117812863, 90123000000
-0.004869870574877637, 0.15630882204940508, 0.49995100656308755, 90128000000
-0.15187636095967888, -0.039223665517206095, 0.4999820452287102, 90133000000
-0.06429349350423275, 0.2093892773031637, 0.5000985321966728, 90138000000
-0.05223088651071421, 0.08456074162664175, 0.4998931782867993, 90143000000
-0.10769792233268052, -0.018488384266182788, 0.5001357220075062, 90148000000
0.0024757689823344136, 0.16801519942758136, 0.4999241366246636, 90153000000
-0.10029424805144013, -0.003893571265011341, 0.49990056087995804, 90158000000
-0.04507218732617609, 0.19427967598839804, 0.5002595531359124, 90163000000
-0.05235939251322914, 0.06776512475634876, 0.49979432331162577, 90168000000
-0.09531789322500926, 0.03227297019605102, 0.500176485700006, 90174000000
0.006745694078367212, 0.17628458175302023, 0.5000173348804049, 90179000000
-0.10920091531172668, -0.0009772768831294923, 0.4998232728736322, 90184000000
-0.0858811974526287, 0.08229324619951091, 0.500410306003715, 90189000000
-0.004071549977775532, 0.16522946177740727, 0.4998428496645427, 90194000000
-0.11861053254772583, -0.03506456845330887, 0.5000104955256454, 90199000000
-0.019791140318099386, 0.07838221970018425, 0.5000675967551939, 90204000000
0.019755348488910827, 0.1702482775312098, 0.49994125977561615, 90209000000
-0.10513318624505305, 0.005665590317286626, 0.5000806052660763, 90214000000
-0.028276377768947175, 0.22195120582928693, 0.4997790371031959, 90219000000
-0.10954704062248077, -0.030755727080002543, 0.49998988688941726, 90224000000
-0.05120859375214011, 0.11999873271564299, 0.5001829143602672, 90229000000
-0.007432589370940228, 0.1937375414705633, 0.5000506160207141, 90234000000
-0.14297831809633466, -0.035158940145837696, 0.4999919450622786, 90239000000
-0.003844256250705296, 0.1874168084782755, 0.4998260537963786, 90244000000
-0.12473225870136007, -0.02292056669936694, 0.4998650500894856, 90249000000
-0.013131558922200137, 0.10158025066665953, 0.5000406019495397, 90254000000
-0.02194753870999734, 0.2073849252001991, 0.49990787446572016, 90259000000
-0.1382462511280125, -0.02985147392237769, 0.5003914887110369, 90264000000
-0.04875596991798391, 0.08483684766298556, 0.4999311589944529, 90269000000
0.00362081692094041, 0.1734642157270283, 0.4997270601045423, 90274000000
-0.11498998105363943, -0.008040230035319024, 0.49977472708595533, 90279000000
-0.051392923684716776, 0.12223677271939551, 0.5002154604027591, 90284000000
-0.007693937318274242, 0.16796402357423745, 0.4995736980564753, 90289000000
-0.10825480984768321, -0.012110321167395173, 0.5001048647955423, 90294000000
-0.06539651502667855, 0.10705301860832041, 0.5003095113859422, 90299000000
-0.043283539989822706, 0.07561416484532335, 0.49976251653726256, 90304000000
-0.08641860612631333, 0.0669801416259845, 0.49986005450564974, 90309000000
0.005214062784526621, 0.1710768982520012, 0.5003111892584684, 90314000000
-0.10812539935700446, 0.012701872023820674, 0.4998516538173633, 90319000000
-0.06439214431928081, 0.09783810537296381, 0.5001727234577328, 90324000000
-0.09386070138502531, 0.08185778642149104, 0.4999842820781867, 90329000000
-0.05088231187628646, 0.09328037353866409, 0.4999193890786855, 90334000000
-0.08287616084232177, 0.08836216220453674, 0.49963589816119497, 90339000000
-0.04939077219315699, 0.07558506132863459, 0.49982441157947194, 90344000000
0.014027482533884758, 0.15243908993204952, 0.5000571953644398, 90349000000
-0.11521646564635593, 0.02962151430187953, 0.4996499989447337, 90354000000
-0.054616818164373235, 0.09388197479406614, 0.5002536651733297, 90359000000
-0.04448045800199031, 0.16798541362339894, 0.4999359188433526, 90364000000
-0.1250368922455474, -0.0359288037938888, 0.4997780868491275, 90369000000
-0.05050963980215338, 0.10820104968324311, 0.5003335307490457, 90374000000
-0.03443108592990129, 0.1807411636801493, 0.4999959859862079, 90379000000
-0.12633053309661996, -0.04205673897038191, 0.49973962772654856, 90384000000
-0.04365152659729173, 0.0986366289660699, 0.499961883114199, 90389000000
0.0009056685131360025, 0.16545657962014987, 0.49997320850810756, 90394000000
-0.11549378581047931, 0.00103137651491742, 0.49989784181594515, 90399000000
-0.06294946524780234, 0.09942709762970048, 0.49967746270940194, 90404000000
-0.014837676633973753, 0.1552463253784055, 0.5001289085504942, 90410000000
-0.12642322264884143, -0.061580595241218096, 0.4999110203494356, 90415000000
-0.060110413519951666, 0.13181837258272924, 0.49962544904764555, 90420000000
-0.006857443972587165, 0.15860816973661798, 0.49990152303816554, 90425000000
-0.10522443290150311, 0.0191453577027888, 0.49992552824487824, 90430000000
-0.03939282774648287, 0.10708220988550983, 0.5001092145756859, 90435000000
-0.021164025742442288, 0.15739734808124348, 0.4998290486814934, 90440000000
-0.07890180115932185, -0.01720224787267552, 0.5001126925019118, 90445000000
-0.06639022548819755, 0.09771012241031145, 0.49988321742104175, 90450000000
-0.09122607547824498, 0.07153911941745685, 0.4996844111037842, 90455000000
-0.035871610139860004, 0.07036178551335412, 0.4997743297683161, 90460000000
-0.06252629395291986, 0.06307229816871177, 0.49944369580308734, 90465000000
-0.04410599620065665, 0.09151527836226478, 0.49999891786368306, 90470000000
-0.04167869502941908, 0.09503175740666224, 0.4999229453965669, 90475000000
-0.0756088947409129, 0.0727711711843561, 0.4994977594406433, 90480000000
-0.06617468982393679, 0.08473637699659009, 0.500121433903523, 90485000000
-0.04460524319588839, 0.12473773831493075, 0.4997106313635334, 90490000000
-0.06057440585196377, 0.08699467188248577, 0.49988767543136575, 90495000000
-0.023597794691281454, 0.1632058274067224, 0.49982272005038336, 90500000000
-0.09372699647959017, 0.029676226460261, 0.4996305367684872, 90505000000
-0.04864091532765869, 0.09255715697170314, 0.5000245204623082, 90510000000
-0.05631171530311768, 0.07418735499614251, 0.5001464276534942, 90515000000
0.01645651844357854, 0.24088264787923486, 0.49964916647982743, 90520000000
-0.06790702771257522, -0.006386264965269978, 0.5001375365684552, 90525000000
-0.06420651270395664, 0.10928163114426674, 0.4992541270222875, 90530000000
0.003397809927506867, 0.19329096844257895, 0.4997379516155851, 90535000000
-0.07943340161880612, -0.004538250108470256, 0.4997053469536296, 90540000000
-0.0482318695909464, 0.0790582558373025, 0.5000646519119766, 90545000000
-0.007397434903703405, 0.17111594567242544, 0.5002249850726475, 90550000000
-0.1307441656534576, 0.005241459697285554, 0.49969913509067776, 90555000000
-0.06752204278132093, 0.10810901108616745, 0.5003767249181045, 90560000000
-0.02187606032677486, 0.16678251181345619, 0.4998104476484589, 90565000000
-0.08781597221297527, 0.026709209670885303, 0.49992174034827164, 90570000000
-0.030005604495751566, 0.16462587428986747, 0.5002033740785071, 90575000000
-0.0982019164737199, 0.019096904173428644, 0.49964555529500526, 90580000000
-0.052811219779436556, 0.08676616558887654, 0.499916404757297, 90585000000
-0.007681068148061552, 0.18493847361608928, 0.49967933818162225, 90590000000
-0.1204069662636743, 0.004350408966251332, 0.5002355282083194, 90595000000
-0.02859547142869803, 0.17466097576210526, 0.4998381445914978, 90600000000
-0.08918951237903071, 0.01577365220657193, 0.5000327475967532, 90605000000
-0.07337684539859086, 0.11479583474354015, 0.4997982141497429, 90610000000
-0.0033934787719046306, 0.14396343055868902, 0.5001790930028563, 90615000000
-0.12346523711570662, -0.008836909625811799, 0.49992299177894395, 90620000000
-0.08200494809124631, 0.09818605719861016, 0.5001679098191953, 90625000000
-0.03272461366071649, 0.1088435036318609, 0.4994397112172919, 90630000000
-0.06814234262142445, 0.07657148606367131, 0.5003117466169581, 90635000000
0.009266683506083402, 0.18209205630059783, 0.5002262397248672, 90640000000
-0.09493537842320773, 0.034455493926874074, 0.4998126619910439, 90645000000
-0.06743423079579534, 0.07273921008939967, 0.4999761090941055, 90650000000
0.053515669755347384, 0.1892813282467598, 0.49969483191204156, 90655000000
-0.11890165893323466, -0.02934158741721622, 0.5001886680440782, 90660000000
-0.06418227318059185, 0.08650416357976286, 0.5000559143263946, 90665000000
-0.0017714214516303898, 0.1924999238742722, 0.5000748364745538, 90670000000
-0.125095905647143, -0.023007174306812164, 0.5003522196951565, 90675000000
-0.008409246791165458, 0.17471744572889872, 0.4998962418514685, 90680000000
-0.11390742191198558, 0.011681296571816765, 0.4994372548994446, 90685000000
-0.0839924737680581, 0.08709881319033917, 0.49994487880061517, 90690000000
-0.01971490259534954, 0.1948184690981032, 0.49952200700193955, 90695000000
-0.13625610843291747, -0.029058907852090338, 0.5000417950883543, 90700000000
-0.06884441593211885, 0.12062600038364128, 0.5001057602327703, 90705000000
0.028373738538442616, 0.21427715921033838, 0.4998805688188089, 90710000000
-0.08655201024248833, 0.03482546084250004, 0.5000111502430209, 90715000000
-0.05225462515051392, 0.1017210423313029, 0.5002276442797294, 90720000000
-0.0016163935854348987, 0.1956881744936883, 0.49988770102175734, 90725000000
-0.09373617561852833, -0.043923809542282366, 0.4997547478605445, 90730000000
-0.08585555615274365, 0.08745815456842625, 0.49984858642382224, 90735000000
-0.00945944800123231, 0.22489052926565467, 0.4997340938254052, 90740000000
-0.10286640167831214, -0.015752388875448997, 0.49983871121070894, 90745000000
-0.04963661081483214, 0.09437812134215362, 0.5000162378326312, 90750000000
0.005319783817687689, 0.16639765209608065, 0.5004514778518357, 90755000000
-0.1507728762825043, -0.0029708100627521307, 0.49963716932496943, 90760000000
-0.01487658353550083, 0.1892475487316294, 0.4999567172400421, 90765000000
-0.08752385713645827, 0.0413499164477237, 0.49984522196449693, 90770000000
-0.06554993782666535, 0.10489133473454791, 0.5004345206391912, 90775000000
0.0036777894211989497, 0.19679921083439902, 0.5002963442919358, 90780000000
-0.14014033021937386, -0.0012148679087144384, 0.500002812342752, 90785000000
-0.02636998268978035, 0.14763959112748337, 0.49969513972732144, 90790000000
-0.03970803771269201, 0.10172457784627298, 0.4998305496435636, 90795000000
-0.12081268548788736, -0.014139520159287551, 0.500220456718637, 90800000000
0.011311501642143906, 0.18271673420426315, 0.49989554238854045, 90805000000
-0.10534416479383336, 0.013826527018319951, 0.4995490104170245, 90810000000
-0.06655436622931926, 0.09714044285452955, 0.499867473830512, 90815000000
-0.04789799742746756, 0.2163727387991809, 0.49999607002130686, 90820000000
-0.11244975704194081, 0.0012395613416389117, 0.49991422404666336, 90825000000
-0.06341121080301773, 0.08178712018033685, 0.49957693985731494, 90830000000
0.014825048486296665, 0.21079907832282885, 0.5000606443079282, 90835000000
-0.104737164631434, 0.016219743835178144, 0.4999108523929587, 90840000000
-0.05612442565706354, 0.09544897605925888, 0.5004362125563095, 90845000000
0.014246905038225162, 0.2059861109433239, 0.5000853787198576, 90850000000
-0.10492008566078408, -0.02594084725822775, 0.4998270215931655, 90855000000
-0.04157804135376069, 0.08296581359558525, 0.500245842980122, 90860000000
-0.02077726825569285, 0.18579956571639217, 0.5001596928013213, 90865000000
-0.13673721319261398, -0.012254378974827965, 0.49967513472175346, 90870000000
-0.04022044468003419, 0.0708242413315018, 0.4998737562076203, 90875000000
-0.017694067665460632, 0.16377499476435003, 0.5000136841851893, 90880000000
-0.10140626986588734, 0.012893972358219378, 0.5001037244073994, 90885000000
-0.040126583565939074, 0.08340621446686909, 0.4998176219885521, 90890000000
0.0063403983230756085, 0.17745219862317918, 0.5002045943644484, 90895000000
-0.08989386676317031, 0.013047259190020205, 0.4999333384924647, 90900000000
-0.04079185786958725, 0.1035244970616905, 0.5001480620535446, 90905000000
0.004820192017558993, 0.15980685587879134, 0.5003111034036344, 90910000000
-0.091588732758173, 0.024775361076062433, 0.4996420929681475, 90915000000
-0.07296589570303046, 0.10925676582543227, 0.4999821979918435, 90920000000
0.006715630154260967, 0.21293937402914093, 0.49986335075634253, 90925000000
-0.08349629503436388, 0.015647458290581038, 0.49990385460669623, 90930000000
-0.036442418690788514, 0.09503124921473613, 0.4998141682175668, 90935000000
-0.06660094366302896, 0.08137248480594558, 0.4999745498821559, 90940000000
-0.05323197911541349, 0.09353134850216545, 0.4997607874553836, 90945000000
-0.07056054699476891, 0.08605951964377084, 0.5003206570478788, 90950000000
-0.03293335097132563, 0.07715030516017117, 0.5001960883060417, 90955000000
-0.053753328911489706, 0.1029723708290481, 0.4997405665434933, 90960000000
-0.0642957366636686, 0.059532443574713594, 0.4999227235495078, 90965000000
-0.053495344296811645, 0.1262630055676045, 0.4998671495471352, 90970000000
-0.0028446384879843873, 0.16264897134194167, 0.49964778577943064, 90975000000
-0.132170111198369, -0.03342067663531357, 0.49999358668732113, 90980000000
-0.02193004877246297, 0.084722553463589, 0.5002814700029979, 90985000000
-0.028450141317307758, 0.09846575606322841, 0.5001766455780478, 90990000000
-0.038337627820473424, 0.10630721199748987, 0.4997784313970317, 90995000000
-0.06415555148377941, 0.09574287802325475, 0.4998706823690331, 91000000000
-0.03209657348096931, 0.0944988542615928, 0.49985461693399774, 91005000000
-0.0022435138410760217, 0.1459597108554138, 0.4997621121785366, 91010000000
-0.11016615649749313, -0.021829439778305017, 0.49966279746321424, 91015000000
-0.016015908874896255, 0.08068131177188838, 0.4999211112707921, 91020000000
-0.015262318682879548, 0.15170086844349542, 0.5002555077573569, 91025000000
-0.1442478854659422, -0.05243860932252688, 0.49988144194256395, 91030000000
-0.057266793698043925, 0.11137677142150608, 0.5000634184084708, 91035000000
-0.040407094574053226, 0.09842455247666224, 0.4999197869051341, 91040000000
-0.044779644449475416, 0.1230997528665976, 0.4996834918654746, 91045000000
-0.11110854185702121, 0.06784805409400171, 0.49986101035694025, 91050000000
-0.04526323738641328, 0.11180333563456768, 0.5001499027409816, 91055000000
0.012412960662784836, 0.15773487714325712, 0.4999765839140453, 91060000000
-0.11417767616930366, -0.005946807765746434, 0.4998328709991276, 91065000000
-0.05988968172133574, 0.10153814393596744, 0.4999084750870933, 91070000000
0.009488369644091535, 0.1426494479085461, 0.4997908270451669, 91075000000
-0.0909399966452181, 0.018739350116238552, 0.5000657547910072, 91080000000
-0.06309750486609475, 0.11670368950069296, 0.49970710386639294, 91085000000
-0.015625593145455217, 0.19676976006360397, 0.5002608059962032, 91090000000
-0.13056409096695828, 0.03472652195917185, 0.49984883812243935, 91095000000
-0.05021039641184108, 0.09737771534853695, 0.49978304419805725, 91100000000
0.014697601073340776, 0.14262489566490663, 0.5001645375861978, 91105000000
-0.10496107756966672, -0.01582722135115238, 0.5000088187156803, 91110000000
-0.0948397937372831, 0.09535729066138145, 0.4998363770598931, 91115000000
0.0007012139893013258, 0.18036256542472143, 0.49981972759762827, 91120000000
-0.13191759728781025, -0.0007139710865448796, 0.4997125942632764, 91125000000
-0.061149614443293455, 0.09192695597866149, 0.49962773841426034, 91130000000
0.001590276318074262, 0.1645039609672732, 0.5001196673531274, 91135000000
-0.10477331127646541, -0.005836262924126617, 0.4999652505392484, 91140000000
-0.04217808455581698, 0.08608164666462716, 0.4999425737508389, 91145000000
-0.027490312419090873, 0.16498970212071232, 0.49942120693871694, 91150000000
-0.08231933208661325, 0.002307128611462602, 0.4993849778847976, 91155000000
-0.06661032960893377, 0.13893818851040238, 0.5002505144993117, 91160000000
-0.03299709126981441, 0.08284611037940957, 0.4998667901496744, 91165000000
-0.05535310255548752, 0.06389769140538176, 0.4998259049633814, 91170000000
0.0071752642453021855, 0.1628688967415116, 0.4996329248203617, 91175000000
-0.10047642343567847, -0.00686912729904357, 0.49983921292877076, 91180000000
-0.04246277126800973, 0.11872166813764132, 0.5000054016331689, 91185000000
-0.0721302547144118, 0.10742675262194464, 0.499622186012936, 91190000000
-0.0534531754880825, 0.11035422763769445, 0.4999843500423495, 91195000000
0.002409468511199616, 0.1925448413445856, 0.4996738573001134, 91200000000
-0.13871740923332057, -0.013159983007622167, 0.499800320921185, 91205000000
-0.04669166420528109, 0.1689602953839937, 0.4998999865450661, 91210000000
-0.06386142240617235, -0.00011480119564115376, 0.4999590527439532, 91215000000
-0.07272101097060524, 0.09067942167401162, 0.4998354017009394, 91220000000
0.056910789880687616, 0.17370188094374642, 0.49981630079388467, 91225000000
-0.13022529428800528, -0.02778810527433622, 0.4993649003218125, 91230000000
-0.07403974703767673, 0.07569794457705173, 0.4999803903803815, 91235000000
-0.04082446635843183, 0.1809130186555394, 0.5001562550650444, 91240000000
-0.08723365176641634, -0.015475518330042862, 0.5000814857893303, 91245000000
-0.03253611980955607, 0.10339901605756666, 0.4999399669365434, 91250000000
0.0035249139901575577, 0.18748058098505146, 0.4998044277399972, 91255000000
-0.08293786626713018, -0.03194679596338345, 0.499995204245373, 91260000000
0.018274185946792934, 0.20340130914119606, 0.5000494642061156, 91265000000
-0.11842328840203248, 0.018460106898203942, 0.4994087257476096, 91270000000
-0.0724946384049775, 0.08928101335850483, 0.49980109341911727, 91275000000
0.01091096151940905, 0.16198882506168155, 0.49976318569947276, 91280000000
-0.11960240208756676, -0.03383063803909688, 0.5000394159078311, 91285000000
-0.019710797331311335, 0.11188113174723086, 0.4999642050984425, 91290000000
0.010776556988705709, 0.15432630905735778, 0.4999304452092152, 91295000000
-0.07028469213175662, -0.006223667478364513, 0.49999295295703067, 91300000000
-0.07262249631451145, 0.08826758163646763, 0.5000892245054673, 91305000000
0.00044582832454005596, 0.1874497865788818, 0.4995535392450189, 91310000000
-0.11354504368387018, 0.012833593657444114, 0.5001342546320899, 91315000000
0.006590911337650137, 0.18479925429241545, 0.4997680826503325, 91320000000
-0.11448392838485506, -0.014024868047157465, 0.5001335990758375, 91325000000
-0.06545502224171298, 0.0746675985751038, 0.5002309935720304, 91330000000
-0.009190140853597845, 0.21995866001366654, 0.4999421610839281, 91335000000
-0.07211551909107373, 0.02460596994849881, 0.4996953299943472, 91341000000
-9.0105711003945e-05, 0.18471833933395782, 0.5002815394688541, 91346000000
-0.13192354628092606, 0.027939557804164614, 0.5000879055467256, 91351000000
-0.05925105857114135, 0.06203654049414681, 0.5000470893175488, 91356000000
-0.009347320596802204, 0.199443044939977, 0.49996628223500567, 91361000000
-0.10560461285115202, -0.020569895663909453, 0.49968954370604496, 91366000000
-0.050793878312437146, 0.09758239402942995, 0.49967907959371854, 91371000000
0.02421431961781535, 0.16534237550534192, 0.4996297231825096, 91376000000
-0.1445855252158443, -0.01307610935882203, 0.500064821465497, 91381000000
-0.035740359468485465, 0.10948575392095834, 0.49966775708553657, 91386000000
-0.02502966385401785, 0.17724921317062553, 0.49994938733556643, 91391000000
-0.0976435628122808, 0.01029056650208825, 0.5000986758293394, 91396000000
-0.0720249270116502, 0.10590120581740435, 0.5001809356303076, 91401000000
-0.019075958258113784, 0.1492114776458025, 0.49990137374534355, 91406000000
-0.13529041168970382, 0.0024770862388585994, 0.4999203590062906, 91411000000
-0.04923500722429039, 0.09353598231046964, 0.4997603945214908, 91416000000
0.008723601721753238, 0.18986466786807057, 0.5000044902724586, 91421000000
-0.08875747320637145, 0.024261023377072758, 0.5001270375589085, 91426000000
-0.05273455470775419, 0.10465888284825672, 0.500047705293746, 91431000000
-0.024170779439759323, 0.17679729399658312, 0.49999649294637055, 91436000000
-0.10193452234666596, 0.0001210882495451546, 0.49979041907056293, 91441000000
0.008587340157841747, 0.18105797033503052, 0.5004815153599903, 91446000000
-0.09128557792899601, -0.007987251925731145, 0.499751419000684, 91451000000
-0.09978241059883801, 0.0945589623446059, 0.5001056013407219, 91456000000
0.016370293615761696, 0.19080718804658583, 0.49994094774329956, 91461000000
-0.12390250947027663, -0.00592947270465426, 0.5001129594156911, 91466000000
-0.0770331184613382, 0.06885306402083684, 0.4999054364335166, 91471000000
-0.0065333869960037885, 0.16663572884957856, 0.4993083698827433, 91476000000
-0.10911821301358648, -0.021553447885519793, 0.5003273307529081, 91481000000
-0.042346729532188376, 0.12467308915595252, 0.5000524784934359, 91486000000
-0.05931847036430482, 0.086928564131632, 0.4999152168848369, 91491000000
-0.05930587597599387, 0.09682369580854243, 0.5000309713538045, 91496000000
-0.031180958129814716, 0.17978225302958573, 0.4998661976613405, 91501000000
-0.11221580462810939, 0.0259279835700242, 0.4997752749798217, 91506000000
-0.0696163371068903, 0.08250766563194685, 0.49993224061599434, 91511000000
-0.020334411419565244, 0.18833267319638083, 0.49997721491622305, 91516000000
-0.13380448131147651, -0.02601008485527414, 0.4997614748838563, 91521000000
-0.075847350956467, 0.11255770316453836, 0.49969001316603534, 91526000000
0.018038700884790208, 0.1648346461852459, 0.5000541929232142, 91531000000
-0.09910381411787615, -0.00011298552098660186, 0.4999148254164001, 91536000000
-0.05006872877174474, 0.07668855966265573, 0.499785691091749, 91541000000
-0.0016026037850429362, 0.14730379382178413, 0.5000861667123315, 91546000000
-0.08832406844140527, -0.0044876246930827535, 0.4999293700228931, 91551000000
-0.0689178098093946, 0.07005631843770144, 0.5000189183528919, 91556000000
-0.004763611019127173, 0.1819947148730106, 0.5000271862553729, 91561000000
-0.11509318338556186, -0.015532515395346256, 0.499856205878489, 91566000000
-0.03443503588266115, 0.06983544130338784, 0.5000053217255717, 91571000000
-0.0709542649336997, 0.11381354434285332, 0.4999038076714709, 91576000000
-0.04594947305006263, 0.07629294137224717, 0.49953433164643035, 91581000000
-0.039487130253351745, 0.08143265129904921, 0.4999981913896339, 91586000000
-0.023143417579290275, 0.18712710121977566, 0.5001647764032843, 91591000000
-0.09195943801678079, -0.02216681390928312, 0.4995875839341145, 91596000000
-0.0596694340736887, 0.06745899723403484, 0.5002191158731166, 91601000000
-0.028155741430591782, 0.1666894863401521, 0.49985300284000106, 91606000000
-0.08987579268978288, 0.02766793795212116, 0.4998915007979365, 91611000000
-0.04989624613755728, 0.07537417572655714, 0.4996730896255298, 91616000000
-0.012244681061092406, 0.17943320013153533, 0.4997449876183096, 91621000000
-0.08901248599157272, -0.02945005160338013, 0.49977828463226476, 91626000000
-0.06899483015414067, 0.09160794594873092, 0.5000688955774242, 91631000000
-0.02127138569889656, 0.13932057783682839, 0.500338929003695, 91636000000
-0.08770422638991378, -0.009302716875760291, 0.4999440872752013, 91641000000
-0.07319664252992787, 0.106021821845489, 0.4998046462033706, 91646000000
0.027969221017275236, 0.1866720860509409, 0.5000723806454459, 91651000000
-0.07899635135592636, -0.017769536865270667, 0.5002649591968286, 91656000000
-0.09315391464638495, 0.07881592260557464, 0.4997535280403375, 91661000000
-0.021363234775916232, 0.156109470276272, 0.5001959708088572, 91666000000
-0.11152543850948998, 0.008593379204020486, 0.4999359657079856, 91671000000
-0.026823107444325242, 0.08249074854674561, 0.49979199505115657, 91676000000
-0.0026371683252024783, 0.18144179224107393, 0.49998499061125395, 91681000000
-0.12212014354690169, 0.0032876426004650808, 0.49964263142733767, 91686000000
-0.06702814483150686, 0.075338265585356, 0.4997764845844682, 91691000000
-0.0016068488501016847, 0.16481669479973843, 0.4995923690108609, 91696000000
-0.0947683548477252, -0.036310084915389784, 0.5000974710609127, 91701000000
-0.05688675607124098, 0.11210514107420065, 0.5005056757964371, 91706000000
0.009837402925361189, 0.18030051138489436, 0.4995904028135732, 91711000000
-0.10095575115780987, -0.0021672331898087934, 0.49972293308053434, 91716000000
-0.06115019208740828, 0.11883774395272521, 0.49958532446851417, 91721000000
-0.017704555278350794, 0.08293250144754619, 0.500017414793413, 91726000000
-0.08759149074794187, 0.08302986001488394, 0.50002133470877, 91731000000
0.010242770131205135, 0.1299844636737582, 0.49967133022119764, 91736000000
-0.1046139298848108, -0.011008693715290212, 0.4999157913018408, 91741000000
-0.039325842151682944, 0.09612721573140783, 0.49958639766651486, 91746000000
-0.011227262930075638, 0.2088638193981661, 0.4995851355440004, 91751000000
-0.11329232795968218, -0.013455851041160063, 0.4998897071390142, 91756000000
-0.02205127927235286, 0.1949813382794974, 0.49993159412949045, 91761000000
-0.11232355755383276, 0.012078819463346605, 0.49976035650036355, 91766000000
-0.08283852152204722, 0.11486060775519163, 0.4995664796696039, 91771000000
0.024543302311677066, 0.14140646385284555, 0.49965920429279087, 91776000000
-0.11458555370550672, -0.0012603009660767696, 0.4996457742722982, 91781000000
-0.013019839522932543, 0.09783800670195512, 0.4999927060338194, 91786000000
-0.016137278255895532, 0.17481265999812545, 0.4998592831967673, 91791000000
-0.12383932776140359, -0.04467050473047711, 0.4996520405348833, 91796000000
-0.07205526218782185, 0.10190718235580756, 0.5000110160807673, 91801000000
0.03467981100350495, 0.12265765973617815, 0.500070065457723, 91806000000
-0.10821664456152434, -0.019073396533457077, 0.5004112804366023, 91811000000
-0.08243651899706919, 0.10505011752528544, 0.4999277738341188, 91816000000
0.006721661472059619, 0.18334641445951644, 0.5001186799437426, 91821000000
-0.10585818163737831, -0.01948408733143549, 0.49996289173820496, 91826000000
-0.06140407646836212, 0.10802583277601036, 0.5002426064305764, 91831000000
0.022449553678888734, 0.15611796024882954, 0.4996152122606334, 91836000000
-0.08032577234024574, 0.013300639533223819, 0.5001977216064171, 91841000000
0.007712669510292369, 0.19396838485440598, 0.49984280540082454, 91846000000
-0.09619125789590459, 0.005868527742301115, 0.4998870438641779, 91851000000
-0.0764060268039844, 0.10092905540360277, 0.4999593688982788, 91856000000
-0.015136835392566378, 0.1951824920645259, 0.4998610462453672, 91861000000
-0.1330422046726227, -0.028298018074110552, 0.5001523049022676, 91866000000
-0.05926225912424202, 0.10574894219714417, 0.5000072169653267, 91871000000
0.02629193663796101, 0.16567596822535616, 0.4997719322422556, 91876000000
-0.14242949673466598, 0.0009323410692097626, 0.4995387849989366, 91881000000
-0.06484234384372102, 0.10000765383171123, 0.5004089571223559, 91886000000
0.019029758579782202, 0.1947627894377852, 0.49976017076296114, 91891000000
-0.116830639838914, 0.001734438662902571, 0.4996755254728091, 91896000000
-0.028774217395154143, 0.16368422783560427, 0.5000517175040273, 91901000000
-0.10389593378210353, 0.0002881249091171989, 0.4997913980382407, 91906000000
-0.0805051798859773, 0.07972956436941166, 0.5001364744927576, 91911000000
0.012002063529056545, 0.21710852572148048, 0.4999956024020565, 91916000000
-0.1265972614357907, -0.014977353228000242, 0.49978521014373073, 91921000000
-0.06422607973058699, 0.06917336757096837, 0.500024044837104, 91926000000
0.006698713564894911, 0.17125328264422418, 0.49997898357118914, 91931000000
-0.09740566955097268, -0.03949538183128658, 0.4998278467555788, 91936000000
-0.07684163049541584, 0.05193379955778516, 0.4999898309224935, 91941000000
-0.03083262048474714, 0.12284605359738424, 0.4998548640873751, 91946000000
-0.07659706913515227, 0.09655063453366189, 0.5000768990866039, 91951000000
0.030700384388198224, 0.20502150965999696, 0.49971928422632944, 91956000000
-0.1134865418800835, -0.032065402574989826, 0.4997778899543447, 91961000000
-0.053641141660362136, 0.11211215126633362, 0.4997515907989613, 91966000000
-0.07030768202058708, 0.08766693997127135, 0.4996444158228748, 91971000000
-0.05480138745191372, 0.08531551542134441, 0.4998033085591277, 91976000000
0.01071830173477086, 0.1983914605505462, 0.49976620115469583, 91981000000
-0.08873816103256187, 0.00448355380526908, 0.5000000765903863, 91986000000
-0.05858182294044613, 0.09761700798531373, 0.4999342474585124, 91991000000
0.005646676929488931, 0.17521180080767085, 0.4994228980626445, 91996000000
-0.1202762806426379, 0.001802597311266597, 0.4998408707966004, 92001000000
-0.04687052265123852, 0.09632229996129517, 0.4998580931536964, 92006000000
-0.04215486992587746, 0.08522135444372897, 0.49996266565359604, 92011000000
-0.055939818654497826, 0.07459551158120484, 0.5004387588537059, 92016000000
-0.050186568578847485, 0.10573060928149178, 0.49998174578398963, 92021000000
-0.050614333069357434, 0.07067939576687791, 0.499816302227151, 92026000000
-0.032883311397012505, 0.06994678983410765, 0.49998451777245134, 92031000000
-0.019250701698089463, 0.18832296509390337, 0.4999400896535294, 92036000000
-0.09748637903949382, -0.028177890496750586, 0.499583110968226, 92041000000
-0.06439485564806875, 0.04484123502867204, 0.5000540427772678, 92046000000
-0.005547375848548919, 0.07699044259465879, 0.49986797753643153, 92051000000
-0.0004273360878074867, 0.15247896583555354, 0.49979935587891383, 92056000000
-0.14456252675629902, 0.011500320559452645, 0.49970722106009835, 92061000000
-0.058904315067239886, 0.09869580824540888, 0.5001417764568681, 92066000000
-0.010496513966940587, 0.1866962659356857, 0.500038780276236, 92071000000
-0.1094006170088148, -0.025081536090959144, 0.5001293073561682, 92076000000
-0.0289662037163619, 0.1568703124378221, 0.49987827147157576, 92081000000
-0.08608439900843472, 0.0009667344070630377, 0.5000603169538785, 92086000000
-0.08835109807235869, 0.08380308116949484, 0.4999170660005029, 92091000000
-1.8922863138013204e-05, 0.18839743215984203, 0.4995687362476629, 92096000000
-0.12187253870900659, -0.03419263846451738, 0.5000995677669597, 92101000000
-0.05422948619018126, 0.09480398594535544, 0.4998716904170221, 92106000000
0.00012152727828053573, 0.17754331268407844, 0.4996090865775932, 92111000000
-0.1256523824336884, -0.06383227969922116, 0.4999331610489375, 92116000000
-0.05419203750439559, 0.09272406685246407, 0.49996105771418464, 92121000000
0.00644242364062452, 0.1611760954925866, 0.4996495862909993, 92126000000
-0.12202203281235235, -0.010926966338086909, 0.49995387602986746, 92131000000
-0.03857365601503252, 0.09593252567706383, 0.5002812959093983, 92136000000
-0.05323654480885259, 0.06881983131632514, 0.49956892003458114, 92141000000
-0.054872475682020166, 0.10180881576937788, 0.4999513702393182, 92146000000
-0.022155719677634078, 0.16089712454465685, 0.49977147288119034, 92151000000
-0.09532600497966995, -0.0359146138349976, 0.49964180964425897, 92156000000
-0.02951516752146933, 0.1259812351992498, 0.500048121029311, 92161000000
0.0016106106200121234, 0.14423055962431672, 0.5003140200627014, 92166000000
-0.10973226964179052, 0.0023739792058266604, 0.49948220834355883, 92171000000
-0.05508354962282564, 0.08954862520248258, 0.5001090370973532, 92176000000
0.014212415909645136, 0.17514252083361878, 0.4997608706418233, 92181000000
-0.0970544227952391, -0.013030700238686244, 0.4996969062159284, 92186000000
-0.031035766363142068, 0.07495649481731459, 0.5000330173957627, 92191000000
0.012895436517142747, 0.16714864405101876, 0.5000219113698458, 92196000000
-0.1045926789194375, 0.001689648798104515, 0.49969540034676785, 92201000000
-0.058496657547886924, 0.08643966917209825, 0.499869417172297, 92206000000
-0.030473279185393595, 0.169809040808082, 0.4999904255019581, 92211000000
-0.11597565316582527, -0.027486510686266622, 0.5001330024203566, 92216000000
-0.032666316133464046, 0.06363911333241376, 0.4995115248685951, 92221000000
-0.040777542711620166, 0.07183775190040696, 0.49950420833131254, 92226000000
-0.07190838611483268, 0.06692401243529233, 0.4999558631384454, 92231000000
-0.03193820734817469, 0.1808164998891494, 0.49965159478628174, 92236000000
-0.10836472033826688, 0.0034441142816797185, 0.5002860880031387, 92241000000
-0.10115077741498346, 0.10266203250156813, 0.4996134782555514, 92246000000
-0.0032062667558072997, 0.19747275031445513, 0.5000870856273733, 92251000000
-0.06472555345723682, 0.001453037520816769, 0.5001586648851479, 92256000000
-0.04542079970911482, 0.061206251169789394, 0.5001052964915733, 92261000000
-0.019586181492398866, 0.1611539344014204, 0.49997997354401946, 92266000000
-0.10615547454368084, 0.018231919684747213, 0.5003817491696582, 92271000000
-0.04169702408576591, 0.10165871282334503, 0.5002307773214858, 92276000000
-0.016431366665005026, 0.1755804890218269, 0.5000043580841521, 92281000000
-0.1335287259805583, -0.013646809075982615, 0.49966709546741805, 92286000000
-0.016079098060254954, 0.059756403820853614, 0.5000835607975176, 92291000000
-0.056130336219300955, 0.07962148582104701, 0.49971640926247146, 92296000000
-0.05164457572513077, 0.09324586015226394, 0.4999219521889487, 92301000000
-0.005664755505546691, 0.19068054152679123, 0.5001619467740901, 92306000000
-0.14467730638182702, -0.048818272865315156, 0.49968301433915513, 92311000000
-0.04023916772735142, 0.05612716790547889, 0.5000600945279743, 92316000000
0.021117531334813887, 0.17475513887340455, 0.4999114845712492, 92321000000
-0.11008354088553969, -0.001429032317014839, 0.499725389747838, 92326000000
0.012590760049986962, 0.14607632830524522, 0.49985567173451134, 92331000000
-0.13495357815097328, 0.005044430893927813, 0.4996803827546406, 92336000000
-0.05264092346759349, 0.0833324278542225, 0.499836732689089, 92341000000
0.016469104750129266, 0.171688255073226, 0.4998438136336723, 92346000000
-0.1254938404825918, -0.003547068087999832, 0.500013503483766, 92351000000
-0.07520843307589736, 0.11272303820615294, 0.4997378135210481, 92356000000
-0.0665265706089734, 0.05807127182489704, 0.499680635665111, 92361000000
-0.07685321472338136, 0.11740295514156596, 0.49929348279927505, 92366000000
0.0014345170949738618, 0.18138079938592874, 0.49929774481934114, 92371000000
-0.1077537409747766, -0.014312648217478314, 0.4997946921668837, 92376000000
-0.03586969741577216, 0.08438910640264236, 0.5001257565162661, 92381000000
0.0063281104833590555, 0.17170865973627855, 0.49978351611794963, 92386000000
-0.10717529361431037, -0.022068728781075585, 0.50008809830774, 92391000000
-0.06303311260312487, 0.08713734210564272, 0.4997203787312846, 92396000000
-0.06340099976662857, 0.09901399530016099, 0.499839505847931, 92401000000
-0.073585311750242, 0.10293010755927605, 0.4997811663338569, 92406000000
-0.003643520739775674, 0.17514196636102589, 0.5000259036688512, 92411000000
-0.14487018011440939, -0.04997637207443442, 0.49980155379598373, 92416000000
-0.056303453106421396, 0.09798064058725692, 0.5003587903833902, 92421000000
-0.0024397142776435344, 0.2173676222205541, 0.49984821075408115, 92426000000
-0.10173279982128447, -0.012704856806842357, 0.5000131082765022, 92431000000
-0.03545521822567811, 0.09175101606184369, 0.4999970232635462, 92436000000
0.015023794205436033, 0.1910469016210385, 0.49961089869504244, 92441000000
-0.10256219171400303, -0.005846955459131333, 0.499842813576514, 92446000000
-0.048820907028197615, 0.08572085347393568, 0.5000177565033865, 92451000000
0.0106664187465825, 0.1870737759771213, 0.49984760858019495, 92456000000
-0.09296429362795203, -0.005747501850785212, 0.4999140330841651, 92461000000
-0.02136543902623533, 0.21397580589199883, 0.5002668396693802, 92466000000
-0.11892410628880326, 0.01617979403669868, 0.5002029471438701, 92471000000
-0.045065931685026865, 0.10483458586719632, 0.500136587081897, 92476000000
-0.012052379372117304, 0.16770334827168937, 0.4999580082024916, 92481000000
-0.12740882198594222, 0.00703494913870447, 0.5001603013588897, 92486000000
-0.014821663364580986, 0.14127879557585418, 0.49965479269007573, 92491000000
-0.08407940071282295, -0.01800692745872047, 0.4995059997828117, 92496000000
-0.05170778331263476, 0.09838783703705631, 0.49980833254968904, 92501000000
-0.07770946500346923, 0.09215764361706931, 0.49980956088111295, 92506000000
-0.06652712270262935, 0.08752982310667233, 0.4999468113064685, 92511000000
0.010940295572191438, 0.16496277766394518, 0.5001999228149029, 92516000000
-0.09041280368709344, -0.03429871262227577, 0.4997851014971227, 92521000000
0.012843507852470279, 0.19855587766134533, 0.4996240488960191, 92526000000
-0.12803040209304378, 0.00013987901559383122, 0.49990474772724003, 92531000000
-0.06841221361909479, 0.09680364385446906, 0.4996743102883434, 92536000000
0.01329072705412771, 0.1727912320067972, 0.4997696798313574, 92541000000
-0.1372404917298879, -0.009945405362843569, 0.5000273718040362, 92546000000
0.005020164442536541, 0.15090966011893905, 0.4995702390240508, 92551000000
-0.1500867688665556, -0.031248313508565728, 0.49996375109495444, 92556000000
-0.045617624068350744, 0.07006333381765191, 0.5000113574146624, 92561000000
-0.042395929776182166, 0.1260759120981847, 0.5002390504599158, 92566000000
-0.09312798494073472, 0.005189008250240238, 0.4998695707419532, 92571000000
-0.07893382097051418, 0.0811357617150424, 0.49992605821698666, 92576000000
-0.00908849046214405, 0.17044107564472555, 0.5000744565717902, 92581000000
-0.09526366918564788, -0.00041213375427617913, 0.4996875081053744, 92586000000
-0.0680755886802699, 0.08107683538737485, 0.49961254662579824, 92591000000
0.00688888539728139, 0.18340160265920172, 0.49977097894722233, 92596000000
-0.10952904335861899, -0.025955181052561206, 0.4999802925740172, 92601000000
0.04999361783835158, 0.1700607476144892, 0.4998803935458544, 92606000000
-0.11403506358070117, -0.027279229039356333, 0.4996575642900001, 92611000000
-0.05736172029269038, 0.1006721203191618, 0.49972445861557685, 92616000000
-0.007493540969481684, 0.16642917690279915, 0.5000331794591303, 92621000000
-0.10319559414208396, 0.008737411342120027, 0.5000749637751656, 92626000000
-0.07659176347259881, 0.10797990711261177, 0.4999705485120192, 92631000000
-0.032161561066339765, 0.1045200502964115, 0.5001821626811116, 92636000000
-0.0635143862170531, 0.09009025723214217, 0.5000666617641821, 92641000000
0.0007694651758904953, 0.18199541032453154, 0.4999075700849644, 92646000000
-0.10628940242422444, -0.0282609256937813, 0.4999161291044928, 92651000000
-0.04400732896205991, 0.09935208100485367, 0.49996115587091094, 92656000000
-0.022644716152353167, 0.21511836217003816, 0.4997833923845178, 92661000000
-0.11809327076283424, -0.012270392535085491, 0.49977484158750546, 92666000000
-0.010645628429247714, 0.16810753648431673, 0.4999017695884301, 92671000000
-0.11733044030738285, -0.001559565727795741, 0.4997261710906101, 92676000000
-0.05695091051384642, 0.06840442519381404, 0.4997435868704727, 92681000000
0.029032513888537323, 0.1887340098930783, 0.49958285939982544, 92686000000
-0.11456088680689645, -0.012671519752924083, 0.4999669475538723, 92691000000
-0.059609320959928484, 0.08543961499760962, 0.5002776308766015, 92696000000
0.02601697676065561, 0.2116187158875288, 0.4997843279958873, 92701000000
-0.12565014154735077, -0.010175730986420495, 0.500091216286112, 92706000000
-0.053537451905961035, 0.07941285635680757, 0.500205927500478, 92711000000
0.04391635616776826, 0.16435251802503903, 0.4996784681400573, 92716000000
-0.12052742801144327, -0.02310498288649436, 0.500217411682324, 92721000000
-0.0706249427097726, 0.09087187845939454, 0.5000479158550338, 92726000000
-0.04905926365209016, 0.11903600933557613, 0.49955685048604415, 92731000000
-0.06636321859452943, 0.046344066378276254, 0.5001077855831182, 92736000000
-0.017395279684703727, 0.14726115763429876, 0.4999749298120155, 92741000000
-0.0997860442044555, 0.015433362813127866, 0.4996108979975704, 92746000000
-0.06093231715461042, 0.058970868645967664, 0.4998163151545202, 92751000000
0.01719136627173962, 0.18029575291972244, 0.49987438444278814, 92756000000
-0.1464761271632334, -0.021019271300363494, 0.49984704964913323, 92761000000
-0.051798586840252944, 0.08347385600169324, 0.49969056888933344, 92766000000
0.04490972784193101, 0.16426740780041232, 0.4999137002520163, 92771000000
-0.08615884457416098, -0.02199734827955472, 0.4998710748019394, 92776000000
-0.06670647629243315, 0.09966963215397305, 0.4999357116470987, 92781000000
-0.03725478500044953, 0.15018768220757187, 0.4994191383408832, 92786000000
-0.11436152922821988, -0.009067291637564114, 0.49981766595886395, 92791000000
-0.019606985019117652, 0.18532843786497374, 0.49967219805019203, 92796000000
-0.09312653587816752, -0.04203292943469023, 0.49999682422207264, 92801000000
-0.024986053439991825, 0.10019515591333533, 0.500229766794673, 92806000000
-0.0420477540181865, 0.14361445374267873, 0.4995907159233547, 92812000000
-0.14205734109241097, -0.053915184917774014, 0.5001607775346276, 92817000000
-0.0663977263596771, 0.11792240559831058, 0.5001016880110488, 92822000000
-0.04432913063338369, 0.10173843049870518, 0.4997031900530693, 92827000000
-0.10512677361059143, 0.07358303669047504, 0.5002126709314971, 92832000000
0.013510820614193057, 0.16249759932380442, 0.5000559993317195, 92837000000
-0.09637862207889897, 0.004849337742837294, 0.4998537215271061, 92842000000
-0.046082252038720364, 0.09109890285982004, 0.5000855043002107, 92847000000
-0.028587997175298276, 0.1465015775138562, 0.4999139306532186, 92852000000
-0.11388209952063899, -0.009931273027988548, 0.4998590944302848, 92857000000
-0.08390654600575417, 0.08265534415640778, 0.49961024565951473, 92862000000
-0.06256402337961908, 0.0817880806913858, 0.49989811996956296, 92867000000
-0.06637211605947367, 0.10279160939779322, 0.4999039868686929, 92872000000
0.013204288507634228, 0.2014629479725547, 0.4994187492382798, 92877000000
-0.11603361585166636, -0.028844386483504035, 0.4998432654234184, 92882000000
-0.054209361861117154, 0.0845155273538377, 0.5000797151847618, 92887000000
-0.039753727769812494, 0.06966624547585448, 0.5001413135838202, 92893000000
-0.08957384151849411, 0.09727692219038071, 0.49991242714395007, 92898000000
0.00988420916357735, 0.1712290181334195, 0.49988987432490417, 92903000000
-0.14545608989053888, 0.02957321786060875, 0.49992641980793273, 92908000000
-0.06736342221323717, 0.07582111938466543, 0.5000124611355314, 92913000000
0.005311616425696392, 0.17967436016730573, 0.4996944738454299, 92918000000
-0.06828711237371056, 0.03198960809811482, 0.49975841130270604, 92924000000
0.015751498758576347, 0.20416991302075466, 0.49964971721676116, 92929000000
-0.09886748006360443, -0.009627470924328339, 0.4998318146037531, 92934000000
-0.08906598996228546, 0.10053011976882956, 0.5000435831288447, 92939000000
0.010098185458551871, 0.15781244124699212, 0.4994774124449742, 92944000000
-0.10410740020754522, 0.010240961105418733, 0.4999055978947971, 92949000000
-0.05481331766064486, 0.07952772151304868, 0.5002626935297474, 92954000000
-0.030117675683595184, 0.08569680540064521, 0.49997145181361274, 92959000000
-0.048923182919307126, 0.0513774789969564, 0.5000378737209371, 92964000000
0.005020001221429194, 0.17880314272936973, 0.49988134579053733, 92969000000
-0.08602913578201198, -0.01535043322245044, 0.5002394822443577, 92974000000
-0.03651620471439645, 0.10062791848893271, 0.49977545339762747, 92979000000
0.005182417925525609, 0.1833125980590692, 0.4997631419191512, 92984000000
-0.11288267359397498, -0.015303932907232594, 0.49978038632026905, 92989000000
-0.05503028879971155, 0.0903786184556099, 0.49959738798024617, 92994000000
-0.092542195128896, 0.07264331424690468, 0.5001126597392749, 92999000000
-0.08639670010879102, 0.08336256301339258, 0.5001473392072385, 93004000000
-0.0025558131666485774, 0.17546148685488178, 0.4996909629694241, 93009000000
-0.10953453125710384, 0.015105804259239373, 0.49970734253379834, 93014000000
-0.05592499953774017, 0.0993687482649147, 0.4998578962533252, 93019000000
0.016598443107872618, 0.19824314461134854, 0.499597074259865, 93024000000
-0.12011901449031226, 0.01051856763757147, 0.49965215880826985, 93029000000
-0.050790993209688565, 0.07949994969053174, 0.500067744486979, 93034000000
0.015902247274532773, 0.1851119774947718, 0.4999270909050842, 93039000000
-0.1219920834642019, -0.021705851962171473, 0.49974147377574063, 93044000000
-0.06992099379794489, 0.0941968590086143, 0.49998201659623526, 93049000000
-0.005417172305391379, 0.1917329290206339, 0.5001921957771543, 93054000000
-0.09986306529951788, 0.017589294360694837, 0.5000065532980603, 93059000000
-0.09186830891058227, 0.11132130189349132, 0.49984666510234826, 93064000000
-0.047293341115148414, 0.09435038643574784, 0.5001096446978467, 93069000000
-0.09788580582915404, 0.06887086094607468, 0.5001954926531234, 93075000000
-0.0022596191788966206, 0.2038355087072613, 0.49991478394847116, 93080000000
-0.12007939838531043, -0.022679877694299834, 0.4999008686751459, 93085000000
-0.02182964704517223, 0.17803040552371183, 0.49986948745498416, 93091000000
-0.11349058882353988, -0.030204909435780324, 0.49966681334963114, 93096000000
-0.07716022158346988, 0.09554838621820987, 0.49978263496868286, 93101000000
-0.024432356648384952, 0.08284939802754622, 0.5000408112225373, 93106000000
0.00608285435604918, 0.15306278354297245, 0.49962106418378216, 93111000000
-0.10015087490516723, -0.010576277873973998, 0.4999972955807701, 93116000000
-0.026726172337398865, 0.09121012112700237, 0.49988340902458883, 93121000000
-0.05659913549484945, 0.05698158622357541, 0.49969873518004176, 93126000000
-0.06615960544767674, 0.06421564757676415, 0.4999292027189775, 93131000000
0.003610610079631229, 0.16632457226355862, 0.4996280717376213, 93136000000
-0.09451033324776928, -0.012193129375015932, 0.4998564561827496, 93141000000
-0.05331893221250747, 0.08978941348330186, 0.49982064613551774, 93146000000
-0.0013164437195014316, 0.16572636365543167, 0.4998149165715064, 93151000000
-0.13692797716704844, 0.005403200414074445, 0.49989052996920524, 93156000000
-0.0019938561545325226, 0.18953633771264103, 0.5001484156881586, 93161000000
-0.07976150325180935, -0.014897340667103754, 0.49992979856237674, 93166000000
-0.04560023845169467, 0.0832784455753457, 0.5001318108277311, 93171000000
-0.009894845725069105, 0.1815612977146327, 0.49984352452410774, 93176000000
-0.12259383653863413, -0.042302476687481286, 0.4996599486798164, 93181000000
-0.06296330623503084, 0.0809529346719754, 0.5002938926961573, 93186000000
0.011821976247800745, 0.17080735899211127, 0.49990502534718884, 93191000000
-0.10223610596364448, -0.013298608857404012, 0.49975684832955275, 93196000000
-0.06385147146715585, 0.07170667147806403, 0.49986961705712446, 93201000000
-0.02083672537992242, 0.17582175161572292, 0.5001594074530724, 93206000000
-0.07273094067751792, -0.02640555840379518, 0.5002333833121043, 93211000000
-0.02656569178561318, 0.15144777185495287, 0.49997602529796104, 93217000000
-0.10816720841882528, -0.06249100532262232, 0.4999413967874196, 93222000000
-0.03174576895621825, 0.08315664306428745, 0.4999913177627531, 93227000000
0.010760824402718725, 0.17248312089042042, 0.5000367054860393, 93232000000
-0.10832170129282592, -0.002634348823011296, 0.5000923535503993, 93237000000
-0.0518143037683314, 0.07870962734117155, 0.5000137414687126, 93242000000
-0.0005664494487679948, 0.1481177717029348, 0.49944132339093367, 93247000000
-0.09632040362777675, 0.014869612852592529, 0.4997257431459797, 93252000000
-0.06499913532479569, 0.0760024301597236, 0.5003039687472228, 93257000000
-0.04465004957651464, 0.07126526296312113, 0.4998442762203717, 93262000000
-0.041267357640609896, 0.09164159208218726, 0.4996913163298313, 93267000000
0.005176932505087691, 0.2172310119339942, 0.4998438976700521, 93272000000
-0.10736787476823186, -0.011585542499953996, 0.5000044224458285, 93277000000
-0.056034660164314506, 0.08012146056865407, 0.49993081846784515, 93282000000
-0.00961080222318074, 0.1721474697629571, 0.4996725816077995, 93287000000
-0.10978885624244634, 0.008331855793090454, 0.4999618571650631, 93292000000
-0.04930370401609452, 0.07166995226171283, 0.49981738605267906, 93297000000
0.011440885861360708, 0.16912485431446556, 0.4995146515363988, 93302000000
-0.1158904972399769, -0.03353402435639933, 0.49993422000599624, 93307000000
-0.003223219061744033, 0.18342899740033505, 0.5000279807198992, 93312000000
-0.0817018036555342, -0.02825466347323062, 0.4999303528578773, 93317000000
-0.04529953849850777, 0.08667333576452119, 0.49963686946045993, 93322000000
-0.0025263776420384903, 0.14867115461521455, 0.49994894626850195, 93327000000
-0.12157728926907768, -0.014912823126883084, 0.4999483073439504, 93332000000
-0.044891861505610635, 0.06922091350263038, 0.49979602965540115, 93337000000
0.029903873384416142, 0.1642024593536121, 0.49954823879770294, 93342000000
-0.1270225739294054, -0.02803944092274112, 0.4999386825856196, 93347000000
-0.045385915793672106, 0.08712889734691191, 0.500239845606481, 93352000000
-0.03594527032396243, 0.08877216718815407, 0.4995795677614945, 93357000000
-0.08689232250255662, 0.06542459235174876, 0.5000248582763357, 93362000000
-0.001433002197047779, 0.19588922343064136, 0.4999079157352678, 93367000000
-0.11573272222049816, -0.017211852549914183, 0.49992833187257896, 93372000000
-0.02428562966865628, 0.07569288259426353, 0.49997053091875343, 93377000000
-0.013203474943281555, 0.209861449489872, 0.49986003099894855, 93382000000
-0.14093125491199307, -0.025712189385183104, 0.4998861073550419, 93387000000
-0.0380148222436599, 0.16662810286010965, 0.4999271704041723, 93392000000
-0.13052884610215681, -0.015629806401651215, 0.49968333832648804, 93397000000
-0.060045179085216775, 0.06561807804776183, 0.5001302245708352, 93402000000
-0.029497310545173426, 0.1370672247987352, 0.5002847976091451, 93407000000
-0.1432495816823004, -0.03427941409196717, 0.49977032868079685, 93412000000
-0.06703117366897512, 0.10717735861234899, 0.49974629906577506, 93417000000
-0.021428456909869675, 0.04242169045204117, 0.4995180196649413, 93422000000
-0.07213150271401213, 0.08323780835449202, 0.5004723450954749, 93427000000
-0.016049709064014754, 0.2044838176679135, 0.49976287920131435, 93432000000
-0.09514355841901141, -0.002674165382413666, 0.4999775575735298, 93437000000
-0.047136643969301756, 0.1234665023883112, 0.49982732423966175, 93442000000
0.0028797391273608043, 0.16514364766240094, 0.4997882952814523, 93447000000
-0.09367844670956095, -0.04018804195952509, 0.4999172275791354, 93452000000
0.0056148094699524885, 0.16019990635584466, 0.5002206849371005, 93457000000
-0.10485402362857732, -0.0007654447937591284, 0.5000444554570755, 93462000000
-0.042137911760357714, 0.05978696031586217, 0.49965685514968106, 93467000000
-0.024349580545105085, 0.18931893398764424, 0.4998111098413365, 93472000000
-0.0928247468754702, -0.01931461424598733, 0.5001228585540891, 93477000000
-0.03971729682895703, 0.06983462879616643, 0.49993573404435576, 93482000000
-0.06997176755353682, 0.06355021545817707, 0.4996104746144967, 93487000000
-0.06638529639071307, 0.06482211672569095, 0.4999436420207908, 93492000000
-0.04380451430281826, 0.0952529745141744, 0.5003621052765548, 93497000000
-0.03893806396019759, 0.10323705824254074, 0.49970434222298993, 93504000000
-0.02045971872962415, 0.12420336876376291, 0.5000366400418452, 93509000000
-0.10473634231291147, -0.01809710526931697, 0.49975968798270576, 93514000000
-0.050236631634904896, 0.06742433150460736, 0.4998570273257358, 93520000000
0.007379940845060494, 0.21363316621673045, 0.49975701696740515, 93525000000
-0.14467064055513387, 0.0018190216039717065, 0.5002406216286333, 93530000000
-0.01835955999955731, 0.18440607505725098, 0.5000050568207536, 93535000000
-0.09215957723993157, 0.004929191342687217, 0.49982188909019065, 93540000000
-0.03768583902301281, 0.09921597555939515, 0.499740216634112, 93545000000
-0.010220999822580588, 0.16154003562310043, 0.4999817265346646, 93550000000
-0.15065324560036086, -0.017448419082374638, 0.4995598179555665, 93555000000
-0.06921122520558554, 0.09437159170438231, 0.4999788964564444, 93560000000
0.011301606221090468, 0.18513381809332627, 0.4998610073049422, 93566000000
-0.11826732874004076, -0.022740906144154804, 0.4996645750882536, 93571000000
-0.029907767145681854, 0.17397065421733005, 0.5001365574672275, 93576000000
-0.11071487900661028, -0.0286140403461905, 0.49978141811171534, 93581000000
-0.06006730995628636, 0.09159046361403722, 0.4999968554996281, 93586000000
0.010442674759769736, 0.1608981472345442, 0.5000389310505144, 93591000000
-0.1021182018756121, 0.0007857136785034899, 0.5003375485771004, 93596000000
0.0020250858676064995, 0.20728477728345765, 0.4998381203372973, 93601000000
-0.11286119737296285, -0.00707664326335556, 0.49985530904401204, 93606000000
-0.08148615793213042, 0.050108993528649594, 0.5002855629712147, 93611000000
-0.008215825603646369, 0.18314209092048045, 0.49974183105878994, 93616000000
-0.11686482223095147, -0.0037418032095286958, 0.5000078757999301, 93621000000
-0.002057569207729964, 0.1952337623814448, 0.49972610266609035, 93626000000
-0.07363227386015632, 0.013755981464349913, 0.4994828465331654, 93631000000
-0.07005219697069826, 0.05417591452140137, 0.4996400696200187, 93636000000
-0.02065648927627764, 0.18540712651417457, 0.49967489885413513, 93641000000
-0.11037121338517922, -0.005115276095548337, 0.49990041398192425, 93646000000
-0.03192566770657022, 0.12258657408931091, 0.4998998573073319, 93651000000
-0.01940924270438029, 0.1788070173486613, 0.4996702908600501, 93656000000
-0.12499195546506443, 0.014524867490657081, 0.4994774957134906, 93661000000
-0.052918196202388766, 0.0901974457889566, 0.4999772424942003, 93666000000
-0.014073264416808326, 0.17588836175962272, 0.4998327677026486, 93671000000
-0.1388276177714013, -0.05828847691670566, 0.4995276572088852, 93676000000
-0.055078717250976454, 0.1021725882141402, 0.49967939057589944, 93681000000
-0.0031404194204958887, 0.16946104103257179, 0.49995518067579137, 93686000000
-0.11441537225832538, -0.023856733085538224, 0.49977484763733493, 93691000000
-0.06828298379113307, 0.0816984894783502, 0.5001117364211485, 93696000000
-0.004444783325389485, 0.19101444878422452, 0.49980604985241567, 93701000000
-0.08537544554346252, -0.00029905446751174805, 0.500177971365518, 93706000000
-0.0378690902522853, 0.1667858274019008, 0.4998837952165162, 93711000000
-0.11060353826770569, 0.004107464662209114, 0.5001453354440475, 93716000000
-0.04378338936342633, 0.09158309409319525, 0.49948839718975285, 93721000000
0.01198412619132348, 0.1789118435042901, 0.5001713325638371, 93726000000
-0.10943667028536526, -0.014738082172907237, 0.5000472738687257, 93731000000
-0.03924100903863381, 0.08433095456797271, 0.4997685985295727, 93736000000
-0.061469350179073845, 0.06886201113484398, 0.4997560196862134, 93741000000
-0.031051443136217396, 0.0716519219620825, 0.500054720350917, 93746000000
0.01544003520879593, 0.17179773389127925, 0.49961861003600844, 93751000000
-0.09077122263800977, -0.03671839947557248, 0.5000145090645238, 93756000000
-0.06376803808237705, 0.06646942840436484, 0.5003263340702281, 93761000000
-0.015991085892916625, 0.20934619089961598, 0.5000246046578342, 93766000000
-0.09311583589259102, 0.003903649977610897, 0.4995196713267014, 93771000000
-0.07013185610501407, 0.13608345419069184, 0.50002294618938, 93776000000
-0.01857785255726687, 0.17254277218154468, 0.4997973072007931, 93781000000
-0.10404993288112283, 0.02320530482922102, 0.5000319005165282, 93786000000
-0.05465931069155019, 0.09952585910941722, 0.49987149526177393, 93791000000
0.002104024473023492, 0.18292088768512949, 0.5000394519716939, 93796000000
-0.1115091285488312, -0.03871892174818068, 0.49972069776463873, 93801000000
-0.04975667019613781, 0.08090020733588237, 0.5002555146767165, 93806000000
-0.06648265549916635, 0.1271846663886871, 0.49955885455087684, 93811000000
-0.05719412278794507, 0.05384026595227683, 0.5000460564179215, 93816000000
-0.022494655806974326, 0.17625071832504266, 0.5001010997820545, 93821000000
-0.07392689891324258, -0.03757855731391139, 0.4996608343386515, 93826000000
-0.051394008335830126, 0.0977551260124205, 0.5000378849366063, 93831000000
-0.0007140201733291586, 0.16111553391099442, 0.4999807410106162, 93836000000
-0.12288672551281335, -0.02253656021750881, 0.49984610150439873, 93841000000
-0.060005317809492434, 0.08705727999159167, 0.4997753000280782, 93846000000
-0.060961852887082724, 0.05734012250565911, 0.4997798925576295, 93852000000
-0.0906234313314087, 0.047266993723292475, 0.49973075323320265, 93857000000
0.023869304853613285, 0.16074998517702527, 0.499893060045683, 93862000000
-0.1394152527480485, -0.013832889440808889, 0.4998417713592973, 93867000000
-0.07314240069065633, 0.0907981606593776, 0.5002711789878935, 93872000000
-0.009134114994017364, 0.21201346243237618, 0.5000047654747057, 93877000000
-0.1294325145820539, 0.0039414255855634, 0.4997446972644038, 93882000000
-0.06669881574742362, 0.0748933716247176, 0.4998038750306185, 93887000000
-0.02869295349867654, 0.0979643072607493, 0.49974919953349034, 93892000000
-0.05657864844291268, 0.03471767997878779, 0.5001626798178369, 93897000000
0.014875443766508924, 0.15198657511907904, 0.49967750363090646, 93902000000
-0.10333922986104453, -0.04356801768766329, 0.4998554877895688, 93907000000
-0.05469142901001092, 0.07302969069260118, 0.5002031360271426, 93912000000
0.0286771043581621, 0.19452676003513045, 0.5003097525129621, 93917000000
-0.10189799490834389, -0.023124627170344622, 0.4998214508429677, 93922000000
-0.03807475468641827, 0.07023078385938786, 0.4998067480581731, 93927000000
0.0054923992789404595, 0.1766499835070036, 0.4997937454713906, 93932000000
-0.10995554722859717, -0.015540723090410111, 0.4995442153659476, 93937000000
-0.03267601594605402, 0.15694871964631, 0.4997081848733905, 93944000000
-0.10935354275417589, -0.03682802514291372, 0.49958183152641816, 93949000000
-0.04208868688216959, 0.07313727872557228, 0.49986715592720515, 93954000000
-0.012954416404655736, 0.17941902228999707, 0.49980124015797095, 93960000000
-0.13361816345423233, -0.02142880278883172, 0.4996552062029072, 93964000000
-0.04451605824710551, 0.06459645001463402, 0.4998127757141929, 93969000000
-0.03508563233836292, 0.08679490670308902, 0.4996937128070492, 93974000000
-0.09791674884008411, 0.07795586421846368, 0.4999466682322529, 93979000000
0.00464637623084499, 0.18110919068027392, 0.49974670660019177, 93984000000
-0.10749061801577461, 0.00015195950277303166, 0.49982956846106513, 93989000000
-0.040225322892450247, 0.08118005826920098, 0.5001939054181558, 93994000000
0.018552307128991495, 0.2019249733242671, 0.5001151522961551, 93999000000
-0.15954605707144853, -0.01231764142527364, 0.4999300482737342, 94004000000
-0.04096469713834714, 0.19574069034104033, 0.5000810820661783, 94009000000
-0.08393257810569715, -0.004542384707146632, 0.4998282866433913, 94014000000
-0.0704665259646046, 0.10047772355221343, 0.5000416713248163, 94019000000
0.008845312637770726, 0.1547245554674483, 0.4996834807435053, 94024000000
-0.08375809539833978, -0.009479060188928832, 0.4999932958272989, 94029000000
-0.05579003697214631, 0.10511602855704462, 0.4997226857906594, 94034000000
-0.05362293290325841, 0.09068562322239063, 0.4993999891015899, 94039000000
-0.030592602621291036, 0.08298758853119702, 0.4997980499421563, 94044000000
0.0020343034590862494, 0.2119653448960382, 0.4999987976339322, 94049000000
-0.12365136269210766, -0.027037961958571027, 0.4999533248564664, 94054000000
-0.025768784122259646, 0.036626782729869634, 0.49979410363401705, 94059000000
0.003734156338115518, 0.18279759591590478, 0.4997596472245211, 94064000000
-0.11808179976164013, -0.014012151010237938, 0.5001187168693627, 94069000000
-0.04290635632875882, 0.08937247441347032, 0.5001364260203107, 94074000000
0.0074558583299251, 0.19760362493440942, 0.4993264163561079, 94079000000
-0.09256780727559734, -0.03278110575257809, 0.5003685314225732, 94084000000
-0.02159481916778641, 0.18260159093134676, 0.4997705356894323, 94089000000
-0.09354377210467757, -0.015499185166830541, 0.4997099672623369, 94094000000
-0.07371983016236804, 0.04858577503605335, 0.5001204187053938, 94099000000
-0.025438378164862892, 0.16312186265519843, 0.5003393584573627, 94104000000
-0.11067048202644804, 0.0036215999747306474, 0.4995697701736284, 94109000000
-0.07745125694409052, 0.06760294026242922, 0.4999770694929004, 94114000000
0.015288937572943428, 0.16123618246894955, 0.49981503064305177, 94119000000
-0.09928919655028846, 0.003734618645492438, 0.49986331026071945, 94124000000
0.010161737914851936, 0.18840365164490924, 0.4998233929478592, 94129000000
-0.09107444941942429, -0.03262168862067731, 0.4998445983921115, 94134000000
-0.05403423163127593, 0.10493472281737892, 0.5003221782650505, 94139000000
-0.003930639430347906, 0.22258186129568044, 0.49953591598806235, 94144000000
-0.1048090594439845, -0.00289881296025467, 0.4995754790159942, 94149000000
-0.03534511082276692, 0.07286280308435668, 0.49961925277685204, 94154000000
0.03434584070484239, 0.14622373967141034, 0.5000326590678226, 94159000000
-0.09997600835183094, 0.009689890057226893, 0.49968991069102775, 94164000000
0.0008455517157942277, 0.1825505581907163, 0.500183492281038, 94169000000
-0.1106115771113586, 0.019793278369811325, 0.499537594794321, 94174000000
-0.06785926561630663, 0.07193381288360008, 0.49999662939239836, 94179000000
-0.018776226724372947, 0.16054769438648264, 0.49961982787153664, 94184000000
-0.12295115207969594, -0.002743783911830078, 0.499667881580843, 94189000000
-0.0361246439728989, 0.0831470730809117, 0.4997772329380944, 94194000000
-0.04921484549232527, 0.08027995664404367, 0.5001458066810914, 94199000000
-0.08138832352571479, 0.07992891190201917, 0.4995093289686883, 94204000000
-0.07455437282088452, 0.09291435965225703, 0.4996740465126759, 94209000000
-0.04245031622675771, 0.0821305895241964, 0.5000422954181398, 94214000000
-0.06550792052633528, 0.047510264637031854, 0.49997365009759925, 94219000000
-0.006564873933644178, 0.2045190314878121, 0.49981541612198105, 94224000000
-0.09390202701504147, -0.008256282769208926, 0.4998303127475281, 94229000000
-0.05277621578908021, 0.10338411305513835, 0.5002163487760621, 94234000000
-0.005905345702630354, 0.21693575696720077, 0.49984304123402484, 94239000000
-0.12632998478055996, -0.036249968004995935, 0.4996497642622688, 94244000000
-0.026278657445700678, 0.1626547377436594, 0.5000187581896954, 94249000000
-0.12377231430238572, 0.027736929706064978, 0.5004160496574045, 94254000000
-0.03195293387799278, 0.07722481222183969, 0.49985933482146366, 94259000000
-0.00803820535223061, 0.18131154429161322, 0.49987668771778326, 94264000000
-0.11644479054465715, 0.01183772859850422, 0.4999589447911851, 94269000000
-0.001415876881169044, 0.12322583339580855, 0.4998322570704185, 94274000000
-0.07860943578728136, 0.10475644767842221, 0.4996443676340177, 94279000000
-0.06919916299926177, 0.06654413867001412, 0.4997734729309926, 94284000000
-0.01575039360575685, 0.15814172129573584, 0.49987288806496355, 94289000000
-0.11435995462859452, -0.023090689831136553, 0.5000758290470004, 94294000000
-0.0650853334684043, 0.08242052303184166, 0.4998873758570515, 94299000000
0.011323861212275124, 0.139195817045196, 0.4994377370253834, 94304000000
-0.11901596221524166, 0.004494045902736034, 0.5000379510759306, 94309000000
-0.032108733331706746, 0.1962570514559698, 0.5002294863822805, 94314000000
-0.10071525745557305, 0.012404171371836845, 0.499673420086928, 94319000000
-0.03246246549139981, 0.10841455504820482, 0.49973010705478155, 94324000000
-0.005062653918455809, 0.1720326497027315, 0.5000332002333239, 94329000000
-0.11149547674464849, -0.01771109601731733, 0.4996919945511194, 94334000000
-0.0021431835875090136, 0.09618296462718437, 0.5002350487747106, 94339000000
-0.0562405702513353, 0.07200193704257696, 0.49991145025470163, 94344000000
-0.06098311257615104, 0.06385968057392487, 0.4998450989999429, 94349000000
-0.005583877376643861, 0.18672710523583796, 0.500314638605156, 94354000000
-0.08643797398423339, -0.03648556784170213, 0.49957557084583554, 94359000000
-0.06921063487548766, 0.08228213650671024, 0.49976064035433626, 94364000000
0.026028749265205983, 0.1701985584048816, 0.499883111809658, 94369000000
-0.1287562343084296, -0.004717188589663591, 0.49988104686119955, 94374000000
-0.02600133566305482, 0.163687843436485, 0.4999924916950432, 94379000000
-0.08811024226753902, 0.008669525691266408, 0.500143139143818, 94384000000
-0.06836597680465831, 0.09990189912457853, 0.4998193312025146, 94389000000
0.006764512698085767, 0.16930167470159868, 0.49957477931865574, 94394000000
-0.1135609259274878, -0.016217997671637435, 0.49967191769046704, 94399000000
-0.05438289722636527, 0.09468864651942833, 0.5001264947952808, 94404000000
-0.02343648902844857, 0.08376502529669727, 0.49992120222358666, 94409000000
-0.05352739128230773, 0.06854159315511649, 0.49979687493377584, 94414000000
0.013729288421609722, 0.1423955948831444, 0.4998018875597445, 94419000000
-0.11334750704451094, -0.05159328889260846, 0.4999964879473952, 94424000000
-0.09455768932672916, 0.07687074979841152, 0.5001085203057142, 94429000000
-0.007608092627045406, 0.16485526850063323, 0.4997142676544637, 94434000000
-0.10175062183395736, 0.035778324576996416, 0.5000525979457672, 94440000000
-0.015333621831042733, 0.15060926852523762, 0.4998567868143323, 94445000000
-0.11959756656165954, 0.0012149570402488798, 0.4996665582147692, 94450000000
-0.03426754163498384, 0.10676126734125058, 0.49988170425814743, 94455000000
0.03436334536268613, 0.1795048209683066, 0.4998961277739506, 94460000000
-0.1391454883633231, -0.028960906465723357, 0.4998713334638202, 94465000000
-0.027133754005840467, 0.15450159887512926, 0.4997351203438103, 94470000000
-0.11387195536616772, 0.011024554569296139, 0.499881241364866, 94475000000
-0.030035692092621257, 0.10380858902190584, 0.4998820726436397, 94480000000
-0.0031584424289378523, 0.18255640145637694, 0.4996799673617585, 94485000000
-0.11615313608066441, -0.018387335309861395, 0.4998999123340691, 94490000000
-0.06487937343627047, 0.07592806347930121, 0.5001292367308638, 94495000000
-0.06515653061376975, 0.08060092756571294, 0.49983277676975557, 94500000000
-0.10327116747890189, 0.1162053435764965, 0.4999601892158198, 94505000000
-0.026491890561749293, 0.15053902641573286, 0.4999859441758782, 94510000000
-0.10381575317039934, -0.05617086092481422, 0.4997288578092246, 94515000000
-0.0805857278003425, 0.12172834607217023, 0.4999318018743467, 94520000000
-0.03420492568016491, 0.1894940483797365, 0.4996512247839327, 94525000000
-0.11887429183947712, -0.0022164173012004743, 0.4998348621452394, 94530000000
-0.022632515523790715, 0.17350060163491599, 0.4998470499792917, 94535000000
-0.10385336380466795, -0.022582026581867195, 0.49995755276019704, 94540000000
-0.06451333673950285, 0.09113016627110403, 0.4996029042678654, 94545000000
0.013538701976481202, 0.13878165139602985, 0.4999674209959627, 94550000000
-0.1378568359660876, 0.006342389498454511, 0.49992224990152806, 94555000000
-0.0467213576438954, 0.09769781490310218, 0.49991813617742004, 94560000000
-0.058907536683480005, 0.08273238730510298, 0.4996694619576858, 94565000000
-0.06514247364471515, 0.03957423148057852, 0.5000227285625508, 94570000000
-0.011347108016448197, 0.17144060020047472, 0.4996899443902171, 94575000000
-0.10500522936586142, -0.022293134127986957, 0.4998705175258173, 94580000000
-0.05307303639539053, 0.11084023000358444, 0.4998649979527821, 94585000000
0.017508516185503406, 0.16587644871459353, 0.49980450429655104, 94590000000
-0.1078146652281541, -0.004133782155285166, 0.500107563078072, 94595000000
-0.03643153403866428, 0.18729772536862488, 0.499972621281825, 94600000000
-0.08445406904567573, 0.02012052510144143, 0.49975927221660665, 94605000000
-0.032205229323922085, 0.06661811454865366, 0.4999627416053917, 94610000000
-0.024841345173631936, 0.16514308517129042, 0.5001887974857382, 94615000000
-0.16018691120933123, -0.08618707270543328, 0.4997700042359812, 94620000000
-0.050445071384015126, 0.0950248476311969, 0.49972311704886063, 94625000000
-0.07137582205378841, 0.07193475194887823, 0.4998578934472153, 94630000000
-0.036868954243619405, 0.07543556511405487, 0.5000899298868388, 94635000000
0.029338327621198885, 0.20844815636213643, 0.4996303213014107, 94640000000
-0.09469189079470089, -0.03281170042504018, 0.500032663400729, 94645000000
-0.04900693745066529, 0.0693212742221551, 0.5001456189174046, 94650000000
-0.01623578401517925, 0.16711239783136214, 0.5000249013047943, 94655000000
-0.08894021312563952, 0.003907640819898276, 0.4997715933680013, 94660000000
0.0057154710303535874, 0.16713643769795164, 0.4998215174449724, 94665000000
-0.09720510369456051, 0.004530267953195584, 0.4996897440642183, 94670000000
-0.07745292860715093, 0.04051415974539882, 0.49968003585517823, 94675000000
-0.025219918347886897, 0.14749199365485627, 0.49985758471940184, 94680000000
-0.13596685773036277, -0.0441301990955738, 0.4997212341564013, 94685000000
-0.06335287078015944, 0.06165271227867247, 0.4998174097380705, 94690000000
-0.04142470502749467, 0.08733163169342932, 0.4997653917049592, 94695000000
-0.09358764880460316, 0.06558552456728343, 0.4997044225808283, 94700000000
-0.004980981429523142, 0.14575156814392903, 0.49992541232096516, 94705000000
-0.1191098283911197, -0.04164364002877216, 0.4995250278435332, 94710000000
-0.09672060543314884, 0.10715895246749729, 0.5001082946279913, 94715000000
0.026765136313835352, 0.20093154992937012, 0.4995420068115307, 94720000000
-0.09499095159571726, -0.033429876554249054, 0.4997996688980058, 94725000000
-0.025300436844129328, 0.14480580582292496, 0.49975900135864915, 94730000000
-0.11950413951895716, 0.0020849160541282956, 0.49976780764656753, 94735000000
-0.036714715156939796, 0.08618906926172747, 0.5001304255636102, 94740000000
0.007410397410239687, 0.18088638783052913, 0.5000657830524733, 94745000000
-0.11196788202933174, -0.02323361716226451, 0.49998537034221796, 94750000000
-0.0337748631999379, 0.16519125379765007, 0.5003636094934132, 94755000000
-0.023200110958665355, 0.09537787301118905, 0.4995964747741673, 94760000000
-0.1224730450909213, 0.0004794744411495966, 0.4998547756162525, 94765000000
-0.06715411126947066, 0.08256361747923938, 0.4999903076331689, 94770000000
-0.009184956561357316, 0.16050146452543942, 0.4999573499958505, 94775000000
-0.09258629797200438, -0.0214697388445166, 0.49965000985988406, 94780000000
-0.04727668953660622, 0.09648261474927784, 0.5000137676891165, 94785000000
-0.015669509776929207, 0.16748853512463635, 0.4997158834836028, 94790000000
-0.12009797596980334, -0.0007343011068672699, 0.49982374992874223, 94795000000
-0.0019201901219235932, 0.18788383884973375, 0.4999873108473907, 94800000000
-0.0767785959122444, -0.02062520665973591, 0.49994732528442964, 94805000000
-0.06246808220714607, 0.07718595285164434, 0.5002265924377961, 94810000000
-0.018946157167177995, 0.17693085137288803, 0.5001918662519793, 94815000000
-0.0584512794021545, 0.03486680738753677, 0.49998742809461527, 94820000000
-0.11232132813023878, -0.03023320422315504, 0.4998582156765545, 94825000000
-0.07270392279282747, 0.09053983113549371, 0.49982393962203314, 94830000000
-0.07221127710203296, 0.09578752013255226, 0.49975793055155904, 94835000000
-0.08761832882654708, 0.09237097199993514, 0.49975389887009164, 94840000000
0.004594486341585378, 0.1591345617181005, 0.5000108420895034, 94845000000
-0.14402906655894954, -0.030940474686975982, 0.499901793870053, 94850000000
-0.04488476167668742, 0.10092123779683501, 0.4999537321332367, 94855000000
-0.03851933019217243, 0.10086366006980567, 0.5004089553255628, 94860000000
-0.034814044684524634, 0.04641362015900303, 0.49969053875251, 94865000000
-0.05138296077141639, 0.08080610350653211, 0.49980437169956404, 94870000000
-0.021378083251004876, 0.07801137253995166, 0.49952611090039, 94875000000
-0.0628272739275274, 0.07982298648003336, 0.4999035848032482, 94880000000
-0.0013531870356057406, 0.15753634734102567, 0.49983507913397834, 94885000000
-0.1121055169440767, -0.015399306085301784, 0.49989349150994594, 94890000000
-0.06513586759205417, 0.08901423892820674, 0.49980563255636484, 94895000000
-0.06286822394197786, 0.05225218607457109, 0.49954733123283296, 94900000000
-0.006460864864885021, 0.08417055584429133, 0.5003634641096161, 94905000000
0.01590905880046773, 0.19421397172449634, 0.5002672445066572, 94910000000
-0.1252091332227823, -0.023627316238177144, 0.500164188500928, 94915000000
-0.056655416483069695, 0.0748180429807631, 0.5000369587420644, 94920000000
-0.02309808168998748, 0.15931798507982048, 0.4997687450312254, 94925000000
-0.1169592112490884, -0.05001499646932614, 0.500007234715757, 94930000000
-0.025130228162551983, 0.15375922465021835, 0.5001178604152348, 94935000000
-0.09064679957584512, 0.00985615267027744, 0.4994774852768063, 94940000000
-0.0342356577439827, 0.10256193600223092, 0.4994344066476361, 94945000000
0.025518319409417903, 0.19767496300246995, 0.4997541513380924, 94950000000
-0.12782793846544543, 0.0128579392666632, 0.4999645317803095, 94955000000
-0.022777092665607013, 0.12007906426631057, 0.5000207660363176, 94960000000
-0.04263131536315584, 0.06836856052349938, 0.4997236482005637, 94965000000
-0.033085247873638486, 0.06984468426351143, 0.49981604464349155, 94970000000
0.006402153252976085, 0.14670714388632855, 0.49994514453112077, 94975000000
-0.1179744361458246, -0.052019348758696876, 0.4996433854086432, 94980000000
-0.05916023388381017, 0.08336473464865654, 0.500185723491782, 94985000000
0.00929371260324568, 0.13522074110180354, 0.4994100997461528, 94990000000
-0.0896713586875359, 0.022254000778836054, 0.4995592335485071, 94995000000
-0.028100522685245703, 0.15139059211129446, 0.5002041599894281, 95000000000
-0.11544630569386523, -0.004105287961023679, 0.49963270521010217, 95005000000
-0.06807841647524335, 0.0924193904322955, 0.49985804786959614, 95010000000
-0.012177700210484272, 0.1576621056702437, 0.49975321209238693, 95015000000
-0.08240346020708808, -0.027052322230944503, 0.4995656149697276, 95020000000
-0.05035302179231682, 0.09386224467016724, 0.4998225433749621, 95025000000
-0.02850503602724589, 0.12408530557119948, 0.49997605990765814, 95030000000
-0.08190548004189709, 0.08329557899578079, 0.49993755205872803, 95035000000
-0.009671050905741834, 0.18670477973386168, 0.49964909463973933, 95040000000
-0.11575626982374365, -0.022851328290842392, 0.5001292082077199, 95045000000
-0.053490124134863, 0.07634374783096927, 0.49984558515969, 95050000000
0.013502210942942489, 0.15923476922412733, 0.4994000276419327, 95055000000
-0.10111239903059986, 0.010526807051954842, 0.4998725614061166, 95060000000
-0.010989239518868862, 0.18704999059790228, 0.4997710927948494, 95065000000
-0.10546525198922221, 0.027343349955151593, 0.4999193550506592, 95070000000
-0.03573844597061859, 0.0926586196009133, 0.4999426305167664, 95075000000
0.0016765372142231484, 0.17920285182253934, 0.4997785140566808, 95080000000
-0.09873237995519837, 0.009114734455524017, 0.4999866564833601, 95085000000
-0.0398942189231455, 0.10755415925358344, 0.49993372202320774, 95090000000
-0.04831091891105464, 0.0925849019986584, 0.4995321298222963, 95095000000
-0.04449429621823947, 0.0550892443793818, 0.4998024147730594, 95100000000
-0.004790473543728531, 0.17879565662586072, 0.4998254067645904, 95105000000
-0.11525280066733058, -0.03253777906906035, 0.4999185341689362, 95110000000
-0.029111629218141123, 0.08777086002838233, 0.4999542516044787, 95115000000
-0.008667654055796531, 0.15999780181523673, 0.5002873822231106, 95120000000
-0.09129771419151558, -0.0017432997808796528, 0.49976033336342707, 95125000000
-0.1016872223741947, 0.06041608173532975, 0.4998549474993562, 95130000000
-0.03638044809172698, 0.14391301779427995, 0.4999209659680363, 95135000000
-0.11589586486063039, -0.008137367639254189, 0.49949874747593653, 95140000000
-0.06641027193878751, 0.072395451960421, 0.4995151185215223, 95145000000
0.014061825647608224, 0.14144687220793667, 0.5000638578683806, 95150000000
-0.12123509197683448, -1.1498057004007828e-05, 0.5001842682875326, 95155000000
-0.07535731331122042, 0.0765420650503363, 0.500320143516481, 95160000000
-0.0624395758431877, 0.0881699442212266, 0.499894847010662, 95165000000
-0.10473734271336262, 0.08092509922344107, 0.49960568354596574, 95170000000
-0.009319806481773014, 0.16787160597370987, 0.4998920619232962, 95175000000
-0.12101575769372497, -0.016395100779984257, 0.5001321232052058, 95180000000
-0.06566562871616949, 0.09900672453847449, 0.4998786970916371, 95185000000
-0.005867313389930113, 0.1758375616539996, 0.49973288266311433, 95190000000
-0.13330160495989565, -0.016610678920604357, 0.4996622900480493, 95195000000
-0.008089621730298462, 0.17070607792483067, 0.49984548908443815, 95200000000
-0.10147037571927484, 0.007176149678017144, 0.4995248215485615, 95205000000
-0.043403338970679425, 0.08923342251695258, 0.4996837514114684, 95210000000
-0.011201828364963027, 0.21502910916085488, 0.49989677373515745, 95215000000
-0.09694011832250146, -0.014562950385893104, 0.49976113761500285, 95220000000
-0.03599823011726826, 0.11518763172573113, 0.4999065894920724, 95225000000
-0.03902110613074987, 0.10689396594755385, 0.4994180760409081, 95230000000
-0.08290046509848295, 0.08736667164972367, 0.4997852582180315, 95235000000
0.00768600904826466, 0.15556045407369576, 0.4997455128506979, 95240000000
-0.1206275369271095, -0.02362721879681283, 0.5001978833957221, 95245000000
-0.07399706314268392, 0.11210733064969654, 0.5000876594169632, 95250000000
-0.011681418234819135, 0.15274186047876206, 0.499792712527149, 95255000000
-0.12453027570713689, 0.010515797369316623, 0.49996789557535026, 95260000000
-0.013555229152348483, 0.18519412198229251, 0.5001656983766931, 95265000000
-0.11655797109435742, -0.004019237763306541, 0.49963987203645377, 95270000000
-0.027599093046909242, 0.07337965848558256, 0.5002193818394983, 95275000000
0.02619568391873018, 0.19966799059321833, 0.4995072710541677, 95280000000
-0.09893011711793619, -0.0007480786518091419, 0.49985498730342953, 95285000000
-0.014942286180369461, 0.07960525485422182, 0.49998086016532234, 95290000000
0.00391561446394148, 0.16980761408257017, 0.49948727863941483, 95295000000
-0.09072583070174171, 0.005640842148898742, 0.4999379278160553, 95300000000
-0.050747870794372076, 0.09427174950445104, 0.5000442800298501, 95305000000
0.017141702989574428, 0.14196662248471267, 0.49980896109802914, 95310000000
-0.13281388320802953, -0.012661426492097881, 0.5000414391513642, 95315000000
-0.057164439032411286, 0.09994744208087869, 0.4997445380404177, 95320000000
0.018574946834292293, 0.18382231508185598, 0.499838122076501, 95325000000
-0.08553090105500832, 0.02290595135596786, 0.49998917066337767, 95331000000
-0.0212451178948165, 0.1802557271943677, 0.49976167501879165, 95336000000
-0.09682374720041112, 0.0031131497661852463, 0.500104759532456, 95341000000
-0.05382129992405141, 0.06423277852442617, 0.5000154519994278, 95346000000
0.0008506508452836496, 0.18708712893599042, 0.5000062380107213, 95351000000
-0.10739379664535774, 0.020040873614060147, 0.4995918557295769, 95356000000
-0.010548896316236187, 0.20496352811545648, 0.4998457339034082, 95361000000
-0.12456842977113226, -0.004097643732259773, 0.4994655283610775, 95366000000
-0.06910873978050541, 0.07847800444217164, 0.49988904249327937, 95371000000
8.870257918571108e-05, 0.164278022138894, 0.4998561149839412, 95376000000
-0.10697745339499565, -0.027113072622673075, 0.49993181764303124, 95381000000
-0.007467533225694014, 0.16277031269199382, 0.5002363545276697, 95386000000
-0.07987059276448448, 0.013248902392765521, 0.4998639232626902, 95391000000
-0.06842255317764327, 0.08695677147973291, 0.49978928923981786, 95396000000
-0.017287380473089003, 0.19057407507221544, 0.5001707259881634, 95401000000
-0.08035051444147767, -0.04025710759299404, 0.49999796634665006, 95406000000
-0.08331188321603775, 0.0811766403763199, 0.49995239243133094, 95411000000
-0.021080831380254045, 0.19517243573757, 0.49951976895842, 95416000000
-0.08791541151465136, -0.021237860854968333, 0.4997860938677029, 95421000000
0.02514330745600056, 0.16911753239502558, 0.4994986266012445, 95426000000
-0.0854554824245404, 0.014595451578700586, 0.49984527781566473, 95431000000
-0.04657547219118391, 0.06886002226183924, 0.49974340226084674, 95436000000
-0.007330453908676033, 0.18519488050955563, 0.49966605743162995, 95441000000
-0.09452857651844614, -0.016699205315880872, 0.49987670449847094, 95446000000
-0.0468468083073923, 0.08713758762431932, 0.5002017800099359, 95451000000
-0.07334030679216925, 0.07377554443518197, 0.5000049964193048, 95456000000
-0.08710273354257234, 0.1011880867105716, 0.5000461720574263, 95461000000
0.0022993697685579646, 0.19599243513224682, 0.4998035980448437, 95466000000
-0.1268862075541079, -0.011822275995411146, 0.4999933716129119, 95471000000
-0.052791287056988566, 0.08466754249883125, 0.5003035839332308, 95476000000
-0.017056291013632062, 0.21248217145202608, 0.499693303202672, 95481000000
-0.09419288595515016, -0.0056368739166873525, 0.4997998025654835, 95486000000
0.008757414974834593, 0.14639786340869967, 0.49985945271645366, 95491000000
-0.11083743832883525, 0.030616952127077317, 0.499797706007221, 95496000000
-0.023678646462864057, 0.09956023105884655, 0.4997167003830245, 95501000000
0.006881897223972023, 0.17749962626907828, 0.5000990737248125, 95506000000
-0.13002037158844826, 0.0035797344904152893, 0.49983364455239654, 95511000000
-0.06539691445145407, 0.11436606535091917, 0.49996801504972976, 95516000000
-0.04619431514734832, 0.0853705516319938, 0.499776212430506, 95521000000
-0.059274768718195474, 0.07771745981673878, 0.50006404773756, 95526000000
0.009465827275441548, 0.16720249804275553, 0.4995413386281288, 95531000000
-0.11044867043190124, 0.012422752364257657, 0.4998320979297843, 95536000000
-0.07308990555620615, 0.09160140571537492, 0.49998311022811676, 95541000000
-0.010471752227852418, 0.16943922730334504, 0.49991089348020235, 95546000000
-0.0807751385130697, -0.0268093388877843, 0.49966212679620875, 95551000000
-0.017175625241867967, 0.2013015413167366, 0.5001445855615605, 95556000000
-0.10858658444250305, -0.013730648046463892, 0.5000015626092273, 95561000000
-0.02882599732572612, 0.099349019413804, 0.5000418004115229, 95566000000
0.001054359426396932, 0.16577689676922575, 0.499690227924612, 95571000000
-0.10134645716086511, 0.004457923752765564, 0.4998299758023528, 95576000000
-0.07766832400774024, 0.09731152957463376, 0.49964162733852213, 95581000000
-0.034034483721489046, 0.09561714726758479, 0.4994003096260871, 95586000000
-0.06324501520461306, 0.0470343550558177, 0.4998867106012278, 95591000000
-0.004318084868485839, 0.1494664168812627, 0.4997423534000162, 95596000000
-0.11541630889019913, -0.04178336735361222, 0.5000832945781327, 95601000000
-0.07134130933319796, 0.1042698678501537, 0.49989785087523786, 95606000000
-0.024245643475593617, 0.19334236960601636, 0.4997739851891265, 95611000000
-0.10225653822035358, -0.001217364830750788, 0.49966424540181537, 95616000000
-0.053232506879174885, 0.06929689176992539, 0.49986000124524804, 95621000000
0.008810311211427387, 0.18319248317507567, 0.49972218208772173, 95626000000
-0.1625059724752519, -0.05939990819441011, 0.49977832181288506, 95631000000
-0.06737498398857827, 0.0989070284887701, 0.4996772786431642, 95636000000
0.01439096084017221, 0.14764389511235382, 0.4997283374244331, 95641000000
-0.11354352287143199, 0.0038195574392685394, 0.49995530911646063, 95646000000
-0.07232080482307666, 0.082426652800241, 0.500229261290604, 95651000000
0.003736038285628721, 0.1821621734450317, 0.49967772361297613, 95656000000
-0.08836442833280456, 0.02076789274967871, 0.49966938505852176, 95661000000
-0.03796056526225014, 0.08611427144139397, 0.49988328666104437, 95666000000
2.5576950689176065e-06, 0.19821766379086517, 0.5000262539204501, 95671000000
-0.10958613164189411, -0.0060405803534959845, 0.50035171601542, 95676000000
-0.055139098704127205, 0.06943770956206902, 0.49962535195278324, 95681000000
0.020225323746253476, 0.16969711529996115, 0.49976775491837, 95686000000
-0.11936222587414572, -0.017181156635163317, 0.49983832035141956, 95691000000
-0.007490790758563362, 0.15736118211101108, 0.49969449787686976, 95696000000
-0.1276361963650891, 0.009861391943184078, 0.49981180244974466, 95701000000
-0.05511002247739211, 0.11991432881232014, 0.5001255954875149, 95706000000
0.009996200359344405, 0.1702415366354376, 0.49992833620592364, 95711000000
-0.14127217811580592, -0.026037639687871046, 0.49988735719057953, 95716000000
-0.07558202294929503, 0.1196236020821119, 0.5001501689374217, 95721000000
-0.045851770003202647, 0.0824484013647263, 0.49953925360287915, 95726000000
-0.042686843898489146, 0.07444612774041155, 0.49985990193230584, 95731000000
-0.013242498335894585, 0.19771826104589818, 0.49978921583784525, 95736000000
-0.09025561079973315, -0.01865186567689939, 0.49951297185392385, 95741000000
-0.03408461297617105, 0.07190403041602945, 0.500048800844217, 95746000000
0.008390627533631801, 0.18041440480046805, 0.49971051587714094, 95751000000
-0.12598572834275162, -0.020083599754432843, 0.4994682723374032, 95756000000
-0.020168980553425524, 0.21756380288141086, 0.49974125038494077, 95761000000
-0.10818312923774431, -0.022935863326925144, 0.49945773392060877, 95766000000
-0.012952701243513644, 0.09113721360467075, 0.49995962366035995, 95771000000
-0.022010467327152363, 0.1252673231213556, 0.4997554891394178, 95776000000
-0.10461851490055103, 0.001427592152828637, 0.49962548841584026, 95781000000
-0.07163565984498006, 0.09548756578742333, 0.4998732620022131, 95786000000
-0.023052393381091232, 0.1018744081194821, 0.49992640726082227, 95791000000
-0.0673922424137694, 0.07353518092367135, 0.49984294612837754, 95796000000
-0.003219760607869103, 0.18889301496111247, 0.4998595362209321, 95801000000
-0.1352864988762433, -0.013619833356809198, 0.500024229446921, 95806000000
-0.04796562354946616, 0.09295563463384134, 0.4995946724845111, 95811000000
-0.062378077466031676, 0.07974951835752919, 0.4991895133224111, 95816000000
-0.04685652245710958, 0.06352332697228867, 0.5000144446060697, 95821000000
-0.014498448051157208, 0.19441592230645405, 0.5003781360041291, 95826000000
-0.09426399538854917, -0.008877177139879124, 0.49966991209814177, 95831000000
-0.06909353019263167, 0.07117095030101085, 0.49991958668525427, 95836000000
0.009498682284441841, 0.1947434195551029, 0.5000579104731903, 95841000000
-0.10017477553328637, -0.012215279013984618, 0.5000350965101742, 95846000000
-0.032174505530898026, 0.05111877836772691, 0.5000264441426266, 95851000000
-0.057333737109488955, 0.12169741765266448, 0.49944632399615985, 95856000000
-0.07872234896138455, 0.09912839678794064, 0.5001754279255503, 95861000000
0.02058417832655004, 0.19331250971569286, 0.5002143599679041, 95866000000
-0.11346269123301249, -0.023529413733639794, 0.49950210652987376, 95871000000
-0.0800324523122829, 0.08033921844983453, 0.5001261923532359, 95876000000
-0.0049954539263303245, 0.16083170239800174, 0.499651974027705, 95881000000
-0.1196544364585809, -0.014099323921681292, 0.4996278034290223, 95886000000
-0.03509774825667181, 0.15335478025755608, 0.4998277650889323, 95891000000
-0.1380487194816103, -0.027955757677188543, 0.4997379450634474, 95896000000
-0.04975672247178712, 0.07894647401127933, 0.5002304617260579, 95901000000
-0.017796442621505645, 0.15055257914725528, 0.4996379875826287, 95906000000
-0.12061626601597047, -0.013264032701751895, 0.4999837575950899, 95911000000
-0.04274970234357562, 0.08997953198359467, 0.5002472388938283, 95916000000
-0.0642728192300803, 0.054413284123859144, 0.4996285628396427, 95921000000
-0.05377502392451887, 0.07514471271488932, 0.49985480742589156, 95926000000
-0.009173901735482996, 0.15388939060001902, 0.499871260000555, 95931000000
-0.12304357850743802, -0.028804616642662893, 0.4997798406981153, 95936000000
-0.04822949945720111, 0.07080844602215529, 0.4999202458174489, 95941000000
-0.009926825922465252, 0.17032095246166318, 0.4996706951238086, 95946000000
-0.12102415821386166, -0.020903436882234755, 0.4998654618200331, 95951000000
-0.011069738755629855, 0.18212155585936035, 0.49963469711893516, 95956000000
-0.14212555885800274, -0.002542931063738394, 0.4998501235608011, 95961000000
-0.026057728340771857, 0.06572968819063862, 0.49977776824079784, 95966000000
-0.00929825327272972, 0.165534956879956, 0.5000762860847255, 95971000000
-0.10841561395601056, 0.0027886659449593565, 0.49976717448359526, 95976000000
-0.0441635367639286, 0.12625991773436682, 0.5002890701967269, 95981000000
-0.062064900265304576, 0.08680269148084191, 0.4998467813841527, 95986000000
-0.08242158514430695, 0.06692057398809673, 0.5000813033316828, 95991000000
-0.02247672866121759, 0.15444924020662815, 0.499915126976647, 95996000000
-0.12199813249803935, -0.05293228553999649, 0.4997322779770709, 96001000000
-0.06098181758468176, 0.10530230699671364, 0.5000255813104455, 96006000000
-0.016255429414621193, 0.17025516555055065, 0.499542931679997, 96011000000
-0.10533940307352806, 0.004869019822433263, 0.4999696506738551, 96016000000
-0.034907376115920624, 0.17972778623369287, 0.4996590960628312, 96021000000
-0.08946602533372174, 8.8514577396572e-06, 0.4999524870920383, 96026000000
-0.0701604004510469, 0.08240566201363259, 0.500130362055011, 96031000000
-0.01636086034396768, 0.16692725061551267, 0.49996464602529916, 96036000000
-0.1198783824989466, -0.0705121746530683, 0.4996753336794048, 96041000000
-0.012968197051712899, 0.16582604848781227, 0.5000739120677724, 96046000000
-0.11438923769508717, -0.010507240756379356, 0.4998049317816414, 96051000000
-0.03893522773259253, 0.08673385275726142, 0.4998293493873855, 96056000000
-0.006388431738538975, 0.16462320796510577, 0.4995437778382293, 96061000000
-0.12078676646974529, -0.021131683490164577, 0.4997851858930384, 96066000000
-0.07770485998966863, 0.09611507919116843, 0.49997494017916805, 96071000000
0.006729285456382237, 0.1710443414953401, 0.49951745814840565, 96076000000
-0.10963768394659111, 0.005443843433626819, 0.499655028870609, 96081000000
-0.05015017730898026, 0.07723738055389198, 0.4998182840254693, 96086000000
-0.007771623899062739, 0.184339671228205, 0.4997573330047367, 96091000000
-0.10262064237878676, 0.0002941050861694824, 0.4997816936271556, 96096000000
-0.0660933211243613, 0.08676740230345009, 0.49994925173885, 96101000000
-0.02180513331006013, 0.18491154090937129, 0.499939196015515, 96106000000
-0.10430815840089627, -0.04242928970852938, 0.49985235439477377, 96111000000
-0.054701107240841956, 0.08051697181399245, 0.49999277223004523, 96116000000
-0.0051149241324906294, 0.1786328696993753, 0.5000024354255393, 96121000000
-0.0827619140927792, -0.030426067169413377, 0.4998340919464163, 96126000000
-0.034009334278311536, 0.08627925532639606, 0.5001626607460341, 96131000000
-0.02874200673475993, 0.18844509313891872, 0.49975517133070113, 96136000000
-0.11477754707945907, -0.007968156631855003, 0.4999883778650017, 96141000000
-0.02694119005345045, 0.10055215788311636, 0.5003395005553023, 96146000000
0.0012199267639311923, 0.1677774490161034, 0.500028272931929, 96151000000
-0.1251784094503575, -0.014670919400113955, 0.5001189001105659, 96156000000
-0.04027185426183083, 0.06382906431632594, 0.5001999302346603, 96161000000
0.0027428222367416764, 0.14293630186955208, 0.49963686628526294, 96166000000
-0.11847614509646845, -0.0089601522144716, 0.4999758519907948, 96171000000
-0.01731547649493868, 0.16766215183747002, 0.5000080268818455, 96176000000
-0.1133008566768962, -0.018200233337202998, 0.49993551415495036, 96181000000
-0.0630357988782503, 0.09168038388269019, 0.49968927222061543, 96186000000
-0.019514146173331033, 0.15609455081875176, 0.49957049824610783, 96191000000
-0.11398438296496904, -0.02366669765616171, 0.4995011306804059, 96196000000
-0.07032534964393086, 0.07807188343830615, 0.5001594348775789, 96201000000
-0.04235506696288591, 0.028619468633881553, 0.4995909649058731, 96206000000
-0.05581978259937711, 0.07526105204707939, 0.4999316906172984, 96211000000
-0.011766199685350026, 0.1767108500936112, 0.4998837293819139, 96216000000
-0.08927006458544481, -0.0071567268088642885, 0.5000488936975667, 96221000000
-0.06680487586485202, 0.11044181322670531, 0.4997404537195476, 96226000000
-0.008445711118037949, 0.17985315871649696, 0.49978796655660207, 96231000000
-0.12458150457463857, -0.039356195665455375, 0.5001390823215786, 96236000000
0.004802856940657506, 0.16323207675630155, 0.500140620991822, 96241000000
-0.11536103113488143, -0.019427133656458765, 0.4995554428278159, 96246000000
-0.033517812801836896, 0.07431943998312278, 0.5000660775318926, 96251000000
-0.012933130230729964, 0.18646408748542562, 0.49964508946062525, 96256000000
-0.13027866888147702, -0.021988314528796137, 0.4997586907838004, 96261000000
-0.03817902843523816, 0.08779656945353788, 0.49997106118662327, 96266000000
-0.06565158797280095, 0.08657829494568763, 0.49984716499139215, 96271000000
-0.02115491845817643, 0.07636220692976602, 0.4999298965232782, 96276000000
-0.016847105363221045, 0.18077941254249355, 0.49985230855754836, 96281000000
-0.11748342945916287, -0.010312547866197615, 0.4998606880840667, 96286000000
-0.05461667923714046, 0.08068820861995435, 0.5003486001770383, 96291000000
0.02290638737562991, 0.1928812660240917, 0.49989435024338513, 96296000000
-0.09656683641847971, 0.01629793913644528, 0.49968386055537806, 96301000000
-0.021299010207688512, 0.13581085960533534, 0.5000881690122874, 96306000000
-0.09320796322438757, -0.003204991195507194, 0.49974629981481233, 96311000000
-0.06584731632799204, 0.09463358270767723, 0.49980087437255877, 96316000000
0.02251725047853631, 0.16242336080031836, 0.4998921647092706, 96321000000
-0.10840145572802398, -0.012271744728538042, 0.4997215583919969, 96326000000
-0.06045863594628984, 0.13056917182225544, 0.4998373741062725, 96331000000
-0.0587075199192346, 0.12559146538797955, 0.4998377510614988, 96336000000
-0.0445924598933094, 0.05710458926971185, 0.5001542916445579, 96341000000
-0.028563091128808834, 0.19674122493057963, 0.49982985683204284, 96346000000
-0.1051271812119968, -0.0376387120854912, 0.5000081106556863, 96351000000
-0.06402175496947386, 0.08317461941538667, 0.49990014771480856, 96356000000
-0.022225979757303074, 0.16355709052671913, 0.49987157909196345, 96361000000
-0.10907345066108505, -0.029845907895887255, 0.5000656684617174, 96366000000
-0.015473755097144954, 0.15964859168899312, 0.4999444680570769, 96371000000
-0.08831702180348769, 0.005404757689696841, 0.4998728722949843, 96376000000
-0.008534485913455205, 0.14344750411166182, 0.49968113772077366, 96384000000
-0.11300443433129992, -0.00773448045269898, 0.49979501966908796, 96389000000
-0.05570948300587191, 0.08319148482311087, 0.50008383398016, 96394000000
-0.023177530129258866, 0.14426833916507012, 0.5000087231675778, 96399000000
-0.15163396436983462, 0.004218087446651184, 0.49976333299166337, 96404000000
-0.0731637123853017, 0.08228464988381828, 0.4998042182510388, 96409000000
-0.06603570737342393, 0.06408411509953252, 0.499569759947125, 96414000000
-0.08767858357154258, 0.08304708460652833, 0.5000513328740871, 96419000000
-0.013392564595588744, 0.1632420118352619, 0.4997265840901836, 96424000000
-0.12643813662674186, -0.029577064398341964, 0.49968458441135394, 96429000000
-0.00526139922628284, 0.14810682273419992, 0.5003081642694531, 96435000000
-0.08785444701700534, -0.01140562220842068, 0.49973654935867845, 96440000000
-0.05461403518372988, 0.11265235493013265, 0.5001634725612595, 96445000000
-0.0023153625799856143, 0.1428523924843861, 0.4997190530902077, 96450000000
-0.09916323632873747, 0.014403306089153637, 0.5000402879854611, 96455000000
-0.0900772430660876, 0.10096299370108594, 0.5002033285555514, 96460000000
-0.024827405394863035, 0.1940995148229852, 0.4994490001936107, 96465000000
-0.13092658275746744, 0.0074270879429748915, 0.4998485786500217, 96470000000
-0.017209732235316928, 0.17744340276134268, 0.49991304467566955, 96475000000
-0.10724316755632474, -0.031978975804480315, 0.499801666725124, 96480000000
-0.06635323521999308, 0.06225326318893793, 0.4998336737865019, 96485000000
-0.01267607958248541, 0.16129467318486235, 0.49969530756062464, 96490000000
-0.13368037394137539, -0.014257422029595023, 0.4998659436830318, 96495000000
-0.03008720634903629, 0.08466034687194589, 0.5002054861002032, 96500000000
-0.031031532242148992, 0.10502465994527224, 0.4996489143231494, 96505000000
-0.06494056238410362, 0.07110649898347181, 0.5000521558332108, 96510000000
0.02837430539654953, 0.1803072879236243, 0.5000334334536202, 96515000000
-0.13357828520392456, -0.02527342305608175, 0.49993326327163634, 96520000000
-0.06865693169399373, 0.08124239287329604, 0.49998808466783934, 96525000000
-0.05619260108002022, 0.1455062864224053, 0.49982409628673485, 96530000000
-0.11474593457143742, -0.0059356935763349205, 0.500156361202564, 96535000000
-0.0034168513521793857, 0.16492655539563242, 0.49966087993024966, 96540000000
-0.08120928368425341, -0.016064909966355668, 0.49981641551117134, 96545000000
-0.0416580704881546, 0.06477875625633453, 0.4996676176948372, 96550000000
-0.012911387328438488, 0.17888860895773748, 0.49962940630307684, 96555000000
-0.1201873818244471, -0.031211669418765634, 0.4999794288378253, 96560000000
-0.02895281831401626, 0.16380226365235914, 0.4997827469023711, 96565000000
-0.0730708528873825, -0.001806350067751739, 0.5001168312916179, 96570000000
-0.03366843908264035, 0.06857603242274282, 0.49989999276267116, 96575000000
0.0076464934870499775, 0.16921601445702067, 0.5000402009948478, 96580000000
-0.09526794214225899, 0.0023417528305547976, 0.5001156466297072, 96585000000
-0.07170108776594711, 0.06833627948966725, 0.4999847290753858, 96590000000
-0.07099370809855257, 0.08060794073157865, 0.4997332007467958, 96595000000
-0.04383738478307851, 0.06955567591746209, 0.4995415036095952, 96600000000
-0.012021000368141736, 0.1826041187573281, 0.49982714708947146, 96605000000
-0.1230254607128182, -0.01621045466075339, 0.49974181454223554, 96610000000
-0.019953393819670442, 0.08876505028947412, 0.49982548207383465, 96615000000
0.000837178091416875, 0.1801026129396349, 0.5000896874632913, 96620000000
-0.07324186623893965, 0.02351852509224142, 0.5001689002036515, 96625000000
-0.06958748422927657, 0.07824840682966523, 0.4999243849518342, 96630000000
-0.06961254025231563, 0.11052859454991497, 0.4995589362707691, 96635000000
-0.08142458517062531, 0.061146972195061114, 0.499862605531696, 96640000000
-0.0018472976735894493, 0.2101681911616561, 0.499636815667263, 96645000000
-0.13721361221070985, -0.016377647963687365, 0.500005299154677, 96650000000
-0.045515545277165684, 0.08673234747397279, 0.4997963396803781, 96655000000
0.021550686234133337, 0.20723620148027808, 0.4999069485135476, 96660000000
-0.09657441432313285, -0.028751905131915605, 0.5002750533437624, 96665000000
-0.056364137491079914, 0.08526764722043544, 0.5000265143491268, 96670000000
-0.013249908090392684, 0.1533299647511818, 0.4997573504589222, 96675000000
-0.1250588325091651, 0.012273844759684356, 0.4998352569754376, 96680000000
-0.05422782281284829, 0.0845168511461678, 0.5002481711586868, 96685000000
-0.011388872079566495, 0.20490385482485732, 0.49983710050243796, 96690000000
-0.11303772696257126, 0.0002657972959928985, 0.4999846672965107, 96695000000
-0.02355472619905659, 0.16908825166745203, 0.4995903546592537, 96700000000
-0.07544994600176846, 0.003133318943941749, 0.49984197348189763, 96705000000
-0.09861704386081449, 0.0671898656709246, 0.5001172028641385, 96710000000
-0.04668019217170902, 0.08599368099477007, 0.5000515760542872, 96715000000
0.03052660001187371, 0.15517800329930648, 0.5000878718645001, 96720000000
-0.13325257140795627, -0.0152413032237739, 0.5000635296849942, 96725000000
-0.05094843326633436, 0.07917568796642939, 0.4998815969461395, 96730000000
-0.05494981399357469, 0.10962931103922223, 0.499705548550418, 96735000000
-0.0660138684289226, 0.05798849864328867, 0.49995344498450167, 96740000000
-0.01742951494453864, 0.15272497337846913, 0.49995575670569786, 96745000000
-0.09888917550303192, -0.05232442003585659, 0.49967234187502063, 96750000000
-0.036400834038988035, 0.049834330000331425, 0.5001171654021582, 96755000000
0.01269237001618828, 0.1534186054827178, 0.4995219706144137, 96760000000
-0.10634707895434946, -0.013692582907923082, 0.4999445453776498, 96765000000
-0.025494820124041966, 0.15891997600577276, 0.5000854551864354, 96770000000
-0.10762941403173122, 0.007714026929981986, 0.5000434212384076, 96775000000
-0.05040665907801728, 0.051683355455664354, 0.49974679817613016, 96780000000
0.03500787867039823, 0.17869213754248067, 0.4994130284372077, 96785000000
-0.11480242522280047, 0.005102614610408226, 0.49968019223028876, 96790000000
-0.002138801092938925, 0.1574141359905144, 0.49973542295300305, 96795000000
-0.10776899194386075, -0.010654582287619304, 0.4997997373572968, 96800000000
-0.03598247292970678, 0.07466792161868356, 0.49994117478712485, 96805000000
0.004624716712862959, 0.16724780810551296, 0.500042635799849, 96810000000
-0.10760863934190451, -0.0016418596230561994, 0.49973843988674527, 96815000000
-0.07128932545720312, 0.12188176599218867, 0.49992209290224376, 96820000000
0.026586507209526905, 0.12415609225137596, 0.5000369046454842, 96825000000
-0.09629620573203215, -0.025525234566146346, 0.4998315453799453, 96830000000
-0.000515053848598266, 0.184658550336738, 0.49950865044769216, 96835000000
-0.0936379415521672, -0.021181713523674126, 0.49963530305765935, 96840000000
-0.04723315455473104, 0.07644087122976319, 0.5002341973551184, 96845000000
0.007996898067806827, 0.18264884801310385, 0.49975947367711226, 96850000000
-0.13220251472343572, 0.014251777023646703, 0.4999328116724376, 96855000000
-0.0635577686895827, 0.11219738725610144, 0.5002837710480451, 96860000000
-0.05255377999352016, 0.09598599918486211, 0.4998969356453423, 96865000000
-0.06538466007624684, 0.07121078701787188, 0.49985613081537356, 96870000000
-0.006464475553259125, 0.1901824776604653, 0.5000597378954132, 96875000000
-0.10572434329190367, -0.026354366314650435, 0.500378188228147, 96880000000
-0.062241685694210486, 0.06016578431711221, 0.4997911339628951, 96885000000
0.026312499536308136, 0.1662581460672266, 0.49968574587260395, 96890000000
-0.06268670733383297, -0.024387191412309286, 0.499892293380554, 96895000000
-0.011723721080788129, 0.1698838769594171, 0.4997705587785621, 96900000000
-0.0830404826973285, -0.014168211310061973, 0.49958710710492193, 96905000000
-0.07021964956466444, 0.10728595875146739, 0.49987200798808956, 96910000000
-0.012719108047066528, 0.1583004506932732, 0.499732216487574, 96915000000
-0.10231259773614106, -0.028155048532034415, 0.5001483641214984, 96920000000
-0.04699361189171885, 0.08354245682342407, 0.4999430144908352, 96925000000
-0.0316978209889102, 0.10218993654121598, 0.49984578702032767, 96930000000
-0.06332812534019615, 0.06960284618021523, 0.49968328243426846, 96935000000
0.022058732943664852, 0.2037990053716517, 0.49962166777571465, 96940000000
-0.12432862822246649, -0.026376419114526657, 0.5003113197295906, 96945000000
-0.047837024765357804, 0.08989999739823532, 0.4999431251507046, 96950000000
0.019465729850526955, 0.20479114825767916, 0.49933050271695406, 96955000000
-0.11035765101824327, -0.0014348670184657665, 0.5001000675092618, 96960000000
0.004955607937161315, 0.16809256627298738, 0.4997722418747564, 96965000000
-0.11538182637963951, -0.018953942311016443, 0.49977219900547687, 96970000000
-0.03986360810455393, 0.07119245392152955, 0.4998399271649802, 96975000000
0.002003778869213439, 0.18957931755729787, 0.49978785291972067, 96980000000
-0.10836267891410362, -0.018727757927152047, 0.5001786666792299, 96985000000
-0.025516101013591707, 0.08310073893274328, 0.5000413949451931, 96990000000
-0.049469840960766745, 0.07379355407352887, 0.4995635743223897, 96995000000
-0.0842316269461149, 0.06579699130523917, 0.49958869518710436, 97000000000
0.019608471638206545, 0.1786421046945249, 0.500025175962851, 97005000000
-0.12274652213709447, -0.005626808578543042, 0.49951751467533556, 97010000000
-0.04425088790510288, 0.10135405796262817, 0.499658809201526, 97015000000
-0.012258339895937264, 0.17027917609302357, 0.4997929728835154, 97020000000
-0.09553604110574261, -0.032614863115678884, 0.4996015683549561, 97025000000
0.003353710163932268, 0.1624140072585944, 0.4998136782864378, 97030000000
-0.09889907995533134, -0.03350799991711174, 0.49983174987039586, 97035000000
-0.05736509830219631, 0.10347551543620645, 0.4996538505466807, 97040000000
0.0012226639434165442, 0.20331922590285978, 0.49975741691486625, 97045000000
-0.1112620274665545, -0.012590262425478047, 0.4994688659062045, 97050000000
-0.07510610084345438, 0.09362606301325482, 0.5001003493358425, 97055000000
-0.04209141572041242, 0.05255326548801329, 0.4999494648481354, 97060000000
-0.0739239753989099, 0.09098915404335214, 0.4998406181212095, 97065000000
0.006434224775602121, 0.15584124327835283, 0.5001524348009359, 97070000000
-0.10778838472548011, -0.01951616767611587, 0.4998802885484152, 97075000000
-0.010711813105595873, 0.07398157598963817, 0.49999064061709014, 97080000000
-0.065232115982697, 0.09359454850444685, 0.5000217319775959, 97086000000
-0.05408303851736743, 0.08620765474756345, 0.5001987645015529, 97091000000
-0.02208656814473408, 0.20040006888806683, 0.4995591627081642, 97096000000
-0.1566815118449023, -0.005833165274907548, 0.49972532008771997, 97101000000
-0.06407844608489953, 0.057547584809743854, 0.5000072817666734, 97106000000
0.006655625991504039, 0.18370769166653397, 0.49952560314353717, 97111000000
-0.10660048797785648, -0.023956927678001047, 0.5001504705519587, 97116000000
-0.016679856939331605, 0.17271566408922084, 0.49994717845050024, 97121000000
-0.09737342967412828, -0.02050574730377979, 0.4998459968745444, 97126000000
-0.08255534937254126, 0.08765671609651654, 0.49979084751418307, 97131000000
-0.021606266310005836, 0.19827192550035072, 0.49981776329307864, 97136000000
-0.12242436031200508, 0.008180606317397511, 0.5000248934335404, 97141000000
-0.03198361383285139, 0.06766849175919534, 0.49981481260947297, 97146000000
-0.05554019219416341, 0.0841274513385294, 0.49980636234169185, 97151000000
-0.07497758979740822, 0.10018900745662906, 0.500291443884076, 97156000000
0.0009601370944152306, 0.17957977331490493, 0.499695161401543, 97161000000
-0.1273286431292043, -0.04183877600584633, 0.49959199872579885, 97166000000
-0.09088213427217848, 0.10702471342302548, 0.4998543158215676, 97171000000
0.010519868721165887, 0.16559868767521763, 0.4996101748374753, 97176000000
-0.12538846221912797, -0.00683749063293391, 0.4998703898577733, 97181000000
-0.029726081884053606, 0.10363888804723398, 0.500343137996437, 97186000000
0.0052186545330344955, 0.18853391296301844, 0.499570206622124, 97191000000
-0.1151948387536796, -0.01564883309288159, 0.49974789872088515, 97196000000
-0.051069151541351145, 0.08231697633527837, 0.4999468079581346, 97201000000
0.010033344054204758, 0.17296382749633737, 0.4997885240322568, 97206000000
-0.104056971885431, -0.008153750140146377, 0.4997128552947959, 97211000000
-0.03949925630896475, 0.15084859161638428, 0.49974931073866846, 97216000000
-0.1072735557320786, -0.005420379846654717, 0.49974667298011627, 97221000000
-0.07102607885617582, 0.05684441367238502, 0.5001193368055619, 97226000000
0.005912518148087075, 0.19170819748472784, 0.5000312626312894, 97231000000
-0.10325571527146096, -0.0038334918583890296, 0.4996592130244547, 97236000000
-0.07623078205935485, 0.14485633555659333, 0.4999974908529065, 97241000000
-0.01651409717818532, 0.15625788195038764, 0.49992377979838665, 97246000000
-0.10357536565647286, -0.01246886555753904, 0.49991202095849624, 97251000000
-0.07048653131507385, 0.09647040685929606, 0.49969096625687537, 97256000000
0.015126234869167369, 0.16631970125871356, 0.5000618479182284, 97261000000
-0.12458461107634052, -0.023150568207381907, 0.500150039246097, 97266000000
-0.07361359072491695, 0.08212684171838387, 0.49990094635170074, 97271000000
-0.02301959816286248, 0.19490328000250984, 0.4996739637262478, 97276000000
-0.10344039496773151, -0.017747330515816978, 0.49981239890966145, 97281000000
-0.008712225118810018, 0.15394214649316348, 0.4999977887575723, 97286000000
-0.13037986602306867, 0.0004653064323944696, 0.4997192105561939, 97291000000
-0.04195729676882006, 0.08215147923826183, 0.4999972051657782, 97296000000
0.004691861633282003, 0.17940571592239649, 0.499803228709184, 97301000000
-0.1403658114880365, 0.0004724718685327374, 0.49953496162524436, 97306000000
-0.031155459144293848, 0.09173164138834487, 0.5002531807018472, 97311000000
-0.07030902596012718, 0.10247802621408666, 0.4995900577524757, 97316000000
-0.08303316598977555, 0.04883476609061253, 0.49975664376438483, 97321000000
-0.022997979822250207, 0.18212355593637536, 0.499531042260146, 97326000000
-0.10828394859381879, -0.011850378934176916, 0.49972135956144775, 97331000000
-0.060605195935403935, 0.11727758833356716, 0.49980088331425415, 97336000000
0.029222794972981015, 0.1589542771291566, 0.4996480684054317, 97341000000
-0.11080627692421587, -0.046207082487156104, 0.4994553996096146, 97346000000
-0.03557652626569119, 0.142367997622164, 0.5001783971054731, 97351000000
-0.10349699468050069, -0.017127605285306567, 0.49940780847572164, 97356000000
-0.033278811087654, 0.06845824223535504, 0.4998267046375084, 97361000000
-0.00735046111117959, 0.1573763834371518, 0.4996204737754311, 97366000000
-0.11191808443831004, -0.0015095147780342499, 0.4997692056925501, 97371000000
-0.046891345421497616, 0.08404324070646528, 0.4996509292493288, 97376000000
-0.06213351515523469, 0.10049420755835375, 0.49944245758612943, 97381000000
-0.07330691242970327, 0.050012348410843975, 0.5002083906062098, 97386000000
-0.0009866212974110724, 0.1481078933382376, 0.49970425760295284, 97391000000
-0.1165512390168047, 0.015568174955164077, 0.49988539209358834, 97396000000
-0.03793963594824687, 0.10682723917140552, 0.49989700931000475, 97401000000
0.004954780569601871, 0.1561954864552901, 0.4996946623090972, 97406000000
-0.07239719242540957, 0.0028187084895008978, 0.49988555967938253, 97411000000
-0.03300474294347321, 0.1456213798787744, 0.4999695624475662, 97416000000
-0.10620396693636308, -0.021655395899788547, 0.4998468914106021, 97421000000
-0.07964918057960478, 0.0976553526339193, 0.4999192741748702, 97426000000
-0.02845897572117912, 0.1529306927922939, 0.4997716228862359, 97431000000
-0.08482741912336833, -0.04533929760858284, 0.49987047119638384, 97436000000
-0.053639243662076105, 0.10336460109017402, 0.4997629377904747, 97441000000
-0.026406978994670573, 0.07606965116184244, 0.499958400018147, 97446000000
-0.04614622253301474, 0.10172792641022702, 0.5000683953812337, 97451000000
0.010946239770706172, 0.1776619718649401, 0.4998320327377156, 97456000000
-0.10622359543369417, -0.04173967318993877, 0.4994398808250995, 97461000000
-0.08903796133602108, 0.04388863917043982, 0.500337633550591, 97466000000
0.06561689720567329, 0.21978546904073776, 0.4997600237862273, 97471000000
-0.09235651550209883, -0.014335254937044524, 0.5000265757107999, 97476000000
-0.02981376762776801, 0.16441300399099323, 0.4996937989169492, 97481000000
-0.09181525086311336, 0.00969158980633426, 0.49968310338779953, 97486000000
-0.06677057525208403, 0.08954148266526071, 0.4999494557318811, 97491000000
-0.017927421319676663, 0.19456523255099997, 0.49961614058837445, 97496000000
-0.12426978682287958, 0.010762546927986168, 0.4996357789780957, 97501000000
-0.07847002010142143, 0.051012508843836506, 0.5001012047999661, 97506000000
-0.0569941410616574, 0.09815331668242329, 0.5000222945898631, 97511000000
-0.02203259794491657, 0.09783729285183922, 0.5000476505442981, 97516000000
-0.02114325324583459, 0.21227650592782307, 0.4997500345086357, 97521000000
-0.09189458488360647, 0.011751540397937504, 0.499757448304368, 97526000000
-0.019802033410607982, 0.08253073058042183, 0.49957263006343783, 97531000000
0.00025238187658775885, 0.17882919804425998, 0.4999713834320201, 97536000000
-0.10963885553741354, -0.030834660649726967, 0.49958487711894356, 97541000000
-0.014369468443137329, 0.1651797346829278, 0.5000104627739343, 97546000000
-0.12837999700761055, -0.00041540866524018144, 0.49951347047403927, 97551000000
-0.04855921728962633, 0.10651527990594478, 0.5000623298298389, 97556000000
0.007125264923167273, 0.16465130368892786, 0.4996701429212488, 97561000000
-0.10393633526289996, -0.0006436522618648464, 0.4996970251821036, 97566000000
0.021076801778401634, 0.14099943401436432, 0.5000588421749427, 97571000000
-0.10531323574927538, 0.025841892942870023, 0.5000128739125422, 97576000000
-0.08380568398649137, 0.11103797934735493, 0.4999957928900435, 97581000000
-0.0010782614120816653, 0.16027485637072933, 0.4995142710620482, 97586000000
-0.11413698647022766, -0.0227379170224018, 0.4995593142029107, 97591000000
-0.055642510407764675, 0.06096166808215041, 0.4997742632744655, 97596000000
-0.017465122469017047, 0.16803031093053927, 0.4997541087384961, 97601000000
-0.10193623896172231, -0.012603865794310429, 0.4995524307590437, 97606000000
-0.004485456540009839, 0.1804231692063204, 0.49984026671248705, 97611000000
-0.09830520250440611, -0.018995077760320056, 0.49954181909663004, 97616000000
-0.06645590995045773, 0.08565426260690893, 0.49980029475105925, 97621000000
-0.0030831764879074926, 0.15032774072973998, 0.49962385006357635, 97626000000
-0.113173549403198, -0.014827733418495, 0.5000437468760871, 97631000000
-0.06485644948506943, 0.11038154143098883, 0.5000878887652461, 97636000000
-0.0015238316691191874, 0.1762748943862973, 0.4997032897487769, 97641000000
-0.0705069342978791, 0.0035639151965189218, 0.4997311992843008, 97646000000
-0.055992752774741826, 0.08779041153094928, 0.4998537332587406, 97651000000
-0.04227363329413021, 0.07169463375772923, 0.49968165700869355, 97656000000
-0.04905186941449071, 0.08329883544241659, 0.49985363513936126, 97661000000
-0.010529535770028716, 0.20449722965679384, 0.5000479962938081, 97666000000
-0.08066191987799036, -0.01943324528029342, 0.49975928016812404, 97671000000
-0.0740877268638615, 0.08552362894724437, 0.4999259973875791, 97676000000
0.005470377760626031, 0.20022905537942132, 0.5001978122051629, 97681000000
-0.13113741064926654, -0.021656926152814622, 0.4999853944211321, 97686000000
-0.052521316611581215, 0.08538968293742691, 0.5000113348692152, 97691000000
-0.02647082174139562, 0.1801213333981279, 0.49981893436413743, 97696000000
-0.12828006257233782, -0.014183762778685233, 0.49976613207716397, 97701000000
-0.0064802080703360914, 0.16356723871959716, 0.4998464881571046, 97706000000
-0.11842783231674531, -0.07207097892765893, 0.4997449018341825, 97711000000
-0.08778131055440302, 0.07128676624464433, 0.4998574975041542, 97716000000
-0.06021720465470463, 0.07808156750164084, 0.49976547728721976, 97721000000
0.01435747299366481, 0.18112011446063644, 0.49987897371839457, 97726000000
-0.09782096946104742, -0.010640023078205262, 0.5000477082935318, 97731000000
-0.04617266950868987, 0.12362468599754314, 0.5000555556204296, 97736000000
-0.018601800771962933, 0.08036612369016671, 0.4993646146996169, 97741000000
-0.06571257048527976, 0.0815594462141529, 0.5003582817932819, 97746000000
-0.0007249977441448894, 0.1691387811671622, 0.49985188392591157, 97751000000
-0.10112831706647415, -0.018641610060447244, 0.49953642560270295, 97756000000
-0.07493135133763533, 0.11981220499188984, 0.4997232756590015, 97761000000
0.014298586239068233, 0.14853704154919276, 0.4996780265239206, 97766000000
-0.07396876649418851, -0.04083655243012126, 0.49958933517555293, 97771000000
-0.0131108479325678, 0.1815423306724829, 0.49994058899571614, 97776000000
-0.10056861137374677, -0.027634601325380283, 0.4998372880670882, 97781000000
-0.04500725383892083, 0.07851078535064884, 0.4999895846081285, 97786000000
0.0017673716749236242, 0.18699686964681864, 0.49988110956940224, 97791000000
-0.13152064198890315, -0.009395880730758754, 0.49980851100687945, 97796000000
-0.07173996599140575, 0.08964610578378042, 0.5001359760618502, 97801000000
-0.04662805746259176, 0.10574313723675743, 0.4996601032331358, 97806000000
-0.05810728769082595, 0.058551016493386954, 0.49964420680563176, 97811000000
0.010517759345829448, 0.170469369244536, 0.49966025193766905, 97816000000
-0.10319929432787416, -0.024169736033445417, 0.4996905555948869, 97821000000
-0.05740646406149606, 0.07490447190014844, 0.500226210843922, 97826000000
-0.03186060706823768, 0.17314610182082785, 0.49951568893483766, 97831000000
-0.07131949704642823, 0.009602533290612008, 0.49987741737928637, 97836000000
-0.011661856848358855, 0.1855274901442092, 0.5003255002709507, 97841000000
-0.10243693143476587, -0.0106231866774501, 0.499786588778884, 97846000000
-0.04654721000784077, 0.09845129473045262, 0.5000811312181632, 97851000000
-0.0017699927314968795, 0.16740228013783232, 0.49973610523868317, 97856000000
-0.11275129423275303, -0.0017382983969729607, 0.4997661491199137, 97861000000
-0.06675873374030923, 0.08068514341375027, 0.49953234271492564, 97866000000
-0.044658351777803924, 0.0964867491720788, 0.49964232570616013, 97871000000
-0.10688998047432455, 0.09088970583370354, 0.5000483946442239, 97876000000
0.02454562081394947, 0.19440195200445293, 0.4998749695857621, 97881000000
-0.10362890057199707, -0.03911930181934252, 0.49993944521356326, 97886000000
-0.06418526425425085, 0.11613577291452426, 0.499996654873685, 97891000000
-0.0006406022474060031, 0.20653475167099464, 0.49967485498205116, 97896000000
-0.11063517747455769, -0.022783277623993535, 0.49964880390289085, 97901000000
-0.0339964919930343, 0.19784543852200287, 0.49996556880136217, 97906000000
-0.11414796255668655, -0.02527950971407115, 0.49961376723449774, 97911000000
-0.040494601923847726, 0.06835605049098706, 0.5003247056126793, 97916000000
0.0024516643789746313, 0.16013133741816063, 0.4995280783328439, 97921000000
-0.09391373708126542, -0.014606614062143282, 0.4998574212765917, 97926000000
-0.07150677562402823, 0.07988867635734725, 0.4998020186993239, 97931000000
-0.023134758426533363, 0.10664349220533265, 0.4995507327993463, 97936000000
-0.07480530324883802, 0.04619104196904649, 0.5000731809690877, 97941000000
-0.02667624391689503, 0.17695599568919235, 0.4994590246407856, 97946000000
-0.14823694297218207, 0.00026665275528665183, 0.49988785633771493, 97951000000
-0.07481216526781756, 0.08028332091519355, 0.500079703042415, 97956000000
-0.01824684629234445, 0.14126210112038273, 0.4999264514055536, 97961000000
-0.11222580108719857, 0.010549126889274424, 0.5000096547551516, 97966000000
-0.02882290052313582, 0.15793791455099387, 0.499787955698454, 97971000000
-0.10168714928742524, 0.007365047682846243, 0.4997059806449793, 97976000000
-0.0745045221741858, 0.07762763852104888, 0.499801845243223, 97981000000
0.004889928784401117, 0.1753817025000376, 0.5000774869147725, 97986000000
-0.09553522440353744, -0.010676872921753521, 0.4997897162626, 97991000000
-0.045880799054713504, 0.07452599877543326, 0.5000258858286721, 97996000000
-0.06939455536502911, 0.07318122985085115, 0.4994477731089497, 98001000000
-0.0662989910436305, 0.10970591166112267, 0.4999357173639407, 98006000000
-0.012004251709495772, 0.15439204568232315, 0.49979271561358163, 98011000000
-0.10070373269293062, -0.011465318669049734, 0.4997492496321884, 98016000000
-0.04311472129317141, 0.06083287310022068, 0.5001041608038546, 98021000000
-0.008101429181168709, 0.16268357947263457, 0.49981383725248363, 98026000000
-0.09476850449855807, -0.00136089341776012, 0.4998165154095987, 98031000000
-0.0011368705812428107, 0.16320271307301268, 0.4999144756109018, 98036000000
-0.10971709347277697, -0.019165605097560143, 0.4995587647633166, 98041000000
-0.05649458355476259, 0.08118702493442694, 0.49984777652355744, 98046000000
-0.004895899701755446, 0.17776915168433444, 0.49987848443007765, 98051000000
-0.11445914747659969, -0.010799795118094969, 0.5003267135669068, 98056000000
-0.03771602438917972, 0.11295250145092586, 0.5000008001880807, 98061000000
-0.009853525294267387, 0.15993905479369513, 0.49954568636579105, 98066000000
-0.09093844485544146, 0.03664728159053583, 0.4996186983531439, 98071000000
-0.08246546262939497, 0.07275369469751529, 0.5001745689826423, 98076000000
-0.0011560384942625192, 0.16195924662387046, 0.49991100225722046, 98081000000
-0.1115917960270716, -0.011264533027234652, 0.499773346849333, 98086000000
-0.05945722178523885, 0.08634002235444026, 0.5002884652082236, 98091000000
-0.008715144743812932, 0.1717263686843394, 0.5000675310024895, 98096000000
-0.1222961005196664, -0.008321453627194508, 0.49962996142647725, 98101000000
-0.041695123617293925, 0.14030242535752627, 0.49978667425263873, 98106000000
-0.0996646818189515, 0.006009563702564775, 0.49975688647420957, 98111000000
-0.07675787534791928, 0.08560410751395306, 0.500103932124819, 98116000000
-0.01747506242222642, 0.17370334349716313, 0.49984175870440756, 98121000000
-0.10201630797078358, 0.02872379193185521, 0.5000122365111029, 98126000000
-0.05642647967981212, 0.10529629894560524, 0.500196982126439, 98131000000
0.002907225596699499, 0.18257526784874092, 0.4999086730613349, 98136000000
-0.09181076400118661, 0.0006463285484629502, 0.5001198998726606, 98141000000
-0.05951904341983206, 0.10366816761125548, 0.499958720823321, 98146000000
-0.03134935061323482, 0.08537377623692369, 0.4996823099495276, 98151000000
-0.06083894269389213, 0.08212633561596615, 0.4997561469403702, 98156000000
0.0009640313127787692, 0.16540923949850245, 0.4997666528840345, 98161000000
-0.12757305634660554, -0.010667605636943111, 0.49984210416557145, 98166000000
-0.02640738946903185, 0.07351338629496311, 0.5001525224987261, 98171000000
-0.0059513459433404685, 0.16898969952844742, 0.5000118310393452, 98176000000
-0.12260838743497021, 0.005690200618783711, 0.49989082141097674, 98181000000
-0.034211146822724504, 0.16009879490085865, 0.49962956630416955, 98186000000
-0.09097216546948118, -0.0023939645878361723, 0.4998252326424534, 98191000000
-0.07540147224295693, 0.06481216651000841, 0.49986755092195106, 98196000000
0.0034952123031540628, 0.15372431778567885, 0.4997144568060461, 98201000000
-0.10875712863860237, -0.03163350206778232, 0.5002359588265953, 98206000000
-0.05649860040118721, 0.09631200216499414, 0.49973306124306677, 98211000000
-0.0657782344589036, 0.08270847239725437, 0.4998872234447717, 98216000000
-0.04842515881816514, 0.07000412997812006, 0.5003025038755201, 98221000000
0.0010820887383289988, 0.18546720983559015, 0.5000057882466218, 98226000000
-0.08298016831541154, -0.040949506530206445, 0.49993594946766173, 98231000000
-0.07102259653278803, 0.09170081951570211, 0.5000407229847568, 98236000000
-0.021261130166791736, 0.17655550168332218, 0.4996463051609955, 98241000000
-0.13275563600377288, -0.008936135687088146, 0.49973729834308794, 98246000000
-0.01829950721135783, 0.12506622056338007, 0.5001230065421292, 98251000000
-0.11656847305211375, -0.05474523077750288, 0.4996396630176144, 98256000000
-0.047236733307528776, 0.08293887086230078, 0.4998920127763029, 98261000000
0.0023530042550249006, 0.16447283465853993, 0.499873898200071, 98266000000
-0.09356382602963048, -0.03597549600021302, 0.4995448885488944, 98271000000
-0.09915279962407138, 0.09181538118670488, 0.5000104190468927, 98276000000
-0.011358332758625987, 0.19878214512823902, 0.5001718824938687, 98281000000
-0.09293721119159387, -0.009500130989472198, 0.4995858384221788, 98286000000
-0.048619692940444006, 0.09627836882908972, 0.49977551914422813, 98291000000
0.020104111412473445, 0.2262194703230786, 0.499744673355477, 98296000000
-0.11112126679528767, -0.016320572148237754, 0.4998677896638866, 98301000000
-0.06232136479878399, 0.09153618602921161, 0.4999489716874478, 98306000000
0.017395607249641554, 0.19362509386244886, 0.5001517068094479, 98311000000
-0.12407124397317049, -0.018854493800833986, 0.4997868308644022, 98316000000
-0.004931890318892404, 0.1734350542104375, 0.5000771147715889, 98321000000
-0.13784543317771858, -0.011078461248666833, 0.49976236693688797, 98326000000
-0.074367258873183, 0.0686294024005416, 0.499835407778345, 98331000000
-0.03713447202429076, 0.1576613667940764, 0.4997507809368026, 98336000000
-0.12564642529982376, -0.03638584294033244, 0.4997343141007875, 98341000000
-0.04931591337608332, 0.10853075581564847, 0.5000458411338919, 98346000000
-0.012832874039179237, 0.07627846475386064, 0.4996467076587731, 98351000000
-0.0626099535000889, 0.07290601773071237, 0.500129301200246, 98356000000
0.025610219773572356, 0.15239310652164975, 0.4999088947219633, 98361000000
-0.1204978978551046, -0.04197718742071268, 0.49968909299800324, 98366000000
-0.051775851133193405, 0.08624194815755883, 0.49998397690510665, 98371000000
0.0065775728111673246, 0.17127405776114432, 0.4998810686626389, 98376000000
-0.08825134771597094, -0.031099447294350636, 0.49990584952409456, 98381000000
-0.04041900340359213, 0.16589088312292874, 0.4998640085595972, 98386000000
-0.10780827080768128, -0.03154351214502879, 0.4999026117972599, 98391000000
-0.01661988710354073, 0.09003478197964038, 0.499726956387538, 98396000000
0.0286002878615661, 0.16069864105585827, 0.500407385185138, 98401000000
-0.09418950650786156, -0.04601124304372027, 0.4994067410808188, 98406000000
-0.03200988990880069, 0.09302868907164086, 0.5002683368117918, 98411000000
-0.039779168059751985, 0.10506477590737318, 0.4998058799638359, 98416000000
-0.06857992380011887, 0.06899916777168556, 0.5002914182739141, 98421000000
0.008092121602429033, 0.16501597900234688, 0.5002382362940576, 98426000000
-0.12637782518845522, -0.0009039871310602202, 0.4998799316597716, 98431000000
-0.027561837474377442, 0.09739048917461855, 0.49993261993150434, 98436000000
0.013679295019231695, 0.19703557124436172, 0.499329557055051, 98441000000
-0.13197090538441297, -0.013051667906529714, 0.4996330343671046, 98446000000
-0.014190291450075805, 0.16507443559348287, 0.49974661734462356, 98451000000
-0.11857712740829286, -0.001336636221731356, 0.4997625550677375, 98456000000
-0.06499373965146224, 0.08749610330366477, 0.5000973006426729, 98461000000
0.02541778775140908, 0.18110579892691114, 0.4998909039395447, 98466000000
-0.10408678843721925, -0.026120057671033585, 0.49979072245942957, 98471000000
-0.050767820552655815, 0.09360258719064095, 0.5000461964728067, 98476000000
-0.08385719715279169, 0.09502909688582589, 0.5001790000613736, 98481000000
-0.07477931214241598, 0.07601291288284663, 0.5001425795089501, 98486000000
0.018983457219960073, 0.1734839281650763, 0.4999069073714538, 98491000000
-0.09938851556984823, -0.0049392511087208175, 0.4994003178169448, 98496000000
-0.03954240740873165, 0.08967032045275068, 0.5000461137037995, 98501000000
0.02652369750108736, 0.17735339726864513, 0.49981170268616415, 98506000000
-0.10842386977191125, -0.011507456981314076, 0.4997178469914859, 98511000000
-0.028577134090285363, 0.1560471318242536, 0.49969663076551524, 98516000000
-0.09084020269118255, 0.028337245858725463, 0.4997720661667292, 98521000000
-0.09718876974660162, 0.07782297452056164, 0.4996842388519642, 98526000000
-0.016696159656197876, 0.16617119702219968, 0.5001745606768415, 98531000000
-0.04562646177155964, 0.11858467638165546, 0.4996360859024952, 98536000000
-0.13220032215703903, -0.00982775664427309, 0.5000008344517368, 98541000000
-0.04135663969193456, 0.08655363628194271, 0.5003569423697841, 98546000000
-0.030112372981320867, 0.08279928828604999, 0.49959177022611007, 98551000000
-0.05808442879526666, 0.05050478963821957, 0.49980695734354924, 98556000000
-0.0017947043003886168, 0.16703556562762248, 0.499843066698134, 98561000000
-0.10727606655462053, -0.04373144157798245, 0.4997507256304015, 98566000000
-0.044177360576249006, 0.055084611168544136, 0.5000366409574746, 98571000000
0.023429139918910345, 0.1734578736883838, 0.5000118807510132, 98576000000
-0.13824219490118356, -0.0021362644922373972, 0.5001593327983103, 98581000000
0.003188313985535811, 0.14649162407427527, 0.4998746678452072, 98586000000
-0.09479546932658346, 0.01576613950604859, 0.4993639092126293, 98591000000
-0.06000232271571186, 0.0839428870286633, 0.49992188607290855, 98596000000
-0.009345634829256273, 0.17183483663772917, 0.49948091273936807, 98601000000
-0.14709341628236033, -0.031942241101288044, 0.4998956429415552, 98606000000
-0.047249505718967376, 0.08439791544127485, 0.5000584947073932, 98611000000
-0.053406445152411816, 0.06662182562192906, 0.4996585980475465, 98616000000
-0.04445979433621115, 0.08089528634433357, 0.49993218869539674, 98621000000
-0.022565684919983172, 0.17118646997554696, 0.49955767966010917, 98626000000
-0.1280169010639102, -0.026678135564358663, 0.4995106262101857, 98631000000
-0.05137604374224374, 0.06509897786703334, 0.5001464747735523, 98636000000
0.004194741982439762, 0.18095593812522393, 0.5001588822687888, 98641000000
-0.11606401023426069, -0.03427885813542189, 0.49990761773624887, 98646000000
-0.01851492519176296, 0.17011376192736344, 0.4999081898466111, 98651000000
-0.06674460249639332, -0.037366879822689325, 0.4999873289669696, 98656000000
-0.0570363369321227, 0.0867052255365271, 0.4995409612478847, 98661000000
-0.011672538122053091, 0.18567546567860146, 0.5000938190141286, 98666000000
-0.12345647392805222, -0.02496027015894263, 0.5003023960134959, 98671000000
-0.05205194680594096, 0.08019678858565635, 0.5001293183457695, 98676000000
-0.01913495952825803, 0.15094972399220372, 0.4995781600090781, 98681000000
-0.12560531245030981, 0.003724644690502722, 0.49963436598039407, 98686000000
-0.03967620645036804, 0.10999198108429883, 0.5000535573413842, 98691000000
-0.0027680270034181683, 0.18044710095845634, 0.49990907165112214, 98696000000
-0.113909231623139, 0.015053227833713507, 0.4997239055396936, 98701000000
-0.07987247636263729, 0.08637106358613009, 0.4997351152295016, 98706000000
-0.07501788271440155, 0.08397695157537592, 0.4998560220506276, 98711000000
-0.055312369721781, 0.07070571012737285, 0.49991269985377285, 98716000000
0.006246896767652034, 0.19475976579844131, 0.5000447777527455, 98721000000
-0.1132626724484605, -0.00019431895946720942, 0.4996636241975105, 98726000000
-0.07464025110734979, 0.120131350205682, 0.5000133796199715, 98731000000
-0.025048807545549057, 0.1690508492208568, 0.4995714327253487, 98736000000
-0.1385672230070728, -0.05251410924026159, 0.4999835755786417, 98741000000
-0.05673811022289029, 0.0920753982572672, 0.5001536938722042, 98746000000
-0.02812684019825302, 0.0978373014897228, 0.5000378800230516, 98751000000
-0.05613835947663297, 0.08123175489833122, 0.4999151537417218, 98756000000
-0.019219883766710324, 0.17201060576071775, 0.500154130237125, 98761000000
-0.13107802300778265, -0.006502997481371961, 0.4995262297466631, 98766000000
-0.06755370807043062, 0.07751806636348738, 0.4998225828258063, 98771000000
0.01789998131799637, 0.15773854996822934, 0.49972804329685483, 98776000000
-0.1021505001057251, -0.016604656114992247, 0.4998741553276333, 98781000000
-0.03050912174680712, 0.1652356139375126, 0.4999609279608323, 98786000000
-0.09338308591741276, 0.00354562941358191, 0.49975491432790736, 98791000000
-0.043500909034148175, 0.10825336463205879, 0.49980361203177764, 98796000000
0.013325071019918526, 0.1885713868754268, 0.49947153016436535, 98801000000
-0.12750925259852747, -0.02460154276671314, 0.49971028176755017, 98806000000
-0.03942210677426476, 0.07278124124056828, 0.49976419089859425, 98811000000
-0.03288495975361288, 0.0497817174853681, 0.4999935615915659, 98816000000
-0.054198322348337435, 0.08044477557380753, 0.5001310176883236, 98821000000
-0.009439375500029445, 0.18262669009889737, 0.49990555270070575, 98826000000
-0.0867418808531156, -0.021210697248822585, 0.4996789264711614, 98831000000
-0.05876636833713753, 0.04332985758398736, 0.4995854103029976, 98836000000
-0.010660276059729239, 0.16576765550226663, 0.499858503434297, 98841000000
-0.11779695626663764, -0.034626224879962614, 0.4998660350694685, 98846000000
-0.03312565156280527, 0.15482081378885043, 0.4996861699708013, 98851000000
-0.1152035567763714, -0.03261028193762482, 0.49953894045393654, 98856000000
-0.032815426266476475, 0.07740830803015696, 0.5000814575234227, 98861000000
-0.030133942409031226, 0.1709751139782635, 0.4998215428121253, 98866000000
-0.10288160103722105, -0.023155545284502577, 0.5000898368354232, 98871000000
0.0012870014571131176, 0.14023213026994025, 0.49989714332245583, 98876000000
-0.015575839111937495, 0.0793115286779793, 0.4998220862738367, 98881000000
-0.10634151207785456, -0.0008196666529360266, 0.49974273148818493, 98886000000
-0.0676577193642873, 0.08569208310621078, 0.5000553142341558, 98891000000
-0.005455217015322, 0.18872605279065058, 0.4995014597496243, 98896000000
-0.11359734146048722, 0.012713914773163228, 0.4999499527519219, 98901000000
-0.03407090830208846, 0.056621892827791176, 0.49965702477268537, 98906000000
-0.007405533150297562, 0.16537863790203514, 0.4997583276374363, 98911000000
-0.11593405302453702, -0.032790451639598664, 0.49972676688871825, 98916000000
-0.02690723783425513, 0.1532763419209491, 0.49985868250297316, 98921000000
-0.09933999427596261, 0.005189532113056894, 0.49948401876503, 98926000000
-0.05061234257760786, 0.08272846718372828, 0.5000784316973512, 98931000000
0.010282446377682298, 0.16777143767736574, 0.49974576301169554, 98936000000
-0.11311609525943815, -0.05696937731098578, 0.4998585225268535, 98941000000
-0.06100345451759849, 0.1021338551050369, 0.49985380315031674, 98946000000
-0.06394025060078992, 0.07381414263953895, 0.5000237086992333, 98951000000
-0.03858853155219823, 0.06387043394718166, 0.49981400344446286, 98956000000
0.009294817234483364, 0.14878268180086374, 0.4999532009666822, 98961000000
-0.12249589140781889, -0.019142171425500763, 0.49973121370727713, 98966000000
-0.04925022979836675, 0.08685990647820722, 0.5000568816048118, 98971000000
-0.010181032272895633, 0.19516481624627596, 0.4997230871521272, 98976000000
-0.09546012578698479, 0.023135124445147124, 0.49983118133095783, 98981000000
0.004376762957321808, 0.15650427153967836, 0.49986464786025453, 98986000000
-0.13850708322218602, -0.04295199683396851, 0.4997668711182971, 98991000000
-0.06330577000046364, 0.08581802628561486, 0.5000346511684388, 98996000000
-0.0027404915934097843, 0.2067735239452897, 0.4996656086366753, 99001000000
-0.09340983016603104, -0.0014580848142890087, 0.49987357043588154, 99006000000
0.02615430925485556, 0.1778686485580218, 0.5001285051087612, 99011000000
-0.10459513899413185, -0.016430711338275165, 0.49967102155272863, 99016000000
-0.054900320176637804, 0.08810672586115952, 0.5001747247337797, 99021000000
-0.021330288386965865, 0.16804280866047328, 0.49965857975180356, 99026000000
-0.10140721055470613, 0.00606327251086369, 0.4997884096299055, 99031000000
-0.03515872877089585, 0.08455371221155081, 0.49955727312790715, 99036000000
-0.012246866939408706, 0.20380415504289212, 0.4995427610411915, 99041000000
-0.10708954280688317, -0.022880108475394033, 0.4998534691123017, 99046000000
-0.015922797319391894, 0.19689872736813402, 0.49976198712771386, 99051000000
-0.09941521726951551, -0.0055666611458065045, 0.4992779098989635, 99056000000
-0.05779327637616607, 0.0768715174970439, 0.49994441088950153, 99061000000
-0.039503225022460044, 0.09953306307254846, 0.49980061421016786, 99066000000
0.03368691893574096, 0.14783728236652252, 0.49994285083697065, 99071000000
-0.10234769143758662, 0.005083554871099547, 0.49989189992705213, 99076000000
-0.07226379676610321, 0.06780697325394115, 0.499789146292112, 99081000000
-0.0500907215617144, 0.09324310313778404, 0.49952428619203476, 99086000000
-0.06280509469037698, 0.07397205523773769, 0.4998409801635172, 99091000000
-0.017980106660092712, 0.1593084109580042, 0.4999801324198718, 99096000000
-0.1087823495611553, -0.02122669978560158, 0.4993263014085174, 99101000000
-0.05921921851256192, 0.11726708822440547, 0.5000868874580356, 99106000000
-0.0011670374448090233, 0.19853704632149471, 0.499807544472909, 99111000000
-0.12954055670558695, -0.01041032937804242, 0.49978123161514415, 99116000000
-0.023342099212671566, 0.18783533707269032, 0.49986745044636455, 99121000000
-0.08973026604857967, -0.003029715147206917, 0.5000266599138502, 99126000000
-0.05805881620147931, 0.07957981051826166, 0.49985477135924056, 99131000000
-0.00998246832658468, 0.1793864343172801, 0.49984246479968675, 99136000000
-0.11881589390381599, 0.01708623499825665, 0.4995867331402981, 99141000000
-0.042141364824166444, 0.08254540605161571, 0.5000046309329393, 99146000000
-0.07220517481120954, 0.08826374229532118, 0.49952626402242284, 99151000000
-0.0711670737070546, 0.07301764488902471, 0.49991801520617685, 99156000000
-0.012036335425417079, 0.1928852632476652, 0.4999524161145652, 99161000000
-0.12097119292284439, 0.01945837164825011, 0.4995012499906528, 99166000000
-0.04932428984073309, 0.07990798420973141, 0.49953469197671674, 99171000000
-0.0268238048110174, 0.18278857386935465, 0.49953379013057836, 99176000000
-0.10479846828396994, 0.008956257409705508, 0.49990449936458126, 99181000000
0.0067628117680267295, 0.1612044273469373, 0.49985850900390544, 99186000000
-0.09571568414685044, -0.0005980718208274671, 0.4998015694635573, 99191000000
-0.0767989774956331, 0.10287633776647274, 0.4997817575179325, 99196000000
0.020888268239655734, 0.189088966016583, 0.49952222206654306, 99201000000
-0.11885401250795273, -0.009487809472222577, 0.4996554623440857, 99206000000
-0.07073463022889269, 0.09232212167307133, 0.4998771815530794, 99211000000
-0.04119619848915991, 0.08049465032389362, 0.4999859221382013, 99216000000
-0.046167770456370855, 0.05631644851575143, 0.4995182286041681, 99221000000
0.0025035452900304773, 0.1711977779429174, 0.49993289343759895, 99226000000
-0.10303561745351748, 0.00038355549885824014, 0.49981378474816657, 99231000000
-0.0474422742990864, 0.05359372948919984, 0.5001581841372299, 99236000000
-0.0043827199334691746, 0.1730817840293422, 0.4998974259944413, 99241000000
-0.09823446974281984, -0.0007984527830771923, 0.4999979905843461, 99246000000
0.007423605082367298, 0.19093763942839134, 0.49999831666775635, 99251000000
-0.09223118075587614, -0.00526590975684974, 0.4998279263228279, 99256000000
-0.05637181168793741, 0.09958307692881414, 0.5001322374221738, 99261000000
-0.020958175289573028, 0.17781977318254444, 0.4997205151963471, 99266000000
-0.10424639308070692, -0.016967026581077144, 0.49982763308506345, 99271000000
-0.029736264726381214, 0.06728053339602358, 0.4998418763604544, 99276000000
-0.03030023277952517, 0.2010434519082893, 0.5002252996072017, 99281000000
-0.13457896864412913, -0.0184023790785134, 0.4998446884440901, 99286000000
-0.06316440602214111, 0.08087213088054183, 0.5001565072402039, 99291000000
0.0035968599332985886, 0.19539219877419936, 0.4997656587411671, 99296000000
-0.10573296109295702, -0.006800372765443928, 0.5000017648079981, 99301000000
-0.050381828323123885, 0.0768797879754028, 0.5000786090312453, 99306000000
0.0059884375131082955, 0.17185904019053422, 0.49985237787985376, 99311000000
-0.11213014855188687, 0.011537687233832316, 0.4995680179105646, 99316000000
-0.048659589246719495, 0.08116199911937363, 0.5001924630205289, 99321000000
-0.01649855016509493, 0.16351218096772974, 0.4996935920079244, 99326000000
-0.08334753858144214, 0.0067229211854562924, 0.4997353847526496, 99331000000
-0.08236768086932371, 0.1102447630694343, 0.5001981979345084, 99336000000
-0.003486424408529896, 0.16555032943195033, 0.4995653751718627, 99341000000
-0.13788499733902593, 0.013252478242654707, 0.4999413855117247, 99346000000
-0.051325716942232466, 0.08902013400476365, 0.5004415456039442, 99351000000
-0.05058724397161443, 0.07331524471686979, 0.49981040616503586, 99356000000
-0.05529064309069159, 0.11634581164525447, 0.4996434737312453, 99361000000
-0.004099165733736762, 0.20278606025092344, 0.49970087243091593, 99366000000
-0.10406076129056331, -0.008043973911751108, 0.4998019723177939, 99371000000
-0.05288681504696595, 0.11056758172462207, 0.5001283714059916, 99376000000
0.008582528620160993, 0.1788915750297681, 0.4997280001222135, 99381000000
-0.11270287066408834, 0.00832414626952753, 0.4997447707820706, 99386000000
-0.04451352248607783, 0.13521614721955288, 0.4999743707204518, 99391000000
-0.11813835640944254, -0.057209928035703066, 0.49946752311971987, 99396000000
-0.06409460168881363, 0.11758280613849727, 0.4999464007124478, 99401000000
0.015035575810213943, 0.17025281173126086, 0.5000525140146449, 99406000000
-0.11442441883702023, -0.02213270081482723, 0.499971891422956, 99411000000
-0.0492830786761045, 0.06769585142738926, 0.49967916659624523, 99416000000
-0.0415686362575374, 0.06827306214190132, 0.49960600894378704, 99421000000
-0.05753002892185086, 0.06961263277092994, 0.4999260675523682, 99426000000
-0.0215372424725155, 0.17588698212947834, 0.49966640159728865, 99431000000
-0.09916802223796267, -0.026577751221393893, 0.4999203845069416, 99436000000
-0.06787940104322729, 0.0734759986982659, 0.5001524405610916, 99441000000
-0.01872753160917071, 0.19858068459769454, 0.49947516012048687, 99446000000
-0.1115969350501056, -0.016057819497364484, 0.5000592413993405, 99451000000
-0.005647749936050982, 0.15678053009454637, 0.49977755243217853, 99456000000
-0.09848559160158468, 0.013674847892524267, 0.4997777752819409, 99461000000
-0.05522799158642863, 0.055408292244973595, 0.4997074380667091, 99466000000
-0.0352586959957035, 0.14463976277992205, 0.4997132233093095, 99471000000
-0.14569931244353207, -0.004848186114942393, 0.4998644527180936, 99476000000
-0.07848119110446478, 0.06008993684060089, 0.49989842759551145, 99481000000
-0.03885095739810662, 0.09203293721846874, 0.499762405577038, 99486000000
-0.07051508022349336, 0.0709122930742755, 0.4996921778305807, 99491000000
0.03090819545000209, 0.17580905559959376, 0.4999611154980236, 99496000000
-0.1028105706359906, 0.008961268982764174, 0.4996864497343858, 99501000000
-0.03838251512603656, 0.08748606462127831, 0.4998577488000226, 99506000000
0.007075990120626223, 0.18038696425272283, 0.49971740347022864, 99511000000
-0.11956569008457174, 0.018710344429566005, 0.49946735049138713, 99516000000
-0.02088001401138287, 0.1799344425244016, 0.5001168051485344, 99521000000
-0.08234013500186935, -0.025030414543456246, 0.49968782107341425, 99526000000
-0.06385033707680028, 0.09371660039396143, 0.5001736528610955, 99531000000
-0.011822566598766336, 0.15584656867893731, 0.500034204089653, 99536000000
-0.11109907485057338, -0.005311744128044846, 0.4997518051449134, 99541000000
-0.06802008907274183, 0.08020186973584395, 0.49999719806538745, 99546000000
-0.07336422490128167, 0.06463324009348691, 0.49975529694487275, 99551000000
-0.05998093115868371, 0.06091244883750423, 0.4997122646268876, 99556000000
0.011302738418766804, 0.14787417043695678, 0.4999458410263409, 99561000000
-0.11231647320598874, -0.01670744617072592, 0.4997825938753441, 99566000000
-0.044225100166481075, 0.09160942656944887, 0.4998008623881243, 99571000000
0.034053769722973574, 0.16442023863407162, 0.4995864702193425, 99576000000
-0.10149006000070318, -0.04557373161770143, 0.499431775945582, 99581000000
-0.0021155704457619766, 0.16822060856072849, 0.499960136928478, 99586000000
-0.08037008780189603, -0.02002199805153947, 0.49989698142970485, 99591000000
-0.04370804826970005, 0.06410882292595847, 0.49988214412906934, 99596000000
0.008879752441619815, 0.165465165683902, 0.4997704996514349, 99601000000
-0.1215866000250278, -0.008097897716781342, 0.5002559971428638, 99606000000
-0.04936661859481686, 0.08879638910191374, 0.4997826368039871, 99611000000
-0.050160225765299465, 0.0978496367088923, 0.4998806015400781, 99616000000
-0.0950986167720185, 0.06348625824789333, 0.49971245170988643, 99621000000
0.002928630752095124, 0.20773654754382176, 0.4995779525830656, 99626000000
-0.10252621386229396, -0.0025326202451352205, 0.49942601675313564, 99631000000
-0.03455328545179691, 0.09926872986169587, 0.4998937949933611, 99636000000
0.020606115389068168, 0.17056326086125922, 0.49983064551848655, 99641000000
-0.08430380839723423, -0.03964517066999865, 0.4995908360949422, 99646000000
-0.05973535641542385, 0.08243092950486776, 0.5001087909450569, 99651000000
-0.011558572581611847, 0.22218753458256862, 0.499909315443601, 99656000000
-0.10110828867315456, -0.016375315040870246, 0.4996456812984688, 99661000000
-0.07026762584312973, 0.1309626269852532, 0.5000187656150408, 99666000000
0.01671328535246988, 0.1800396840341104, 0.49977004230624694, 99671000000
-0.08919348741569838, -0.012345192327513188, 0.49976687790015106, 99676000000
-0.07115861577577268, 0.09229937115262475, 0.4998563882428237, 99681000000
0.013329788488772164, 0.19110422392069276, 0.5000511193061876, 99686000000
-0.11033013563491384, 0.005904487172801322, 0.49960915236616066, 99691000000
-0.07186835320299449, 0.09051403500748184, 0.49988061140886403, 99696000000
-0.0629975883947011, 0.07050516466162757, 0.49972386030978627, 99701000000
-0.03585989583786625, 0.10683204205646311, 0.49990011832297837, 99706000000
0.006073786100768091, 0.1631449988129618, 0.49996079991250225, 99711000000
-0.14368879277516433, -0.02078870421410265, 0.49999652232807956, 99716000000
-0.07719438198953385, 0.0778311942805121, 0.5000950005279344, 99721000000
-0.023219560672366506, 0.20924490214926028, 0.49999148200869264, 99726000000
-0.10160509474723971, -0.004513303042984598, 0.5001100119569315, 99731000000
-0.005633486372888787, 0.14710446073683364, 0.5003614054163275, 99736000000
-0.07127232602909794, 0.014806314974113156, 0.4997881749342723, 99741000000
-0.06659029125919734, 0.09680604024316776, 0.5002425089374756, 99746000000
0.007545979552890973, 0.20040050584536231, 0.49984596170138207, 99751000000
-0.1395702840357948, -0.030832946089477807, 0.49974937906067646, 99756000000
-0.06800829147673262, 0.09065629737138373, 0.5000169097943826, 99761000000
-0.0489013876120646, 0.06472245380117483, 0.4999767041189989, 99766000000
-0.05523224452975177, 0.07832886177730249, 0.5000569208810266, 99771000000
0.02837156250485886, 0.187768960906239, 0.5000022148468934, 99776000000
-0.11577764714391478, -0.005611247118859913, 0.4998690059825026, 99781000000
-0.04731800441937059, 0.086084119633085, 0.5002120467988168, 99786000000
-0.007955189736005818, 0.1698931620638473, 0.4994785805689129, 99791000000
-0.11580715814519385, 0.013797931134696548, 0.49989496079395723, 99796000000
0.012398069343902716, 0.155419631982828, 0.5000977418424254, 99801000000
-0.10728411691815126, -0.02564106163139632, 0.4997120594793208, 99806000000
-0.05023625441009753, 0.04914892454337018, 0.49995323997289337, 99811000000
0.01380875701192521, 0.1893867525825801, 0.49962139673965894, 99816000000
-0.1502600660680579, -0.08449995998185214, 0.4995509895228469, 99821000000
-0.03653013171052734, 0.1507236114498622, 0.4997912544712247, 99826000000
-0.03961787347548394, 0.11652802233277534, 0.49970546899485857, 99831000000
-0.1354337059519946, 0.015863987311742385, 0.4997824702029647, 99836000000
-0.08574012987193755, 0.09020097382435398, 0.5000864312934391, 99841000000
-0.015702241580648302, 0.16693046740376505, 0.49964504789797215, 99846000000
-0.061856901134828536, -0.028027428294216526, 0.5000759176457164, 99851000000
-0.0582408642424691, 0.10080689660088145, 0.49992452090216066, 99856000000
-0.05952500096665976, 0.08020488417504729, 0.4996490831185353, 99861000000
-0.09279810834053932, 0.08604058348354585, 0.5000496186278064, 99866000000
-0.021868655469897743, 0.1767146140518835, 0.49973955954377847, 99871000000
-0.12094738903931246, 0.041150732225665565, 0.49946842170676775, 99876000000
-0.05390774753915554, 0.06001084309097797, 0.49979414149201534, 99881000000
-0.004515071269990026, 0.18299011129501144, 0.4994853994075425, 99886000000
-0.07757299417262524, -0.02062128722855971, 0.49997985984080073, 99891000000
-0.04187505825483415, 0.07362736424930214, 0.49975068199559036, 99896000000
-0.03246580574668847, 0.08227988376785744, 0.4994529708979531, 99901000000
-0.0433978728143042, 0.08272356725849823, 0.49988732336568337, 99906000000
0.011774220406007023, 0.18700307505007682, 0.4999257296230501, 99911000000
-0.09030948077553089, -0.013022518900670063, 0.49964879440634785, 99916000000
-0.06021566112763497, 0.07906989939562874, 0.49953522698478237, 99921000000
0.004976850950627709, 0.158204568642547, 0.49996075637666476, 99926000000
-0.11496492907811255, -0.010302814483178522, 0.4996044886549397, 99931000000
-0.01310528535425144, 0.13672918960245883, 0.5000565852608088, 99936000000
-0.07732037398567024, 0.02482717285739827, 0.4997459252345855, 99941000000
-0.08529529857374563, 0.06981187461205385, 0.49981820056136, 99946000000
0.04069440690350488, 0.17021529525951734, 0.4997328802879911, 99951000000
-0.10029337288920553, -0.024966481355440537, 0.49979150890404284, 99956000000
-0.048356658408427095, 0.09028681702762363, 0.5000209456479339, 99961000000
-0.035449393657031654, 0.08732060579436368, 0.4996466176115999, 99966000000
-0.06878190746210325, 0.07194747115926704, 0.49970036497692566, 99971000000
0.008582871408622936, 0.16144289423388056, 0.49972890098485934, 99976000000
-0.08605723877723603, -0.03362663366214558, 0.49961200294452635, 99981000000
-0.03850891691660417, 0.06702084186442839, 0.5003505453857535, 99986000000
0.02087020138101064, 0.2064375325352648, 0.49956183275627497, 99991000000
-0.11886168718977996, -0.007183266875025333, 0.4998377181507684, 99996000000
-0.0011604457300241015, 0.15792512081843937, 0.49984718690875485, 100001000000
-0.10097606077844042, -0.018374962453204025, 0.5000417792694396, 100006000000
-0.0814705639824756, 0.08923034151802318, 0.5000077514123796, 100011000000
0.0052004427784903854, 0.20040430290411895, 0.4999389008890498, 100016000000
-0.10118763595686095, -0.028168294184646912, 0.5000823626924913, 100021000000
-0.03801016999531241, 0.08482409051883114, 0.4998363453503119, 100026000000
-0.01656860434505446, 0.07786581707076606, 0.4999273939204549, 100031000000
-0.057669027750120214, 0.07240043042773152, 0.49963290885967154, 100036000000
-0.02132533200952132, 0.1669788365494006, 0.49986467114134264, 100041000000
-0.10054504471924106, -0.013717394128347694, 0.5000198436911939, 100046000000
-0.06629165013431544, 0.10609772802801169, 0.4998162797524032, 100051000000
0.01119512671987488, 0.18813698620576585, 0.4995984037885021, 100056000000
-0.10393693014737489, -0.05088045067483705, 0.49992398688893774, 100061000000
-0.018176058150812864, 0.15943829437061785, 0.49960576357104963, 100066000000
-0.1060819749530382, 0.015311092442910065, 0.49991100980124814, 100071000000
-0.06283642169273299, 0.0749857319334987, 0.4997189239973187, 100076000000
-0.06524757866200663, 0.08472506284068076, 0.4999691502169953, 100081000000
-0.004425253298771952, 0.14321063228202077, 0.4997829430646175, 100086000000
-0.10317345302589788, 0.004209032960506419, 0.4998251520950707, 100091000000
-0.0504287919961613, 0.08261268846349154, 0.5000996564884401, 100096000000
-0.03449294131686052, 0.09673279338211427, 0.49940879262245247, 100101000000
-0.0658568733311888, 0.06873337394845712, 0.4999747206204884, 100106000000
-0.011555387206557688, 0.17911964796192034, 0.49991864481802084, 100111000000
-0.14157025015851663, 0.005497934759547195, 0.49977625499651473, 100116000000
-0.09302059092764105, 0.11006477119584288, 0.49970390742671955, 100121000000
0.0003576149001111393, 0.16122214642655294, 0.4999216066159269, 100126000000
-0.08693687434282811, 0.002434512990454834, 0.4998458576307255, 100131000000
-0.07857529945988789, 0.07592755829648724, 0.4998448433731725, 100136000000
-0.03390089145592444, 0.15234322837327613, 0.5000563062208451, 100141000000
-0.08440114770686227, 0.003776993656005522, 0.499671654866738, 100146000000
-0.06257258762180615, 0.08299419246489662, 0.5000548668311618, 100151000000
-0.02903765009355038, 0.192961482581856, 0.499417126056978, 100156000000
-0.11910110431048526, 0.006757807283644567, 0.49989801525831723, 100161000000
-0.050660683746245834, 0.08698639346892795, 0.5000744715064119, 100166000000
-0.012464855967618912, 0.09915902372575745, 0.4995131120857616, 100171000000
-0.052953177864078854, 0.042467067484299834, 0.5001168754002236, 100176000000
-0.017540232563942725, 0.14961915401788817, 0.4998233976632551, 100181000000
-0.11696573328890658, -0.05195792876755676, 0.500084962379808, 100186000000
-0.047222515595292634, 0.08217226494831704, 0.49989646355375655, 100191000000
0.0025149974126772185, 0.17742182789964506, 0.4995394732507471, 100196000000
-0.11232703148968015, -0.061499047579490845, 0.4997085224440892, 100201000000
-0.006698056829650736, 0.15643832085690582, 0.4995699687832921, 100206000000
-0.105077274972248, -0.04131217406651785, 0.4994375424455226, 100211000000
-0.06328318283297682, 0.0861518762528128, 0.5001342752470523, 100216000000
0.005838853815357272, 0.1975263589956507, 0.49952207674912447, 100221000000
-0.10499231066042106, 0.005434574170786261, 0.4997360593693948, 100226000000
-0.06999810257761956, 0.07312027257583338, 0.49995357413567043, 100231000000
-0.05380179694120531, 0.08109047893312037, 0.4995065274081815, 100236000000
-0.06185679845837724, 0.06850540234553631, 0.5000612153496496, 100241000000
-0.0012056912048794305, 0.17202759709283055, 0.499837122871792, 100246000000
-0.08356604022987926, -0.04174077263758575, 0.5002841108928309, 100251000000
-0.0670143041196263, 0.1484514452593004, 0.5000332496660538, 100256000000
-0.06226789985877662, 0.05430471439202179, 0.4998960645295333, 100261000000
-0.04722656249618148, 0.0712823343481103, 0.4998893490251125, 100266000000
-0.009627630473655198, 0.16632626027470368, 0.49999550551411626, 100271000000
-0.10177796319212623, -0.0176442928101036, 0.49981416026445724, 100276000000
-0.05523221495068164, 0.08169931496808946, 0.499810846929655, 100281000000
-0.029600625560488463, 0.17831359059029364, 0.49977414533215114, 100286000000
-0.09811288685112325, -0.025358819914765563, 0.49962822442663135, 100291000000
-0.04622116363930626, 0.10206241357424452, 0.4997267651277844, 100296000000
-0.03956311972879192, 0.09251261411626495, 0.4999211216749228, 100301000000
-0.07689711153272115, 0.07424763353711782, 0.49965260355336494, 100306000000
0.040981715628356404, 0.1789914033745989, 0.49976635512190193, 100311000000
-0.10052879813292481, 0.0008056458547876996, 0.5001658895521536, 100316000000
-0.0547923699204273, 0.07223958204402159, 0.4998154131012801, 100321000000
-0.0040751454479754454, 0.180801691395397, 0.49944365673431723, 100326000000
-0.11083318755731744, -0.005925627469094841, 0.4998286582137943, 100331000000
-0.028407452986109895, 0.15934294377294309, 0.49999185872668994, 100336000000
-0.1189303423830149, -0.01214322105444716, 0.500042030202035, 100341000000
-0.07167495180876954, 0.08812909464115234, 0.5000565191715919, 100346000000
-0.012845283700550346, 0.1815297605389747, 0.4998250408790668, 100351000000
-0.1053738271366501, -0.009362174480273502, 0.5000198859671363, 100356000000
-0.037543664985149494, 0.10748672046081956, 0.4996091055089209, 100361000000
-0.023343624472143592, 0.10844247146568095, 0.49965000171249674, 100366000000
-0.059752785880433985, 0.07048638372520598, 0.4998591755509447, 100371000000
-0.03127126857924182, 0.19531918522627997, 0.499863814358638, 100376000000
-0.11090156265827375, 0.00014662452793679642, 0.4996604411207592, 100381000000
-0.06068210843441279, 0.05388893936224943, 0.4996886591014173, 100386000000
-0.011138652207757917, 0.17340964438433867, 0.4998110663993179, 100391000000
-0.09366139846323307, 0.0019456963199518604, 0.4997308417805801, 100396000000
-0.004993576002496074, 0.18211746245514815, 0.5000645534840532, 100401000000
-0.10966731161946205, 0.001354383247608862, 0.49985986957201517, 100406000000
-0.06128272365561809, 0.09119340306793167, 0.5000311254681629, 100411000000
0.014531207743349022, 0.17657687490168428, 0.4995219537102411, 100416000000
-0.11791876098422348, -0.07910940812495386, 0.49976063875247445, 100421000000
-0.03891434790276852, 0.07234881871219487, 0.5001648149360868, 100426000000
-0.04593408055783895, 0.10886294518221368, 0.4997989315648838, 100431000000
-0.07554155991292671, 0.09961217897758685, 0.4999351336931492, 100436000000
-0.0009461673363288564, 0.16723744044130792, 0.4996502732532332, 100441000000
-0.11884396861676433, -0.02224322640800734, 0.4997824956850077, 100446000000
-0.06063096260915001, 0.09793228821396296, 0.5000865020751947, 100451000000
-0.028761572634718728, 0.1877787115405824, 0.4996066144056831, 100456000000
-0.11841767055698876, -0.03406505712923394, 0.4996591301591246, 100461000000
-0.03220564913956998, 0.160902748348265, 0.4998798567944476, 100466000000
-0.09895955259111437, -0.02741645446190545, 0.49971676872399445, 100471000000
-0.04917393829223614, 0.08788061575357088, 0.499605367680209, 100476000000
-0.014446354329105399, 0.21093139844636827, 0.49982902223958126, 100481000000
-0.10029145522206082, -0.023507381931048288, 0.49965908944123766, 100486000000
-0.03512367990209829, 0.0877221221479299, 0.4999398930466387, 100491000000
0.024310040429049565, 0.22493557078252294, 0.4996978306734071, 100496000000
-0.14200391892326505, -0.029794667337081884, 0.500046007302958, 100501000000
-0.06015231553586397, 0.07756649240220653, 0.49990729891708996, 100506000000
0.025093111163507372, 0.16387729062800865, 0.4999007094975479, 100511000000
-0.09755460826537289, 0.023252494766735386, 0.5000154491510982, 100516000000
-0.05227790337157623, 0.08490935210874029, 0.4999773405515256, 100521000000
-0.026590490688171903, 0.19833883503313762, 0.49964807077414314, 100526000000
-0.12794378820953284, -0.02656533917444533, 0.4996606285167456, 100531000000
-0.047966826670279385, 0.09451672471732207, 0.500111664666511, 100536000000
-0.005675344995955281, 0.18504434471302764, 0.49972129148384975, 100541000000
-0.10231617547941285, -0.012965840394470199, 0.4999448992079631, 100546000000
-0.017576665177509422, 0.15682534723934854, 0.4997980474396611, 100551000000
-0.11226954116866722, 0.030809467041329926, 0.49951535719444184, 100556000000
-0.05469457942032543, 0.10211549980913431, 0.49962585913263174, 100561000000
-0.009195414051686578, 0.17622481504570903, 0.49935145506562784, 100566000000
-0.12403225739451149, -0.003833892925416785, 0.4999214541802831, 100571000000
-0.016981231680961047, 0.14922926298426117, 0.49984140047219466, 100576000000
-0.07331731363319946, -0.0111669188695986, 0.5000230029969474, 100581000000
-0.05910280474362096, 0.05898681093562197, 0.4998386722868393, 100586000000
-0.010731973435423524, 0.17902232505850207, 0.500014772995048, 100591000000
-0.08875340934194323, 0.0018442478483218228, 0.49998200171010226, 100596000000
-0.0645087208908055, 0.09350675824814389, 0.4998809838831569, 100601000000
0.0021202469119137334, 0.14168049352842454, 0.49968072170599037, 100606000000
-0.07206761835030771, -0.0045460144549915715, 0.4999175871511578, 100611000000
0.028299741221450708, 0.19253081004741274, 0.49979981950628855, 100616000000
-0.05184688190098049, -0.007070957024231253, 0.4995281208144852, 100621000000
-0.046371169809838075, 0.07177748138191167, 0.5000657381409609, 100626000000
-0.008543752087003097, 0.214845729215774, 0.4996645234480437, 100631000000
-0.09727249249840997, -0.036466979435091584, 0.4992937907487894, 100636000000
-0.044155481315775305, 0.10167964258176523, 0.5001215712104454, 100641000000
-0.057908247236425535, 0.09149929809719237, 0.4997632195620757, 100646000000
-0.09249074549773552, 0.0646788292794745, 0.5001569180798836, 100651000000
0.005802697152407067, 0.18015771745525094, 0.5000804703351054, 100656000000
-0.1115421127888709, -0.01728135080758228, 0.4999445878967787, 100661000000
-0.04769841995253421, 0.08652771225655922, 0.4998095587778942, 100666000000
0.02074124378941471, 0.19258277566800283, 0.49996565003061894, 100671000000
-0.09969618067539927, -0.029241039835844727, 0.4997071823021778, 100676000000
-0.04082076027114829, 0.1594372472915296, 0.4997256005519862, 100681000000
-0.10330568436163551, 0.008193652928334995, 0.4996811351010505, 100686000000
-0.05434889843614178, 0.09463316006909765, 0.5002676562106474, 100691000000
-0.003346306324945285, 0.19935857242005312, 0.4998102305778301, 100696000000
-0.13854716958320412, -0.010659830516973223, 0.49969350240805693, 100701000000
-0.03012017469769031, 0.07589792334878148, 0.5001316091601, 100706000000
-0.04241793051294598, 0.07321829579222705, 0.4996286199115405, 100711000000
-0.08673404612689482, 0.10055367101127521, 0.5001821276682455, 100716000000
-0.05042364898297929, 0.16140065150648183, 0.49954265782409685, 100721000000
-0.10858459883789301, -0.025337543944843274, 0.4994967667358424, 100726000000
-0.052682794209125375, 0.07936645462334187, 0.49982284734348825, 100731000000
-0.017060891852301967, 0.13931753736454314, 0.49965076901611477, 100736000000
-0.09585004902822986, 0.012868734891636213, 0.4998617745695828, 100741000000
-0.047978826694804584, 0.09316521375830322, 0.5000531269406869, 100746000000
-0.03890741721793248, 0.17302646332271343, 0.5001055284408542, 100751000000
-0.08250466919546683, -0.01721333084152925, 0.5000072420023076, 100756000000
-0.07285268525111845, 0.11198463805101003, 0.4995777015470473, 100761000000
-0.02442590768348077, 0.1505235683087764, 0.4996339205851635, 100766000000
-0.12882244727594017, -0.08468671166507633, 0.4997620033485502, 100771000000
-0.04457674430351388, 0.08090950243354836, 0.5000817983222556, 100776000000
-0.04789729379964697, 0.07235943149720239, 0.49978816311524354, 100781000000
-0.0689290928960695, 0.06516929359839685, 0.49987562944885416, 100786000000
-0.04006542230872056, 0.17076316026699392, 0.5000535137479488, 100791000000
-0.11264865288396113, -0.00747230725726687, 0.49994736666765777, 100796000000
-0.029202065150486626, 0.06763462409255624, 0.5000587553051066, 100801000000
0.031132163146498207, 0.14918276496545932, 0.4994952928288884, 100806000000
-0.1021296431408238, -0.012152519379535365, 0.4997539847408633, 100811000000
0.0028427952524105442, 0.16713417671631473, 0.4996910838506337, 100816000000
-0.09657449963363617, -0.007924599608471689, 0.4994033373574031, 100821000000
-0.05238863301833884, 0.06010895829811913, 0.49991547431154204, 100826000000
-0.023489671036486207, 0.2040311015916185, 0.499761225718123, 100831000000
-0.08261602965429952, -0.001315922684425045, 0.4996563165520453, 100836000000
-0.05429588899577852, 0.10350371967077457, 0.49993620941722966, 100841000000
-0.04354011704260077, 0.09704570907850697, 0.499776369647419, 100846000000
-0.0817430409462365, 0.08244928767445867, 0.49975412277959474, 100851000000
-0.036202073816253004, 0.16397367697417906, 0.4997882526077753, 100856000000
-0.11729369029762098, -0.017385627578773485, 0.4994670158239018, 100861000000
-0.045340510491979444, 0.06200552213336812, 0.4997809559961757, 100866000000
-0.05415828709242289, 0.1739041275058027, 0.500085770883576, 100871000000
-0.11665620030467769, -0.013270913471847258, 0.4998874803236373, 100876000000
-0.062146989562500005, 0.08306569198159434, 0.49953357229294626, 100881000000
0.018866425976464447, 0.1644451730978776, 0.5000457252068521, 100886000000
-0.12281630298437421, -0.005680746286069987, 0.5000491394208314, 100891000000
-0.07387468951227504, 0.06317572956138677, 0.4998124092121201, 100896000000
-0.002163179646458527, 0.17228176376454368, 0.4997448631507452, 100901000000
-0.09455984528903005, 0.006155114302584808, 0.5000395691322037, 100906000000
-0.042631582812981794, 0.14024448545060872, 0.5000513581270107, 100911000000
-0.09675967187166552, -0.003923225674881554, 0.4999994576558324, 100916000000
-0.0656485176744372, 0.07393463867266274, 0.4999733571171458, 100921000000
-0.012426885234024696, 0.170220614632425, 0.49983332009114867, 100926000000
-0.12636174437591446, -0.008984123809743545, 0.49987174685220226, 100931000000
-0.07043120567522644, 0.09054696851913575, 0.49985837250011617, 100936000000
0.015778587945489298, 0.1758518988028275, 0.4997970859692941, 100941000000
-0.08864710121737207, 0.009092640450127969, 0.49987348715111884, 100946000000
-0.0061393286543214515, 0.18026505928402214, 0.49942328406339936, 100951000000
-0.08969791003293796, 0.014217694241890708, 0.5000909338542897, 100956000000
-0.060680724865318794, 0.09324721236525642, 0.4996663591200931, 100961000000
-0.0008891338168584644, 0.18488214010844575, 0.49944353500810035, 100966000000
-0.10765391864180635, -0.00321744545286305, 0.5000372009310787, 100971000000
-0.04340159508618785, 0.09512891359261244, 0.4998925483749182, 100976000000
-0.027198702563519993, 0.062029528603289, 0.4994820282744983, 100981000000
-0.054941509139653046, 0.09022236676726601, 0.49967882696968974, 100986000000
-0.001773719536336022, 0.1727879504840794, 0.5001258832434122, 100991000000
-0.10507321679784153, -0.008446716528897811, 0.499796362065201, 100996000000
-0.03928425142975567, 0.10663181613374853, 0.5000799112789003, 101001000000
0.0010392199273019953, 0.17807788387957374, 0.4995478435137748, 101006000000
-0.1235153454673134, -0.01638553242102215, 0.5000151206111392, 101011000000
-0.01237092057942294, 0.14469486275254415, 0.5002146217896198, 101016000000
-0.08422547255243472, 0.008311766291201846, 0.49998854421709205, 101021000000
-0.061367082501894016, 0.11001943794233622, 0.4999223612466299, 101026000000
-0.05175152435179194, 0.06269335934477652, 0.500217777301734, 101031000000
-0.022782979717813633, 0.18033045710157225, 0.49968505843898053, 101036000000
-0.11346640487783144, -0.02573772414464849, 0.49991046258667016, 101041000000
-0.04325126141362954, 0.07313466996718253, 0.49991503411981414, 101046000000
-0.05354381852888676, 0.07005156366673475, 0.49972376799238005, 101051000000
-0.05606633983937566, 0.05544964325917373, 0.5000017072634998, 101056000000
0.007561195381968106, 0.22062471531365013, 0.4998845273596001, 101061000000
-0.10128367089687432, -0.034297802211657784, 0.5000654047225678, 101066000000
-0.050735333498523195, 0.0974606028004593, 0.5003643871060534, 101071000000
0.0008788033641254319, 0.1789306386143468, 0.5000831227329178, 101076000000
-0.09561187136416915, 0.020304810569298046, 0.4996716045102241, 101081000000
-0.05403414729086884, 0.09500526097028239, 0.49996728700462184, 101086000000
-0.008092315069063199, 0.17151313331282836, 0.49977609090435965, 101091000000
-0.08353308331574119, -0.015561661685063715, 0.49972586087260956, 101096000000
-0.07379211346577744, 0.059934808047011776, 0.49986418210728634, 101101000000
0.012223307965170023, 0.19395290037776655, 0.5001949922978578, 101106000000
-0.10943506327634701, 0.010214565101931482, 0.49972137583316206, 101111000000
-0.07725603235704637, 0.09018945584848284, 0.5000576658223057, 101116000000
-0.05514790290835468, 0.0802352926414794, 0.49981897290307525, 101121000000
-0.052514313948503186, 0.07613159930061689, 0.5000043543662694, 101126000000
0.01225183723009368, 0.1625630074469841, 0.5000873658647117, 101131000000
-0.0745306350293119, 0.009020019123218908, 0.49976865300807766, 101136000000
-0.07623192756356795, 0.098394212094844, 0.4999042715143452, 101141000000
-0.019352011204660763, 0.14041066815415804, 0.4995250931964799, 101146000000
-0.10318477487796075, -0.02478632787061892, 0.4995522426888173, 101151000000
-0.03701914621184414, 0.14064625734080927, 0.49983437429175986, 101156000000
-0.10766787733213795, -0.040962264985293116, 0.4998361875302377, 101161000000
-0.04014414809336579, 0.08223342001273323, 0.49987129625511917, 101166000000
0.00877386029778231, 0.18211053356461637, 0.4999182045679849, 101171000000
-0.1166898148948046, -0.012877903798391408, 0.4996511538385859, 101176000000
-0.024697237247351865, 0.0706486631605028, 0.5001310294313518, 101181000000
-0.0483022734676441, 0.08092122200924065, 0.499390208413508, 101186000000
-0.051640209958944354, 0.0726691103916427, 0.5000022262097359, 101191000000
0.008756889254321117, 0.18868522932148768, 0.49952425254896593, 101196000000
-0.11693603839436645, -0.019362715919894757, 0.49994513672657015, 101201000000
-0.0442791619246261, 0.07758367991152648, 0.49982118993486574, 101206000000
-0.020071219230685926, 0.17831417789642104, 0.49960877330509335, 101211000000
-0.11934319074969607, -0.048200430600484054, 0.4996808191267228, 101216000000
-0.05262946079798836, 0.09148067068390801, 0.5002834816611748, 101221000000
-0.06360115744957115, 0.1006436014559393, 0.4995278442171535, 101226000000
-0.06850291971221671, 0.07486816911150246, 0.49995050626373005, 101231000000
0.006765910959316812, 0.1768998946917602, 0.5001612971495409, 101236000000
-0.116727698579149, -0.014448627083216236, 0.5000570452547708, 101241000000
-0.05572858861299313, 0.07919910040024906, 0.49999239406052687, 101246000000
-0.021874594718402553, 0.0971347895244328, 0.4998129435325831, 101251000000
-0.056164685259286716, 0.07964176994296654, 0.4999407472420301, 101256000000
0.019669434516554323, 0.16081828481325927, 0.49990974049399683, 101261000000
-0.11175063715076841, -0.03293564566671149, 0.5003094965411079, 101266000000
-0.045396804051998904, 0.07647894864616699, 0.49999936174530885, 101271000000
-0.0010706319934000504, 0.1916704390858596, 0.49954628121118044, 101276000000
-0.09525889552166132, -0.010374210879607142, 0.49983963424280475, 101281000000
-0.009553407605215456, 0.1594209445483249, 0.5000925238405963, 101286000000
-0.09260252409297953, -0.014166565367769602, 0.5002697328391054, 101291000000
-0.05146118918625453, 0.07167273923916992, 0.49997705801958114, 101296000000
-0.005514825408308919, 0.15308546390287128, 0.49957291871547743, 101301000000
-0.12996632480756762, -0.022618970200509018, 0.49999141541628106, 101306000000
-0.05953450987218775, 0.0754547058840931, 0.5000884995916344, 101311000000
-0.04030781699991584, 0.0833601842236198, 0.499928655738532, 101316000000
-0.04505311226596795, 0.025314266854998442, 0.5000278353013121, 101321000000
0.007770970945685459, 0.19289795512080243, 0.4998727963595837, 101326000000
-0.10214622107021955, -0.027702007273978667, 0.49996367830582444, 101331000000
-0.049216479612046775, 0.05287745385303031, 0.4999439783165075, 101336000000
0.0299250595724352, 0.15615625694014668, 0.5000051156245434, 101341000000
-0.06485147920299619, -0.03929882621248625, 0.49949364016018377, 101346000000
-0.022955391866948796, 0.1939140672667499, 0.49969622754754395, 101351000000
-0.11796184914197856, -0.022738602674851307, 0.49957747831204874, 101356000000
-0.04476433856185132, 0.09046004677967852, 0.499819236142091, 101361000000
0.0025990513933162665, 0.153786229600546, 0.4998333808145063, 101366000000
-0.10523844660507856, -0.024301101583179056, 0.5000227513900547, 101371000000
-0.04796456514683085, 0.08785275382418854, 0.5002542044084484, 101376000000
-0.0509176913628603, 0.060635061130307095, 0.49940272156267623, 101381000000
-0.0595837679570659, 0.10471803811777936, 0.49991198858643615, 101386000000
0.001414884976373079, 0.15287152610000043, 0.4998246369015534, 101391000000
-0.0964570418459803, -0.017138698891422607, 0.5000340699735201, 101396000000
-0.0967898946515458, 0.09247768246305993, 0.49989202306513425, 101401000000
-0.014578164363754267, 0.18237679327078277, 0.4997681811748981, 101406000000
-0.10282512241537643, -0.010205157205234131, 0.49994721870454867, 101411000000
-0.015704651186698445, 0.1576692831956295, 0.49985164072138116, 101416000000
-0.0827965428733955, 0.03339411388564878, 0.49975837771284215, 101421000000
-0.07180500354685107, 0.08423232453954156, 0.4993656402449842, 101426000000
0.0218249666322994, 0.16700105234206888, 0.4998942078087471, 101431000000
-0.0782247741835615, -0.0052169492720259125, 0.4999386288144686, 101436000000
-0.05940031625310846, 0.07470787117962477, 0.49982925259483807, 101441000000
-0.02253107551097439, 0.13130996637045297, 0.49955161639303064, 101446000000
-0.10963528321345829, -0.012328656774750209, 0.4994890507409741, 101451000000
-0.03467952480205731, 0.10169436026523805, 0.49983380392167964, 101456000000
0.011703277071982406, 0.17883577514906485, 0.499837940183018, 101461000000
-0.10100886918840817, -0.045432076496717426, 0.49991969974379746, 101466000000
-0.10033214803506711, 0.10378278777510354, 0.5003008550279884, 101471000000
0.003648216031801808, 0.14616084798633155, 0.4997900037863533, 101476000000
-0.11448439896608449, 0.004821412914342713, 0.5002435535500613, 101481000000
-0.03559125632122119, 0.08835746791879731, 0.4998978969556666, 101486000000
-0.00474998041646012, 0.19781112728094724, 0.49940404039014313, 101491000000
-0.07102635137024663, 0.018578044229960382, 0.49996836007927253, 101496000000
-0.009013728920325918, 0.07385405488286034, 0.49970159527329977, 101501000000
-0.0034824943039672308, 0.1494578252928914, 0.4998691393898537, 101506000000
-0.10178072041111484, 0.00532260939838549, 0.49988850283251357, 101511000000
-0.010986643411958725, 0.17802186503171052, 0.5002536715182329, 101516000000
-0.10796208311385115, -0.014887414129824665, 0.4996700320038754, 101521000000
-0.041881541111146184, 0.0973348892457847, 0.5001668692808733, 101526000000
-0.02553752510114168, 0.16407992265061305, 0.4994848911848516, 101531000000
-0.13144571907511754, -0.03332914089539874, 0.5001308120702268, 101536000000
0.006306382267600684, 0.12823665987636765, 0.4997552888156277, 101541000000
-0.07629084600420621, -0.01873154688588578, 0.4999388260257664, 101546000000
-0.07217415738092009, 0.07072873524618248, 0.4997223301692042, 101551000000
-0.007578140930466796, 0.15354747761251558, 0.49954660715002686, 101556000000
-0.13940892603642938, -0.04203069745607973, 0.49956825608662325, 101561000000
-0.04792800617465449, 0.08165764257867238, 0.5002435221850038, 101566000000
0.00417263632154942, 0.17697945697600814, 0.4997973732367061, 101571000000
-0.08721287930912551, 0.006783290846747551, 0.49972825222468753, 101576000000
-0.02346660774711876, 0.1786396297522432, 0.499828818783212, 101581000000
-0.11480448157112273, -0.0034201433330468506, 0.4993560350279474, 101586000000
-0.06379124750934548, 0.09030141509320219, 0.5001975743995662, 101591000000
0.008705123477349742, 0.17209707509829847, 0.4995076598005862, 101596000000
-0.10870234758055886, -0.01768575912911157, 0.49966232286849255, 101601000000
-0.08684378436408394, 0.07578508730138864, 0.49951584031835317, 101606000000
-0.05734513969482008, 0.09517090296250155, 0.5000323640149202, 101611000000
-0.06404635928430745, 0.08074627818292913, 0.49973722752355776, 101616000000
0.023335124057366673, 0.197728491040359, 0.4997624415454468, 101621000000
-0.1373698663632955, -0.010544516577069944, 0.4998189281696191, 101626000000
-0.034808213773305556, 0.0564844626237067, 0.499771904991344, 101631000000
-0.017897014588182467, 0.1892636023086111, 0.4993245024284582, 101636000000
-0.12642191977256234, -0.0022465120143139693, 0.49991945131281273, 101641000000
0.018789080181976236, 0.17751851994577966, 0.4998295276364249, 101646000000
-0.09812657257926644, 0.005758352269537741, 0.5001252458744989, 101651000000
-0.05684177277259082, 0.08425253315825543, 0.5000289649807311, 101656000000
-0.019939544443124027, 0.15616501406890979, 0.49961376060591983, 101661000000
-0.10321249193181194, -0.02935977441658491, 0.4996593782497869, 101666000000
-0.05764306910599243, 0.061614372186014336, 0.4994914008290012, 101671000000
-0.06447990665479378, 0.10703156237619538, 0.5002401654723976, 101676000000
-0.04105635865507773, 0.06380036626135335, 0.4998501830415716, 101681000000
-0.01914567176705261, 0.18100986405365335, 0.499946888269127, 101686000000
-0.10975503180057636, -0.017788218378824976, 0.49994568642005666, 101691000000
-0.047000484456044905, 0.08654201853868548, 0.4992950395713853, 101696000000
-0.044336528242452204, 0.10200500634599576, 0.49926534416718743, 101701000000
-0.09877080914226298, 0.05941112999353681, 0.49983756267132823, 101706000000
-0.033665621755673336, 0.14230078690547296, 0.4998803230317535, 101711000000
-0.11953416317809158, -0.008058496796539897, 0.4997254784493105, 101716000000
-0.06129082534874786, 0.05461298752784241, 0.5002617897892424, 101721000000
0.02281553725635062, 0.18932675672937024, 0.4996752206534413, 101726000000
-0.11546140589504644, -0.018850518862822376, 0.49993968228918534, 101731000000
-0.0643127109630583, 0.07501716599954479, 0.49978129948508765, 101736000000
-0.0638983518618709, 0.08250522760441603, 0.5000324717723068, 101741000000
-0.042156826225903846, 0.11157664772338481, 0.5000162910277488, 101746000000
-0.0201217271929294, 0.1785730488835571, 0.500354295552764, 101751000000
-0.12800565186399976, -0.02437177786915127, 0.4994368030538493, 101756000000
-0.019133061046541458, 0.07086608823927067, 0.500084061291767, 101761000000
0.03668609029938615, 0.15880678299948217, 0.49973948124675893, 101767000000
-0.1624303922623341, -0.05404874963485513, 0.4999257561709477, 101772000000
-0.031332046833560404, 0.08066261728884276, 0.49973403860079596, 101777000000
-0.017107623387542813, 0.19416992519446408, 0.49996332814257416, 101782000000
-0.08769839288016887, -0.04098723282410033, 0.49979877645209214, 101787000000
-0.08041645049572066, 0.09891659073696159, 0.5000173317412226, 101792000000
0.0004407139493861978, 0.12958716367868037, 0.49980111695991863, 101797000000
-0.09884877015277178, 0.008484076568360838, 0.4999195074336063, 101802000000
-0.05403736467201772, 0.10461616355408314, 0.5003362970221855, 101807000000
0.019085383962304355, 0.16217146092137952, 0.4998129841637899, 101812000000
-0.09689173749340713, -0.02681655850353657, 0.4995570480387784, 101817000000
-0.05492322718543263, 0.08154751293204926, 0.5001433158066345, 101822000000
-0.03879338480807656, 0.17251470380946507, 0.49980758508325746, 101827000000
-0.11679694173533306, -0.024303705099564803, 0.4999799370247854, 101832000000
-0.05413190898675719, 0.10722578270738983, 0.5002396452627359, 101837000000
-0.046262888334050865, 0.09702830289426823, 0.49940482597127, 101842000000
-0.07356436039534628, 0.02750250108394041, 0.4999075681094176, 101847000000
0.01045655905252474, 0.15997351799479012, 0.49983304668846446, 101852000000
-0.09404371174062076, -0.03438652064083484, 0.4996940351829578, 101857000000
-0.05222708148337058, 0.09039668512973048, 0.49989818536867564, 101862000000
-0.003479012498209673, 0.1671891103936274, 0.4997151162900665, 101867000000
-0.11366602843605791, -0.0010787112809526878, 0.49952780544470565, 101872000000
-0.019035669844651673, 0.16801910561139502, 0.49992714982650666, 101877000000
-0.07440945015140021, -0.04379614058026369, 0.4996472954312374, 101882000000
-0.016338043022659066, 0.08930855332666361, 0.5000935472541765, 101887000000
-0.011568313330215779, 0.17004577167040621, 0.49992899906410276, 101892000000
-0.12122278234328253, -0.020504750035619707, 0.4994829956386692, 101897000000
-0.06216099920155853, 0.05718493553562426, 0.4999806418126579, 101902000000
-0.048683221758436125, 0.09253395985481241, 0.49992898820652293, 101907000000
-0.057808132119247915, 0.06459442335041876, 0.49968038182326, 101912000000
-0.003857975686808632, 0.15698063703504592, 0.49948100904767045, 101917000000
-0.06924646348135732, -0.02999960440035165, 0.4995932293643895, 101922000000
-0.04258043612925849, 0.06213039229521891, 0.49941616898948454, 101927000000
-0.03428274803477895, 0.16305172681844723, 0.49986020461864256, 101932000000
-0.10550489185403704, -0.01207273493689765, 0.5001309942663822, 101937000000
-0.009756609091063559, 0.15213554829973733, 0.5001150182853442, 101942000000
-0.08724335949579026, 0.0031954281511471817, 0.49979960788076205, 101947000000
-0.07080246346274414, 0.09717083751036495, 0.50008426063612, 101952000000
-0.013061311312504143, 0.17474461930873528, 0.4997066905228129, 101957000000
-0.11336576822857386, -0.019829583447003467, 0.4998479372476897, 101962000000
-0.04252570443196145, 0.06505163010775618, 0.4997578834979471, 101967000000
-0.04294883749089882, 0.08906584083697365, 0.49990206831503897, 101972000000
-0.060059223190608614, 0.07308425159538645, 0.500038940503235, 101977000000
-0.02459426771655644, 0.1914315836440829, 0.4996007199510177, 101982000000
-0.10248685595613186, 0.005724042298405365, 0.4994742678544836, 101987000000
-0.04307510084339368, 0.08035987850181361, 0.49986555178406644, 101992000000
0.004313175961214316, 0.14407828858284957, 0.49986677874531027, 101997000000
-0.1131928794263052, -0.005028206128867774, 0.49997076792736017, 102002000000
-0.024482669753595677, 0.15476651043528464, 0.4999454272166741, 102007000000
-0.1170018689273007, -0.004825977240039978, 0.4994797735715622, 102012000000
-0.06720949536218854, 0.07571243283349804, 0.5000256449831644, 102017000000
-0.00712564186555869, 0.17692422860307785, 0.4995070625028262, 102022000000
-0.1273415577169508, -0.031011375012439182, 0.49980163471840655, 102027000000
-0.06191799658302234, 0.07236083693025791, 0.4997543337127267, 102032000000
-0.021054283270585974, 0.13081846041286233, 0.4995349499906269, 102037000000
-0.070975745595341, 0.06977420895784961, 0.49952653187997337, 102042000000
0.027379570170729284, 0.17494102454176966, 0.4996019411304831, 102047000000
-0.11763765902409193, -0.016695571372375435, 0.49983804949613836, 102052000000
-0.05993418731667829, 0.11290275387070275, 0.5001612321218505, 102057000000
0.006367206526428083, 0.1500555240754876, 0.499658165303784, 102062000000
-0.11660822446815398, -0.017238470992369793, 0.4997965803329251, 102067000000
-0.021403378368305748, 0.1698335727933432, 0.499784476437115, 102072000000
-0.09551233743805386, -0.03849998268303717, 0.4995364785785887, 102077000000
-0.0559352258563419, 0.05281987552947773, 0.4998507773061937, 102082000000
0.023885516730528973, 0.212927515043133, 0.4996362385782261, 102087000000
-0.1278484175402762, -0.053229536074540104, 0.49978415714086216, 102092000000
-0.04840381312548135, 0.06683510091863851, 0.5002167233435135, 102097000000
0.02026204680292302, 0.16712660222961934, 0.49967751484637635, 102102000000
-0.11201015907724216, 0.006463800076042421, 0.49998830212212725, 102107000000
-0.04000782458952694, 0.0722917165945543, 0.4998060028350079, 102112000000
0.0052494313919931165, 0.19125542833841827, 0.4995553730475004, 102117000000
-0.1311437776834807, -0.01738077151174287, 0.4999847172951427, 102122000000
-0.06461207774673809, 0.05941373347262236, 0.49987213202286346, 102127000000
-0.0006141921263129867, 0.17731796333411112, 0.49991359649490524, 102132000000
-0.10302343534774085, 0.020968239480925622, 0.500046704913575, 102137000000
0.01431719549782168, 0.18898763073181502, 0.49987962762499377, 102142000000
-0.08470414355628005, 0.007398382107111761, 0.5000239653033273, 102147000000
-0.07911218592991734, 0.0837074760976237, 0.49939667015256634, 102152000000
-0.11166344162886381, 0.07518091455291834, 0.49995500990950564, 102157000000
-0.0071228134088491225, 0.19742986124740802, 0.4993267482237911, 102162000000
-0.12032192972509671, -0.019213902222920982, 0.4998229813169863, 102167000000
-0.04327083034487044, 0.06509127049232026, 0.49999386554816844, 102172000000
-0.039315670149356725, 0.07527224818374652, 0.4996645998740391, 102177000000
-0.0530023588202558, 0.08559711201168967, 0.4994998315030983, 102182000000
-0.06052684935341527, 0.18295899710350727, 0.4998522750401525, 102187000000
-0.11226305825961012, -0.01633814697371535, 0.49955988902199017, 102192000000
-0.06495677866790442, 0.07707187519359993, 0.5000593388733259, 102197000000
-0.014169108039899219, 0.17111204351377188, 0.5002007008885968, 102202000000
-0.1336785371545968, -0.033583135721839755, 0.4998574557215503, 102207000000
0.011468770583936912, 0.1685008948525269, 0.4998314779206384, 102212000000
-0.11734331759856095, 0.01814231921905757, 0.4999960954239435, 102217000000
-0.044901967326025395, 0.1051917359283896, 0.49967470943832165, 102222000000
0.022012777364084714, 0.2001904593820621, 0.49983356423348135, 102227000000
-0.10152846507864935, -0.04794786069488432, 0.499820779025264, 102232000000
-0.020961639730785374, 0.06123816295343551, 0.5000117744544972, 102237000000
-0.04147653052440409, 0.09982666246608685, 0.499930824889472, 102242000000
-0.07076970196731433, 0.06911599479127711, 0.4995328558309315, 102247000000
0.010786495316660542, 0.14755101630094486, 0.5000802508726078, 102252000000
-0.07810493854526863, -0.01935536294176547, 0.49993739771688617, 102257000000
-0.06017728959564797, 0.10990245455129602, 0.5001551605930896, 102262000000
0.0038741078876415487, 0.1601198866583356, 0.4996049228129037, 102267000000
-0.08796575721475378, 0.008178129805712513, 0.49960471483793933, 102272000000
0.02806161833569202, 0.19378083559121279, 0.4996484929023685, 102277000000
-0.0749637362492844, -0.0347008298784859, 0.5001699182250631, 102282000000
-0.05854294701783527, 0.09300530103196722, 0.49980474235718064, 102287000000
-0.0007509629631665435, 0.1794456101504629, 0.49971659444659255, 102292000000
-0.14313773756608958, -0.0334156360061284, 0.4997780664435708, 102297000000
-0.03649390322116454, 0.05761335864998736, 0.5000190393859781, 102302000000
-0.018227386680023508, 0.09734507705272227, 0.5001161993689586, 102307000000
-0.012013261467877512, 0.06992991791997087, 0.49977673680549606, 102312000000
0.0065871318093194825, 0.17790573864385487, 0.4999532897424519, 102317000000
-0.09193100242457039, -0.01390413568581195, 0.4995567351835556, 102322000000
-0.05418198993368779, 0.051872784684681233, 0.5001256897993114, 102327000000
0.011870007036559145, 0.16280323367163976, 0.499460574078427, 102332000000
-0.10865990176376572, -0.037092038816608254, 0.49938455185673153, 102337000000
0.02108357467889725, 0.15426721507476798, 0.500228734044047, 102342000000
-0.1215905115108807, -0.03256037686970628, 0.49996696111394834, 102347000000
-0.03233671534325188, 0.12161184409139819, 0.49996416119489234, 102352000000
-0.02166543072302501, 0.15055605914139952, 0.4997996693399199, 102357000000
-0.10635095044582842, -0.02621302420922183, 0.4998025463320791, 102362000000
-0.028106260836813973, 0.11920542637648072, 0.5000279387288522, 102367000000
-0.04620121576219499, 0.10029484369810396, 0.49978179053096583, 102372000000
-0.0715699313463153, 0.07289539661337799, 0.4997150284803725, 102377000000
0.012981842327631271, 0.1806398687572889, 0.4999563433260695, 102382000000
-0.10601214678747958, -0.01456430583464796, 0.4999913754330596, 102387000000
-0.04291621856482444, 0.0923828207575534, 0.49974769542772074, 102392000000
0.03487394381990817, 0.18028855320259352, 0.49983861504925187, 102397000000
-0.12612609683916715, -0.02001552908914302, 0.5000436227858772, 102402000000
-0.0006746614525208732, 0.16096189079897494, 0.4999787773992866, 102407000000
-0.0859588839904347, -0.012179568186202874, 0.5000006021623129, 102412000000
-0.06017576545281613, 0.13015178335733554, 0.49994807941809943, 102417000000
0.023156959875591812, 0.1704108339927414, 0.4999122765547666, 102422000000
-0.10735055663042029, -0.018624751269307474, 0.49976987135064516, 102427000000
-0.061852895783887564, 0.08579219372645101, 0.5003564240495679, 102432000000
-0.042645415355408035, 0.10475004508597793, 0.5000454421254709, 102437000000
-0.048222766800198366, 0.07016170336072272, 0.49988741462895553, 102442000000
-0.011059605360774452, 0.15468619467757583, 0.49984057411311517, 102447000000
-0.11217850151087452, -0.011192835932858138, 0.49998609803613153, 102452000000
-0.04905108343787828, 0.08799636371628493, 0.4998152144087216, 102457000000
-0.0017281273290214033, 0.17256281666283813, 0.4998020018205543, 102462000000
-0.1157449666262077, 0.00019401681435161824, 0.4996500550456745, 102467000000
-0.08242411972359923, 0.046441488389724464, 0.4996517775168283, 102472000000
-0.0019114779485170288, 0.1632556649344027, 0.49999676480895083, 102477000000
-0.07021941680861343, 0.010542319463439136, 0.49974199345103776, 102482000000
-0.05137499207433455, 0.0936786115959965, 0.4997913941907252, 102487000000
-0.008957318416738656, 0.23032214371889873, 0.49967345281176556, 102492000000
-0.07554308416735099, -0.02365160768524358, 0.49985623453085004, 102497000000
-0.08202393882953757, 0.08176088240000555, 0.5002903673988606, 102502000000
0.002357936173842861, 0.1725366109183909, 0.4998587020939978, 102507000000
-0.0915896234255795, -0.026214124953318808, 0.49976299626828946, 102512000000
-0.06361479922854314, 0.063003649119628, 0.500067831726854, 102517000000
0.0008997264326364566, 0.1676318266483163, 0.49993480809976193, 102522000000
-0.11220775731874916, -0.03601859052464053, 0.500013116129275, 102527000000
-0.05794954357656035, 0.08718786914081314, 0.49967735883146874, 102532000000
0.040110719166561094, 0.15223766640496397, 0.49990323603364384, 102537000000
-0.09405005422512938, 0.0005143669419376221, 0.5002665138828348, 102542000000
0.009451055575735959, 0.16018811121567586, 0.4995957453164644, 102547000000
-0.14872745851445202, -0.06830810001034061, 0.4997503559524389, 102552000000
-0.07528694286205767, 0.0911586232179671, 0.49972705961589076, 102557000000
0.02260140991223716, 0.17693163814320823, 0.49962785003489496, 102562000000
-0.09151842707171426, 0.0011584230566742324, 0.499720306189611, 102567000000
-0.060631604562399605, 0.07553076142569833, 0.49992612400207914, 102572000000
-0.04954057786698469, 0.09923519199386253, 0.49959400342406773, 102577000000
-0.08178641690211685, 0.02805523644280431, 0.5000456102169012, 102582000000
-0.023992053564402857, 0.16530252714519153, 0.5001640913614068, 102587000000
-0.10400024512224632, -0.018200259462049864, 0.49930160971184256, 102593000000
-0.043166401144868555, 0.15835048408933738, 0.4999893803478856, 102598000000
-0.08283252713603398, -0.006897324800810074, 0.5000621682851871, 102603000000
-0.07136111229111416, 0.06620080355531807, 0.500134758609925, 102608000000
0.02600157350930577, 0.17024511005469228, 0.49998192601403657, 102613000000
-0.11381491024037088, -0.011459877106043067, 0.49967815296773926, 102618000000
-0.04408572987842401, 0.09486665073131813, 0.4999556728275499, 102623000000
0.01789723950903635, 0.19255634703594704, 0.499592005047731, 102628000000
-0.14182885208365864, -0.00657236948779242, 0.499345904561842, 102633000000
-0.029584306753399178, 0.17175024795311472, 0.49969929008346115, 102638000000
-0.12684676614518559, -0.0407567926369806, 0.4995926382437204, 102643000000
-0.06518026858526695, 0.09118074154201586, 0.49954776909416027, 102648000000
-0.01035459240969675, 0.16095444863647743, 0.5000489435062718, 102653000000
-0.1167300493463774, -0.037597243379149714, 0.5001890465276363, 102658000000
-0.060491530098391935, 0.07974132712198648, 0.4997655398080237, 102663000000
-0.04575879985380015, 0.06388592140410773, 0.4999448469945354, 102668000000
-0.06679537202580246, 0.08333554412177319, 0.500027662950131, 102673000000
0.0014349987717142518, 0.15714636839356813, 0.5003319166570783, 102678000000
-0.10236430547565589, -0.01304029291564053, 0.49944152933311936, 102683000000
-0.058404720380211585, 0.052608659243923495, 0.5000882672931454, 102688000000
0.008591344439548489, 0.17685845565257746, 0.4997219937959354, 102693000000
-0.09538363666889142, -0.005021002614460619, 0.4996427390196332, 102698000000
0.007574777771079184, 0.14620110126070388, 0.4999081489978392, 102703000000
-0.0588014970534221, 0.021962804093319115, 0.49954577693009966, 102708000000
-0.07492972620973162, 0.07206003085527397, 0.4996371854692686, 102713000000
-0.04101822285733542, 0.1408930260665913, 0.5001895157073649, 102718000000
-0.05409927783785738, 0.08670166217998722, 0.49946391939926493, 102723000000
-0.08926815083983217, -0.009696513760362593, 0.4999689157380475, 102728000000
-0.053595410972178466, 0.09945859111075805, 0.49979487085826285, 102733000000
0.022804980393378714, 0.19543287427571684, 0.49942955826224816, 102738000000
-0.10986954242172271, 0.0017627944358872812, 0.49957970192832046, 102743000000
0.0013735216679661554, 0.17345640391515968, 0.49991676534409407, 102748000000
-0.10862634833647382, -0.003087906584314501, 0.4996993596871231, 102753000000
-0.051835455243644635, 0.09099445903543614, 0.4998569211327476, 102758000000
-0.017423668287544023, 0.17349863053106454, 0.5000192846707645, 102763000000
-0.08617900898663237, 0.03454743165495583, 0.4995205181104698, 102768000000
-0.07004418930232661, 0.07403520804989148, 0.4998509699047326, 102773000000
-0.016163578271665355, 0.175574730930701, 0.4996893714331333, 102778000000
-0.10345497285935351, -0.012165055721641968, 0.4998643807493358, 102783000000
-0.04791037043715127, 0.0652564262350018, 0.49986385561309427, 102788000000
0.0067375064367621905, 0.1737956135464286, 0.4999663025648778, 102793000000
-0.10380195898047058, -0.027239446545540044, 0.499994607595204, 102798000000
-0.054502436938258764, 0.08152867286836475, 0.5000437337745667, 102803000000
-0.04296362824653772, 0.06789822865945162, 0.49975032475600834, 102808000000
-0.06561470619680974, 0.0695366498357774, 0.4999123623414422, 102813000000
0.014806168338607071, 0.18341629235533546, 0.4998473045900515, 102818000000
-0.07587243719978609, -0.045383467201680086, 0.5000332810008117, 102823000000
-0.029840803068022892, 0.07273020428939912, 0.49976370305741413, 102828000000
0.02263972417187665, 0.17337710109763202, 0.4996227828448508, 102833000000
-0.13924291171650321, -0.03145643120929241, 0.49981629274802686, 102838000000
0.0029960335047475445, 0.16435676789630338, 0.49984157723230366, 102843000000
-0.12520884069666294, 0.021419908200928983, 0.4997962052223979, 102848000000
-0.03413517635518859, 0.08780448985727182, 0.49979112239851536, 102853000000
0.027629112428723224, 0.20341739057174174, 0.4998818009322542, 102858000000
-0.11145231285374138, -0.017123304133554843, 0.49981351773680466, 102863000000
-0.06916188262957633, 0.07669144249663708, 0.49960214837771455, 102868000000
-0.06161013330040403, 0.10711978704419065, 0.49958952090962033, 102873000000
-0.0639654180350097, 0.07373263649622198, 0.49982472562337915, 102878000000
0.01771771370995994, 0.16934652209357695, 0.5000249778586339, 102883000000
-0.09551804070937162, -0.006861636217271316, 0.5001104239186962, 102888000000
-0.04950769580001546, 0.07232963454754412, 0.5001867330436132, 102893000000
-0.005179758006691871, 0.1400936753636326, 0.4992330585326696, 102898000000
-0.10628940745559251, -0.04485348480425887, 0.4999333298184683, 102903000000
-0.011690478727957416, 0.19008642364149747, 0.5000310594573133, 102908000000
-0.08639016155212456, 0.030972621774213675, 0.49990915107729894, 102913000000
-0.0839775429882077, 0.09157727678904877, 0.4999382607943667, 102918000000
-0.0017521986898961586, 0.1350236790854487, 0.4996890152684592, 102923000000
-0.12375658190230586, -0.0004748676738317789, 0.4996711657139202, 102928000000
-0.07087356337730492, 0.08239102674150384, 0.4999698237181032, 102933000000
-0.013206059387348375, 0.082535037859538, 0.4998178147724314, 102938000000
-0.059463412137476794, 0.11880748510142386, 0.5000323719816915, 102943000000
-0.010604458783346121, 0.1845733008267744, 0.4995017927120928, 102948000000
-0.11914794583534753, -0.011837870990141572, 0.4997962089653935, 102953000000
-0.06883753875675264, 0.11554220326739946, 0.4999467942217012, 102958000000
0.027943627949993485, 0.1627205071176069, 0.4995356683542885, 102963000000
-0.11008315531368515, -0.001938806177004362, 0.499766356037722, 102968000000
-0.023915465046830932, 0.12769903178057546, 0.500006599075333, 102973000000
-0.1052433366108969, -0.00793985313908441, 0.4997458919712326, 102978000000
-0.07029528760823849, 0.08050911306778302, 0.49968609775009937, 102983000000
-0.03335039769303191, 0.15619946941815166, 0.4994302134120139, 102988000000
-0.10040084050039384, -0.0023829442912643994, 0.49975845551752307, 102993000000
-0.04804977331516397, 0.06647712357944208, 0.4999005239420779, 102998000000
-0.07448362550187816, 0.08179573188102168, 0.49967498392115556, 103003000000
-0.07147433821421575, 0.06349380470074663, 0.49972523859318047, 103008000000
-0.005304178592958906, 0.13592576409162455, 0.4999598790784767, 103013000000
-0.10907600439238553, -0.07519845402940936, 0.4999982643109034, 103018000000
-0.05295761957388058, 0.08644377907502768, 0.49968258838187884, 103023000000
-0.03021337411719679, 0.19017805885234748, 0.49960972293940337, 103028000000
-0.12644566495106482, -0.003551658809463367, 0.4997356852805371, 103033000000
-0.011911035118199114, 0.19205288181356067, 0.5001723216747562, 103038000000
-0.08223557293782588, -0.034422206673502265, 0.499688539079223, 103043000000
-0.06816475681526128, 0.036284540423583554, 0.4997989473087493, 103048000000
-0.020200245745918916, 0.1628432471301991, 0.49973926495479204, 103053000000
-0.12680096510147126, 0.019244178948906284, 0.4995735561799859, 103058000000
-0.0368255773557888, 0.11190301387195163, 0.49987303356616863, 103063000000
-0.07305672765155291, 0.024543679369695367, 0.4995955819257824, 103068000000
-0.05752645535685849, 0.08041054592749401, 0.49941509352499075, 103073000000
-0.025739672289799682, 0.0955425192692089, 0.49983144311035105, 103078000000
-0.04669155815973913, 0.0777811212406167, 0.4996697021757234, 103083000000
-0.023505654596525996, 0.0865667957353066, 0.49997264488305304, 103088000000
-0.005946088261434474, 0.15210560638264545, 0.49968659080801003, 103093000000
-0.09740514821332066, 0.017815553095742908, 0.49980494933444186, 103098000000
-0.057769505083119906, 0.07535074697324629, 0.49981432379342444, 103103000000
-0.004013406118260199, 0.20322214765527025, 0.49997999470298793, 103108000000
-0.10446793503268234, -0.017292806374916894, 0.500095214267382, 103113000000
-0.057306458337716845, 0.09340615037864555, 0.5001221144334013, 103118000000
0.04390158673755391, 0.214688650719842, 0.5002100502483864, 103123000000
-0.1119139520720332, 0.0032582747674278732, 0.4999021239440699, 103128000000
-0.023265534718851302, 0.14749725628023866, 0.4997109297069884, 103133000000
-0.09226579878773147, 0.02449370285230454, 0.49946487875435447, 103138000000
-0.06287651237482325, 0.05889862753360798, 0.4999660863422495, 103143000000
-0.052558894225948595, 0.08426917434013953, 0.49999668244638784, 103148000000
0.005577076406671141, 0.14632712719837335, 0.49970740961281984, 103153000000
-0.1095991937641815, -0.023401807661532104, 0.49948645990366536, 103158000000
-0.06649243758834586, 0.06264357326883158, 0.5002456167408779, 103163000000
-0.06414655261329867, 0.050265867480787596, 0.4994816893285608, 103168000000
-0.04581559332760185, 0.06811504062724119, 0.49998208420169343, 103173000000
0.008034571689887051, 0.20927530076217285, 0.4998064591135215, 103178000000
-0.0917667458058879, -0.034408408943958, 0.5000026465196695, 103183000000
-0.06279495345785491, 0.09181802982773657, 0.4997668029585748, 103188000000
0.015403336707009302, 0.20244826930938206, 0.4995501563869099, 103193000000
-0.11447119175485909, 0.00564259956693566, 0.4998743685066203, 103198000000
0.006925081677349409, 0.17763760377960894, 0.4999071943622098, 103203000000
-0.10344209400254284, 0.0018804965911257548, 0.49980806195860056, 103208000000
-0.03902487065927371, 0.05462609432321586, 0.4998905733586277, 103213000000
0.015348013945898915, 0.18488515692063887, 0.49983824172318436, 103218000000
-0.08730647286275446, -0.03084901453782728, 0.4999175206397517, 103223000000
-0.05984463826765656, 0.05604240886007292, 0.5003225193295845, 103228000000
-0.03317397161724574, 0.08888372941884352, 0.4994897480897453, 103233000000
-0.033832703672575674, 0.03541053158836481, 0.4999197411325105, 103238000000
0.013763015246227594, 0.18093735084331428, 0.4999443374102781, 103243000000
-0.11210972167661672, -0.021307706886605757, 0.5001440148742534, 103248000000
-0.043553084761615256, 0.079595723172345, 0.5001168636179669, 103253000000
-0.01745066441773712, 0.15371319944467737, 0.49956996140709353, 103258000000
-0.09177508115212876, -0.05703248837913944, 0.49970834709263506, 103263000000
0.006356031907000331, 0.1816176813361951, 0.4997845156618258, 103268000000
-0.09430045794713901, -3.914744990723192e-05, 0.4999949860891049, 103273000000
-0.06358141711228006, 0.07873437102568925, 0.5002510793112167, 103278000000
0.002330389934451226, 0.16390809931674374, 0.49956683679760927, 103283000000
-0.12850541612679095, -0.04584861986023271, 0.49946416752950057, 103288000000
-0.051213483606997914, 0.07759013403784368, 0.5000330412706582, 103293000000
-0.05747768201286002, 0.07297836094121285, 0.49947970422946814, 103298000000
-0.06329976160185127, 0.05594676813202261, 0.49965957012826445, 103303000000
0.05386215173348892, 0.1991098443153206, 0.4996679410917397, 103308000000
-0.08502434633797153, -0.034743386280300756, 0.49979168594249307, 103313000000
-0.057567735578785216, 0.09595746190226954, 0.5002619725653549, 103318000000
-0.021660230747795387, 0.19378116143166305, 0.49993227554542724, 103323000000
-0.09066680219540646, -0.02578014393916688, 0.4999876928175104, 103328000000
-0.009348710959148182, 0.17416478174011016, 0.4997743629721147, 103333000000
-0.13167392395813302, -0.02507275148522699, 0.49956620283657077, 103338000000
-0.02857833140112453, 0.08204982518767404, 0.4995573352926969, 103343000000
-0.0016988312748472591, 0.15436224562437223, 0.49983212907909574, 103349000000
-0.12158774103267216, -0.011267481383025059, 0.49966581465176496, 103354000000
-0.009422743581353093, 0.17435031847286495, 0.4998872489867005, 103359000000
-0.10396414641897314, -0.021677953400738952, 0.49954994776325506, 103364000000
-0.042584360127619875, 0.08149944851329644, 0.49973432896545045, 103369000000
-0.021987455899828576, 0.16381718162635467, 0.49993603197279785, 103374000000
-0.1363930980675108, -0.04996014475407697, 0.4999389234270512, 103379000000
-0.0341363564003799, 0.10513512918928518, 0.4999169547052488, 103384000000
0.01283651383838853, 0.17353564603136254, 0.49957236167252356, 103389000000
-0.11290456823067241, -0.026639077160833385, 0.4996156905056487, 103394000000
-0.08749122308192145, 0.0591442083819585, 0.4996852656883238, 103399000000
-0.016482607164972095, 0.16932191216887035, 0.5000729931343911, 103404000000
-0.10043583865530867, 0.011092648557482088, 0.49944133335450197, 103409000000
-0.0517185754678068, 0.08998580042225351, 0.4995713878315775, 103414000000
0.024923146455427043, 0.16391661740665392, 0.4993895537365011, 103419000000
-0.13186671151096932, -0.015367690470398016, 0.5002577637462785, 103425000000
-0.0027111126330194323, 0.18850032440299647, 0.49979534755569566, 103430000000
-0.11027214732154146, -0.008121761580685352, 0.5000114141346915, 103435000000
-0.06529037906778298, 0.10901246118076088, 0.5002607899784622, 103440000000
-0.02678816760034826, 0.1786031055398603, 0.49993504583741505, 103445000000
-0.08980551047063952, -0.007628039230718269, 0.4997052697144075, 103450000000
-0.03162636486790393, 0.05676958246033086, 0.49993109989446677, 103455000000
-0.056069537300787016, 0.07529474406608275, 0.500170459978666, 103460000000
-0.05170503208583063, 0.07269701630232735, 0.4995703544923514, 103465000000
-0.06243044480216539, 0.07752587155381077, 0.499713759854797, 103470000000
0.006036750196056973, 0.17745420462690148, 0.4997309790193925, 103475000000
-0.12789643914594973, -0.0814173753627765, 0.49996054169311394, 103480000000
-0.040327770458294845, 0.08780142798221782, 0.49978824201943794, 103485000000
-0.03663013297047961, 0.07320080793504508, 0.4995918497076017, 103490000000
-0.07830453789205583, 0.07691147366269489, 0.4998523542141489, 103495000000
-0.0012354650122413133, 0.17900184900907537, 0.5002104532555011, 103500000000
-0.08097985892386454, -0.028101864807025763, 0.5001043174032443, 103505000000
-0.045718527887178326, 0.11208442089465885, 0.5001013276483939, 103510000000
-0.00821949941779667, 0.1747456725349792, 0.4996914862811171, 103515000000
-0.11994226454924202, -0.02032422944284152, 0.5000686135927894, 103520000000
0.0007302473870038455, 0.1731944928184787, 0.49992955286421753, 103525000000
-0.08174658868184367, -0.01585572905728554, 0.5000875697014169, 103530000000
-0.03805183709091634, 0.06637777822711581, 0.4994746594849347, 103535000000
-0.01188861407229889, 0.15468731212920123, 0.4997550058205039, 103540000000
-0.11719457934789052, -0.01939726252907953, 0.49970025249550315, 103545000000
-0.10083618967592414, 0.07457030736131931, 0.4996938664576037, 103550000000
-0.07335782496694765, 0.08162724328318263, 0.4999449477136399, 103555000000
-0.06938464714265265, 0.07328612899756431, 0.4996513730771446, 103560000000
0.026343886390349243, 0.14673552957995947, 0.4998417300206267, 103565000000
-0.10391309243179456, -0.002903150429806829, 0.499615649150234, 103570000000
-0.06400449138934873, 0.1066009692135139, 0.4997064817634731, 103575000000
-0.06138587574694323, 0.07569657996678854, 0.4993950118976833, 103580000000
-0.023275634290531484, 0.08580341306719926, 0.4993445060659207, 103585000000
-0.0035390052394688003, 0.15495665973986053, 0.5000133322837398, 103590000000
-0.08527321576725168, -0.013411306680393587, 0.49959801497645173, 103595000000
-0.03838528382187571, 0.08549804935851234, 0.500401153880085, 103600000000
-0.03749944988228057, 0.16365835223684347, 0.4997091948759074, 103606000000
-0.10814756911999161, -0.013130948718625116, 0.49979824280808294, 103611000000
0.004195664151480623, 0.15258508111180324, 0.5000312393173768, 103616000000
-0.08892531938807087, 0.011281000392331604, 0.499695839508169, 103621000000
-0.043448116447624995, 0.06787013486709353, 0.5000784526194421, 103626000000
0.011124771028280078, 0.1645912154024296, 0.49975222489582105, 103631000000
-0.11454782394616615, -0.015655354028462163, 0.4995985777311784, 103636000000
-0.026019980204998974, 0.09431430875422844, 0.4997637870113249, 103641000000
-0.02545566051012377, 0.06521334080837084, 0.4998502968601347, 103646000000
-0.05928032182637666, 0.11120107184729022, 0.49963937924781066, 103651000000
-0.0130949686405615, 0.1769838140551883, 0.49917187706192667, 103656000000
-0.13609432695537846, -0.012238871710418204, 0.49948087859881707, 103661000000
-0.042516837628491067, 0.08834692619877085, 0.49961016479139747, 103666000000
-0.023982969692603842, 0.15615793846617937, 0.499385429418214, 103671000000
-0.12308729211320893, -0.015280444696899228, 0.4997943827701257, 103676000000
-0.0489318396775233, 0.1399784065720599, 0.5000014378828911, 103681000000
-0.11198012305071793, -0.018003513599681928, 0.4997468157216231, 103686000000
-0.042517697500507816, 0.07208319258310569, 0.5000016989814342, 103691000000
-0.006945129285773987, 0.17277071766226107, 0.49991123724709874, 103696000000
-0.13491890214210722, -0.006304762945332007, 0.4997013057271035, 103701000000
-0.07881602010732566, 0.07951369621038439, 0.49981900234387633, 103706000000
-0.03147733607842791, 0.07057439616571601, 0.4998856552622554, 103711000000
-0.05713705356483282, 0.05890436399264628, 0.49994834603146465, 103716000000
0.027004746247301772, 0.17603327299384575, 0.500242881212087, 103721000000
-0.12227280768966946, -0.047285840601321405, 0.4996819027707778, 103726000000
-0.06170383535731144, 0.08283709124261728, 0.4997546147983916, 103731000000
-0.0478706029772551, 0.06685995492480121, 0.4997258291602105, 103736000000
-0.05351053068341405, 0.08068208837506281, 0.5000094128761521, 103741000000
0.011075378084805833, 0.13256166444700967, 0.4998223163869697, 103746000000
-0.08406072549122157, 0.016235273796252732, 0.49948451828145957, 103751000000
-0.05938015252080626, 0.06441382398439877, 0.500071343702057, 103756000000
-0.05141296570835509, 0.1362123102416547, 0.4996113681277856, 103761000000
-0.046145146667816044, 0.10752939207364186, 0.4996488645135159, 103766000000
-0.11810182473350031, -0.007120471445815537, 0.49935516168028465, 103771000000
-0.05985897883345984, 0.08607973605450389, 0.4998645997990817, 103776000000
-0.036383193287253604, 0.08204451824622103, 0.49994365886056513, 103781000000
-0.044431318140472416, 0.0773940792027961, 0.4999385595379407, 103786000000
-0.028118178581482113, 0.19537894978670897, 0.4998079032717876, 103791000000
-0.10087407140764065, -0.02492636080298015, 0.49966620364297665, 103796000000
-0.02556542928117907, 0.10269689564911709, 0.4997956547196601, 103801000000
0.004697608806724915, 0.16367256287460838, 0.49997256159668835, 103806000000
-0.07706222321884737, -0.024761477395649246, 0.4997715426828628, 103811000000
-0.07309332752244486, 0.07666675899631116, 0.49971801165451807, 103816000000
-0.03147476149354507, 0.17474689462278364, 0.49975750996481066, 103821000000
-0.10807297643477837, 0.017006906720442343, 0.4996018192930099, 103826000000
-0.06114358303385422, 0.08030922707426875, 0.499713226200853, 103831000000
-0.013847423942642198, 0.17945148292743282, 0.49982899092928135, 103836000000
-0.10366861101740375, -0.013960764111020572, 0.49967748198719714, 103841000000
-0.07031124399049041, 0.11815050944887007, 0.500157793467642, 103846000000
-0.06388174556840953, 0.07625568674002685, 0.49971042516939224, 103851000000
-0.021569034972875614, 0.07354123146310651, 0.4999160035821242, 103856000000
0.00924971035939832, 0.15312655960195054, 0.4997513708098349, 103861000000
-0.12403978400780447, -0.04901565426262971, 0.5000198967043638, 103866000000
-0.10781809161135714, 0.08143688907483203, 0.500125123983669, 103871000000
-0.007818204125299235, 0.20232572885904776, 0.4997867021867672, 103876000000
-0.13808211048569743, -0.019515233520581238, 0.4995560488159181, 103881000000
-0.02793929227596614, 0.17344779292314785, 0.5002869791283663, 103886000000
-0.10257086403014647, -0.013605876756332244, 0.4995966220914848, 103891000000
-0.07190265914601524, 0.07083760845739381, 0.49986481862950355, 103896000000
0.025307456099927773, 0.17514581324056555, 0.4997445382101349, 103901000000
-0.11888309795338989, -0.005428387761247606, 0.49978722386266156, 103906000000
-0.04279694334590825, 0.10910789636669929, 0.5000504937082477, 103911000000
-0.028157898203617363, 0.09592577403041841, 0.4996209666288768, 103916000000
-0.057939079841929426, 0.06352630905252374, 0.49975275586697654, 103921000000
-0.004600121047142066, 0.1799384754512421, 0.5000540130861322, 103926000000
-0.10180527797099484, -0.008008206560653427, 0.49975862867537213, 103931000000
-0.06625366547654368, 0.0735702247210522, 0.499852786984356, 103936000000
-0.006942403481968773, 0.15260331045459088, 0.4996193712918145, 103941000000
-0.11203747034607867, 0.015876325447096006, 0.4995801340986823, 103946000000
-0.024306124279611024, 0.15810379149145948, 0.49969882794693893, 103951000000
-0.11456916720242498, -0.0482818183862353, 0.49941726265017417, 103956000000
-0.027362244854890194, 0.08598932247154181, 0.49968030263930213, 103961000000
-0.025208386857283105, 0.16585654491007548, 0.5004186507496332, 103966000000
-0.10188297960522585, -0.025401478052627026, 0.4997320697579837, 103971000000
-0.030981684278751767, 0.11447820761549676, 0.500194507722054, 103976000000
-0.07241987335437158, 0.0734706387936867, 0.4994817177711129, 103981000000
-0.066628413580775, 0.04369807545994375, 0.4997124009831369, 103986000000
0.01841806209304764, 0.1883946513026284, 0.4996940279421964, 103991000000
-0.13355382132111687, -0.06298462500350721, 0.5000368071619294, 103996000000
-0.06269761039705439, 0.08520111096161363, 0.500039855515477, 104001000000
0.002888130456854339, 0.18312647658311382, 0.5000407351342172, 104006000000
-0.08050040814593953, -0.03383978467277711, 0.4999274716189259, 104011000000
-0.042983766794586195, 0.07893879641111866, 0.49977719191028713, 104016000000
-0.011319208618075349, 0.18453415005532392, 0.4996744171181359, 104021000000
-0.11280993636687578, -0.022416938834721938, 0.4998899732576423, 104026000000
-0.07637511098343162, 0.085377258875175, 0.5002328180977836, 104031000000
-0.0245011681017855, 0.1883681331093907, 0.499843068038824, 104036000000
-0.07218126983055101, -0.028294633807824782, 0.500188153210481, 104041000000
-0.05079496651769375, 0.10569174909157783, 0.4999252538561951, 104046000000
0.004850295811128548, 0.1678710261451127, 0.49955002191566045, 104051000000
-0.13517201794501715, -0.020223012423028406, 0.5000281790865337, 104056000000
-0.07103580123037986, 0.07432966814549047, 0.4997195482971268, 104061000000
0.0028149398994214156, 0.1785709768613745, 0.4997230714358221, 104066000000
-0.12841248662558497, -0.03109710347487262, 0.499721910895436, 104071000000
-0.04438038173221066, 0.06404741082251916, 0.4995008119405849, 104076000000
5.152369913749913e-05, 0.17396851143282813, 0.4999039462478695, 104081000000
-0.10538290939762682, 0.006020677593808489, 0.49965806602652924, 104086000000
-0.015565739881148927, 0.19616288370463766, 0.5001885364189347, 104091000000
-0.07861164601316904, -0.002732942351822968, 0.4999568848764149, 104096000000
-0.05220975915961504, 0.12489785125375075, 0.49958067813120405, 104101000000
-0.014141113313853556, 0.16876663939923142, 0.5000161043937839, 104106000000
-0.09913571428551854, -0.03224010647757927, 0.5000729082448101, 104111000000
-0.059920996708143034, 0.07854502904013219, 0.4997546741526784, 104116000000
-0.03658807966853895, 0.07867331981125754, 0.4997349582995309, 104121000000
-0.09196256790970227, 0.08402858561991261, 0.49981810007425714, 104126000000
0.005362785024966809, 0.1625547949264575, 0.4993845902643303, 104131000000
-0.09418288850098738, -0.04243131588683105, 0.4999044382924398, 104136000000
-0.062067604149811745, 0.06727405044230453, 0.4999120545753859, 104141000000
-0.0013918236122717209, 0.1792830591745113, 0.4995424574229444, 104146000000
-0.12211549102069143, -0.027176638020803168, 0.49977943799226876, 104151000000
-0.007113486279780576, 0.1494165120799553, 0.5001939194930247, 104156000000
-0.10840648330992164, 0.010148662838128344, 0.49976128612710785, 104161000000
-0.01663300308123674, 0.07756732002630047, 0.5000953100534621, 104166000000
0.006407666309768102, 0.14816931147878676, 0.49955542231547595, 104171000000
-0.09040675631791673, -0.022964807915435075, 0.4998931591380253, 104176000000
-0.025794918188964854, 0.07805634374748041, 0.4998856482268414, 104181000000
-0.046823812672424664, 0.0933879165644719, 0.4996502263448291, 104186000000
-0.05741061288098696, 0.07974400564670073, 0.5003025229696897, 104191000000
0.0016432489307784265, 0.17061017701166856, 0.4996876767702624, 104196000000
-0.10589605940576748, -0.0051061401404370425, 0.4998594539131545, 104201000000
-0.029699132983943072, 0.09863625935866482, 0.4995224888584915, 104206000000
-0.0026586056918296488, 0.18632683907633033, 0.4997614989032245, 104211000000
-0.11018154227752994, -0.019081743879114946, 0.4997013857632578, 104216000000
-0.01897772134904246, 0.17023208892402536, 0.49977522502197297, 104221000000
-0.13594944198769465, -0.056839598274695355, 0.4994171127909691, 104226000000
-0.0246298913673741, 0.10388113366335086, 0.49990797642636436, 104231000000
-0.0133816918681148, 0.16501209359155872, 0.4996953441815816, 104236000000
-0.10792675230988723, -0.007523424413029363, 0.49984623418939067, 104241000000
-0.057483403778155966, 0.06788020376961454, 0.49972010341593487, 104246000000
-0.025173473320740734, 0.08022328335444708, 0.4994841031758159, 104251000000
-0.07879264695074198, 0.06842926957873251, 0.49973810804168944, 104256000000
-0.007908874076250717, 0.16729580496377489, 0.5000640567925125, 104261000000
-0.10862175592990568, -0.0007521526260886868, 0.49981008455015147, 104266000000
-0.07137774846461728, 0.06749304793959483, 0.49955919834608437, 104271000000
0.022959617803659398, 0.1654580143540161, 0.4997052900225644, 104276000000
-0.12546368557962143, 0.005828650611596053, 0.4999802432629642, 104281000000
0.0024862640964029865, 0.19258478513620045, 0.4996754973847848, 104286000000
-0.12329351854420534, -0.04035296060165793, 0.49958940761602083, 104291000000
-0.0675268739375488, 0.07655415056505914, 0.5000060456645179, 104296000000
-0.004484871086110684, 0.17080293891685044, 0.49992263831583456, 104301000000
-0.12837528934211814, -0.030588578509915733, 0.49939347059590405, 104306000000
-0.035447027968926605, 0.111770796894895, 0.49973352057127324, 104311000000
-0.06233670545321107, 0.07989985844756795, 0.49978253965047537, 104316000000
-0.03871387540153731, 0.06106315768638114, 0.49981514992284914, 104321000000
-0.006652088764782924, 0.14454233726272472, 0.49985050730042413, 104326000000
-0.12444979149630234, -0.026315481975293434, 0.49992068201541967, 104331000000
-0.026737042182076, 0.0810864718188219, 0.4997830213304187, 104336000000
0.006782989163346888, 0.17232518081344533, 0.4995264069721316, 104341000000
-0.11061038188180115, -0.010851397311539729, 0.49984754987039953, 104346000000
-0.014824578095847443, 0.15935020835082953, 0.5000095014749228, 104351000000
-0.08040890605728347, -0.020249302534136746, 0.4994021389167684, 104356000000
-0.03537535603232539, 0.11352242050768863, 0.49985314137456566, 104361000000
-0.03329485686059443, 0.1918620213046825, 0.4999261965665847, 104366000000
-0.13429799801041453, -0.0326932269734401, 0.49967333652706497, 104371000000
-0.08173483533501726, 0.09349888350366668, 0.5000765970482874, 104376000000
0.0009525967338823811, 0.1851130842033487, 0.49992188116206027, 104381000000
-0.11809242113602078, -0.03961517714165483, 0.4997845060524579, 104386000000
-0.04630830274209791, 0.0939690067782355, 0.49942781511731865, 104391000000
-0.00828577851988115, 0.18539715891714584, 0.4997140815059409, 104396000000
-0.10038685658617291, -0.018756859802580413, 0.4993854759985909, 104401000000
-0.08015853442441141, 0.10395227817094294, 0.5001050710564242, 104406000000
0.027040140863053477, 0.1478688415579432, 0.4996716063706362, 104411000000
-0.10944671255146556, 0.03380191859080573, 0.4996174498832858, 104416000000
-0.058757620226913776, 0.09945897121921662, 0.4998469571150528, 104421000000
0.0074391868308132224, 0.2017194812408636, 0.5000242997165086, 104426000000
-0.10938380672123703, -0.004066876311744239, 0.49993021818803035, 104431000000
-0.069878842901543, 0.09175672498619453, 0.5001526059302887, 104436000000
-0.00402729059803662, 0.19640885334874947, 0.4995592959877202, 104441000000
-0.11352718765601605, -0.014499371077455168, 0.4996365732549441, 104446000000
-0.06640526828284421, 0.08268332094331692, 0.4998090027668404, 104451000000
-0.06428334960895288, 0.10466638161629406, 0.4996577322210056, 104456000000
-0.05142809206699128, 0.05557796915761472, 0.49981899565968174, 104461000000
-0.018912865001119373, 0.1847222079316357, 0.4997797987594599, 104466000000
-0.10789950703061053, -0.040482712566490886, 0.4995122116686454, 104471000000
-0.07165172551378762, 0.036165647696901775, 0.4996965670786744, 104476000000
-0.0018374156107004347, 0.15108860502799928, 0.4999139245349263, 104481000000
-0.09219484270426695, -0.00479617211647812, 0.4995978209809018, 104486000000
-0.00943282214142715, 0.15121210778994884, 0.49975779017208444, 104491000000
-0.1213048839282432, 0.021756234168127744, 0.49959083287298683, 104496000000
-0.05320345707108747, 0.07919610705884472, 0.5000561462232442, 104501000000
-0.012393263501534212, 0.21161368898795743, 0.49998079047060173, 104506000000
-0.08929636339984479, -0.022425663918089846, 0.49959150969107186, 104511000000
-0.0631476112375695, 0.07948134109474117, 0.4998802869209787, 104516000000
-0.05644743667127579, 0.0785299272804182, 0.4998338431689401, 104521000000
-0.06521209286091968, 0.07767141628381453, 0.5000613224330587, 104526000000
-0.012432940025851486, 0.16366042598575634, 0.4997001659466231, 104531000000
-0.11065740024873619, -0.0035105902056493457, 0.4999931950370915, 104536000000
-0.03776414474478929, 0.05538404784086104, 0.4999579285385666, 104541000000
0.0027236943946716344, 0.18207919805263262, 0.49957880702040286, 104546000000
-0.12399686459675065, -0.02045005613068942, 0.49992153361277236, 104551000000
-0.008819856586799868, 0.1720009012159426, 0.4997298809401401, 104556000000
-0.1164509586509003, -0.004008152066223276, 0.4999452280938781, 104561000000
-0.04019597768545467, 0.09057980242779926, 0.5000045867900361, 104566000000
-0.029911076826206185, 0.17874327996752393, 0.49987184281863306, 104571000000
-0.12175250365857147, -0.02309648542735054, 0.4996139361997709, 104576000000
-0.07704593036842991, 0.05671109072034277, 0.4996032390491746, 104581000000
-0.006543646500839805, 0.19315178438504138, 0.4998553077545557, 104586000000
-0.12624958496440503, -0.009196598027784596, 0.499588069468626, 104591000000
-0.08748289726468625, 0.07449212390799097, 0.49993925627111685, 104596000000
0.006052846142804293, 0.1778361667769166, 0.49992580186942887, 104601000000
-0.09301541551722005, -0.0068183658062822075, 0.4998994447394479, 104606000000
-0.06172796331246551, 0.08234888074695315, 0.5002164023785716, 104611000000
0.008067562447985135, 0.14140105595260016, 0.4994775881739381, 104616000000
-0.10028757318094199, 0.026578641626000956, 0.49993376241598375, 104621000000
-0.04356024435990042, 0.07202439571730182, 0.49953537366247025, 104626000000
0.016963863059005626, 0.1457395308506666, 0.5001487108159888, 104631000000
-0.10333392867271797, -0.016676123895255666, 0.49979314187919455, 104636000000
-0.06251769742286294, 0.07568616483917247, 0.49998590245313196, 104641000000
-0.013569078045500288, 0.1614265195509782, 0.49948137966447254, 104646000000
-0.12981433799886066, -0.036973021595954905, 0.49995813349797474, 104651000000
-0.06478953899996756, 0.08620635725617601, 0.5003015678991256, 104656000000
-0.04856811775347437, 0.11654925391889423, 0.4998707933501393, 104661000000
-0.08644507017997498, 0.10046515477575008, 0.5000289877848433, 104666000000
-0.013793862414692408, 0.1677873645382548, 0.4997801064611095, 104671000000
-0.09822873720771116, -0.019754331857873272, 0.49998389836030854, 104676000000
-0.028997024142815638, 0.07545594567176545, 0.5003192533242566, 104681000000
-0.014729998502413999, 0.14398086431545387, 0.49946744009381816, 104686000000
-0.10277579520151262, -0.023203113958528317, 0.499697287950346, 104691000000
-0.007859029979806373, 0.14087422600871966, 0.49979135011497927, 104696000000
-0.07929954985682024, 0.018741074746489485, 0.4998715780648197, 104701000000
-0.05348503972638656, 0.06926728962011273, 0.49970331200877804, 104706000000
0.0037969571911602717, 0.1912452339815101, 0.4997110447044291, 104711000000
-0.10368595829193525, 0.005574561038452039, 0.49989967224083476, 104716000000
-0.030341499780980746, 0.08177156838734836, 0.5000646796323138, 104721000000
-0.0399186069245324, 0.09103290503744625, 0.4998707229476317, 104726000000
-0.05979324161578838, 0.055999074570277405, 0.499953527583785, 104731000000
0.015955906822096584, 0.18798304153163964, 0.49959795488403114, 104736000000
-0.10085202098055936, 0.017088614910192344, 0.5004001105312925, 104741000000
-0.05925275321088598, 0.06638495073200518, 0.5001119987076865, 104746000000
-0.019677144945603055, 0.15940231223149678, 0.49986411963299726, 104751000000
-0.13831816326440025, -0.0031380076701732675, 0.5002153315560148, 104756000000
0.025710481503624635, 0.1492978890670158, 0.5000625835141671, 104761000000
-0.08511182410667642, 0.0012159452436554634, 0.500194964130969, 104766000000
-0.04305349202764872, 0.06435187454369432, 0.4998849230600087, 104771000000
0.010302847507686898, 0.14023357825993124, 0.49984624647854325, 104776000000
-0.10462526233300774, 0.0006335474713361736, 0.49998712365503295, 104781000000
-0.026977124199477873, 0.08273171172869175, 0.4998709371296527, 104786000000
-0.06297789167248298, 0.10383678234932611, 0.4997117272862111, 104791000000
-0.07221967274119624, 0.04549218632157301, 0.5002115036251822, 104796000000
-0.003949668091286934, 0.16369359409261186, 0.5000435613122467, 104801000000
-0.10301441812050689, -0.02859069460655006, 0.49993120707006, 104806000000
-0.04506082167674492, 0.08795268400339892, 0.49996233098904386, 104811000000
-0.008549062993592232, 0.16881996275600275, 0.4996346190176246, 104816000000
-0.11200582280163021, -0.008854005143565366, 0.5001242326087942, 104821000000
0.001361667948335853, 0.13929601054282606, 0.5000110370919032, 104826000000
-0.0684227543221981, -0.019700747913162807, 0.49978724710563577, 104831000000
-0.07745748435504259, 0.09121894419386091, 0.4997507809171305, 104836000000
-0.005916083049302154, 0.1813906440986518, 0.4996276173556102, 104841000000
-0.12224202577902801, -0.02968862930713503, 0.499519222113187, 104846000000
-0.10064232552701166, 0.09453868298327373, 0.4998790189273892, 104851000000
-0.06381630496913226, 0.09278075747307234, 0.4997692261995246, 104856000000
-0.08442993295247464, 0.07594977961166048, 0.4999503404707525, 104861000000
-0.027608025566736406, 0.18925402181387757, 0.49956405575861934, 104866000000
-0.11426203257369016, -0.03759273783686335, 0.5000948657609567, 104871000000
-0.08002477414225598, 0.07997418528113719, 0.499541250362458, 104876000000
0.02397809612390172, 0.12990468387430004, 0.49971913545196966, 104881000000
-0.10145220513370548, -0.0031727019737545006, 0.4992129037149914, 104886000000
-0.03594295500508368, 0.10624282826061023, 0.49975036215232993, 104891000000
0.0242428744297202, 0.20586447874075972, 0.4999242366050472, 104896000000
-0.07812632676426581, -0.044402245255717926, 0.4998474075152831, 104901000000
-0.05320388927682987, 0.09537554045515814, 0.4997587560320258, 104906000000
-0.03621603995834926, 0.17171749090521143, 0.4991647174370276, 104911000000
-0.11155833112517845, -0.01898273909002605, 0.5000994652852776, 104916000000
-0.045199274430417546, 0.07905403377710096, 0.5001447369431815, 104921000000
0.0029937255473622875, 0.164611695537167, 0.4994574918061572, 104926000000
-0.12698256070619462, -0.024729280479295828, 0.49975628235699704, 104931000000
-0.04503526866282078, 0.0910419621263892, 0.49998087469503727, 104936000000
-0.0008971069436148934, 0.1989559404417561, 0.4994763505323564, 104941000000
-0.1148985843418704, -0.018307257469532323, 0.49991928525988044, 104946000000
-0.05237017716599713, 0.08114683448814278, 0.49982156083179335, 104951000000
-0.00027837237175224686, 0.18953070792932072, 0.4995292744726273, 104956000000
-0.11600283684240799, -7.630166116514431e-05, 0.5000701647608211, 104961000000
-0.006522668805651572, 0.18956995788787429, 0.5000235733682734, 104966000000
-0.11472293222892775, -0.028303067670959844, 0.4997583363028533, 104971000000
-0.07285657562698304, 0.0816312165041403, 0.49994679212592763, 104976000000
0.011883259931694834, 0.15670598448062908, 0.49967421018222036, 104981000000
-0.08947328411384174, -0.02628499833079088, 0.5000460840558609, 104986000000
-0.059462166705903055, 0.1244516930859301, 0.4998350854180638, 104991000000
-0.04502794100426164, 0.07620168157973643, 0.49985667015692553, 104996000000
-0.06371127791516636, 0.07400417838108121, 0.499500506605867, 105001000000
-0.01681871073766062, 0.1753556602842384, 0.4997933576883869, 105006000000
-0.0939438827418804, -0.014105306230204107, 0.4997007576779755, 105011000000
-0.032602659589853006, 0.07157448387130598, 0.49979066474194334, 105016000000
0.05481172782435935, 0.2063477945875385, 0.499824472783895, 105021000000
-0.12325075815876452, 0.006908948075150188, 0.5002426327253068, 105026000000
-0.0404464180576723, 0.15252270489847913, 0.5000137029467254, 105031000000
-0.1263860340753254, -0.0017554024183951654, 0.4997302460972669, 105036000000
-0.020739008584362645, 0.048140491507412744, 0.49980154728932397, 105041000000
0.006737627344190451, 0.14491471228994734, 0.4997388047440194, 105046000000
-0.1143859505554541, -0.012614809197595628, 0.4997619681434322, 105051000000
-0.06803891037597659, 0.07802092023863687, 0.4999142213706577, 105056000000
-0.051717656013930254, 0.09036752343720918, 0.4994917851084302, 105061000000
-0.06895294929503382, 0.05041400267150255, 0.49934860167138595, 105066000000
0.016898967119609063, 0.15755712865609306, 0.5000372464847024, 105071000000
-0.12014683581019846, 0.012221754098613234, 0.49975939881938974, 105076000000
-0.07197164184565916, 0.06842851959019466, 0.5000665878928559, 105081000000
0.017444711017143417, 0.1681928158408054, 0.49957552947997397, 105086000000
-0.1188873402728976, -0.029999844662294425, 0.4998587485047312, 105091000000
-0.022511051335883797, 0.1503225713712903, 0.49989621593026046, 105096000000
-0.11255130986978225, -0.01491943613793523, 0.4998008541614388, 105101000000
-0.027687333090049893, 0.05362789318907528, 0.4998207930777981, 105106000000
-0.04230501417906326, 0.1667440624084115, 0.49957497636808745, 105111000000
-0.08639534919810396, -0.003838820543070297, 0.49972884612915197, 105116000000
-0.07732583868666007, 0.06398661667694949, 0.49973044148981377, 105121000000
-0.015762774414666177, 0.16079352777256722, 0.4997222644449374, 105126000000
-0.09841957785479585, -0.02510806461292555, 0.4999207347814538, 105131000000
-0.03446580931841492, 0.07389566638276285, 0.5002110795988495, 105136000000
-0.00668449835389782, 0.1570080880295625, 0.4995870988482563, 105141000000
-0.08311836863514761, -0.047047396017181234, 0.4996129880491612, 105146000000
-0.04245518390028716, 0.06578639545677863, 0.4998417813699872, 105151000000
0.025868665741451278, 0.19615203337144213, 0.49967249065754765, 105156000000
-0.12189838475495322, -0.01313722547034033, 0.5000311498345056, 105161000000
-0.014905153768897315, 0.16623275349857908, 0.49984863230012744, 105166000000
-0.08558241903878258, 0.02529324694577648, 0.4997894120556044, 105171000000
-0.060634601443976026, 0.0727611517964166, 0.49948718378672374, 105176000000
-0.0385460082923067, 0.07528455455894027, 0.5000841880922415, 105181000000
-0.028448364300928782, 0.15218733021022934, 0.4995530970914842, 105186000000
-0.12947628160960123, -0.006837856382710408, 0.49954964186114026, 105191000000
-0.05666621403825878, 0.07814983237498528, 0.5002879297867745, 105196000000
-0.05636130256616313, 0.08568683223411899, 0.4995321147199759, 105201000000
-0.06332535502003249, 0.05920007088147111, 0.499822576569759, 105206000000
0.03628376686170327, 0.17556593293009615, 0.4996751025307514, 105211000000
-0.11165043831879774, -0.01972263712373059, 0.49982213910424544, 105216000000
-0.05404668774426386, 0.0955199843968249, 0.5001146490055458, 105221000000
-0.04866764330598901, 0.14240991172747006, 0.499958747784501, 105226000000
-0.11201700597845646, -0.005139306918348675, 0.49974323746499955, 105231000000
-0.06165054037047132, 0.12349843542838396, 0.4997865895697158, 105236000000
-0.12044411793721471, -0.05047259823514337, 0.49969459846765113, 105241000000
-0.0931992084470966, 0.04887978619570064, 0.4998106550662416, 105246000000
-0.0024704879667052553, 0.1775087966318309, 0.5002448992220497, 105251000000
-0.13496729117715894, -0.01314196226786742, 0.5000709310478715, 105256000000
-0.07600362238263995, 0.08679500073261504, 0.4999585974862872, 105261000000
-0.0720140927256896, 0.08776850911913275, 0.49970196099854286, 105266000000
-0.0399119564658831, 0.08559268092381402, 0.49959115761092826, 105271000000
0.006250914526726877, 0.18231822980395967, 0.5000787709618776, 105276000000
-0.08371223818700228, -0.013688434760248568, 0.4998098248184176, 105281000000
-0.03145850230802876, 0.09235738688615008, 0.49982575095014176, 105286000000
0.007919685556036192, 0.15822397441761518, 0.49954064540931054, 105291000000
-0.09694285130015666, 0.01766905259922146, 0.5000519082618445, 105296000000
0.016309705005715526, 0.1427270585596859, 0.49974046650590254, 105301000000
-0.10239260539306086, 0.0119090478283094, 0.49989293823582936, 105307000000
-0.04585216771457602, 0.09070412932389657, 0.4998737459554771, 105312000000
-0.0025889580178988982, 0.16986823213313665, 0.4994834021165133, 105317000000
-0.09051829933445332, -0.027075642062507253, 0.49977223314554164, 105322000000
-0.024264172766625028, 0.1237039857220853, 0.4997833969733718, 105327000000
-0.09892107839724741, -0.0006827709168831034, 0.4996706452265549, 105332000000
-0.05574481156242034, 0.08403826733816243, 0.4996946961341956, 105337000000
0.005106913355067937, 0.16452205587985255, 0.4997954359029236, 105342000000
-0.1020394352771461, -3.818972186419092e-05, 0.49980909997757894, 105347000000
-0.058995312929954774, 0.17429675379241819, 0.4997959922657894, 105352000000
-0.10660504766560464, -0.028385228861451922, 0.49961933078106935, 105357000000
-0.06741054041548415, 0.04817759693525343, 0.4996712778358145, 105362000000
-0.023518612364584413, 0.19405075102728178, 0.499603335044206, 105367000000
-0.12246103113906467, -0.021731002881254464, 0.5000458384629396, 105372000000
-0.045995275138354975, 0.08526333428439474, 0.499770527671154, 105377000000
-0.027328593436287976, 0.145657872426978, 0.4995707967425409, 105382000000
-0.11205412180898226, -0.014044740368254484, 0.49982249776028037, 105387000000
-0.015945892906382566, 0.1551198405598973, 0.5002334205741322, 105392000000
-0.09518794285408107, -0.008191341647081444, 0.49975876630078675, 105397000000
-0.03581929875493539, 0.06536134707051242, 0.49978595739904474, 105402000000
-0.010285686536900991, 0.22921834853016584, 0.4999604565206209, 105407000000
-0.1069240432438467, -0.02515835951109959, 0.49943654329962056, 105412000000
-0.06394254346621742, 0.08150154401457449, 0.4998589223090881, 105417000000
-0.030340214424268257, 0.06376650896958126, 0.4996106242219859, 105422000000
-0.03573312781935087, 0.0732454531054843, 0.4997779391787697, 105427000000
0.02937640470394187, 0.16254494359970215, 0.49968952128887795, 105432000000
-0.1098598651164295, -0.03713268469106756, 0.49946997392887843, 105437000000
-0.03623926475228949, 0.09355789123310569, 0.5000970524139081, 105442000000
-0.004418422806121159, 0.15021704809589365, 0.49972434233772156, 105447000000
-0.09002158922127093, -0.021473166841703386, 0.49949134192481776, 105452000000
0.007567184707237759, 0.17394654338148152, 0.5000186645182345, 105457000000
-0.10540337079116652, 0.0030400030559011113, 0.49982893020723856, 105462000000
-0.05977705893437955, 0.0869748897657017, 0.5001383260010421, 105467000000
0.0030718955553685322, 0.16323133435645307, 0.49999476300444773, 105472000000
-0.15096930084242297, -0.03563851205245168, 0.49952790249201595, 105477000000
-0.06575051799237305, 0.0773171934429769, 0.4999835333107488, 105482000000
-0.02257756277659055, 0.16055047738373893, 0.5000462398388212, 105487000000
-0.10063217045242837, -0.00691487472257378, 0.5001535735392945, 105492000000
-0.05442578368858632, 0.07379686324137809, 0.4995258684303592, 105497000000
0.003370723361082683, 0.1547071475476539, 0.4996064289204468, 105502000000
-0.08578338794961812, -0.03539834841325237, 0.49990077684162265, 105507000000
-0.06287473677479165, 0.05598175308438746, 0.49999478767830324, 105512000000
0.019855662761561418, 0.17032112619568793, 0.4996523812178192, 105517000000
-0.10049077438955901, 0.0023813522422434195, 0.49960012888756444, 105522000000
-0.0475594494719426, 0.07972970522911253, 0.49975629850265435, 105527000000
-0.027829383658604892, 0.1599615128248456, 0.4998890924183081, 105532000000
-0.11875185318543842, -0.03999583392812299, 0.5000824548808055, 105537000000
-0.022691775519863358, 0.16920022826060468, 0.5002357580271161, 105542000000
-0.1109190924032029, -0.00961706949756334, 0.4991829033901361, 105547000000
-0.05748116593233668, 0.06672330016933663, 0.49945429265685043, 105552000000
0.012921294272842915, 0.18544824992670808, 0.5001851243586976, 105557000000
-0.10656115737217567, 0.0048746641556157745, 0.49974803802007217, 105562000000
-0.05703735601072589, 0.06757211497361272, 0.500094297165445, 105567000000
0.017153563739087163, 0.18922736547479152, 0.4997867260003366, 105572000000
-0.07095276140512367, -0.03368373716329967, 0.4994886664566776, 105577000000
-0.03291030120876714, 0.08820023578693845, 0.49980164499270485, 105582000000
-0.016063578766304314, 0.1823237845498438, 0.49995801552249675, 105587000000
-0.11954275111763943, -0.0037136217731191037, 0.4997054584116795, 105592000000
-0.048355455148260146, 0.05109368368041129, 0.4998989237293422, 105597000000
-0.002777396986995422, 0.16365333859097841, 0.4999451383282419, 105602000000
-0.09594541845249474, -0.03402796932871768, 0.4999587919442481, 105607000000
-0.007454836896816604, 0.1751560682182717, 0.5000486952639576, 105612000000
-0.07221019735130926, -0.015311952719468704, 0.4997001528279, 105617000000
-0.04893590807185647, 0.07722827649920448, 0.49964885508214124, 105622000000
-0.0044954003622359965, 0.1816299065144045, 0.49950902902072897, 105627000000
-0.1029933739842666, -0.0046521107675037525, 0.49981024814319386, 105632000000
-0.055022696074348156, 0.06691215798376222, 0.5000709599333109, 105637000000
-0.04376044184319332, 0.10279376587991006, 0.49962282227787747, 105642000000
-0.061242202572702076, 0.06085952907772957, 0.4998362206244048, 105647000000
-0.0016597001771815763, 0.17932350523832813, 0.49952162202769096, 105652000000
-0.0867846763087115, -0.018137644858303038, 0.4996605331012952, 105657000000
-0.031702966825677276, 0.08954790312673114, 0.49976968326276755, 105662000000
-0.018771446842507974, 0.21173804643992694, 0.49934772946892364, 105667000000
-0.0917145814603093, -0.0033983732430665804, 0.4997756751269253, 105672000000
0.003034325827682224, 0.18457987201830192, 0.5000019023709239, 105677000000
-0.06948233366654603, -0.026957114904785393, 0.4998372877750904, 105682000000
-0.061805040266953236, 0.08883228549338673, 0.49980537721952384, 105687000000
-0.00819512274294843, 0.1610250901072527, 0.5000479481452137, 105692000000
-0.11384376094933182, -0.04560975894948838, 0.4995814880948382, 105697000000
-0.05144851629617931, 0.07664074967275908, 0.4996064753935754, 105702000000
-0.07799667538024424, 0.08207705866881512, 0.4998512179915574, 105707000000
-0.06135106254713806, 0.08955319303469243, 0.49981999732389637, 105712000000
0.0083069893518631, 0.17715539616202622, 0.49977992566187457, 105717000000
-0.08499476469684927, -0.015880108088718824, 0.5000303394185918, 105722000000
-0.06400814112738945, 0.07431830255461527, 0.50011289684452, 105727000000
0.016959512718253456, 0.17394427408542534, 0.499506655896547, 105732000000
-0.08702907816728228, -0.01959561908895132, 0.4995982155334725, 105737000000
-0.027819394364395435, 0.16770461921818874, 0.49929670502599216, 105742000000
-0.1201283955575485, -0.022953341219453565, 0.5002149528076508, 105747000000
-0.05561384256394873, 0.12010020932122258, 0.49982339841393253, 105752000000
-0.02391973955780912, 0.15557353404119034, 0.4999600298292597, 105757000000
-0.10406242254121048, -0.0188715675911732, 0.4999978435674588, 105762000000
-0.0626342401420814, 0.0893257913528997, 0.500065760796942, 105767000000
-0.04382922890592218, 0.058238314449983744, 0.49976434533383685, 105772000000
-0.043479696512494094, 0.09044700338441707, 0.49961477672478677, 105777000000
-0.00433284987259603, 0.15148443513037274, 0.4998491858991345, 105782000000
-0.09342551662693863, -0.033473573123723316, 0.4996289119063913, 105787000000
-0.07741344774253149, 0.09256299313263466, 0.4998942119580053, 105792000000
-0.029418257911391726, 0.17058889694391066, 0.500055580239281, 105797000000
-0.11868058985128986, -0.012239658553645116, 0.5000885054020877, 105802000000
-0.004686797903146453, 0.13820125643945466, 0.4995726818578048, 105807000000
-0.08452401597473932, 0.008955343047545146, 0.4996693337634008, 105812000000
-0.08710837764003254, 0.06820159159149508, 0.49996966690132993, 105817000000
-0.02854686661876884, 0.178109867983412, 0.4996366417933912, 105822000000
-0.10158151909729826, -0.0419512517412028, 0.5002308533786541, 105827000000
-0.04818426116614987, 0.09848192361972849, 0.499920673022414, 105832000000
-0.006915987799019349, 0.08981689804788524, 0.49997269706155506, 105837000000
-0.05451256583260471, 0.06667731150442567, 0.49949626091897253, 105842000000
-0.01983562931833322, 0.18028642889446528, 0.5001544285858316, 105847000000
-0.1132180423203303, -0.027948361551749585, 0.4997874782967441, 105852000000
-0.05008033171211144, 0.10597828364311479, 0.500119331059758, 105857000000
0.000443768747476887, 0.17925728489158793, 0.4995129423331204, 105862000000
-0.09943399818927898, -0.012657245225752066, 0.49993950013571675, 105867000000
-0.02814540783554474, 0.16785054280233333, 0.4999513818480397, 105872000000
-0.11196013312221423, -0.018496939466019498, 0.4995219026095818, 105877000000
-0.029709549538364858, 0.061544234093570675, 0.4998648752506768, 105882000000
0.01938386163618327, 0.14397247242768063, 0.4995892472466943, 105887000000
-0.12275837920478153, -0.008884418124725976, 0.4997547053766268, 105892000000
-0.002500509289480533, 0.1585236579682202, 0.5000226160966188, 105897000000
-0.12961307543280984, -0.01793315448253563, 0.4997125237626761, 105902000000
-0.06497534681956753, 0.08252816019581363, 0.4995580474602088, 105907000000
-0.023655233743975792, 0.17002609957902234, 0.4998044760480142, 105912000000
-0.07259592871369137, -0.006422625999050777, 0.49952191349633224, 105917000000
-0.05860596732105867, 0.09871448001902652, 0.4997063852287661, 105922000000
-0.04735391421455722, 0.1665372189053765, 0.4999735538076309, 105927000000
-0.06720774012337899, -0.016024474782832053, 0.49968792168993637, 105932000000
-0.08342170451363101, 0.06662248877599983, 0.4998498069380848, 105937000000
-0.00047190674380217894, 0.17704313414886166, 0.4999080954104892, 105942000000
-0.07904713452379382, -0.015334962899974255, 0.5000451481644947, 105947000000
-0.06523356764503307, 0.10781431729360066, 0.49954910699707966, 105952000000
0.02147639258343089, 0.18021428581123763, 0.49983006440728606, 105957000000
-0.11813747689174493, -0.0264525492878769, 0.49988999513969995, 105962000000
-0.05508961433362596, 0.0951439841608627, 0.4995301842938905, 105967000000
-0.0075580904102365, 0.1638698565417386, 0.49932457583595646, 105972000000
-0.10380185615308998, -0.03637256237136274, 0.4997278559353807, 105977000000
-0.08443463739720869, 0.06126819467792103, 0.49985949528514617, 105982000000
-0.03999679846528105, 0.10213862266345147, 0.5000671822405096, 105987000000
-0.04415031599431364, 0.06351698446836812, 0.49980990001746783, 105992000000
-0.007801044761625799, 0.18682774908849206, 0.49975081421874484, 105997000000
-0.10981760193080549, 0.00905543903632931, 0.49921610933309746, 106002000000
-0.06003518127522838, 0.08595896939123478, 0.4996443561024311, 106007000000
-0.028371346591145118, 0.19165422396881293, 0.49996613107443744, 106012000000
-0.11792964935005132, 0.036793590921364305, 0.5001056451028998, 106017000000
-0.04127615155802995, 0.08202889544271122, 0.49995735851306394, 106022000000
-0.03351009409158308, 0.14722250362623074, 0.4993479780986929, 106027000000
-0.12302165075183491, -0.03743756437771929, 0.49973967608046055, 106032000000
-0.05532857626579725, 0.05919139396553922, 0.4999551823771018, 106037000000
0.026992640677538343, 0.15121577977973188, 0.5000513024384615, 106042000000
-0.11733694231545373, -0.019045290324179367, 0.49990943260789916, 106047000000
-0.041336123630624125, 0.11276943276602062, 0.4998158292133111, 106052000000
-0.04582867135821116, 0.06613988516481376, 0.5000073748657, 106057000000
-0.059955514893004255, 0.06336745150799944, 0.49978622153407637, 106062000000
0.002632464593515042, 0.18960326216631165, 0.49976473138612504, 106067000000
-0.10442976335946771, -0.03528815915614637, 0.4998716975977491, 106072000000
-0.07153919067700595, 0.08663604912911868, 0.5001095598939632, 106077000000
-0.026058132007037646, 0.17612014009792176, 0.49962000285792557, 106082000000
-0.09623665634173577, -0.017249101088866403, 0.49964208662171666, 106087000000
-0.004915129119597272, 0.18074775832725298, 0.4998050828504304, 106092000000
-0.06182417366305802, -0.024331977353432833, 0.4998241333696974, 106097000000
-0.04125428826717364, 0.058915791938372215, 0.49951737452619377, 106102000000
-0.0018592635777685224, 0.18546176031533906, 0.5001949671628003, 106107000000
-0.12439141507492267, -0.029831944245498836, 0.499543086742807, 106112000000
-0.05526697026801594, 0.0746567214458049, 0.49995346258199796, 106117000000
-0.04819064388847043, 0.08973959407891362, 0.49964722926821253, 106122000000
-0.0732665951314933, 0.03376188446567022, 0.49933526966635394, 106127000000
-0.0054146959677473, 0.18535591100372964, 0.4995842942222978, 106132000000
-0.11579346548942458, -0.002996223320923433, 0.4998132355230452, 106137000000
-0.08257015511030771, 0.09415972921148229, 0.49980534062481147, 106142000000
-0.0069238041846747195, 0.1649405178926444, 0.4994362677815399, 106147000000
-0.11702043340319172, -0.033440221234180355, 0.49961788544169805, 106152000000
-0.0143565507817171, 0.15308802916472508, 0.5000487646691489, 106157000000
-0.11413760799731912, -0.012670563845400757, 0.49974767249645574, 106162000000
-0.08066326288120629, 0.10687281323486572, 0.5001172958600213, 106167000000
0.027382689251019048, 0.1669872816898328, 0.4996922274977007, 106172000000
-0.0823303889723425, -0.04130280315860875, 0.4998267586761573, 106177000000
-0.058142801081910306, 0.04224365229241511, 0.49973359224343505, 106182000000
-0.02315695480771637, 0.08277138512467082, 0.4993740439934325, 106187000000
-0.058026307876703986, 0.08218444133447869, 0.49984043944408946, 106192000000
0.01802461935519431, 0.1633108515327224, 0.499831846174789, 106197000000
-0.11070347194689621, -0.018801460076282934, 0.4997027135536139, 106202000000
-0.05989401601932408, 0.1085570380558846, 0.4999074326565329, 106207000000
0.007542071595475597, 0.17287904437809024, 0.4994243230579531, 106212000000
-0.10469910397273255, -0.014933928077681355, 0.49937305121420783, 106217000000
0.012642282757872877, 0.16675284527841994, 0.49971655944608, 106222000000
-0.08393585510638796, -0.03350901533482519, 0.4995017244950136, 106227000000
-0.03277833796982541, 0.09635738585377085, 0.49999501642643474, 106232000000
-0.0032987774701074063, 0.20429733298751834, 0.49980051006433474, 106237000000
-0.10378816354335949, -0.02745023078521327, 0.5000937532782582, 106242000000
-0.046946978426400186, 0.07710069255289277, 0.49991647752804724, 106247000000
-0.007100356818012549, 0.17718215013841304, 0.4998673352319198, 106252000000
-0.13055875523276664, 0.0010801295169140489, 0.4999493901991641, 106257000000
-0.04016171031454299, 0.07055723342845016, 0.4999494658873887, 106262000000
0.024340705556507598, 0.1844459591265212, 0.49958519120183964, 106267000000
-0.14004891944352746, -0.02384508188059742, 0.49967954318413765, 106272000000
-0.07170479814671459, 0.11127793308876895, 0.49991166509915824, 106277000000
-0.006084174059580061, 0.19134952072224465, 0.4998446161577801, 106282000000
-0.12060366631388517, -0.013469563628173389, 0.4995735602378662, 106287000000
-0.028601562895315815, 0.16644162414528832, 0.4998763392366393, 106292000000
-0.09719060720233413, 0.004034904459794398, 0.49949551579397306, 106297000000
-0.021861126078657145, 0.0731102067485515, 0.49982952231326006, 106302000000
0.003563661547879203, 0.13505282548153177, 0.49966347030953573, 106307000000
-0.07531317256299827, -0.026024896092097974, 0.49967291015438803, 106312000000
-0.06361300165361222, 0.10207701730014813, 0.5000348869481555, 106317000000
-0.002486543650604552, 0.17932169223448677, 0.4998917759127063, 106322000000
-0.1329070007940199, -0.04658893258280819, 0.49987172652764644, 106327000000
-0.01992192418143693, 0.15349601923355863, 0.5000668174344473, 106332000000
-0.12736082592378262, -0.001729603704676775, 0.500156542581392, 106337000000
-0.017073735971402527, 0.08123090923066636, 0.5000188809927657, 106342000000
0.0015861455663262322, 0.16015141168122482, 0.5000899193523436, 106347000000
-0.1044189727948799, -0.0006979709144251771, 0.49981268542713064, 106352000000
-0.041414102241413266, 0.09705287582094473, 0.4999810515211184, 106357000000
0.03130429779000696, 0.1694609554493429, 0.4997896911747149, 106362000000
-0.11708932086976638, 0.0032789521282498035, 0.49974702479389277, 106367000000
-0.03914230834711888, 0.1682730584052484, 0.4998847581427953, 106372000000
-0.15327645836323753, -0.05423877157643189, 0.4999417688446052, 106377000000
-0.07817912757864601, 0.09149842932341114, 0.5000487152457871, 106382000000
-0.01715479613898105, 0.18643571102016565, 0.49987610872176785, 106387000000
-0.11658231760274038, -0.02357330532241798, 0.49978117407803974, 106392000000
-0.015735570089748796, 0.09333754145052256, 0.5003757954402328, 106397000000
-0.061562204755368694, 0.0834936567213736, 0.4998933898611891, 106402000000
-0.06147890804365599, 0.06335508564015607, 0.4999306405155526, 106407000000
0.005715935795052742, 0.17054191349193215, 0.4999317586488972, 106412000000
-0.11890771485408447, 0.002951369013032154, 0.4997347868059, 106417000000
-0.04831368574624236, 0.07878420127190695, 0.49987493706549313, 106422000000
0.022286853877667302, 0.1632040891074516, 0.5000190758709336, 106427000000
-0.11229338199708089, 0.003694580858983689, 0.4997067196239261, 106432000000
-0.05238189696383601, 0.06466912567283625, 0.49963317594376566, 106437000000
-0.01653781303895764, 0.1585075638149328, 0.5001255513964206, 106442000000
-0.09680935726430452, -0.01993432863020044, 0.4995336843162947, 106447000000
-0.06328450221240181, 0.11278744185784542, 0.5001396831354531, 106452000000
0.02837358711404206, 0.130755146247101, 0.49988721907160083, 106457000000
-0.09764550506812042, -0.023099010016271616, 0.500082977478642, 106462000000
-0.0231488803103806, 0.08656398366472591, 0.4997401827177473, 106467000000
-0.040900832526398416, 0.11154059243213099, 0.4998255613181015, 106472000000
-0.08137627212267141, 0.06698324461360546, 0.4993202756265901, 106477000000
0.02801518939712901, 0.16531550281623678, 0.49960210029015467, 106482000000
-0.11068838905600917, -0.00990181521520781, 0.4997677115881728, 106487000000
-0.07251108123273374, 0.071484948151152, 0.4999331419129214, 106492000000
-0.028051246852142407, 0.16021594483998175, 0.5001526801345152, 106497000000
-0.10365450733672894, -0.04485792192179993, 0.49986714318382636, 106502000000
0.006498342920049995, 0.17448535374877247, 0.49994033902180235, 106507000000
-0.07454607376356816, 0.025494092459302495, 0.4998284607404403, 106512000000
-0.05835895703778861, 0.08737693946109513, 0.49963151980064446, 106517000000
0.033568542208409526, 0.12621929474943908, 0.4993295492385615, 106522000000
-0.1038829811545676, -0.03821110259613237, 0.4997728586333373, 106527000000
-0.04805058591254963, 0.07078187023839859, 0.4999729663492979, 106532000000
-0.04368708938929992, 0.07927198901489124, 0.5000492547955584, 106537000000
-0.05314622324648841, 0.07816986682813244, 0.4999046550204223, 106542000000
0.015568960650180642, 0.19973572697158487, 0.4998020977936282, 106547000000
-0.11252223759622787, -0.028178925254412956, 0.49988321386377893, 106552000000
-0.07072627316569788, 0.09223955587211481, 0.49988060451684097, 106557000000
0.0075496002855886864, 0.15624277449880736, 0.4998618259796452, 106562000000
-0.0764208199878004, -0.009156500553105358, 0.4995117098249395, 106567000000
-0.01410972914967747, 0.144226260665033, 0.49994795176198953, 106572000000
-0.09358483333589718, -0.029030729083757815, 0.4996767099355907, 106577000000
-0.08102949094617602, 0.05352827044795605, 0.49957134980018325, 106582000000
-0.06685265602240897, 0.09140052321218767, 0.4997084418414012, 106587000000
-0.00949735430477258, 0.15752068895636973, 0.49967416080925814, 106592000000
-0.11809766413070924, -0.03473771796766131, 0.49993764733322565, 106597000000
-0.05657952135529189, 0.05746887418178097, 0.49999925054613015, 106602000000
-0.05744128925942002, 0.07409092387765688, 0.49964324116264375, 106607000000
-0.0716500266769871, 0.08389441896129234, 0.49978994894514894, 106612000000
-0.011205549947292441, 0.17653823146643535, 0.4997999044615939, 106617000000
-0.1248767647647011, -0.05635237038827124, 0.4995353449425016, 106622000000
-0.06540938504016001, 0.07510626930268202, 0.49980544835464447, 106627000000
0.0232540529481524, 0.17104602206080252, 0.49986986756326657, 106632000000
-0.11893847877827618, -0.00484296314732385, 0.4998512565208189, 106637000000
-0.01818508119938169, 0.16694955893186725, 0.49995928597387107, 106642000000
-0.10867138858315675, 0.0029436015957382132, 0.49950587264836754, 106647000000
-0.07141185648993342, 0.0619813866054789, 0.4998865414117793, 106652000000
0.03307205118086072, 0.16575852962078186, 0.499517271501303, 106657000000
-0.11333787382136253, -0.005499304149175745, 0.49956110592750613, 106662000000
-0.030723361343306395, 0.08521369418503551, 0.49967771588957327, 106667000000
-0.0503883940888026, 0.10953020501734358, 0.4996835696164728, 106672000000
-0.06411186763138231, 0.06893037062967096, 0.4998886600782753, 106677000000
-0.005394567792723704, 0.14267308109269078, 0.4998089299990147, 106682000000
-0.13829688930881154, -0.055255592470508305, 0.4995368495663933, 106687000000
-0.05106285566135766, 0.07902025573804991, 0.500008487683374, 106692000000
0.010788262125309292, 0.1800320876244361, 0.4997077608512421, 106697000000
-0.0957623523002635, 0.005371858432538339, 0.49978907724053745, 106702000000
-0.08059679434876482, 0.08384966223031727, 0.4998963937626555, 106707000000
0.021967242289279335, 0.17089039682051094, 0.4997735052652633, 106712000000
-0.11117749460009962, -0.00873683419790579, 0.4997884074819093, 106717000000
-0.06056170533519316, 0.05780660854120302, 0.49972312963330673, 106722000000
-0.011114327777752817, 0.18482566186469335, 0.499886926051178, 106727000000
-0.08415675658703518, -0.04028415037908957, 0.4997909345737616, 106732000000
-0.05108399058929217, 0.07163433581689277, 0.5001122410268816, 106737000000
-0.04864905355425934, 0.07499080074140625, 0.5001078199831638, 106742000000
-0.06567924510226457, 0.06017156299329744, 0.49991143876115113, 106747000000
-0.0026188641631992157, 0.16131681327728897, 0.4998288746185582, 106752000000
-0.12589400876445941, -0.041563817452347426, 0.4997295119237894, 106757000000
-0.032209223245076836, 0.07630111350088048, 0.49978996312082413, 106762000000
-0.004500374636063874, 0.16206065807591136, 0.49958261300674084, 106767000000
-0.09520147569283753, -0.028144506694551243, 0.5002110117287238, 106772000000
0.04721993957753078, 0.16594016138884657, 0.4994978960644223, 106777000000
-0.11896259203317328, -0.02287650134595828, 0.4999075306913862, 106782000000
-0.05103880003076861, 0.1062842464816309, 0.499911518791793, 106787000000
-0.005738183254081315, 0.17347848953005643, 0.49969042083224835, 106792000000
-0.14141014456776366, -0.026791702536776072, 0.49965584198008034, 106797000000
-0.019158681906995087, 0.08968106052631075, 0.4998784731644532, 106802000000
0.01590048786668601, 0.17590688397312937, 0.49970065820008525, 106807000000
-0.09147824078234146, -0.004152182745883511, 0.4996593882355999, 106812000000
0.018287019349261316, 0.13955943470575874, 0.49992704178563735, 106817000000
-0.098878353320679, -0.011205936038937738, 0.49928338879331363, 106822000000
-0.05665619000913105, 0.08007621902859736, 0.49972371437937974, 106827000000
0.006695840642464295, 0.17464018266430117, 0.49963726961921506, 106832000000
-0.117247584794883, -0.01758516972161552, 0.4997042116127076, 106837000000
-0.043069986964524805, 0.17800915847575394, 0.4996446372524413, 106842000000
-0.08378226684588902, 0.003646689790934157, 0.4999298602089215, 106847000000
-0.06840504470434308, 0.06066906357148224, 0.4999973747984401, 106852000000
-0.05279896396146093, 0.09098087151218057, 0.5002264893240012, 106857000000
-0.007122047154120946, 0.12469281215057545, 0.4995771585481861, 106862000000
-0.14420228094434842, -0.03817564597408981, 0.49980144557490597, 106867000000
-0.04092489449083767, 0.06926300469755413, 0.49989128449521536, 106872000000
-0.04199787101759335, 0.06657405531946461, 0.4996428722003104, 106877000000
-0.05019208575937695, 0.06142599273106785, 0.49993747221860935, 106882000000
0.015241234263167574, 0.17793757467395996, 0.4998909974000329, 106887000000
-0.11943411449738883, -0.015353921740895497, 0.49999204410584813, 106892000000
-0.0663770966510968, 0.086041005066962, 0.4998251280247657, 106897000000
-0.019950363142467665, 0.1797061929657677, 0.4997773307279294, 106902000000
-0.11956805551243348, 0.028528360580646214, 0.4993380631627039, 106907000000
-0.0712491508680328, 0.09038063858627846, 0.49987755027612535, 106912000000
-0.027039627194323356, 0.1716231647987478, 0.4998750041013549, 106917000000
-0.08524787102479725, -0.0010883577206031092, 0.4996980743595991, 106922000000
-0.06299477309794554, 0.04355783919893126, 0.5000593610812876, 106927000000
-0.014502924254036396, 0.18280389919978152, 0.4998592731513965, 106932000000
-0.09507386222673747, -0.028676588019102014, 0.4999801984010227, 106937000000
-0.038206263109837324, 0.07596272180905032, 0.4998774097206305, 106942000000
-0.05933078393431778, 0.08064845352260773, 0.4994226004110573, 106947000000
-0.05533002740379875, 0.05010606218501208, 0.49981001572684336, 106952000000
-0.001495034108131676, 0.1738393027045276, 0.5000456208752884, 106957000000
-0.0729927490653807, -0.03828090977826563, 0.4999712556987219, 106962000000
-0.03642687479346202, 0.09907570431042423, 0.5001526457690261, 106967000000
0.007321641372535286, 0.16774427397304062, 0.4996254334646797, 106972000000
-0.12242501464749955, -0.031992323697864214, 0.4998379367140826, 106977000000
0.006512763736846679, 0.13296985528781988, 0.5001582141734918, 106982000000
-0.09845739054715526, 0.01664067572368509, 0.49969760386004497, 106987000000
-0.07017197447752795, 0.09405477463991302, 0.49956500296593837, 106992000000
-0.00240682807399827, 0.1961586412887253, 0.4997235359207548, 106997000000
-0.11260648252312092, -0.04931223350355317, 0.4997898718691907, 107002000000
-0.06461619923808606, 0.05279210547392783, 0.4998867838567729, 107007000000
-0.03486312036447313, 0.06864825526709874, 0.49978544614824494, 107012000000
-0.04883045056374258, 0.06306713287036972, 0.4995576856283889, 107017000000
-0.018864184738799365, 0.16014930385306095, 0.49974961023528947, 107022000000
-0.11718048376113135, -2.3811787069796808e-05, 0.4996819925264311, 107027000000
-0.041747374533263555, 0.0814115357005624, 0.49970097205531383, 107032000000
-0.002130374029540733, 0.19341956435002994, 0.4995516244007269, 107037000000
-0.0811411540699841, -0.04006802247973502, 0.49999840076108365, 107042000000
-0.05594576785906272, 0.19080036654658633, 0.5000300483012907, 107047000000
-0.12189778214689737, -0.002648859834686653, 0.49945262301965265, 107052000000
-0.08923646393565239, 0.06576445472903923, 0.49971976489801234, 107057000000
0.019624916379162388, 0.16228557113501144, 0.4997672626908345, 107062000000
-0.09792112264159818, -0.01262178015763256, 0.499810292846756, 107067000000
-0.08182146441269636, 0.10031548681349206, 0.4996879549330701, 107072000000
-0.08614381322836734, 0.0555412712936967, 0.4994762320979883, 107077000000
-0.06141741803312078, 0.06858606286199043, 0.5000468702829322, 107082000000
0.011118786949873624, 0.18298350911432582, 0.49963238957964223, 107087000000
-0.11373268379219084, -0.028144311732046984, 0.49981426181988836, 107092000000
-0.04779894146805988, 0.08562605907164592, 0.4997603905254019, 107097000000
0.001222315165963597, 0.1682067400697596, 0.49956123183142015, 107102000000
-0.09215686261166674, -0.008812919984908588, 0.4999404902352296, 107107000000
0.010098501809125436, 0.17105986998936173, 0.499756982282335, 107112000000
-0.0838288788423486, 0.01868972041332805, 0.49983510578594564, 107117000000
-0.04218629917221503, 0.0755395937210957, 0.50023205020589, 107122000000
0.008100670640746252, 0.1868544922862357, 0.4999817800418707, 107127000000
-0.14398838455039012, -0.0063705725022757485, 0.5000576068872693, 107132000000
-0.06506966972042397, 0.0744856863191491, 0.49963782198029055, 107137000000
-0.05681323288933847, 0.08202968688402433, 0.49971555945541907, 107142000000
-0.0844606726179572, 0.06395497240297902, 0.499702281496755, 107147000000
0.012040073100609906, 0.1790046257862141, 0.4995643901491663, 107152000000
-0.11828897891653538, -0.013359597252367116, 0.4998630588252265, 107157000000
-0.07710412065318523, 0.09721354950692705, 0.49956194919148633, 107162000000
-0.05104950877818274, 0.13035868841199402, 0.4997512416578076, 107167000000
-0.07402287641330157, 0.06043971471793854, 0.4994908827886969, 107172000000
-0.0006511792855716913, 0.14924199293906648, 0.499854411737094, 107177000000
-0.09372681854907745, -0.02252098495328371, 0.5000658245368377, 107182000000
-0.05428763681751399, 0.07702341304455175, 0.499838744626086, 107187000000
0.013850255114229076, 0.16969246746529199, 0.4997938519080123, 107192000000
-0.07263356132010834, -0.022021136142382002, 0.49983678505984663, 107197000000
-0.057619048868131816, 0.09540489269217872, 0.4998666303362572, 107202000000
-0.004185914011680419, 0.16873628308145147, 0.49994023123820774, 107207000000
-0.09037721577839102, 0.003542082701502907, 0.49954676600873144, 107212000000
-0.0355933895964943, 0.07514359742882488, 0.4996177091714166, 107217000000
-0.03915729966205061, 0.18773871101042705, 0.4996289067314987, 107222000000
-0.11581828874968113, -0.03301020773247989, 0.4998192152057066, 107227000000
-0.05342006434416426, 0.09415383908472226, 0.49993017119410266, 107232000000
-0.0014538372939594541, 0.18571224293862992, 0.49938620377595194, 107237000000
-0.10164252111175505, -0.0325829679211731, 0.49963339162614095, 107242000000
-0.056494883596808314, 0.10833675266510404, 0.4999961830383709, 107247000000
-0.01012643454265637, 0.15867125729001688, 0.4997811377890676, 107252000000
-0.11936693398000629, 0.005728124367279857, 0.4994168038401358, 107257000000
-0.0021744487730759703, 0.1392075008210887, 0.4998580174361902, 107262000000
-0.10230598486122415, -0.0016853113460111487, 0.49974657552892054, 107267000000
-0.05086840466729738, 0.05139795211899571, 0.4998093764624038, 107272000000
-0.054596214640658496, 0.10628757181916855, 0.49957415835151864, 107277000000
-0.05709025917000761, 0.07440363821492206, 0.4997895903693191, 107282000000
-0.04341756150370297, 0.05681621489078685, 0.4999499729578019, 107287000000
-0.04222205787765744, 0.052079297113584624, 0.4997164083045307, 107292000000
-0.03842409982554283, 0.07069343898789987, 0.499824332178387, 107297000000
-0.08384819628641817, 0.05161500419417205, 0.49989764022250865, 107302000000
0.017848984748894795, 0.1575536127657776, 0.49992466029063715, 107307000000
-0.11228166025222241, 4.0329159273350124e-05, 0.49997659474258443, 107312000000
-0.10420398490207566, 0.09936453098824723, 0.49987801041147006, 107317000000
-0.008490183276621845, 0.16442012550140897, 0.49969257818548746, 107322000000
-0.13403036302018087, -0.014494636603189566, 0.4991887151591041, 107327000000
0.005628189096786439, 0.15879097049832142, 0.5000729214506509, 107332000000
-0.10347657497374357, -0.011411598745001108, 0.49965484940048693, 107337000000
-0.038138927176055964, 0.09599645055980492, 0.49968545130607667, 107342000000
-0.01270686216549549, 0.13515998908379434, 0.49995677943981676, 107347000000
-0.09715638446683518, -0.04598298413563518, 0.4997857293035836, 107352000000
-0.034987725887609004, 0.08264101745366907, 0.5000204158604868, 107357000000
-0.05501940392597226, 0.08305825818123917, 0.4994169528216469, 107362000000
-0.06640797094641189, 0.08223340336719812, 0.49966928602865446, 107367000000
0.007355216865664756, 0.17626250056587559, 0.49968498697387626, 107372000000
-0.09978855512249864, -0.05021880540640644, 0.4996811804008715, 107377000000
-0.07020939350891128, 0.0831921523960969, 0.5000189394324162, 107382000000
-0.03197227112061022, 0.12926836792277174, 0.4997288121066422, 107387000000
-0.08883546894774595, -0.04572275129409714, 0.5000102235470314, 107392000000
-0.029681987606831065, 0.18383411173710668, 0.4999015453568035, 107397000000
-0.09218703558235697, -0.018007183499474805, 0.4997957702086666, 107402000000
-0.05021959692452372, 0.100438748528187, 0.49967121089352234, 107407000000
-0.03412392149188965, 0.188054547210873, 0.4999934405292172, 107412000000
-0.10822663031781936, 0.010507372741351044, 0.49978214988298136, 107417000000
-0.0278366214123318, 0.1041635616777635, 0.4995351023992824, 107422000000
-0.06082935597516663, 0.10429396470728944, 0.49982081269887096, 107427000000
-0.0665956250692911, 0.08245490952106314, 0.5000404133430201, 107432000000
0.012140268600824086, 0.1763677701664147, 0.4996800451619352, 107437000000
-0.11520463016265588, -0.020106854008298012, 0.499823632231228, 107442000000
-0.06419709725201937, 0.10985489322673891, 0.4995603557084642, 107447000000
0.000560261992378294, 0.18918922949292125, 0.4996624521944499, 107452000000
-0.12061823878592197, 0.004129735714071922, 0.49978414323084647, 107457000000
0.010583297509729285, 0.17326161464817977, 0.5000377871191691, 107462000000
-0.09683480370567121, -0.027813545225981128, 0.49962026852399033, 107467000000
-0.06119859912620198, 0.057145924823488334, 0.49983154218119874, 107472000000
0.023446808839118292, 0.18003813987829725, 0.49960749136939625, 107477000000
-0.11172634253929156, -0.0171320586068254, 0.49986198003142673, 107482000000
-0.03407230255408632, 0.077531254666668, 0.49997612551565945, 107487000000
-0.037848481786302825, 0.06320159891810226, 0.49993633110846686, 107492000000
-0.06784437535669956, 0.06158915194021117, 0.499832023480651, 107497000000
-0.02361370859679795, 0.15837018976754852, 0.49999303262621614, 107502000000
-0.10135755584608813, -0.019284055399562378, 0.49969108364548387, 107507000000
-0.07134846641933465, 0.07254519921239685, 0.4998036185710084, 107512000000
-0.018643746045915444, 0.16967278910148098, 0.49964248769871533, 107517000000
-0.10854386691172714, -0.021940785125841262, 0.49969634399280155, 107522000000
0.009632690090084835, 0.1560166665627763, 0.4994401917853942, 107527000000
-0.13530314616411593, -0.013001436988597107, 0.49936238968453145, 107532000000
-0.03379006906193788, 0.10054698059608498, 0.4999417701157033, 107537000000
-0.010267521820219372, 0.17466990906646573, 0.500012608109668, 107542000000
-0.11936320280474472, -0.012685502685534847, 0.4998613443713776, 107547000000
-0.029968016075899197, 0.10460109136414879, 0.4998330551723524, 107552000000
-0.043818849041470966, 0.05419492904199, 0.4995574696020501, 107557000000
-0.03420596168199101, 0.10136568756387423, 0.4994015975815331, 107562000000
0.0024093123704580525, 0.17832808554237864, 0.49974854840434796, 107567000000
-0.08566300729305967, -0.025172474290024963, 0.49947021123808377, 107572000000
-0.026500915833578467, 0.10168804279372315, 0.5003418908857042, 107577000000
0.005050699879488821, 0.1824482547592779, 0.4996256092475497, 107582000000
-0.11650644118933286, 0.006103674150763978, 0.49987287396034363, 107587000000
-0.003479853342721455, 0.14262507520785928, 0.4998989165995771, 107592000000
-0.07159283999945562, -0.020916541857242982, 0.5000891319358649, 107597000000
-0.04779231386829803, 0.11137558567796339, 0.49979257935885735, 107602000000
-0.01492709473086219, 0.1872951425024076, 0.4997473208400993, 107607000000
-0.09810754157500903, 0.004102689392019427, 0.4998665190316897, 107612000000
-0.07054552021400842, 0.0673726533217052, 0.49954885330628646, 107617000000
-0.02855613871709336, 0.10519191784260273, 0.4996403192252777, 107622000000
-0.06115133146659389, 0.07983939475525423, 0.5000372114383395, 107627000000
0.001010549411271444, 0.18876679646881678, 0.4998299786088787, 107632000000
-0.11878457337965788, -0.004174775017061889, 0.49969705252135715, 107637000000
-0.07853561559447281, 0.08749670570004044, 0.49961319612911087, 107642000000
-0.010763935654496251, 0.19129815391475424, 0.49998605258702256, 107647000000
-0.08744034837506326, -0.005373324500733031, 0.499811914612959, 107652000000
-0.03804279743305353, 0.09450269830836658, 0.5001443114040731, 107657000000
0.011372197801493447, 0.16950248125357653, 0.4996157331465121, 107662000000
-0.11304033198537909, -0.027368315931231214, 0.5000017689907787, 107667000000
-0.02208916876999105, 0.17271636157691617, 0.49991523699563756, 107672000000
-0.08272835425857186, -0.012659320098637709, 0.4994016378877043, 107677000000
-0.07165073042988417, 0.09062585069437834, 0.4996592875046741, 107682000000
-0.005336443574584613, 0.16387500275834965, 0.4998762494538522, 107687000000
-0.0806102744229152, -0.01913017934686648, 0.49969740258424505, 107692000000
-0.05658255882839565, 0.06549304233666041, 0.4997112760799374, 107697000000
0.010450086011240145, 0.1530469602946513, 0.49985376180593205, 107702000000
-0.10893850516778446, -0.024753197529285204, 0.4995804444676107, 107707000000
-0.08928134032845818, 0.10458055893051424, 0.4999166552195767, 107712000000
-0.01880197335449126, 0.18211836297918657, 0.49979793156417057, 107717000000
-0.10872906496499345, -0.029954067464388404, 0.4997686001253773, 107722000000
-0.07225440625008325, 0.10114782207634034, 0.499778618103027, 107727000000
0.011180655729757571, 0.14667850442923702, 0.4994974890510871, 107732000000
-0.12484281893204062, -0.029212465295908596, 0.4998564452110253, 107737000000
-0.0529462020851221, 0.07123463380153305, 0.4998300039373542, 107742000000
0.005195973974252484, 0.19693259788472034, 0.4995910230347693, 107747000000
-0.10119469944829279, -0.03837052261123062, 0.4999209502936027, 107752000000
-0.017766772101378475, 0.08809589254457299, 0.49990520282423107, 107757000000
-0.022020478046414126, 0.1449319369910978, 0.4995533015236245, 107762000000
-0.11236404075467762, -0.019910861081779942, 0.49984586388583374, 107767000000
-0.005620636985926033, 0.15555785694021904, 0.49999411020820983, 107772000000
-0.10278659515395984, -0.00922635109767648, 0.49960272536664296, 107777000000
-0.07092221241944281, 0.06626380193271582, 0.499989809991435, 107782000000
0.0057206121796131255, 0.1789482662191624, 0.49985659183601716, 107787000000
-0.13659879827020294, -0.02142603028313563, 0.49965794584652, 107792000000
-0.025567269003136613, 0.10495518169441023, 0.5000563280078799, 107797000000
-0.029440016649905552, 0.08880527763327137, 0.49982994941337894, 107802000000
-0.033717687068020225, 0.10461491804984294, 0.49968013885426704, 107807000000
0.004865259262308841, 0.1798914631831622, 0.49980220650835366, 107812000000
-0.10897273306093833, -0.015720259107475813, 0.4999174132300888, 107817000000
-0.06242764397471741, 0.07717865991705848, 0.5001808603295895, 107822000000
0.001652259667852441, 0.16113402072754685, 0.5000195972247318, 107827000000
-0.11245566237298223, -0.020763953364908067, 0.5001160462690988, 107832000000
-0.007102338939493833, 0.16228677447598647, 0.49969194087259095, 107837000000
-0.08827612682338262, 0.022554509966366907, 0.4996670457216019, 107842000000
-0.053836474041256514, 0.0561948087154681, 0.5001452730341182, 107847000000
-0.01528234362210175, 0.16452136562103029, 0.49960466307154683, 107852000000
-0.10148660842907069, 0.004225895529672457, 0.49969870789840165, 107857000000
-0.04862345267872392, 0.11740676001574422, 0.5006110032259459, 107862000000
-0.02290798784019027, 0.07044233226146082, 0.49964653371080264, 107867000000
-0.06280479849769954, 0.05449430750974899, 0.4996938955654061, 107872000000
0.012881100593288642, 0.15124871763600656, 0.499673743435931, 107877000000
-0.10593589465937178, -0.028033157473242667, 0.5000603913554675, 107882000000
-0.05829069265564994, 0.07262884136238763, 0.4998721030250853, 107887000000
0.0006833127027275642, 0.17574776921662194, 0.5001057170460624, 107892000000
-0.12964426471929114, -0.033432719982306694, 0.4999960923833192, 107897000000
-0.016817304969092325, 0.165912494315065, 0.49974704981738693, 107902000000
-0.09599666921672619, -0.02538232237061454, 0.49998234902049493, 107907000000
-0.0639174962732806, 0.11827845343600295, 0.5001691944290875, 107912000000
-0.004039152914102768, 0.14785670054781747, 0.4994506897844581, 107917000000
-0.11727113654032384, -0.031892860695086046, 0.49982254181469893, 107922000000
-0.04420186740236466, 0.08249936670833098, 0.4997292886325291, 107927000000
-0.042250917990579354, 0.07893094392281019, 0.499736611293162, 107932000000
-0.040317899281434214, 0.09031126930892297, 0.5001949555335723, 107937000000
0.014922892644892764, 0.1861315171722796, 0.49969474793953667, 107942000000
-0.08524191127342802, -0.045199041911406584, 0.49977510040515577, 107947000000
-0.05614476583937875, 0.06951197109064276, 0.49977105493926705, 107952000000
-0.008598056294595424, 0.16952404469270035, 0.4996657435821559, 107957000000
-0.12201511243041424, -0.027377689101665142, 0.4995629741361973, 107962000000
0.012740805168629899, 0.18734117728167352, 0.49979120205402433, 107967000000
-0.09975299979614394, -0.01923003544861561, 0.5001814096593481, 107972000000
-0.03668916424086716, 0.08410980369553347, 0.4996384122779287, 107977000000
0.001384710612660726, 0.18113511567266202, 0.49982058581020417, 107982000000
-0.12063536905880255, 0.01987779829021867, 0.4998265703689934, 107987000000
-0.07693189014661103, 0.05894538205186036, 0.5001667380077456, 107992000000
-0.05451952156373891, 0.07045521507890427, 0.5000440702929924, 107997000000
-0.06860815665955515, 0.05707944848667271, 0.49961892466123853, 108002000000
-0.048336963829442935, 0.08156139480100129, 0.5000126330878216, 108011000000
-0.05593447804790148, 0.08093478065394791, 0.49989900651028313, 108016000000
0.0147516557505754, 0.18762708267992123, 0.49961349308307523, 108021000000
-0.1210033165675292, -0.012473072015374995, 0.49970621397330683, 108026000000
-0.058029281343316995, 0.07238549423517975, 0.49994145996949235, 108031000000
-0.06929817342799965, 0.08023194189991086, 0.5001475669589597, 108036000000
-0.03662348129506174, 0.09079699987614691, 0.4997573626790358, 108041000000
-0.015027630980303654, 0.1434152554733545, 0.49962874968994153, 108046000000
-0.12077133866111041, -0.03153366088259435, 0.4995908321166711, 108051000000
-0.03087972229617222, 0.08661480579524924, 0.4998441490044007, 108056000000
-0.023321834626831937, 0.17452460988587667, 0.499606322546583, 108061000000
-0.1253343981759106, -0.002320273577268016, 0.4994922838504852, 108066000000
-0.08035600688057354, 0.08041838142185816, 0.4999359420558559, 108071000000
0.01322966787560284, 0.18041291421937541, 0.4995929305982438, 108076000000
-0.10028964580657032, -0.04132688354227292, 0.4997560398315201, 108081000000
-0.03577643510304336, 0.06792905068846385, 0.4996927395392648, 108086000000
-0.0002333191905138426, 0.1837103025396611, 0.49982975917789313, 108091000000
-0.14451430205176707, -0.026412276282476277, 0.49999275195853826, 108096000000
-0.03250672335835005, 0.08667329274277649, 0.5003520464397385, 108101000000
-0.037676362029771295, 0.17491118743516243, 0.4997084432862137, 108106000000
-0.14803315572165135, 0.0038156128317526766, 0.4997113907168516, 108111000000
-0.03130560521847539, 0.08119355139627199, 0.4996742680596234, 108116000000
-0.017727004256303993, 0.056310015048183525, 0.4997738259479666, 108121000000
-0.0666732335105543, 0.07528910254177128, 0.4998209735835001, 108126000000
0.019543155668424458, 0.19134466133876749, 0.5002300402104963, 108131000000
-0.050601761177164264, 0.013806786044535195, 0.4997979143598926, 108136000000
-0.01935191949546365, 0.08938084251053281, 0.4999531306400832, 108141000000
0.031568097968380414, 0.14269825864760038, 0.5000059626935461, 108146000000
-0.09044647191689571, 0.0013688125946505884, 0.49947992858371953, 108151000000
-0.05521747252877911, 0.06723367429987302, 0.49975572142976504, 108156000000
-0.006859539302312186, 0.18529573103452507, 0.499639398484365, 108161000000
-0.10479859031900399, 0.021482415699047512, 0.4996520230920934, 108167000000
-0.029721265930968622, 0.08651744788053224, 0.49981219062724364, 108172000000
0.017083671385169183, 0.16229572448410254, 0.49981616877623297, 108177000000
-0.11133729486296122, -0.02032954385341339, 0.5000951969503984, 108182000000
-0.005348587060017565, 0.14956924659999024, 0.4997909972194981, 108187000000
-0.1040727903651389, -0.014310404725839956, 0.4998617207057452, 108192000000
-0.06179406892102542, 0.06991285963497364, 0.4997739065803843, 108197000000
0.008647394575934629, 0.14474856494691532, 0.4992852977141781, 108202000000
-0.10243986498116231, -0.012901143466988204, 0.5002723604169621, 108207000000
-0.04342940693622049, 0.09652921240778543, 0.49964488242105987, 108212000000
-0.08373924058395682, 0.0820528975078277, 0.499728274649037, 108217000000
-0.0657037866607476, 0.06019678898569565, 0.4996761825430397, 108222000000
-0.029112688290981417, 0.17722978626900604, 0.49994395364572053, 108227000000
-0.09459385303115161, -0.04525014417677456, 0.49968269705476526, 108232000000
-0.06254666434309267, 0.08052219818802368, 0.49994116580932496, 108237000000
-0.0393349529624666, 0.04492383426675318, 0.499386164782271, 108242000000
-0.06508138793989089, 0.05895946914300271, 0.49954651858357085, 108247000000
0.0029712673323202907, 0.14232953894533815, 0.4994628034595832, 108252000000
-0.11207771463843776, 0.00824547953446719, 0.5000772310681406, 108257000000
-0.053316124223843055, 0.08074527194067191, 0.5003180919285399, 108262000000
-0.01819465195323661, 0.16099223851168065, 0.49967005576196816, 108267000000
-0.10490025705927429, -0.018321163545462562, 0.4999136084191419, 108272000000
-0.05366734713740225, 0.08162529156181035, 0.49977600059253946, 108277000000
-0.06627002904021984, 0.07933320238432451, 0.4997205350210796, 108282000000
-0.05329144214430659, 0.0720308657010933, 0.5001516663180849, 108287000000
-0.015500085149548773, 0.21867815805024332, 0.4995961329673564, 108292000000
-0.09585601751543223, 0.017944443963363556, 0.49976549323746305, 108297000000
-0.0579808337536599, 0.039639030139872515, 0.499814914837924, 108302000000
0.017464437032251107, 0.17894497355803374, 0.49940000629810205, 108307000000
-0.16812366766692016, 0.007487806014941603, 0.4992701229011134, 108312000000
-0.0059692898566985975, 0.1594121031434725, 0.5002283167837407, 108317000000
-0.07402310182919594, 0.003679003431917114, 0.49989637835261025, 108322000000
-0.06204300800688266, 0.08853732737693754, 0.5002635126346437, 108327000000
0.01740437419670572, 0.1707927018410317, 0.4999050413838251, 108332000000
-0.11450736489502239, 0.004570137468500917, 0.4994340456274603, 108337000000
-0.031184437878084822, 0.17180778612764708, 0.5001374367526862, 108342000000
-0.11140008942962565, 0.005038559377281843, 0.49959507278137194, 108347000000
-0.0801238155886552, 0.049168783962372536, 0.49995372337200433, 108352000000
0.011544131596183081, 0.18885032335042765, 0.49960823534227244, 108357000000
-0.08707373161066935, -0.024004100735476947, 0.49980822154880133, 108362000000
-0.06080283356726717, 0.06603136105416393, 0.4999510954777869, 108367000000
0.0029983242645990147, 0.1674310728564835, 0.49985094068967306, 108372000000
-0.09835769144122133, -0.002920577740887707, 0.4997256513722233, 108377000000
-0.05616544203490011, 0.04882498091117309, 0.49989889209699445, 108382000000
0.008214294792554012, 0.14380473093908094, 0.4999770711915288, 108387000000
-0.0990201706825408, 0.007542588709547205, 0.49971620718202786, 108392000000
-0.0647775127288464, 0.055945364986531736, 0.4999287136269244, 108397000000
-0.020435690839537182, 0.17882501092696315, 0.4997992132066639, 108402000000
-0.08940787761931461, 0.003912562608451589, 0.4998833349265025, 108407000000
-0.05351705701249393, 0.08474434787870726, 0.4995721992136242, 108412000000
-0.031148382620791226, 0.21125593869586662, 0.4999775291758544, 108417000000
-0.12931380764086017, -0.013952248113188577, 0.4996601981833512, 108422000000
-0.07842189546421108, 0.05273550598060365, 0.4997527864864456, 108427000000
-0.0013435163106382377, 0.1559761641585547, 0.49990183831608015, 108432000000
-0.0808150832691949, -0.018240153410202117, 0.5000612862811945, 108437000000
-0.037872940048021574, 0.06044893755601333, 0.4997916648151963, 108442000000
0.03723436252137514, 0.1590682343593936, 0.49979965452465086, 108447000000
-0.14453631000898892, -0.017451621430104626, 0.4998000965523045, 108452000000
-0.012829824850201694, 0.15604504072726305, 0.49982803502678186, 108457000000
-0.08410697270771883, -0.025797401815287047, 0.49991910656445193, 108462000000
-0.06621451241835821, 0.07917466610650638, 0.5001251150947056, 108467000000
-0.03026262407627719, 0.17112622142256648, 0.49975234985061107, 108472000000
-0.09710314944527249, -0.0028319350709497815, 0.5002220208315762, 108477000000
-0.03457888509041293, 0.11360724082006349, 0.4998322996762091, 108482000000
-0.011959082362342888, 0.08425809132608852, 0.49949808469917983, 108487000000
-0.06271788694689313, 0.06331324972070229, 0.4999789896149605, 108492000000
0.007408870245328323, 0.16536279857245748, 0.49951224484243845, 108497000000
-0.12217714940797691, -0.015897330951224142, 0.49962701123338865, 108502000000
-0.0732995893397287, 0.08958073909103928, 0.4996782571083647, 108507000000
0.007140353457230164, 0.15800176247365716, 0.49998374071146634, 108512000000
-0.12843865764497603, -0.02605602846878995, 0.49936132478957834, 108517000000
-0.00794647085455808, 0.14896504065679625, 0.5002747891338581, 108522000000
-0.07794382139566719, 0.01622491290178114, 0.499553064467716, 108527000000
-0.0312863226599978, 0.0821904446792652, 0.4999254930488232, 108532000000
0.006186340983963453, 0.17334578899828462, 0.499653952545179, 108537000000
-0.1089427052634032, -0.015354770461469013, 0.49976777235043485, 108542000000
-0.07160101554890907, 0.06572281960446663, 0.49984981605484236, 108547000000
-0.053030559042427115, 0.06998808998602313, 0.49938990617336904, 108552000000
-0.06574769390089498, 0.06113063127877842, 0.4996649242235551, 108557000000
-0.007947807366028944, 0.1941024551043296, 0.5000382760968729, 108562000000
-0.15073277512154176, -0.005838485885459415, 0.499507602176627, 108567000000
-0.05787121808101559, 0.08079652544883764, 0.5001191050691126, 108572000000
0.012339544811905587, 0.1544522932085123, 0.49979248284083405, 108577000000
-0.12280804257575377, -0.027212760352108054, 0.499728483976152, 108582000000
-0.00637301258732045, 0.1644708941867628, 0.49991870561195073, 108587000000
-0.0794776849476352, -0.010371254898470803, 0.49960925465723377, 108592000000
-0.05362832296338313, 0.090857587887547, 0.5001293200135168, 108597000000
-0.06613976766021874, 0.06848573085990345, 0.5000621534862023, 108602000000
0.008342818242492573, 0.1725329931042099, 0.49979896456115086, 108607000000
-0.12194656570587013, 0.015909319567522534, 0.49962405150984845, 108612000000
-0.057483668262189, 0.09470386162889219, 0.4998330299136591, 108617000000
-0.03893669273945895, 0.0872976245071862, 0.4995237238559336, 108622000000
-0.07196131775370225, 0.05534447312129999, 0.49972353864285124, 108627000000
0.0011092836097878738, 0.17632014418317385, 0.4997340343123764, 108632000000
-0.09519092712720856, -0.04423448745410935, 0.5000045015410626, 108637000000
-0.055875820286067274, 0.07960701122447307, 0.49967295009026647, 108642000000
-0.038657047453819746, 0.1687062338784336, 0.5000682963815508, 108647000000
-0.07551957435152616, 0.0009928387703886943, 0.49969492531308385, 108652000000
-0.08945546010430758, 0.05210287907242911, 0.4998039977931956, 108657000000
0.0027362157936757503, 0.15063556857137622, 0.49986011084575227, 108662000000
-0.12564595750030763, -0.03437766368873634, 0.4993271784059091, 108667000000
-0.06057409444230919, 0.0747270585462263, 0.4998386980482879, 108672000000
0.009032244774602056, 0.20816875269188947, 0.49973196302147666, 108677000000
-0.13962399751131466, 0.012784017353910847, 0.4999645761257919, 108682000000
-0.06391261470208795, 0.08835867649132213, 0.49977297221537265, 108687000000
-0.040793689660350116, 0.0838904230170254, 0.5001300318294088, 108692000000
-0.025562160609244933, 0.0870628066968255, 0.49978037273130854, 108697000000
-0.0025594779012498396, 0.18988254606211674, 0.4996085724658257, 108702000000
-0.11833609688097757, -0.022573816303063366, 0.4995473429606588, 108707000000
-0.0506395109633073, 0.06855991175103775, 0.500204458497498, 108712000000
-0.00911349822218292, 0.18578085149053192, 0.4996181464484421, 108717000000
-0.10316240571181766, -0.02239726230017835, 0.4996944664796682, 108722000000
-0.020970833771578004, 0.1855146058125054, 0.5001357630987471, 108727000000
-0.09789210288105607, -0.0035870939976088805, 0.499562337772706, 108732000000
-0.07080930533429773, 0.06809631808534751, 0.49969081423461803, 108737000000
-0.011751657343226397, 0.17025113359000674, 0.4996333649816232, 108742000000
-0.09962898187726052, 0.007812852514485928, 0.4998421566930872, 108747000000
-0.05288249435080374, 0.08926950244185766, 0.5000099834707795, 108752000000
-0.05714372295709139, 0.06302407218467493, 0.4996796534847241, 108757000000
-0.057082157484877064, 0.07460821092315487, 0.5001497917497864, 108762000000
0.010038402788042402, 0.17291060839561498, 0.49977409121005956, 108767000000
-0.12287709089962862, -0.029397964235229973, 0.4996670416306471, 108772000000
-0.016287128774900052, 0.08776641387755162, 0.49996006029514933, 108777000000
0.03969970993542309, 0.18009945895956464, 0.4997956465528137, 108782000000
-0.1141362638105986, -0.014895338395319363, 0.4994312643384678, 108787000000
0.013164101311001628, 0.2057535650950884, 0.49973828317877106, 108792000000
-0.09336148060013245, -0.020708514410757512, 0.5000344749710497, 108797000000
-0.07173661839266804, 0.03900838254833929, 0.49980838060680305, 108802000000
-0.007262745060781365, 0.19827662407886562, 0.4998262844530574, 108807000000
-0.13838790837709455, -0.054591772347821976, 0.49940350256793525, 108812000000
-0.053794274805448565, 0.09925567690106243, 0.5001446685233996, 108817000000
0.023156623300641114, 0.22388417755504597, 0.49939165227559984, 108822000000
-0.12135733432457024, -0.00662658540279767, 0.4998698577654127, 108827000000
-0.00553059101777581, 0.18719794817537275, 0.4998762267809693, 108832000000
-0.09411411963463774, -0.04122744487089024, 0.4996664277526343, 108837000000
-0.05213074122375496, 0.07050732694700802, 0.4999007779901723, 108842000000
-0.0005289977243185633, 0.13797793489544227, 0.49932432236636226, 108847000000
-0.11124351094120381, -0.022380481891807556, 0.4998667506361738, 108852000000
-0.009018877819239388, 0.15645421823807765, 0.49993354460331557, 108857000000
-0.10872453195627932, -0.02658706065038397, 0.49959712184886795, 108862000000
-0.02550683471408367, 0.08446513163880083, 0.4995052817259519, 108867000000
-0.014080004428295793, 0.17389797365671097, 0.4996765321302962, 108872000000
-0.13862996356996363, -0.012821703662373498, 0.4998988777102614, 108877000000
-0.046290061991721344, 0.09021444396379966, 0.499947885292127, 108882000000
-0.0256189743062097, 0.07340774180348146, 0.5000871803222949, 108887000000
-0.052003746865697795, 0.08002314826409858, 0.4998260150538034, 108892000000
-0.007517921109366168, 0.17489340378885096, 0.5000244771893192, 108897000000
-0.12309242787838488, -0.021341345914610205, 0.4996781838887545, 108902000000
-0.058934688455558146, 0.07968342913963816, 0.500059256995881, 108907000000
0.0143339466255341, 0.13429681105236865, 0.4998172785152794, 108912000000
-0.09100062057187414, 0.0033555645426131195, 0.49980514797557235, 108917000000
-0.07080210293907332, 0.11288182219344395, 0.5000097905123493, 108922000000
0.0028922297865916742, 0.1514599879062003, 0.5000396175653121, 108927000000
-0.09536731643960152, -0.01696101735756856, 0.49988637906298167, 108932000000
-0.030971199689251137, 0.10940322121043043, 0.49978155398513624, 108937000000
0.00015247139942277876, 0.15612343687223196, 0.49975991099142303, 108942000000
-0.11530175331152323, -0.018905430018987843, 0.49957907653429584, 108947000000
-0.04682707387609167, 0.07695096349265615, 0.49999249270781443, 108952000000
-0.005872796508429755, 0.15604260036143708, 0.49962062652773, 108957000000
-0.08785868941065755, -0.015518631121023951, 0.4996980034871196, 108962000000
-0.04200070268888335, 0.09005867472326003, 0.5002545307467877, 108967000000
-0.003437886578539465, 0.1450421199783077, 0.49960465867174075, 108972000000
-0.10613390168881429, -0.006566560316309955, 0.49976635201801384, 108977000000
-0.040635495434866234, 0.09066744466524848, 0.5000066049032179, 108982000000
-0.05383365437403176, 0.07298511000231857, 0.49960123473239965, 108987000000
-0.07004590678526412, 0.08340905216594399, 0.49998918407705983, 108992000000
0.0009120456006915609, 0.15477327540421726, 0.5000955336937644, 108997000000
-0.075461856871544, 0.014218020556952279, 0.49983591732020116, 109002000000
-0.06059502157040308, 0.08526977003672295, 0.49963332917174763, 109007000000
0.007181008712881231, 0.16085161727564, 0.49961128755452067, 109012000000
-0.11517277756454333, -0.011293616757643708, 0.4996884772221818, 109017000000
-0.035310095617818005, 0.06482010537550023, 0.5002381314309869, 109022000000
-0.030431754974338664, 0.07674468112610451, 0.4998365775648252, 109027000000
-0.05341955015453858, 0.0389319218945183, 0.4997581331669808, 109032000000
0.009840809318684945, 0.19249540461393175, 0.5000051791581601, 109037000000
-0.06973909509148726, 0.0011041474274473724, 0.4996247152417751, 109042000000
-0.03925898200628413, 0.05919339651805178, 0.49990347619234354, 109047000000
0.00919152816199932, 0.1580647905459932, 0.4999281949494775, 109052000000
-0.1299852371356502, 0.007058140583850424, 0.49974472899156136, 109057000000
-0.015666922770144323, 0.15755671275533625, 0.49982748196121224, 109062000000
-0.10611580223969459, 0.006764345558671253, 0.49978462725221867, 109067000000
-0.04393208472263956, 0.0631029945308764, 0.5000874135964664, 109072000000
-0.022287118698056742, 0.18058023050812194, 0.49974203593124267, 109077000000
-0.08923403172232565, 0.027295431508997905, 0.4999329593173785, 109082000000
-0.013953043889906735, 0.12671270937823076, 0.49984043677024276, 109087000000
-0.11606849905124862, -0.028838721906030255, 0.499763400586367, 109092000000
-0.0768902354028075, 0.10810213915716749, 0.500168917559802, 109097000000
0.019532048715844012, 0.2129531784504462, 0.4996643149919898, 109102000000
-0.11752807424829836, -0.04875149266912604, 0.4997583215507742, 109107000000
-0.092912351050815, 0.09950746755392546, 0.49978655509172093, 109112000000
0.008435015060401754, 0.20315415650090338, 0.4995941944232785, 109117000000
-0.13010643540111444, -0.04892148912943002, 0.49969067479192175, 109122000000
0.004085474801990379, 0.15503237388173638, 0.4996374232863839, 109127000000
-0.09514075200281533, 0.020759409216702124, 0.4995141157682048, 109132000000
-0.06517157953597282, 0.07656379868675423, 0.5001227132106756, 109137000000
-0.03707058305439701, 0.037076855151193765, 0.5000725388233205, 109142000000
-0.03202951771571152, 0.14510886781623394, 0.4998053733048506, 109147000000
-0.07704141414612242, -0.014541776936729447, 0.4997403087896263, 109152000000
-0.06352935838067326, 0.08392780952273078, 0.4998683095356441, 109157000000
-0.048008887598314086, 0.08840074677860749, 0.5000146970493998, 109162000000
-0.051632955426597085, 0.07110228251203668, 0.49978913316407164, 109167000000
-0.00990280625219253, 0.15023019659097592, 0.4996785826308041, 109172000000
-0.13448148021658174, -0.01527304919382832, 0.4996065146376156, 109177000000
-0.08487200460777186, 0.058533108606020706, 0.49990529595895267, 109182000000
-0.013366377953256675, 0.16407775131957109, 0.49993183212895903, 109187000000
-0.08739544084590578, -0.01629600774830878, 0.4999108168461042, 109192000000
-0.05751766751203756, 0.07937135760676124, 0.5001914768483391, 109197000000
-0.026344376148874166, 0.13362643299746227, 0.49956571536576677, 109202000000
-0.12361278619669781, 0.003800304781441671, 0.4996688791932059, 109207000000
-0.07655745557993067, 0.06705891583303422, 0.4999039587789679, 109212000000
0.003648219943750448, 0.1812846471283411, 0.4999372249313374, 109217000000
-0.1326648897620347, -0.016163766618668817, 0.49971832273855127, 109222000000
-0.03177364932147473, 0.08613558630549899, 0.5000640761058867, 109227000000
-0.02597087268141876, 0.07787906169997777, 0.49956703907538474, 109232000000
-0.05244733490806461, 0.10594329950047252, 0.4996588402503268, 109237000000
-0.030789014649914917, 0.1987906882318755, 0.4999369870225342, 109242000000
-0.09700922603056812, -0.03260967220765007, 0.4995336346819189, 109247000000
-0.06811963580530844, 0.09374701359045941, 0.49967303296949156, 109252000000
-0.006039661230181381, 0.1808850924439207, 0.49957547740483504, 109257000000
-0.10575120750618691, -0.014254784916528084, 0.4995736419539953, 109262000000
-0.002918037562006137, 0.12278343317496723, 0.49958021675914116, 109267000000
-0.08373681203533412, -0.012393104013402509, 0.49993848353204884, 109272000000
-0.045442357394212346, 0.07416870706102484, 0.4999727265820194, 109277000000
0.04041568364164176, 0.17032489858584354, 0.49984594750608596, 109282000000
-0.10274296205798866, -0.020110760218870108, 0.49958220508197376, 109287000000
-0.05653939325479642, 0.07133754095025077, 0.500134020759648, 109292000000
-0.02458915121934025, 0.131188467237067, 0.4995271738995739, 109297000000
-0.06660813921468896, 0.06613372760821899, 0.49985397000695747, 109302000000
0.02170677687461569, 0.15339983789653655, 0.5000528787049863, 109307000000
-0.09916239060280435, -0.024439858840695234, 0.4998028179085197, 109312000000
-0.061377816756410734, 0.10534491151412274, 0.499956034111313, 109317000000
0.0013550466983878887, 0.1526343714148192, 0.4998090194419816, 109322000000
-0.11569484848600362, -0.00340413440479086, 0.49988377726829275, 109327000000
-0.007863975991721887, 0.1571081165384428, 0.49951545333011005, 109332000000
-0.09590580767398071, -0.01098571306879869, 0.4996694473260406, 109337000000
-0.042240277461966846, 0.10468787316494144, 0.49995880149714467, 109342000000
-0.011808581905229558, 0.17646166228969812, 0.49946939037217913, 109347000000
-0.1128297866119073, -0.035109123449625794, 0.5000321344320799, 109352000000
-0.080397702819764, 0.0683508979517483, 0.5000018116273108, 109357000000
-0.06138427231210035, 0.09936484946845943, 0.49974152451005394, 109362000000
-0.09538835230862008, 0.0558118238345927, 0.49972521236774853, 109367000000
-0.012295067183495333, 0.1674898284895614, 0.49984453009493895, 109372000000
-0.12222634245766756, -0.029817104928842895, 0.4996583165874443, 109377000000
-0.052170584550931036, 0.10202361283858458, 0.4999262169973774, 109382000000
-0.0022326724160184365, 0.16459471794438862, 0.49976108797532054, 109387000000
-0.1402862059924753, -0.0050547464476572105, 0.49988772536592274, 109392000000
-0.01421825456974693, 0.17500907541976293, 0.49959432654180874, 109397000000
-0.11779711368699285, -0.0037284327426462148, 0.49955483509102677, 109402000000
-0.061255303867908915, 0.08869068902821821, 0.5002582688566337, 109407000000
0.02400711027653828, 0.15409043282808005, 0.49956647405594246, 109412000000
-0.12506475237963743, -0.00945020926573037, 0.49916038749957653, 109417000000
-0.04570149165698452, 0.09086712232954795, 0.4998809643064383, 109422000000
-0.03279107097134558, 0.07848558217225667, 0.4998146833701025, 109427000000
-0.07500400876744383, 0.07261327062379828, 0.49986932680360174, 109432000000
-0.007021088200507236, 0.14656221439188075, 0.49972790036204123, 109437000000
-0.15192343778613465, -0.03346918023622749, 0.4996136055209906, 109442000000
-0.03345509201162279, 0.05744846812846806, 0.5000687956186821, 109447000000
0.004358635840493753, 0.15346311355528386, 0.5000928741696644, 109452000000
-0.11458755554741006, -0.035287593221963856, 0.49964638784444837, 109457000000
-0.029680980054421366, 0.060762532134503534, 0.4996276386411194, 109462000000
-0.026158309620224383, 0.15132138403450404, 0.49972082340962337, 109467000000
-0.11011368105167232, -0.026148069927947354, 0.49986046434287873, 109472000000
-0.05978073661199834, 0.07911525950724972, 0.4998543808112801, 109477000000
0.025422499516198703, 0.17684801453669782, 0.4996716247327425, 109482000000
-0.09131575134594858, -0.03967607300497705, 0.49954416113588573, 109487000000
-0.06995231139106706, 0.07997934344785576, 0.5001473402678924, 109492000000
-0.0017168094179216345, 0.16546889084573263, 0.4996777354113885, 109497000000
-0.09167066547377942, -0.03021072030858718, 0.4998560683577329, 109502000000
-0.05563810292385316, 0.05960982807195011, 0.4999321964079414, 109507000000
-0.022722765383638197, 0.16758519546515482, 0.4996288186224735, 109512000000
-0.135398374371648, -0.03328701252802938, 0.49980353541500216, 109517000000
-0.055067320945791844, 0.07815538815008785, 0.49985563183905757, 109522000000
0.02200995796491731, 0.16955440900568608, 0.49979495891716413, 109527000000
-0.11226638295386626, -0.0126946279869336, 0.4994562366411721, 109532000000
-0.0035811155930458435, 0.17396381165840544, 0.49992870707957726, 109537000000
-0.12665536715322992, -0.0326094290185365, 0.4999167450675523, 109542000000
-0.053613945414663695, 0.0622417896143938, 0.4996192211685019, 109547000000
-0.00704898620687212, 0.1763987824286343, 0.4996422873801912, 109552000000
-0.10571337523255887, -0.011243308670597998, 0.499846385640116, 109557000000
-0.020608475215678303, 0.16779904942440066, 0.49964936123063824, 109562000000
-0.09903025816887354, 0.01627869294512993, 0.499651721231811, 109567000000
-0.04851632205600094, 0.09515467992138443, 0.49963578874912773, 109572000000
0.028548782094845616, 0.17834476741720404, 0.49946192675367646, 109577000000
-0.12955326378515414, -0.02348580711969441, 0.49952570344346703, 109582000000
-0.042173361115840864, 0.07539817138955861, 0.4999405004448819, 109587000000
-0.002903356907868735, 0.17605724823327012, 0.4999004521527012, 109592000000
-0.10354643602065561, -0.02708843360186461, 0.4999196155272563, 109597000000
-0.011697903926821622, 0.13958188039852965, 0.5000802430231939, 109602000000
-0.07976235589559214, -0.017693294785655542, 0.49968479954222955, 109607000000
-0.06266889704474007, 0.10250546358341517, 0.4999021602954309, 109612000000
0.015297844705967347, 0.1744349994710963, 0.4995900703477096, 109617000000
-0.14817517821948897, -0.006190114490247941, 0.4998014129543694, 109622000000
-0.029109703860235207, 0.06261880823138166, 0.49977883765860076, 109627000000
-0.0711236068322596, 0.09394662170618638, 0.49932289118034834, 109632000000
-0.08153821149696366, 0.06682675244041265, 0.4998194057396652, 109637000000
-0.018207435140896903, 0.20306051648909895, 0.4998523879673976, 109642000000
-0.1080497410039108, -0.06016023339001654, 0.4999722429164014, 109647000000
-0.06184041515449947, 0.09541897601322304, 0.49981627783930377, 109652000000
-0.014192762066408026, 0.16572803793464128, 0.5001366983468319, 109657000000
-0.09443394009912469, 0.014356511701414373, 0.49972545003794216, 109662000000
-0.02436368063924186, 0.06344555941532071, 0.4998637503961139, 109667000000
-0.015957656565835886, 0.1953440415555985, 0.4999969959591354, 109672000000
-0.12701240491491816, -0.02490478058794151, 0.499809482855624, 109677000000
-0.03825663646233053, 0.06834102074760307, 0.49982240794472477, 109682000000
-0.009846185823294037, 0.1626961207080077, 0.4996266287571286, 109687000000
-0.1254305190701927, -0.007085597724953532, 0.5000439854747568, 109692000000
-0.07617195193501769, 0.10005875375761061, 0.4999761124221174, 109697000000
-0.024712970718055526, 0.08065789499980024, 0.4993891946548602, 109702000000
-0.09371630181440475, 0.09281811913899465, 0.5003190533037974, 109707000000
-0.011981367247664925, 0.19343742187682214, 0.49936422683278864, 109712000000
-0.10378477756703663, -0.032955333545628115, 0.49964239209987027, 109717000000
-0.04269527393850798, 0.09295171999638566, 0.5000298039545521, 109722000000
0.011377281158341484, 0.1474895875752894, 0.49991496916923245, 109727000000
-0.11637736678653063, -0.03497461039964547, 0.49967074463692496, 109732000000
-0.024452916093563717, 0.17068054075990235, 0.500094627814676, 109737000000
-0.11436570190007705, -0.023401241201382372, 0.49956624081390205, 109742000000
-0.05594792697662481, 0.06680786589620871, 0.49973841712206507, 109747000000
0.012414777758541936, 0.164183622178089, 0.49963577594759223, 109752000000
-0.12198690180962768, -0.053985565479500654, 0.4995959198013738, 109757000000
-0.052992079419194565, 0.0992511520988206, 0.4998863553192647, 109762000000
0.016441046707029183, 0.16672971961559696, 0.49941297590068323, 109767000000
-0.1174379340799031, -0.03486440248131215, 0.49962290359603484, 109772000000
-0.05769380504030064, 0.07047497157174468, 0.49989282819321756, 109777000000
-0.00727051243741433, 0.17924703014731025, 0.4994726619868004, 109782000000
-0.11657534676756454, 0.007395101031805407, 0.49955119684125654, 109787000000
-0.03488126949061452, 0.0669705122539803, 0.4998584888045741, 109792000000
-0.030341162496637132, 0.18474243942793464, 0.499705680726041, 109797000000
-0.1504164385384404, -0.023633273737042243, 0.4996998588271087, 109802000000
-0.0013779363436916964, 0.16026068860593268, 0.49931324379561, 109807000000
-0.0872758466045696, -0.01415279391268344, 0.49967590254960714, 109812000000
-0.06397722440348391, 0.10492161554752079, 0.500020819407368, 109817000000
-0.012897480390797307, 0.18717177599781526, 0.4996457142702316, 109822000000
-0.08374538791693124, -0.031934504466149545, 0.4997169219764685, 109827000000
-0.07136391651804408, 0.09326640527497705, 0.4998268717381139, 109832000000
-0.02162409774841327, 0.07535092631510105, 0.4999858104097167, 109837000000
-0.041602533337892864, 0.05735395551449466, 0.49962206156018824, 109842000000
-0.011643058409214814, 0.19141568088957744, 0.49976389813768074, 109847000000
-0.08111084955397757, -0.03535431780869202, 0.4996782632993639, 109852000000
-0.07713042828365244, 0.09263398608870962, 0.49956563357976813, 109857000000
-0.01389608777706943, 0.16811665604711407, 0.4997148728231198, 109862000000
-0.12049183750112204, -0.007026995074134793, 0.4997987013441361, 109867000000
-0.03793496261763214, 0.0341983882660386, 0.499509039430933, 109872000000
-0.02137247409882592, 0.17590943454746463, 0.4997627766739392, 109877000000
-0.13163573778845844, -0.020294035838070767, 0.4997247626506999, 109882000000
-0.07500801079438149, 0.06934346576337379, 0.4995851180893483, 109887000000
-0.02218826459998521, 0.17956591946415495, 0.4994685744860365, 109892000000
-0.1324366125274118, -0.00665602143384271, 0.4997982588561738, 109897000000
-0.028432434217843805, 0.08543036722074802, 0.49963083900339145, 109902000000
-0.05995645006613198, 0.07692670682582106, 0.5000348580080681, 109907000000
-0.07906880331059075, 0.06567250415653456, 0.49955757591617256, 109912000000
-0.03245731489253324, 0.17292310881852965, 0.5000042631804243, 109917000000
-0.09780459084808674, -0.05038347913820769, 0.5001973562255402, 109922000000
-0.05777814634894678, 0.11003774655420256, 0.500049345898658, 109927000000
0.015327961644128203, 0.14099966851579648, 0.4998784659022084, 109932000000
-0.08862507809968082, -0.005971343973659619, 0.4995307747907641, 109937000000
-0.004258390992266257, 0.18256244831663096, 0.49962837220683304, 109942000000
-0.12179864603534576, -0.013698740291078038, 0.49999706586256465, 109947000000
-0.041134607477357234, 0.07004030018942733, 0.4998006344867079, 109952000000
-0.02308897384227953, 0.1713645830744571, 0.49971306827992307, 109957000000
-0.11280087215472122, -0.020443554659693716, 0.4998652767498248, 109962000000
-0.05583931998473767, 0.058285262518544746, 0.49983713764806054, 109967000000
-0.04580270011214882, 0.05756721913431058, 0.4997577214604873, 109972000000
-0.0692068471730691, 0.06633363026622459, 0.49973572598569177, 109977000000
0.007433544872674714, 0.20679190383718601, 0.49979173536322896, 109982000000
-0.11817299190237535, -0.06802889783407522, 0.49947782506953575, 109987000000
-0.060897670492592614, 0.0825453567398875, 0.499464665298171, 109992000000
-0.014746755794041454, 0.16685997685772405, 0.4997775089508177, 109997000000
-0.07252453587815078, -0.015633587512119324, 0.4996056854873511, 110002000000
-0.06973502831009608, 0.028328128643086266, 0.49997900296476483, 110007000000
-0.003588260339581869, 0.15110313210491588, 0.5000804814688176, 110012000000
-0.08465442021441023, -0.018479512900710288, 0.5000026383523595, 110017000000
-0.03771722694211933, 0.08133320411577157, 0.4997651403270723, 110022000000
0.018086403817085605, 0.20858185585104566, 0.49978219642404953, 110027000000
-0.10399678583493346, -0.055952987742081385, 0.5001460099855698, 110032000000
-0.0616704821195004, 0.06111715061207791, 0.4998870000684501, 110037000000
-0.030373708843279647, 0.06846868888948189, 0.4996384168969773, 110042000000
-0.07145284514679513, 0.06342480507439012, 0.49962808937774095, 110047000000
-0.0039486992711455175, 0.16317900323839218, 0.5000572498465825, 110052000000
-0.11277226167854237, -0.040881240367140845, 0.5000544720963429, 110057000000
-0.04394914267397987, 0.08870602338116279, 0.5001534297541567, 110062000000
0.0125417450325574, 0.20209573998606606, 0.4992841716089131, 110067000000
-0.09875251779810178, -0.027348436176650462, 0.49962121743886234, 110072000000
-0.020860691787142713, 0.145839681799402, 0.4996883542150457, 110077000000
-0.09075728685869007, -0.001367096862140595, 0.4996417884625438, 110082000000
-0.039754268201324904, 0.101193256570322, 0.4998625145798463, 110087000000
-0.008383677232896534, 0.17950916450609453, 0.49993917349998007, 110092000000
-0.11277727193904774, -0.02007750456829118, 0.5001583734653586, 110097000000
-0.0024802218973288895, 0.06400659133284672, 0.5000571128193046, 110102000000
-0.021167781343193515, 0.06253143019088882, 0.4995884181017348, 110107000000
-0.09702084030241312, 0.07516039719307371, 0.49991322604350286, 110112000000
-0.017565173861118166, 0.16907284370581827, 0.4997770416282084, 110117000000
-0.12132811248157135, -0.031394843724591226, 0.4993779115654459, 110122000000
-0.07111406959684052, 0.1128282765928815, 0.4998210142737048, 110127000000
0.008438267929037544, 0.1749740254626073, 0.5004350458309748, 110132000000
-0.027390468607708746, 0.10929226717719655, 0.49938187037204146, 110137000000
-0.07607089437743805, 4.974419892281876e-05, 0.499650272769118, 110142000000
0.0007189091610252663, 0.1537746329087969, 0.4998426265140208, 110147000000
-0.09648738479577987, -0.016442125715517456, 0.4999305653066519, 110152000000
-0.06183862264585032, 0.09863894368823146, 0.5002226914908305, 110157000000
-0.003994758141743439, 0.16533778451143566, 0.49985737037292155, 110162000000
-0.06213253113751546, -0.02455616180993238, 0.499665893975665, 110167000000
-0.06804578774835134, 0.0685055330308387, 0.4999468349368545, 110172000000
-0.0004732690404401067, 0.15266965857998777, 0.49960714272499346, 110177000000
-0.11124729189205063, -0.024820329659956387, 0.4998582249669398, 110182000000
-0.03912072048804971, 0.10005005463777555, 0.49998006424936353, 110187000000
-0.029070928194378436, 0.15283636153983796, 0.499795327364631, 110192000000
-0.10820545100202703, -0.03772186628385562, 0.4998850377517827, 110197000000
-0.06872046489095052, 0.09501769630820756, 0.4996858610427861, 110202000000
0.025393028323645227, 0.16591751798535523, 0.4996226547980602, 110207000000
-0.10667326787049661, -0.004293601072847254, 0.4995851348096185, 110212000000
0.017386077533700674, 0.14663076224770066, 0.4998521837574758, 110217000000
-0.09108888675715741, 0.0020263281995134465, 0.49989826461489745, 110222000000
-0.053475284604608174, 0.07505025523705708, 0.49990985203243526, 110227000000
0.0018816948498200383, 0.18435974097257254, 0.4993610535812633, 110232000000
-0.11090745916346358, -0.03903357991799403, 0.499756055520402, 110237000000
-0.050620171363119956, 0.07266465315462635, 0.49970588549879985, 110242000000
-0.07088262864289788, 0.07968447024244506, 0.4997188992152746, 110247000000
-0.04720328975369875, 0.07038051018588358, 0.49961398000657364, 110252000000
-0.02636418050271165, 0.17082308494901624, 0.49980876740291813, 110257000000
-0.12064396183368954, -0.04597900646099301, 0.4998936333179785, 110262000000
-0.06817121492114188, 0.07069557564030869, 0.5002484497059226, 110267000000
-0.003154981632252922, 0.20632237094486464, 0.49965142105939625, 110272000000
-0.11676568350232144, 0.009658663565423381, 0.5000564876631421, 110277000000
-0.0003367056857675163, 0.16180907820686438, 0.4997175811247505, 110282000000
-0.11699595777567955, -0.0054202803682641635, 0.4996526270259963, 110287000000
-0.07055087150079917, 0.07612159233279792, 0.4999710606134138, 110292000000
0.031450680018704984, 0.18247047258737856, 0.49972559378418024, 110297000000
-0.0853082189449854, 0.0025097799788711163, 0.4996199015573438, 110302000000
-0.06863659475070136, 0.08334445786725718, 0.4997280465916485, 110307000000
-0.0767594466357745, 0.09822650927463383, 0.4993623139998193, 110312000000
-0.03897511271062265, 0.08710914069520378, 0.49966002362738177, 110317000000
-0.007930840587725274, 0.16581183431204816, 0.5001931745382789, 110322000000
-0.11534766701887537, -0.05100470188159523, 0.49928591678767503, 110327000000
-0.025593857053957052, 0.07098565597890268, 0.4999753006182421, 110332000000
0.016843939935087964, 0.15773057911825722, 0.4993347291137405, 110337000000
-0.11104630927023462, 0.0031666767615671915, 0.49962164706170503, 110342000000
0.011013743354679396, 0.1752668361919761, 0.4999620092250588, 110347000000
-0.09644205974763337, -0.005603043965875192, 0.49985315406564423, 110352000000
-0.05768642457585986, 0.09043426171211845, 0.49938795609860614, 110358000000
-0.003184614955601144, 0.17691806761866818, 0.4996535056720148, 110363000000
-0.09730195208735248, -0.023070537473359277, 0.4999426999230154, 110368000000
-0.011909399533044669, 0.17673665393644405, 0.49982738712958635, 110373000000
-0.1278302400103793, 0.0176041417479743, 0.49974393807180656, 110378000000
-0.07791574944508388, 0.09622558858974645, 0.49994913511780376, 110383000000
0.016571364666033348, 0.17248144811283095, 0.49969615554236363, 110388000000
-0.12211891917952616, -0.0019004308671546379, 0.4997235560819662, 110393000000
-0.03849548187400394, 0.0758599025010663, 0.5000145189561523, 110398000000
-0.02550412684536219, 0.07875397770126309, 0.4995216655258994, 110403000000
-0.04709908780721469, 0.10004961313180132, 0.49969766330619636, 110408000000
-0.012356273618853069, 0.16371049917404987, 0.4995837830381438, 110413000000
-0.0981887502556476, -0.03538228509888051, 0.49968479404750227, 110418000000
-0.056776786821157055, 0.06656484006258018, 0.49994278084967014, 110423000000
-0.0061143074181472705, 0.18574820701306155, 0.4997380520763807, 110428000000
-0.1107967586341148, -0.014327395803468465, 0.49981656952671805, 110433000000
0.014486779815143427, 0.1636664191200829, 0.4996497518475113, 110438000000
-0.12140175627813085, -0.005322447017785964, 0.49976380401683457, 110443000000
-0.0713170592257523, 0.08250935082886579, 0.49949577338937384, 110448000000
0.01023747685052469, 0.14870920913915237, 0.49971578734722844, 110453000000
-0.09554188305836521, -0.05014966970085798, 0.4995927543816863, 110458000000
-0.07073000850736566, 0.06421149516902044, 0.4998077608541106, 110463000000
-0.010707012009154457, 0.1652225185937731, 0.4996636141960962, 110468000000
-0.10437044953895679, 0.00834940151385995, 0.4993592735841884, 110473000000
-0.021816217115480985, 0.08513876425251425, 0.4996073483615483, 110478000000
-0.0401287937682827, 0.1053338983807395, 0.4995600675516263, 110483000000
-0.054691467103034165, 0.08546118089665647, 0.4998947004011148, 110488000000
-0.006300752244272113, 0.17319008860424287, 0.49963016155878204, 110493000000
-0.09528773881398206, -0.024292422875443045, 0.49988203158060596, 110498000000
-0.05245307260092093, 0.10927833619147756, 0.4996256796414619, 110503000000
-0.031083395661397773, 0.1870968933916789, 0.4999391444447031, 110508000000
-0.16692098655860224, -0.1009815536744898, 0.4995926873871698, 110513000000
-0.05000400631892284, 0.053227376669430025, 0.4997652824816124, 110518000000
0.0033232796006366005, 0.17048151831775474, 0.49958311851488363, 110523000000
-0.13571515324081987, -0.052920803827477554, 0.49965858359408905, 110528000000
-0.03769367147165341, 0.0773798738842222, 0.5000512531284402, 110533000000
0.021371764134399913, 0.14357660693043375, 0.4999180750222689, 110538000000
-0.11807613033813413, -0.00791009381134283, 0.4998061499975349, 110543000000
0.0008676899820311973, 0.1540625633066939, 0.49977024502094564, 110548000000
-0.12117414138553649, -0.060540167352776494, 0.49954581380602703, 110553000000
-0.04122599689980433, 0.08622514339750427, 0.4998159508121755, 110558000000
0.003906361897896628, 0.1777980964786979, 0.4997582039405877, 110563000000
-0.10340136849753022, 0.00940466341827162, 0.4997643440098904, 110568000000
-0.05929366579101374, 0.058101251125082604, 0.49952764871690586, 110573000000
-0.02731869332063142, 0.07234951294441379, 0.4996684485831594, 110578000000
-0.08315864516497937, 0.05616368115627415, 0.4999307457364541, 110583000000
0.03647446344455091, 0.1469478034418628, 0.49959847257166456, 110588000000
-0.090483507587222, -0.0333842485561356, 0.49987236028669374, 110593000000
-0.06133175703340909, 0.08103022814428353, 0.49971893669898515, 110598000000
-0.027787515648586083, 0.08272751216073324, 0.499633410030463, 110603000000
-0.05475462275074315, 0.0616669096308774, 0.49974929473577717, 110608000000
0.017734232671509486, 0.14269855775088242, 0.49973227867556996, 110613000000
-0.10932135940240661, -0.01469060618055729, 0.49940825694408947, 110618000000
-0.035442155926608654, 0.08910924661100525, 0.49951575700461104, 110623000000
0.00993009994633609, 0.20424052253148262, 0.49969955659002663, 110628000000
-0.11566498324882782, -0.059889455524244885, 0.499857212007008, 110633000000
-0.06715454141460812, 0.06949134608233201, 0.49982223331941195, 110638000000
-0.06228215468557319, 0.08147938873396215, 0.4995303561480257, 110643000000
-0.07376625177620742, 0.08085387668457601, 0.49974821090867017, 110648000000
-0.004538399427763726, 0.16880604419094045, 0.5000860869114901, 110653000000
-0.13050238139166578, -0.021390434015069414, 0.4999359181211224, 110658000000
-0.04193725891997016, 0.09239531877708859, 0.49993916426871027, 110663000000
-0.042406261629593316, 0.17816290688150302, 0.49978362391687936, 110668000000
-0.10893051810403968, -0.02718147754552485, 0.4997746553842197, 110673000000
-0.021021170468412162, 0.17460213788822773, 0.49974581595732726, 110678000000
-0.1005453904915286, 0.02387709484490846, 0.49921561409860016, 110683000000
-0.07929099979122231, 0.08152233334645967, 0.4999047002306131, 110688000000
-0.04781741281833979, 0.09182630812462038, 0.5002753892996524, 110693000000
-0.0039318647084502795, 0.17526387983693795, 0.49979352966565577, 110698000000
-0.09718971201739776, -0.03409634114050804, 0.4995926208482019, 110703000000
-0.05085547777775518, 0.09726960750430082, 0.49987155646021963, 110708000000
-0.04553524451175635, 0.07342054524535446, 0.49988771803593807, 110713000000
-0.06996714649733095, 0.06276365166283679, 0.49964102289309337, 110718000000
-0.035013940002922336, 0.1623199510815291, 0.49977600134033295, 110723000000
-0.11857546310822349, -0.017359463852207473, 0.4997955487826923, 110728000000
-0.07029852383450678, 0.06767869403682052, 0.49979872905265577, 110733000000
-0.011579414328812293, 0.17337330619137822, 0.4993928679900855, 110738000000
-0.11200337219687544, -0.01614584510887296, 0.5000438908087287, 110743000000
-0.03632479499937124, 0.17090978473364668, 0.4994776214117558, 110748000000
-0.10110391211010696, 0.021684148973952176, 0.49981350688002685, 110753000000
-0.04943267976268382, 0.0820715533404798, 0.4998701931031088, 110758000000
-0.014780143975654827, 0.20811291620517328, 0.49926675608744187, 110763000000
-0.10995605724803355, -0.008274580523228674, 0.49946265150983243, 110768000000
-0.05159098539912959, 0.09081613942821139, 0.4999875968319763, 110773000000
-0.04093317545693935, 0.05665786590467295, 0.49946957268668246, 110778000000
-0.06964640672110044, 0.04741565833614876, 0.4997057106286024, 110783000000
0.026217175165400845, 0.16524093712753518, 0.4996405732763557, 110788000000
-0.11746295853049342, -0.04566325180201709, 0.4997740696684855, 110793000000
-0.09924783735398847, 0.07734876699932196, 0.4995673551871783, 110798000000
-0.002655726715787043, 0.1635569928237815, 0.4994650770123086, 110803000000
-0.11426485881714912, -0.011631255138226826, 0.4997086058806998, 110808000000
0.0031643454790010565, 0.16119478055077002, 0.4998096240851183, 110813000000
-0.06968354599469041, 0.005603975309204739, 0.49976323457846866, 110818000000
-0.06209949337771379, 0.12575971922000334, 0.5002217537575758, 110823000000
0.020712239310305122, 0.18586470577613534, 0.49972694089378267, 110828000000
-0.1181266820477134, -0.02141563988038406, 0.4997548794269565, 110833000000
-0.02520869923393036, 0.038414278296764, 0.4998071534243038, 110838000000
0.02836682778710947, 0.21019163975488894, 0.49968782046419746, 110843000000
-0.07624916131591147, -0.023327949021394418, 0.4998469993297236, 110848000000
-0.05418503141089703, 0.10833970720538094, 0.4996487222292529, 110853000000
0.001106779667018316, 0.18917527425058556, 0.49981110735108486, 110858000000
-0.0987357002853025, -0.017964698752170657, 0.499858634408376, 110863000000
-0.043562131998129514, 0.07324675780995686, 0.4999863837158606, 110868000000
0.006731245705364789, 0.17333611628476264, 0.4994304782003592, 110873000000
-0.12088463005436094, -0.025972811187106204, 0.49978253141448653, 110878000000
-0.07525326571531159, 0.08868999239096714, 0.4996078490779877, 110883000000
0.0041948817411451775, 0.1259076564406182, 0.4999444261072891, 110888000000
-0.13739495685366418, -0.008166109150950177, 0.4997685879859338, 110893000000
-0.03990244513833305, 0.07710893007699043, 0.5001380931105237, 110898000000
0.023173108191795754, 0.16417271167799272, 0.4998829688923218, 110903000000
-0.10145743070969496, -0.02492872672874478, 0.4996461995580635, 110908000000
-0.03511206239362839, 0.09385991656591848, 0.49989911495086414, 110913000000
-0.04157539605485135, 0.10985458962538687, 0.49980671848848884, 110918000000
-0.05293397709138756, 0.058588235313686884, 0.4995842269428434, 110923000000
0.009559167683373655, 0.16407736596237368, 0.49992443223249594, 110928000000
-0.1154420873325501, -0.03530742953534614, 0.4996959112186626, 110933000000
-0.027048556757133524, 0.06594414269555166, 0.499811029093185, 110938000000
0.0029026441818110443, 0.17569978573229156, 0.49908869932974986, 110943000000
-0.10422148379032016, -0.05534376830005272, 0.4999095010743007, 110948000000
-0.0035898678527061132, 0.16106666453582852, 0.49992351975540095, 110953000000
-0.08038339138867558, 0.002914702703443947, 0.49952911770729086, 110958000000
-0.03642151065180849, 0.11181239735542162, 0.4997546175774576, 110963000000
0.008375829779313329, 0.15474212905480922, 0.4994543677900867, 110968000000
-0.11421229439705258, -0.02908421668240081, 0.49935177557470267, 110973000000
-0.0305544359113187, 0.04737334513065099, 0.49961118054348314, 110978000000
-0.04231160475925964, 0.0824877376815481, 0.49984300804050796, 110983000000
-0.0773098562138434, 0.08548660853348505, 0.4998751758833149, 110988000000
0.017814561692287803, 0.16968000011247833, 0.4995883594099656, 110993000000
-0.07581184421334727, -0.05315435737639909, 0.49960541522185226, 110998000000
-0.029564760985040735, 0.06991223893515536, 0.4998369044652758, 111003000000
-0.027612392100025696, 0.19582332862695978, 0.49969415735725126, 111008000000
-0.11349303229044964, -0.012695422728419307, 0.4998679248260882, 111013000000
0.0021398076991360412, 0.2001701117130154, 0.499626659798708, 111018000000
-0.09092389207279535, 0.01077899397677148, 0.4994542374340926, 111023000000
-0.07391180690278913, 0.09163526324399203, 0.49997035321819766, 111028000000
-0.020762644986939867, 0.1812712992484051, 0.500022585338815, 111033000000
-0.09841593400705052, 0.022276074461518636, 0.49950343206809666, 111038000000
-0.021343724213094835, 0.13882974145162547, 0.49985007702591194, 111043000000
-0.10834772745763313, 0.0038720900208063166, 0.4997148239011959, 111048000000
-0.0651644511227988, 0.06841968722418049, 0.4996809017754278, 111053000000
-0.01221563828145656, 0.1897154753604366, 0.4999520425538301, 111058000000
-0.11518374175268035, -0.01591143520237555, 0.4995319654029334, 111063000000
-0.036499932958518604, 0.08954335033313239, 0.4998657313947272, 111068000000
0.02441366474680604, 0.15315708959535826, 0.4997549760207512, 111073000000
-0.08996081172439802, -0.004515142882587173, 0.499880452485966, 111078000000
-0.0035437805547392847, 0.16994954400732823, 0.5000020743670053, 111083000000
-0.11906774679021007, -0.006919837674441319, 0.4996465439170097, 111088000000
-0.05954165293179518, 0.09180069454915138, 0.5001035087618149, 111093000000
-0.03461413045378334, 0.1612168675410689, 0.49934636665374266, 111098000000
-0.102328151636525, -0.030928829586507278, 0.4996662411978819, 111103000000
-0.04920013006194526, 0.08994778473988117, 0.49989911902074297, 111108000000
-0.05092842939229346, 0.06324340521930288, 0.4999038661723762, 111113000000
-0.08045101057594647, 0.08463577946722749, 0.5000879253657022, 111118000000
-0.01030111118023441, 0.16828573784469822, 0.49993303896364055, 111123000000
-0.11244496054203866, -0.04454481321801875, 0.4998016411619706, 111128000000
-0.08530842489911633, 0.09714825155824165, 0.4996536319649582, 111133000000
-0.007339755750226201, 0.177278649763068, 0.49990308344344503, 111138000000
-0.13235246980128576, 0.00637999369816826, 0.49985072436385125, 111143000000
-0.04580873307526356, 0.14518825565804935, 0.4999201153681935, 111148000000
-0.12056249789747155, -0.014486625402594032, 0.4991688712366115, 111153000000
-0.043903719579693724, 0.08754505468514348, 0.499779118119589, 111158000000
0.011056042640813956, 0.1465448521852678, 0.49989666480932576, 111163000000
-0.09387064982342117, -0.02928801673568992, 0.49953750343981196, 111168000000
-0.06812463099043728, 0.09796541739280976, 0.49942946746167005, 111173000000
0.010154645550360712, 0.1847460284419484, 0.4994354606186343, 111178000000
-0.11839881304225894, 0.01380428861274893, 0.49966938683156303, 111183000000
-0.0354009595690299, 0.0575844465164085, 0.4997244398586292, 111188000000
-0.020753075084957034, 0.21970144015500184, 0.4998402530529857, 111193000000
-0.09062882916999661, -0.0372286543443721, 0.4998603103028695, 111198000000
-0.0682133737042887, 0.0672795371599922, 0.49986870981592935, 111203000000
-0.004578598573721818, 0.10862298953224428, 0.4996577734682976, 111208000000
-0.14700187070936763, -0.039755460336968654, 0.4996408387706369, 111213000000
-0.013098360479175505, 0.12988598728670106, 0.5000146713957229, 111218000000
-0.0690177728476916, -0.013577978879916519, 0.49958300511784437, 111223000000
-0.05128646948960721, 0.06547028904984988, 0.5000422437625243, 111228000000
-0.018109641720978807, 0.15356428994350563, 0.4995190911104349, 111233000000
-0.09624432938175244, -0.017949504318270602, 0.4996436680305407, 111238000000
-0.058378370910176614, 0.06252066987747229, 0.500033543379721, 111243000000
-0.030250668669624833, 0.17347637657168388, 0.5000580628569742, 111248000000
-0.12472987291054992, -0.05812761721641911, 0.4994128893318054, 111253000000
-0.09009024371740848, 0.059497368469636866, 0.49993023453432783, 111258000000
0.025446923091891848, 0.19737073824836682, 0.4995459109560244, 111263000000
-0.09911592093344361, -0.020805716784152446, 0.49971458918393413, 111268000000
-0.011770411080683274, 0.06605191073310246, 0.4993780803815402, 111273000000
0.011792534967117905, 0.1780787626516385, 0.4996504739661456, 111278000000
-0.11904352900803028, -0.02871181474369809, 0.4999539913426879, 111283000000
-0.05307962447227676, 0.08190304961859626, 0.4997376349743009, 111288000000
0.0319230334637812, 0.18429254156526179, 0.4996003772848018, 111293000000
-0.11945777463956721, -0.033862465322696454, 0.49963343297615265, 111298000000
0.016029793796712027, 0.15870065003599804, 0.4997047168779719, 111303000000
-0.11331123994034856, 0.004909026203128152, 0.49969817860992155, 111308000000
-0.05626161614855777, 0.10374645738525451, 0.49958634344235636, 111313000000
-0.028809829030057094, 0.1434063420770661, 0.49962831252162515, 111318000000
-0.10769395641739465, 0.007427874857657939, 0.4999224000568741, 111323000000
-0.037689128567434727, 0.12243971739009919, 0.49974932997225013, 111328000000
-0.041687680654914475, 0.05399525569897723, 0.49949114002218203, 111333000000
-0.029901418493126622, 0.07074878198300864, 0.4999907206319003, 111338000000
-0.01101423801532295, 0.17691831453208798, 0.4997401650875725, 111343000000
-0.10431145009257725, -0.056171871012932535, 0.49953922439580495, 111348000000
-0.05594671295810998, 0.08215266153219201, 0.5000191648484037, 111353000000
0.0029602724352191696, 0.1677262159591849, 0.4999083246144565, 111358000000
-0.08869636404596715, -0.011188412898426982, 0.4998169702150236, 111363000000
0.00928589790504197, 0.13080785345473947, 0.49999937006820216, 111368000000
-0.08686368138295869, -0.001771513780449905, 0.4999151516200171, 111373000000
-0.07524356475246641, 0.11283991013272955, 0.5000278196071237, 111378000000
7.390824598866132e-05, 0.15801763591576382, 0.49959389736738274, 111383000000
-0.07750532054623059, -0.031892510193736026, 0.49947857355427794, 111388000000
-0.04018480486431592, 0.06562154796241154, 0.4998559321946184, 111393000000
-0.06794716725667792, 0.08089983754055746, 0.4994624862192284, 111398000000
-0.0400124982757567, 0.08764544710558576, 0.499996840165591, 111403000000
-0.023842902368702467, 0.1480694003911969, 0.4993131340992434, 111408000000
-0.13171447593663538, -0.027886205854171998, 0.4995678101818812, 111413000000
-0.058439837764552555, 0.08759812515803968, 0.4998446228930105, 111418000000
-0.009757315609600766, 0.17071087495373474, 0.49993115454908854, 111423000000
-0.09883485169059222, -0.03854372053586118, 0.4997319748142667, 111428000000
0.006335034546603134, 0.1590965431901792, 0.49969004600011874, 111433000000
-0.12102874818414246, -0.005014845677260315, 0.49946052914263894, 111438000000
-0.08036626218544134, 0.07548487733984502, 0.4997133566581335, 111443000000
-0.007005813470620422, 0.16831245858873461, 0.4998486947153142, 111448000000
-0.12155198462892593, -0.02649563034939504, 0.4995063264100023, 111453000000
-0.03234776501764751, 0.08877700686155782, 0.49978124268096513, 111458000000
-0.03215978387158576, 0.19241378342602528, 0.4995922376954941, 111463000000
-0.13548672151540023, -0.029991272758913293, 0.49986959141428, 111468000000
-0.052535740668961675, 0.08170201981073069, 0.4997051549515138, 111473000000
0.01691390178479253, 0.1487309276690432, 0.4999358680482072, 111478000000
-0.10647235535706151, -0.02394383681261335, 0.499790579606171, 111483000000
-0.03859120487608232, 0.09425272677368901, 0.499901668623374, 111488000000
0.00023746052691107412, 0.13730908097140912, 0.49993341654350404, 111493000000
-0.11163813635159457, -0.004603797593695759, 0.4996129551044459, 111498000000
0.008316261301662, 0.14742081731553153, 0.4999222542824042, 111503000000
-0.06404524955356139, -0.009683257192768835, 0.49948333414591317, 111508000000
-0.05496029727622409, 0.08753260308736024, 0.4996515328425699, 111513000000
-0.07208851669864938, 0.0950612937480661, 0.49996198630620564, 111518000000
0.00013341254414132126, 0.16915541259714972, 0.49944417601157237, 111523000000
-0.11869705273047024, -0.00014312176936482485, 0.49973367546475717, 111528000000
-0.05886931556389333, 0.0725393678767466, 0.4998316082516505, 111533000000
-0.05038101505886216, 0.07457558883455079, 0.4997049613842418, 111538000000
-0.08768599917359507, 0.07560191843158812, 0.49989825546550437, 111543000000
-0.015710824297039364, 0.1509316610881219, 0.4993447057549764, 111548000000
-0.1186081497045049, -0.01017868404588253, 0.49959890990448613, 111553000000
-0.06830014580221538, 0.09246179882222852, 0.4996164372580682, 111558000000
-0.014495037800259921, 0.17571250208088615, 0.4993919096995018, 111563000000
-0.12567597664279304, -0.02229974164450634, 0.49944799752261027, 111568000000
-0.03767461747341949, 0.16575499682592812, 0.49958868906715004, 111573000000
-0.13994061580959014, -0.014124983391396263, 0.500164466489801, 111578000000
-0.04308822007809325, 0.07951228694765013, 0.49954397682937834, 111583000000
-0.021189679015984002, 0.14798811773640036, 0.4998595415373869, 111588000000
-0.12194715670199661, -0.031119632749673918, 0.4996516142216851, 111593000000
-0.060143315388989614, 0.07987126678331832, 0.4998581679093636, 111598000000
-0.00891598562588701, 0.09062424336038724, 0.4998875153020587, 111603000000
-0.06148956376883777, 0.08117518183683625, 0.5000928133693189, 111608000000
0.014493057979681201, 0.1826191217293302, 0.5001642834592531, 111613000000
-0.12089952302513308, -0.012617279525485128, 0.49981381016356663, 111618000000
-0.03636630011217572, 0.06366848801772171, 0.5000467825034947, 111623000000
0.015946600599266246, 0.15080666328981743, 0.4998353848319729, 111628000000
-0.14270050026270903, -0.010999423779713899, 0.49976743617434605, 111633000000
0.005506606127304282, 0.17500569739833727, 0.49986557431823747, 111638000000
-0.11831496300705699, 0.008431120919592524, 0.49946154775859125, 111643000000
-0.07499562013703559, 0.08986632035433682, 0.49952609597999936, 111648000000
-0.005156879529790388, 0.16811112813254853, 0.4997889853626777, 111653000000
-0.0820889010968119, -0.029406510111952527, 0.49966154816084785, 111658000000
-0.025568277008511452, 0.056430018050811465, 0.4998307223062601, 111663000000
-0.06390066341849326, 0.09165368581875534, 0.49967181085729934, 111668000000
-0.05161469267755381, 0.0480944525172889, 0.49967907087026686, 111673000000
-0.0004603356265015775, 0.17685231632077672, 0.5000719163159717, 111678000000
-0.10841131596973332, -0.02073985096741262, 0.4996847344059385, 111683000000
-0.013505762764487332, 0.09854433772729213, 0.4998487754889084, 111688000000
-0.015752084565795292, 0.1474748373796685, 0.4998700811435198, 111693000000
-0.10172566431457149, -0.016030811660876974, 0.499538761934123, 111698000000
-0.05673841305242335, 0.08829125032208265, 0.49969494936722403, 111703000000
-0.025745526061064165, 0.1614066681859796, 0.49985059134416227, 111708000000
-0.08619441912864319, -0.01932201243815664, 0.49949546699864367, 111713000000
-0.07522254832506892, 0.09714455602295363, 0.4999481053886828, 111718000000
-0.013605180225134673, 0.19843999318883188, 0.5000064857485491, 111723000000
-0.11026587937858667, -0.016531214956897043, 0.4998546344263712, 111728000000
-0.04491574511092672, 0.07823559414541555, 0.4995320263153405, 111733000000
-0.0015209102256428383, 0.19519101297923633, 0.4999157502809443, 111738000000
-0.10527365483838308, -0.03950810501419016, 0.49949452880164186, 111743000000
-0.041320413312251406, 0.10194212214107141, 0.49971390845549135, 111748000000
-0.021127525143708213, 0.17772008518900687, 0.49955657173487283, 111753000000
-0.12207264225578833, -0.04150554882260281, 0.49977268946370135, 111758000000
-0.021905347452628357, 0.06072820988917994, 0.49979587789102814, 111763000000
0.008276152006831905, 0.14278168267931526, 0.49975466407984126, 111768000000
-0.11786629910233123, 0.008669412008877938, 0.4999038542696927, 111773000000
-0.025759468873513602, 0.14761787830660406, 0.4996600029737936, 111778000000
-0.10753187876541484, -0.028865577228561555, 0.4998270510273, 111783000000
-0.04823359499200791, 0.055086430208219725, 0.499893717849907, 111788000000
-0.03736495439690894, 0.14937059512195133, 0.49990163720213115, 111793000000
-0.09501556004708878, -0.03055903128345943, 0.4996362126290595, 111798000000
-0.058773601041836876, 0.0844494720051977, 0.4997038815609067, 111803000000
-0.07065250598121074, 0.1166268137438812, 0.4997158339131128, 111808000000
-0.08209744816451132, 0.07491033253269852, 0.49974410252579493, 111813000000
-0.02173189076282997, 0.17513033702203218, 0.49975608505050073, 111818000000
-0.130953653902828, -0.06270478223025583, 0.4993984968566011, 111823000000
-0.07683190103140775, 0.07823224778268348, 0.49962773624402773, 111828000000
-0.014525326438884012, 0.14915857719475523, 0.49974447658537224, 111833000000
-0.09834993785570997, -0.01347659754534027, 0.4998004143175426, 111838000000
0.011430333952259647, 0.17171818493312, 0.49974793761214337, 111843000000
-0.12640988199545666, -0.031395715223362666, 0.49984860636932765, 111848000000
-0.06257582297744081, 0.05907181463898417, 0.4997260594151999, 111853000000
-0.0008165916081165204, 0.18686265694367424, 0.49969401568959315, 111858000000
-0.11273551575102937, -0.039885920039956356, 0.49973354900146255, 111863000000
-0.04611752269151573, 0.11484290626052948, 0.4994500012688332, 111868000000
-0.05346885032045671, 0.07123020555528387, 0.49956863239179333, 111873000000
-0.04219213457413583, 0.05880952640360096, 0.49988177915990156, 111878000000
0.009605281758807255, 0.17881977484468262, 0.49993803664185954, 111883000000
-0.12327573352912058, -0.02723465034684105, 0.4994077720969677, 111888000000
-0.0797773130635541, 0.07976956821710847, 0.49992281919534776, 111893000000
-0.015953611821328498, 0.19047756528380613, 0.49973479695068407, 111898000000
-0.08731689738145858, -0.015529773343046773, 0.4999505515012715, 111903000000
-0.003514283582385656, 0.1514387427902145, 0.49966425865525965, 111908000000
-0.12536690841038953, 0.019232002876918643, 0.4998855263459313, 111913000000
-0.07164096723572647, 0.1127264221667589, 0.4996399510937504, 111918000000
-0.0032077358648387455, 0.15821918876026564, 0.5003171924138626, 111923000000
-0.08778899970998505, -0.01582829408762172, 0.5000551695864754, 111928000000
0.0029559193294828798, 0.13876445915796254, 0.49976937283292316, 111934000000
-0.07970881603250159, -0.007806244813568321, 0.4995055174898263, 111939000000
-0.05863363117271733, 0.08342718644072719, 0.4999080899039114, 111944000000
0.02597841619459203, 0.17230695443061222, 0.4996265246494047, 111949000000
-0.13333207257696253, -0.009345465552863612, 0.49966861528188344, 111954000000
-0.04819275646617267, 0.06499101264563692, 0.4996964011381009, 111959000000
0.01456742089015189, 0.1786506424182791, 0.4998982698987118, 111964000000
-0.09295851261959637, -0.015284442232033098, 0.49954752665479135, 111969000000
-0.0490205736294848, 0.04961657080662047, 0.4997027359583628, 111974000000
-0.06612894738522664, 0.05220451551968834, 0.4997250200279665, 111979000000
-0.0819543413859202, 0.08240261080551137, 0.4999956782652431, 111984000000
0.009688519400341336, 0.14875134245951652, 0.5001410049738506, 111989000000
-0.105737718426902, -0.03041748805295097, 0.4997841026436324, 111994000000
-0.038009397493389024, 0.0986246353953409, 0.49952779585363516, 111999000000
-0.015532379786467668, 0.17615914198568455, 0.49950883179136385, 112004000000
-0.0687513051635446, 0.015137476781928436, 0.4997086744139841, 112009000000
-0.07288677545711149, 0.07873520433248975, 0.49996390087809034, 112014000000
0.026873560260683695, 0.16196626019843058, 0.4998307885729144, 112019000000
-0.10434260980454059, -0.02871207399870975, 0.4994271330136072, 112024000000
-0.039669677045508764, 0.13588891324684868, 0.4996722051029297, 112029000000
-0.08251990035303072, 0.025263208404030502, 0.49969898492994713, 112034000000
-0.049277322730526645, 0.09547779703415388, 0.49991002683912905, 112039000000
-0.07598364877075077, 0.08603293651382281, 0.4998944041710992, 112044000000
0.01681115579237066, 0.16157729773347243, 0.4993686841487926, 112049000000
-0.10168999568654297, 0.006497320203304253, 0.49987811326966325, 112054000000
-0.05669934959001289, 0.0742462401987979, 0.49976676648903057, 112059000000
-0.026948264987937964, 0.09476035981116987, 0.4993950031057739, 112064000000
-0.06320757428016398, 0.06728443625419495, 0.5002723305928373, 112069000000
0.007590739959604867, 0.17088633434183848, 0.49966847617770316, 112074000000
-0.11233827643272994, -0.024330932230090103, 0.5001132877491729, 112079000000
-0.05506390284908621, 0.06454539300841698, 0.5000176718225899, 112084000000
-0.005316078203330001, 0.17077497235755992, 0.49948030905569507, 112089000000
-0.1054711869345655, -0.006865982010009323, 0.5000800255172628, 112094000000
0.01965177305118707, 0.14802409956542226, 0.499884274873214, 112099000000
-0.07658938945640968, -0.0028888693501475044, 0.4995729391727877, 112104000000
-0.04612076130117337, 0.06199766062734798, 0.4997340606519364, 112109000000
-0.0019552180450388714, 0.1510712446665628, 0.49948845440661305, 112114000000
-0.14403602670740095, -0.03593604819265997, 0.4995106870037169, 112119000000
-0.06871041389406635, 0.10230915434533813, 0.4998918088667942, 112124000000
-0.008292935924752505, 0.09602584851391453, 0.49951913788624147, 112129000000
-0.05899873608805619, 0.06805757602248887, 0.49960766954562025, 112134000000
-0.002723283957855001, 0.1796578434031197, 0.4998420340489772, 112139000000
-0.12588618624175155, -0.038005202956801945, 0.49986192498777887, 112144000000
-0.058714767251010144, 0.0648033654793678, 0.5000931016978549, 112149000000
-0.040391273053310195, 0.17058954433000167, 0.49955668038373685, 112154000000
-0.11451975168122794, -0.013230336587887429, 0.499926805304012, 112159000000
-0.006585400548297112, 0.1620392493107654, 0.49989966287166937, 112164000000
-0.12549925260475062, -0.016897801517447564, 0.49949525272215417, 112169000000
-0.04967801334520326, 0.07272568895567266, 0.49975347686203886, 112174000000
-0.002567450293188515, 0.19726028930189157, 0.4994415467834313, 112179000000
-0.10191771138644279, -0.02740359904192963, 0.49957878511149634, 112184000000
-0.05162244651264672, 0.08718976422454273, 0.49991930927554895, 112189000000
-0.028366005485011385, 0.09040651590724948, 0.4997737520994271, 112194000000
-0.05383913359000014, 0.06973426278299835, 0.5000124281414455, 112199000000
0.0026707237019731843, 0.16684684952349021, 0.49948752540841523, 112204000000
-0.08983979827453252, -0.020353962352171042, 0.49994592620546147, 112209000000
-0.08270130983874383, 0.07166642119475006, 0.4997330835179943, 112214000000
-0.05493259002097893, 0.09120162638440056, 0.4996778207032818, 112219000000
-0.04992872057650001, 0.07279723356007217, 0.500004639509285, 112224000000
-0.01245778613185466, 0.1337590874831176, 0.499821617674874, 112229000000
-0.08957348146038518, -0.01884722519786769, 0.500101958954534, 112234000000
-0.0898565124912443, 0.06087252514027646, 0.5001100429220017, 112239000000
0.020089787665169327, 0.2041802698546838, 0.4995234227139235, 112244000000
-0.1293696862657902, -0.006099150813247465, 0.4997541739804391, 112249000000
-0.030797100590622503, 0.10305276030129373, 0.4999469462354534, 112254000000
-0.001247801131887791, 0.1484536865500113, 0.4993117104661114, 112259000000
-0.12388867305376666, -0.003245777948291185, 0.49987844806905624, 112264000000
-0.05323173972416199, 0.07885566315939342, 0.5000293165511817, 112269000000
-0.023347302112427516, 0.17044581002653605, 0.4997474133501331, 112274000000
-0.10663347870300954, -0.0012079652984404374, 0.4995209458706235, 112279000000
-0.047977597061618506, 0.11143486878294886, 0.5000267374742345, 112284000000
0.006640352957096566, 0.20058434184659998, 0.49963145857402413, 112289000000
-0.11877440517215054, -0.01048752671967373, 0.4999261744808981, 112294000000
-0.0026718119686271113, 0.10165036203251683, 0.49969987483968914, 112299000000
-0.0813829637389248, -0.003411882921440481, 0.4993693605026872, 112304000000
-0.08095121190149916, 0.07421504040753771, 0.49978193362350937, 112309000000
-0.06865976202918103, 0.08839819167105478, 0.5000620834598902, 112314000000
0.018492562063831736, 0.13935518115045747, 0.49958639169431085, 112319000000
-0.09862719106666065, 0.005513340140956384, 0.49980022071487956, 112324000000
-0.01965246957740511, 0.037668616642050484, 0.5000647901330834, 112329000000
-0.038620831655430135, 0.09343570518849897, 0.4996657485285201, 112334000000
-0.056294279125022745, 0.0833057651641256, 0.49987451718848147, 112339000000
-0.03908184977071613, 0.18124808397190495, 0.49987090703627146, 112344000000
-0.12795021448571084, -0.06797801259724494, 0.49981306661086555, 112349000000
-0.07252577743386696, 0.0831923229884507, 0.49998043497139283, 112354000000
0.006296512219347894, 0.17088141462232043, 0.4993636201714932, 112359000000
-0.12012001434590344, -0.020168043519217194, 0.4993520228990703, 112364000000
0.021724798644450947, 0.17227042599514952, 0.5000509498821207, 112369000000
-0.11983725616999502, 0.004902912859834435, 0.4996791719460478, 112374000000
-0.05705082541058086, 0.07366556780910768, 0.49954343679348884, 112379000000
0.0033920182832332686, 0.16264225337685034, 0.4998295060407924, 112384000000
-0.10366513865096559, -0.029939143899232072, 0.4994503704095988, 112389000000
-0.034066316011163396, 0.10745049094676304, 0.5000855427238247, 112394000000
-0.04640443667083985, 0.07978819572415037, 0.4995638201866233, 112399000000
-0.044795955088659925, 0.09048170105862546, 0.4995548383314688, 112404000000
-0.025562301366408344, 0.15116790947546788, 0.4996108343118042, 112409000000
-0.1266137955536532, -0.061356138035280235, 0.4996821060263103, 112414000000
-0.060685005346720944, 0.07948394205426933, 0.5000217264942803, 112419000000
-0.009909071589453276, 0.1716356269041061, 0.4997586410954774, 112424000000
-0.1275667726784677, -0.032058526819380165, 0.500001050418291, 112429000000
-0.02634065823776364, 0.1484321413848561, 0.4998868381218996, 112434000000
-0.09092716264262098, -0.022995029665585618, 0.49959973531398166, 112439000000
-0.08291250960019318, 0.10395737090291868, 0.49971706004958305, 112444000000
0.03841203477471896, 0.18175695511485496, 0.4994466867169858, 112449000000
-0.09905931547641603, -0.01697804475993919, 0.4999229188740293, 112454000000
-0.04897262765479404, 0.08441366846479255, 0.49945975582584273, 112459000000
-0.05748417031219602, 0.06731373698250546, 0.4996474837392588, 112464000000
-0.050756039064275824, 0.05256917774871979, 0.500058879411245, 112469000000
0.007475310313276817, 0.16596972553711295, 0.4999645182888835, 112474000000
-0.151742309683858, -0.02424834134835078, 0.49992294918943625, 112479000000
-0.06945487591639654, 0.10482148009565892, 0.5001566211630785, 112484000000
-0.0001819479054071939, 0.1501744405783014, 0.4995304936818293, 112489000000
-0.12172905584515262, -0.01659348488383556, 0.499805127297028, 112494000000
-0.016764047892738856, 0.17131468582091652, 0.49990832092059856, 112499000000
-0.10794799565001266, -0.013576319456330928, 0.4999347458792643, 112504000000
-0.06773271936772167, 0.07698961505817334, 0.49985170203755847, 112509000000
-0.0001559775361714065, 0.16493914528896822, 0.49949413282451727, 112514000000
-0.11162907941136152, -0.016270191487208777, 0.4999196067260055, 112519000000
-0.05124841136451054, 0.0906479706422671, 0.49987855504388073, 112524000000
0.02884899881871373, 0.15475798288465942, 0.4997787774908499, 112529000000
-0.11436569431809897, 0.0256847478693622, 0.49992788975477165, 112534000000
-0.04638461233479925, 0.08238757150638044, 0.49974408275381166, 112539000000
0.022509964310670854, 0.1620182454490147, 0.49953206660785326, 112544000000
-0.11103957219883147, -0.01999136130505316, 0.4998946288181193, 112549000000
-0.08140089715371215, 0.08942598945330658, 0.4998103343880574, 112554000000
-0.020493705611438512, 0.14468412764476304, 0.49965031705825047, 112559000000
-0.12555770295841445, -0.027943118716595827, 0.49950619133607976, 112564000000
-0.06344959420861804, 0.09475360627063585, 0.5000644100128586, 112569000000
0.01617213805477642, 0.14848274755027638, 0.4995013357703227, 112574000000
-0.1286213090616408, -0.0017570732828161365, 0.4998008266022982, 112579000000
-0.07121566134784463, 0.10419164760429656, 0.49995211750864593, 112584000000
0.006906662960626688, 0.16800557866104504, 0.49977299936330516, 112589000000
-0.10318687615430645, -0.03254857449617063, 0.4994020361970332, 112594000000
-0.03481858491019528, 0.05393712882996451, 0.4997850976764549, 112599000000
-0.04196809966572265, 0.06406235539869731, 0.5001400678211423, 112604000000
-0.05250827684661944, 0.030262968917257327, 0.49947926074174953, 112609000000
-0.01691985614076365, 0.1820377364890067, 0.4998624614309232, 112614000000
-0.09929377788815102, -0.013815661312417751, 0.4995633261209283, 112619000000
-0.025830192524041198, 0.08314778904234212, 0.4996247180029437, 112624000000
-0.021909772117447796, 0.18745060775770028, 0.49950206926840274, 112629000000
-0.11280004957150676, 0.013115650000274339, 0.4998375774784886, 112634000000
-0.03820198754929953, 0.1621740115121044, 0.5000935267556438, 112639000000
-0.10761097287341209, 0.01428319424725773, 0.49937035062982665, 112644000000
-0.046848139936946205, 0.0959413793026768, 0.499858309376768, 112649000000
-0.029504617224210022, 0.13656352498790147, 0.49985722097113805, 112654000000
-0.08619140842600467, 0.0007753300588241654, 0.4994353952047319, 112659000000
-0.07784628294614776, 0.08615673777443443, 0.5001091732107317, 112664000000
-0.05477759934764493, 0.07793471444234132, 0.4997487956095031, 112669000000
-0.05499587175079203, 0.09123416651951247, 0.49992739280914483, 112674000000
0.025545385245956127, 0.18149777169518133, 0.4997075678096389, 112679000000
-0.10537684528267746, -0.02175322673205987, 0.4996070786867252, 112684000000
-0.05112828849113112, 0.0840168784276026, 0.4998599743130774, 112689000000
0.015694642478556224, 0.15092478789465508, 0.49961436298495726, 112694000000
-0.059760505514925254, 0.015799094150020617, 0.5001878003836707, 112699000000
-0.007502184701214918, 0.19164228892786125, 0.49933685016629265, 112704000000
-0.09870231066264887, 0.0023631944475169062, 0.499597256309983, 112709000000
-0.07953844963430655, 0.08616084855654801, 0.4996598267823525, 112714000000
-0.001351254963659957, 0.17328108050418828, 0.49994308457935477, 112719000000
-0.10524526914733848, -0.003110438537385577, 0.49943043446497737, 112724000000
-0.050295582386127954, 0.08232285610227008, 0.49973096018338836, 112729000000
-0.04901420564826939, 0.0503858631264492, 0.4998112963762479, 112734000000
-0.05944852766281292, 0.054709861237284496, 0.4999018123736999, 112739000000
0.004079025251812277, 0.17748445286405728, 0.49978313397803564, 112744000000
-0.13444555152484935, -0.0021165760376024127, 0.49982616974082106, 112749000000
-0.013247382186373453, 0.10097079013952406, 0.5000329779279379, 112754000000
0.004435602494754865, 0.17635343691943267, 0.49926988017020457, 112759000000
-0.09413951568998014, -0.039984985134354084, 0.4996110685861763, 112764000000
-0.004834780382311237, 0.1295432299456017, 0.5002567654064141, 112769000000
-0.08894141177551576, 0.0035246422382440457, 0.4996922438057146, 112774000000
-0.06812448667647905, 0.10214240606801991, 0.4996234758555308, 112779000000
-0.05479826436998027, 0.07755535794253925, 0.499966598053974, 112784000000
-0.046799103907890376, 0.07047844843228354, 0.4994675511309276, 112789000000
-0.08486292101096127, 0.08024215085348943, 0.4999189149286717, 112794000000
-0.08119073458994039, 0.08019955400256414, 0.49974846184481414, 112799000000
-0.05628129636620373, 0.12153658564788447, 0.499813768526759, 112804000000
-0.061905598377902, 0.07548904620712357, 0.49999490926341195, 112809000000
-0.03407757097053362, 0.17356279208464817, 0.49988879507583084, 112814000000
-0.0949402023096495, -0.023648746476186446, 0.49968599952375553, 112819000000
-0.04788200218478067, 0.092856739025642, 0.4998752530136436, 112824000000
-0.008290239260791199, 0.12931917029448817, 0.5005320710351883, 112829000000
-0.074612900143739, -0.016577310238290344, 0.49940072973635385, 112834000000
-0.06410440715745021, 0.06847633265772199, 0.49969530822267094, 112839000000
-0.014820080042128383, 0.16585999690826783, 0.4999708287243968, 112844000000
-0.10886639990413868, -0.028516922448393316, 0.49994093513147647, 112849000000
-0.043709746238221395, 0.11977101786520779, 0.4998504884914174, 112854000000
-0.02025103941069436, 0.19402826664809292, 0.4998099803810391, 112859000000
-0.08984759749868976, 0.001783790862626946, 0.49984953148874506, 112864000000
-0.011833036379194008, 0.045078385649334814, 0.499873148054128, 112869000000
-0.0460325266520463, 0.07614192075649891, 0.4998223678845642, 112874000000
-0.07433007591518032, 0.0533953073027693, 0.4997505629959886, 112879000000
0.006129701555361654, 0.17634705532919573, 0.4996155987217772, 112884000000
-0.10896117216820284, -0.031162774773011062, 0.49971421481776895, 112889000000
-0.0630978952852411, 0.05496987658877171, 0.49954015073477864, 112894000000
-0.012665211947746767, 0.18020766939025518, 0.4996850707537423, 112899000000
-0.08362407733561292, -0.020369830669035367, 0.4996241032567899, 112904000000
0.019406609369925196, 0.1471194701234453, 0.4999700294172152, 112909000000
-0.1289272737744229, -0.04380239883024178, 0.4994817196345502, 112914000000
-0.05451137714149394, 0.086761313299238, 0.4997639822071262, 112919000000
0.014037277064942379, 0.17064012164121745, 0.4997811142140178, 112924000000
-0.1158561555512245, -0.03454631051186164, 0.5000142002540784, 112929000000
-0.0757612418708807, 0.09543609849906862, 0.5000500009599232, 112934000000
-0.06575623524376212, 0.07257625873901438, 0.4997074336949426, 112939000000
-0.06677972760730988, 0.06196444719042485, 0.49969935643457464, 112944000000
0.01725026673847468, 0.15874075501126084, 0.49959157576064, 112949000000
-0.11807903846289707, 0.025855396513908793, 0.49922339906092134, 112954000000
-0.0474834829970182, 0.08630194761199325, 0.4999675780861512, 112959000000
0.023534841743262508, 0.17456298988388402, 0.4994669969553907, 112964000000
-0.1080632996006725, 0.002340364703420612, 0.4997664849533133, 112969000000
0.004892341949661739, 0.17342122403402913, 0.5000760015171071, 112974000000
-0.06145862375281074, -0.01608468753476211, 0.4997289342011204, 112979000000
-0.09242482901851644, 0.06814173805964971, 0.4997899277183276, 112984000000
-0.05756084936684436, 0.09034118722157734, 0.49954536724297477, 112989000000
-0.027857662450827197, 0.15482409484449378, 0.49952778960179356, 112994000000
-0.12039064173781147, -0.022636803308738154, 0.49988301091420223, 112999000000
-0.06507320476400867, 0.05945938814433421, 0.4997942130506682, 113004000000
-0.05180231668765638, 0.07375897595394194, 0.49961715660083733, 113009000000
-0.05173235585126385, 0.05810482721865792, 0.4994586734018866, 113014000000
0.007459590707982152, 0.1781251068619404, 0.4998158400197805, 113019000000
-0.11700220629661655, -0.01626121874910321, 0.49950229025216614, 113024000000
-0.06754576131534906, 0.05443867859958729, 0.4995673487105871, 113029000000
-0.029271953875312732, 0.16784555325378248, 0.5000785583356169, 113034000000
-0.09697638371674899, 0.007171888966462947, 0.4997642932728164, 113039000000
-0.03761192615315059, 0.09047190898110435, 0.4996044309622264, 113044000000
-0.002254193552235698, 0.15144830514933494, 0.49984000035602844, 113049000000
-0.0893780147997301, -0.01987436042676676, 0.5001996785905161, 113054000000
-0.06604970682043951, 0.09202875127006911, 0.5000718539515056, 113059000000
-0.005086601524091539, 0.16688730419352674, 0.499314087734611, 113064000000
-0.12277851448640255, -0.023993444595713714, 0.4998759788355218, 113069000000
-0.04648232125806499, 0.07909813667765138, 0.5000550935819208, 113074000000
-0.04224991272905165, 0.06222879425936573, 0.4999539546560024, 113079000000
-0.07109408855540614, 0.06425266906407816, 0.49980687821439385, 113084000000
-0.004689162287502952, 0.18670716502394552, 0.4994668663214293, 113089000000
-0.13415046508412043, 0.0012880276162455413, 0.49988344690519787, 113094000000
-0.08077509979984224, 0.06795181914330589, 0.49975142955577107, 113099000000
-0.03399670760629803, 0.18100370072840155, 0.4994660588047806, 113104000000
-0.09252226456927816, -0.030092619068312038, 0.49988995847464057, 113109000000
0.020816003585316167, 0.18615405788746894, 0.4995347748199506, 113114000000
-0.09774694849312539, -0.015468078288798912, 0.4998274946600989, 113119000000
-0.08017078820486984, 0.08431669718974182, 0.4994613328007969, 113124000000
0.010012286876841359, 0.14819471903951806, 0.49944489323793817, 113129000000
-0.11725751635208663, -0.012084313484871266, 0.4998335415163899, 113134000000
-0.0626371079100118, 0.07867507037329054, 0.49985450181312807, 113139000000
-0.022288718278967577, 0.08308139494314717, 0.4995286547806024, 113144000000
-0.08457361209838507, 0.09014028765160231, 0.49997986167600117, 113149000000
-0.007432960636770207, 0.1482623250958201, 0.499993165142661, 113154000000
-0.12437024906171965, -0.0022486847270601004, 0.5000787954153092, 113159000000
-0.05194029730090702, 0.09494776364741994, 0.5000178496778125, 113164000000
-0.007762858686438733, 0.16602319011643432, 0.49971783199857156, 113169000000
-0.11158905008056866, -0.01826158024030239, 0.4997603433493295, 113174000000
-0.01184114362603382, 0.16200216363013703, 0.49990467162634006, 113179000000
-0.0719193696008617, 0.005366708423511692, 0.49978417956178023, 113184000000
-0.04612824350494571, 0.09299389444596944, 0.4996613959273374, 113189000000
0.0251575072815679, 0.17604386770163954, 0.4997358086238708, 113194000000
-0.11498577053676041, -0.011511960340288735, 0.4997889307590876, 113199000000
-0.020240994365268206, 0.1486918766596675, 0.4997919075966735, 113204000000
-0.11254388754044205, -0.03453308628227622, 0.49953220209480476, 113209000000
-0.10615714537580118, 0.03523699630497507, 0.4997242461045936, 113214000000
0.013158245489599991, 0.1452886808134375, 0.5000746763661789, 113219000000
-0.09895716173091616, 0.008502332545649478, 0.49976257962269055, 113224000000
-0.05925931353033353, 0.06565073326518672, 0.49970418308693854, 113229000000
-0.02584557991006025, 0.17031136488012807, 0.49965351370585637, 113234000000
-0.12389956460918812, -0.0020236830699983874, 0.49946243014826947, 113239000000
-0.03121167646190011, 0.17188903437845346, 0.4999757159954311, 113244000000
-0.09992953430976294, 0.013380614976282717, 0.5000011356211523, 113249000000
-0.043384415623577796, 0.06854619701045647, 0.499754448427989, 113254000000
-0.020239101170556984, 0.17345595803211675, 0.4999651333175642, 113259000000
-0.12023688520663744, -0.01641843431450384, 0.49949747967716884, 113264000000
-0.027366004612015476, 0.06328541583581415, 0.499408609920859, 113269000000
-0.009622918947789582, 0.1966250900853079, 0.4999178989156154, 113274000000
-0.1254611035127081, 0.022756999077346064, 0.4999792743620036, 113279000000
-0.05889215803992507, 0.07707931832300936, 0.4997812808149602, 113284000000
-0.007248304000303235, 0.18454594538152644, 0.4994228605533745, 113289000000
-0.09221118035241496, 0.008310721297043203, 0.4997802688560117, 113294000000
-0.03292003225370445, 0.07789337940730175, 0.49994051346708535, 113299000000
-0.01880417743645947, 0.18105116801296306, 0.4996689486078442, 113304000000
-0.11280167842010627, -0.02773979864508826, 0.4995951034267388, 113309000000
-0.069996762865813, 0.09046109955730439, 0.5002913768860978, 113314000000
0.0017371642088072512, 0.1522488337131338, 0.4996312773475978, 113319000000
-0.13250251846468591, -0.029223195683664098, 0.4996578824402896, 113324000000
0.0034286674122582274, 0.17319757468053848, 0.4996353842590399, 113329000000
-0.12446431226545411, -0.019500768632750597, 0.4995381120595834, 113334000000
-0.04529450435228147, 0.06039043721544559, 0.49968659694042555, 113339000000
0.0029359952541288927, 0.17555143392357658, 0.5000950475931998, 113344000000
-0.13173862179547183, -0.029027133768293804, 0.4997271479460677, 113349000000
-0.05467418710097819, 0.05588295323776336, 0.49964144774663455, 113354000000
0.027766959631207854, 0.21013367061600202, 0.49953132362695757, 113359000000
-0.0819654981007902, -0.04887486820508319, 0.4995323686587173, 113364000000
-0.06077516334225989, 0.08184482354577266, 0.49960619997224853, 113369000000
-0.03288223527771382, 0.17094448712232607, 0.5000422714279695, 113374000000
-0.13807248508608355, -0.023286191803488718, 0.4991696622519797, 113379000000
-0.060459256418842464, 0.09500784361441454, 0.5002708343174387, 113384000000
-0.039458685914161566, 0.07512928559038379, 0.4995850324328246, 113389000000
-0.07874273072516924, 0.044910081138974225, 0.4996300047834526, 113394000000
-0.016120091985447955, 0.17549548390982028, 0.4997134127575161, 113399000000
-0.08752397929561713, -0.0008653847154567566, 0.49980840518251596, 113404000000
-0.04520110692724204, 0.09521322747804783, 0.49981567841563307, 113409000000
-0.0012834552008913083, 0.17331878936106626, 0.4992405824208378, 113414000000
-0.12858233437455946, -0.043595154401573195, 0.49933349961436996, 113419000000
-0.07360021935129427, 0.09228617674337952, 0.49980663241596507, 113424000000
-0.033496705775490104, 0.07725905740691998, 0.4997181588204936, 113429000000
-0.05818240317289692, 0.05835316858197804, 0.4999969852703188, 113434000000
0.01588764942132794, 0.15571806888779857, 0.49954755281110297, 113439000000
-0.09335944551817073, 0.0033479534862972463, 0.49955741416902544, 113444000000
-0.0740977363383023, 0.04840954587552267, 0.4992138451575264, 113449000000
0.01318477690943807, 0.18068466000995026, 0.49966948903006236, 113454000000
-0.11033723742069201, -0.017628388077030425, 0.4996491487836454, 113459000000
-0.0012840300474779506, 0.17384068143414885, 0.4994263693571982, 113464000000
-0.14526468518917748, -0.006263727395304334, 0.5000366919387883, 113469000000
-0.048917250776319074, 0.080877331173619, 0.49997914283464306, 113474000000
-0.020916528109402713, 0.165656934456966, 0.4998703685742143, 113479000000
-0.07793454222251678, -0.04033247260254043, 0.4998952120069392, 113484000000
-0.06886972142907448, 0.09512879776203889, 0.5000569570372199, 113489000000
-0.0829496784541836, 0.11295426654568079, 0.49968083154734694, 113494000000
-0.06971483245942989, 0.04612382008567126, 0.499872774134349, 113499000000
-0.01109764676278451, 0.1702235727355584, 0.5000733810069156, 113504000000
-0.10052887404934413, -0.05385025188748914, 0.4995530009306429, 113509000000
-0.0509747656394086, 0.09163052802598973, 0.5001042577861404, 113514000000
0.011054959427871248, 0.19748788002400328, 0.49938867503743933, 113519000000
-0.10240912921894511, 0.0006153485423697827, 0.49977780583762965, 113524000000
-0.016445103624837618, 0.15756990640688373, 0.49983629902438337, 113529000000
-0.11633422295661594, -0.029328456753977925, 0.49999062336518696, 113534000000
-0.0773565252581713, 0.08923514172642534, 0.4996924076294143, 113539000000
-0.01483981221387602, 0.1683629975564352, 0.4996777681170934, 113544000000
-0.10163335921833165, -0.020320998025225016, 0.4994516818551324, 113549000000
-0.05863773785324778, 0.08204304375555545, 0.4998193802499679, 113554000000
0.012575933753816607, 0.17129177933257922, 0.4995963956034971, 113559000000
-0.07215922026265095, -0.012957217134624412, 0.5003108641524366, 113564000000
-0.06208194783254811, 0.08753067980015562, 0.49997847802417156, 113569000000
-0.0037880589073789957, 0.15440774699878887, 0.4995583078311321, 113574000000
-0.1228091951545211, -0.02906515164334944, 0.49973311841776, 113579000000
-0.043709296705982406, 0.0803253172181909, 0.499805299279113, 113584000000
-8.786003083095188e-06, 0.16822430981142975, 0.499800857949855, 113589000000
-0.13590047186995485, -0.013747971396014944, 0.4995953347352087, 113594000000
-0.011381889074857019, 0.14124804770248936, 0.4997710005047193, 113599000000
-0.09591299048478308, 0.0006348054174899714, 0.49951500417481287, 113604000000
-0.07660127933622268, 0.0929763673864884, 0.49980304535304904, 113609000000
-0.01749951075841968, 0.15333055316170274, 0.4999355352700554, 113614000000
-0.08314733995441607, -0.0533843404636671, 0.49948870878287605, 113619000000
-0.06805352358718027, 0.08321442542461363, 0.49982839724222133, 113624000000
0.010750417652723214, 0.16623416845610556, 0.499667596969971, 113629000000
-0.10183389933578581, -0.027825769136581177, 0.4998793844853703, 113634000000
-0.04787611253774839, 0.06898726098519627, 0.4997559905066224, 113639000000
-0.06495277031845903, 0.08433121655940444, 0.49966545034551013, 113644000000
-0.03337149182997505, 0.08814156096796426, 0.4993816280846015, 113649000000
-0.00040308438301531885, 0.1882225656337751, 0.500029055655387, 113654000000
-0.14859892801751132, 0.017359584367241276, 0.499405240994185, 113659000000
-0.04883422857220075, 0.09978594727821856, 0.49986706040538226, 113664000000
-0.03327310854832254, 0.14170242973928723, 0.4997638710473232, 113669000000
-0.10157575933933496, -0.018370123489619868, 0.49963000369871724, 113674000000
-0.070678667202282, 0.08676753101307881, 0.49974422991258016, 113679000000
-0.017301815787805368, 0.16020819343956189, 0.49991803917606437, 113684000000
-0.11822836559859383, -0.012166215161906658, 0.5001201162554906, 113689000000
-0.039604026752030855, 0.09663157217814136, 0.499450157276382, 113694000000
-0.009167408051385889, 0.15828600596279047, 0.49972554916678386, 113699000000
-0.10291220440691988, -0.03436587034568177, 0.49982431284578666, 113704000000
-0.03736140675812133, 0.07855108042041521, 0.5002590500764905, 113709000000
-0.043789296711678215, 0.09116334142330923, 0.5000461441652344, 113714000000
-0.05367794388177218, 0.0821549001854836, 0.4995276533462181, 113719000000
0.0008613025038258855, 0.18223871696100968, 0.49943811429124174, 113724000000
-0.1057750183435811, -0.058400098352734686, 0.4996563463398854, 113729000000
-0.06538296775000221, 0.09422654575979814, 0.4999996746231767, 113734000000
0.007765341671478325, 0.16823285251232692, 0.49953601151565385, 113739000000
-0.09409322165218036, -0.018905488593988197, 0.49975956238962854, 113744000000
0.014604647881065611, 0.15134250533768023, 0.49996117774505666, 113749000000
-0.11651584507766635, -0.017619152809267354, 0.4994195148521471, 113754000000
-0.06518772135708199, 0.1187976987180846, 0.4994208090666139, 113759000000
0.021662041657307996, 0.16318190519732842, 0.49957427684192895, 113764000000
-0.1180548471880936, -0.022891567887127807, 0.49969288501739934, 113769000000
-0.060141108351692125, 0.09138465867930547, 0.4993536110811079, 113774000000
-0.04904312991435068, 0.0755257643842221, 0.4998552598101781, 113779000000
-0.03671491133498987, 0.04768475512124343, 0.5000923352956587, 113784000000
-0.008816844238055486, 0.17090236528954086, 0.49979208076136966, 113789000000
-0.13260122655164458, 0.004766463464183676, 0.4995307904710943, 113794000000
-0.05645043557947787, 0.06965917158487481, 0.4998007640393138, 113799000000
0.0064194330710205545, 0.16421690386693957, 0.49939888940295923, 113804000000
-0.11493743283660898, -0.007306864703173044, 0.499782717949111, 113809000000
0.03118129714888611, 0.15759796171095727, 0.5001093537030951, 113814000000
-0.11016679421730809, -0.006690063568552364, 0.49939376662911134, 113819000000
-0.037950064542974, 0.06899306625143362, 0.49993714209376433, 113824000000
0.00872665357353599, 0.13758701334234186, 0.5000749429929204, 113829000000
-0.1241016510179962, -0.012589425776365182, 0.49961284846471016, 113834000000
-0.07527938820320995, 0.07781457815738715, 0.5004948889011054, 113839000000
-0.05953385465681207, 0.08162265235149731, 0.4997151807105298, 113844000000
-0.06925955082377998, 0.05333121404492872, 0.4999965147519562, 113849000000
0.002886413844172566, 0.14430909574541584, 0.49986430690083455, 113854000000
-0.14934523230914007, -0.029369906070303722, 0.49990722743828914, 113859000000
-0.0634277568601321, 0.07688040164877859, 0.4998840055149964, 113864000000
0.014501869412407234, 0.17744267261254357, 0.49959630886214196, 113869000000
-0.1243795215230599, -0.01872993900294106, 0.4999191582408598, 113874000000
0.007907269141568016, 0.1711104956111308, 0.4996676556257393, 113879000000
-0.08593725599152845, 0.002293634421669787, 0.49940725454778967, 113884000000
-0.0501466347755157, 0.09057322646243031, 0.4996444043196617, 113889000000
-0.01881009104694094, 0.19571695058717145, 0.4996283183907932, 113894000000
-0.08164419223572847, -0.007635381811238989, 0.499816615364196, 113899000000
-0.03786329566852437, 0.11032007582746102, 0.49990354964513206, 113904000000
0.008691764643871268, 0.19285810920293722, 0.4997169711847373, 113909000000
-0.09378759049208406, -0.041090683740347016, 0.4995867193267084, 113914000000
-0.05869906792134896, 0.06480792758814202, 0.4998869460053372, 113919000000
-0.025196398947837036, 0.18087633630089534, 0.49972050127952117, 113924000000
-0.11098211486573525, -0.019636410161532093, 0.49946983582952964, 113929000000
-0.06521782917094097, 0.036328805876921826, 0.5001950401788436, 113934000000
0.005935541487943947, 0.18833051050868907, 0.49960231070462113, 113939000000
-0.1175363413680511, -0.0015705067675449297, 0.5000080888229782, 113944000000
-0.08131066690382463, 0.10497718015397027, 0.49966370748314787, 113949000000
0.017171525957373243, 0.1687151998945522, 0.5000870563145073, 113954000000
-0.0796394153201756, -0.017864173238974834, 0.4998757677781367, 113959000000
-0.05469372929258813, 0.09566511067346786, 0.5001650897551094, 113964000000
0.005951401458006206, 0.20634920090487158, 0.49985406439390817, 113969000000
-0.11232631753136162, 0.00931434363465166, 0.4999733048828935, 113974000000
-0.023071924248287447, 0.08266277493351974, 0.500068002672682, 113979000000
-0.034419452067738436, 0.10976296112324553, 0.4997095636502828, 113984000000
-0.07411039580365525, 0.06151591561079274, 0.500042570947114, 113989000000
0.014074888962750994, 0.16249617036136152, 0.49955704910621973, 113994000000
-0.08910253933068639, -0.017586148492884122, 0.49956499136333127, 113999000000
-0.06013347129222387, 0.06636842082041108, 0.5000626311399203, 114004000000
0.007396400421815538, 0.171406827411959, 0.49925583260024237, 114009000000
-0.11045692024144158, -0.019651779843207557, 0.49962772150100765, 114014000000
0.005276160699191238, 0.16639509724437332, 0.49964161989167993, 114019000000
-0.0876257786612812, -0.03388326679880199, 0.49956749494911157, 114024000000
-0.08355551460002093, 0.07943968728814779, 0.4999793957033652, 114029000000
0.008120179688795272, 0.1668011527386429, 0.4995726392301239, 114034000000
-0.09854288338289391, -0.03225712788083105, 0.4999570304261407, 114039000000
-0.0500836585638374, 0.07585067200201846, 0.5000182551768413, 114044000000
-0.050097577844542676, 0.10481191571569326, 0.4994754520987588, 114049000000
-0.051993514428689006, 0.07851335149304249, 0.4998027919920155, 114054000000
-0.012574954804258432, 0.1616682397862857, 0.4996776944767824, 114059000000
-0.1537243473879897, -0.02261416272384353, 0.4996672692048322, 114064000000
-0.06198382798386603, 0.07033572727694393, 0.4997387547327742, 114069000000
0.025287091913493837, 0.1632372781806731, 0.4992400254963295, 114074000000
-0.11706729475614733, -0.0407687870737643, 0.49971886453942305, 114079000000
-0.00864748430535408, 0.1702803732610419, 0.49974779622834015, 114084000000
-0.08835836752627374, -0.030675077679038373, 0.4994541137146711, 114089000000
-0.07513155996079313, 0.07406561075828393, 0.4998019933195689, 114094000000
0.03306599641623574, 0.17301445022192632, 0.49996409045637047, 114099000000
-0.12299331466277855, -0.020597997036383067, 0.49996287606415635, 114104000000
-0.059351139242881004, 0.10407435329812895, 0.4999653830494482, 114109000000
-0.010864037425974388, 0.19698930037921453, 0.49954005888893827, 114114000000
-0.11258478509425406, -0.022117868971373807, 0.49991851073338284, 114119000000
-0.03087375978472673, 0.09829044351763856, 0.4998385896902976, 114124000000
-0.017756047342003152, 0.20037737094628824, 0.49997808354711865, 114129000000
-0.11401475679564617, -0.01311573889633167, 0.5001315003559087, 114134000000
-0.06102144235950871, 0.10829486879846334, 0.4997816300531427, 114139000000
-0.000875145643876515, 0.17538445575407172, 0.5000596102353762, 114144000000
-0.10812279305601025, -0.022117918348056747, 0.4997575610799764, 114149000000
-0.012365166363763298, 0.1591607880915109, 0.49952906158993865, 114154000000
-0.10779925289363193, 0.009087549819493109, 0.49969608528468024, 114159000000
-0.04908444019309163, 0.0925488796305006, 0.49981207634459884, 114164000000
-7.863933796855497e-05, 0.1680305550671269, 0.5001526678136111, 114169000000
-0.1246481269126382, -0.00030289102314087074, 0.49942709220371395, 114174000000
-0.0920754332931856, 0.07552505929220599, 0.4997194737012053, 114179000000
-0.03883425696741056, 0.09708117348290751, 0.49935458952161493, 114184000000
-0.04968925825669203, 0.04643665324106398, 0.49974940371667903, 114189000000
-0.005306623097837024, 0.16540709221390057, 0.4997374844278828, 114194000000
-0.10656911236175318, -0.04321701068791639, 0.4994421268857377, 114199000000
-0.0532222918479098, 0.08203623677153533, 0.5002247659920392, 114204000000
-0.004165967472283093, 0.1773119820141793, 0.49965641571792574, 114209000000
-0.13536157569631968, -0.03371249285525691, 0.4996415083072997, 114214000000
-0.04462851720612532, 0.09400454691266222, 0.5001213463024493, 114219000000
-0.01839531538231576, 0.1571921496141697, 0.4999065780181343, 114224000000
-0.11054065018617673, -0.010271780021720694, 0.49957323435197853, 114229000000
-0.07918261281917355, 0.08643332295245779, 0.49980144733143916, 114234000000
-0.015404735143067564, 0.16746610102886822, 0.5001424289209145, 114239000000
-0.12410777280607803, -0.02140980365484633, 0.4998551061025052, 114244000000
-0.06139392005547288, 0.11554171431910319, 0.5002401072711284, 114249000000
-0.04942177534533307, 0.08074113962617298, 0.4997003388374251, 114254000000
-0.05064149136992811, 0.0807512427571647, 0.5002373516768162, 114259000000
0.0037917187072570918, 0.1716533887654144, 0.49969829052311804, 114264000000
-0.11477594251887088, -0.020753402906144816, 0.49949715566849967, 114269000000
-0.058844835843052716, 0.11356103471214317, 0.4994099624909173, 114274000000
0.018967804472243617, 0.1867692691031974, 0.4997784108020149, 114279000000
-0.10626898042829025, -0.0204781978579767, 0.49992960444542633, 114284000000
-0.020610218505195343, 0.1693458932524069, 0.4992453714539456, 114289000000
-0.07687327617632364, -0.0035864559832060232, 0.49981883815523376, 114294000000
-0.04552610899860673, 0.10756619193323651, 0.49963574677560807, 114299000000
-0.00628604890312068, 0.19362697509284038, 0.49948419720620313, 114304000000
-0.09680289358454103, -0.03548751479919329, 0.5001397325066461, 114309000000
-0.042451353753423605, 0.08385958320969919, 0.4999400220826801, 114314000000
-0.0404935055485055, 0.06217069085771429, 0.4994746075844443, 114319000000
-0.08865896271773713, 0.059383969233077226, 0.49965767730921695, 114324000000
-0.012371074058428305, 0.13797073706189328, 0.499758245890553, 114329000000
-0.13272067346368316, -0.03401111638867292, 0.49923237826562644, 114334000000
-0.04154157697046185, 0.06173997111525306, 0.49959560266721886, 114339000000
-0.05124898789012029, 0.14359221757519738, 0.4997293989727002, 114344000000
-0.09083346542560414, -0.004753391895797181, 0.4997563736451342, 114349000000
-0.05367711410234924, 0.06632319106719851, 0.4998134823439325, 114354000000
0.008609763166811637, 0.17048745141772428, 0.49969713601326143, 114359000000
-0.13268463584976753, -0.08881446591097522, 0.4993873430410215, 114364000000
-0.044736184326109305, 0.09972091915847577, 0.49979917135074425, 114369000000
0.004480641060500203, 0.15383893951207445, 0.4993258965670906, 114374000000
-0.09368942283326627, 0.0012517694851347655, 0.4998270165106209, 114379000000
-0.029963327776575396, 0.10002247971943612, 0.5000192077491804, 114384000000
-0.030350568438696303, 0.07960720149335469, 0.4996132074605507, 114389000000
-0.040102522135914295, 0.07704992476739161, 0.5000037163998085, 114394000000
0.015791816885872136, 0.15949513655083009, 0.4998725983763059, 114399000000
-0.08325082868531453, 0.029079717681727374, 0.4994998908926682, 114404000000
-0.03736882880807288, 0.09409828405419592, 0.49984222751339535, 114409000000
4.761388328343788e-05, 0.1756054554264524, 0.5000505575087746, 114414000000
-0.11737201858785949, -0.020228666674011568, 0.49989935571643596, 114419000000
0.017306911540904798, 0.1581064800754516, 0.4999578767669666, 114424000000
-0.08854460183322277, 0.03419706548281371, 0.49956248240755613, 114429000000
-0.0515006341516244, 0.06805588060139706, 0.49965633874500426, 114434000000
0.029170343426740627, 0.15396544940176166, 0.4995817374208399, 114439000000
-0.11179191393768383, -0.016439901237145074, 0.49985837883250217, 114444000000
-0.07877466009132027, 0.09664978035982404, 0.500136441795932, 114449000000
0.025840369442100553, 0.18640205233871435, 0.49960886713339564, 114454000000
-0.09368521906079766, 0.004396582516483345, 0.4993297726202958, 114459000000
-0.06865554773230573, 0.09214676525860886, 0.4996913799710361, 114464000000
-0.012181137490816969, 0.19640259331709456, 0.4996786086305988, 114469000000
-0.1306706914827443, -0.03433407369720057, 0.4996767350173539, 114474000000
-0.0074163206952603394, 0.05275118613937532, 0.4996575618037439, 114479000000
-0.020596798754761992, 0.1804663138098616, 0.49950940358146273, 114484000000
-0.10623527287486326, -0.009655598425025657, 0.5000512013375409, 114489000000
-0.010352387768857354, 0.17527191594669572, 0.4998264299619742, 114494000000
-0.08475364445077016, 0.011863582147375085, 0.4994347828115187, 114499000000
-0.05187258724566031, 0.12161538246260405, 0.4996838060334769, 114504000000
-0.02956589307781425, 0.16544467319832296, 0.4995092660728801, 114509000000
-0.09501032601730611, -0.03057937890127215, 0.5001900706518428, 114514000000
-0.06625018563189497, 0.11364967991715037, 0.49983997049484186, 114519000000
-0.05105528366672608, 0.07037401919176, 0.499409384912987, 114524000000
-0.0508882559847055, 0.038338327411952686, 0.4997848809780843, 114529000000
0.01692849169677456, 0.18791942250088958, 0.4999957541096081, 114534000000
-0.1254097327809712, 0.004347721125958423, 0.4995397007958822, 114539000000
-0.008922846922661862, 0.07190409486327096, 0.5000534553231477, 114544000000
-0.005904542050525074, 0.16806963396851862, 0.4999473064590493, 114549000000
-0.12998072820909468, -0.012353499378917332, 0.49986159805426067, 114554000000
-0.027804757987218116, 0.17626583251778033, 0.4999423809511827, 114559000000
-0.1361445268447416, -0.038039311662810625, 0.4997618158666589, 114564000000
-0.0502516476210197, 0.06901138845922045, 0.49982242896066864, 114569000000
-0.008926035055447472, 0.1774546658686052, 0.4995855496663165, 114574000000
-0.10700511628721826, 0.011586197127060788, 0.49989082889421876, 114579000000
-0.05004731001814233, 0.05600043341703205, 0.49993796485672043, 114584000000
-0.037751074013376545, 0.18341193706561815, 0.4994919029168661, 114589000000
-0.11683756421042558, -0.01327504615798918, 0.4994050738163532, 114594000000
-0.04963205642565195, 0.07219930491565792, 0.49977465523148157, 114599000000
-0.005792517748300769, 0.19559373361365756, 0.4993512125212225, 114604000000
-0.1074756703614349, -0.026111491719511454, 0.4996416152496624, 114609000000
-0.07685443594681195, 0.09277612778694459, 0.49974116017617193, 114614000000
-0.015814097562119236, 0.15707149880394888, 0.4998030394816057, 114619000000
-0.14017627127646806, -0.03094303878839037, 0.49960168854151904, 114624000000
-0.03449887427625743, 0.14037127775769892, 0.4998820683478606, 114629000000
-0.09845253673634792, -0.006501033454225064, 0.49954540269911935, 114634000000
-0.04445550935881613, 0.07764454423784448, 0.49984561261054217, 114639000000
-0.003410532361255883, 0.17252294744989558, 0.4999210920399754, 114644000000
-0.12679103911612427, 0.002455214528762916, 0.4996924769029808, 114649000000
-0.03689047977679949, 0.07390109374789881, 0.5001402108437414, 114654000000
-0.05213442317879533, 0.07430765300832629, 0.4994812682700556, 114659000000
-0.04848503087642449, 0.10008814581454858, 0.49969125765114747, 114664000000
-0.011433131609047815, 0.17730496328049525, 0.4996537953656726, 114669000000
-0.1429879327577967, -0.03954768511225759, 0.4997636425233953, 114674000000
-0.0903314484666917, 0.07152416436463199, 0.49986712730832394, 114679000000
-0.056715720609108844, 0.07849284879422726, 0.49975448319453286, 114684000000
-0.05559527429561406, 0.0705864119220104, 0.49956818628188976, 114689000000
0.0010661378775121979, 0.17888784787819342, 0.49967468957013, 114694000000
-0.0680061418785016, 0.006860098970773264, 0.49989233066005717, 114699000000
-0.05374399344075542, 0.053977506202393076, 0.49987715188603404, 114704000000
-0.011253884561630107, 0.15453529434759092, 0.49989891194948455, 114710000000
-0.11205918546083488, -0.054720241057205646, 0.4999133555585265, 114715000000
-0.05123538787422674, 0.06777823643064428, 0.4998784314531635, 114720000000
0.004012592743971534, 0.14593269645811405, 0.4999224655867889, 114725000000
-0.07424593000026478, -0.005474339312149772, 0.49978446769690654, 114730000000
-0.04930610639157405, 0.08906759135606394, 0.4998946870385316, 114735000000
-0.021607565685160077, 0.17295965062719743, 0.49954155634368363, 114740000000
-0.11444355548616605, -0.0394564128664501, 0.49970123271996736, 114745000000
-0.054774359266383375, 0.10229115751094292, 0.49983870399435637, 114750000000
-0.0409219773099704, 0.06010771708026162, 0.49977589024496694, 114755000000
-0.08839728955377693, 0.061021055036921505, 0.4998620378249985, 114760000000
-0.011863746160274613, 0.16692107813415039, 0.49964040025718087, 114765000000
-0.13502873098008616, -0.022234376169231948, 0.4998038961628265, 114770000000
-0.03826498578268507, 0.05245294316433083, 0.4998262986803967, 114775000000
-0.01726511474749466, 0.19208155592054324, 0.49992855374523054, 114780000000
-0.08509218870867599, -0.005082731219415855, 0.5001392198931771, 114785000000
-0.028081213334771062, 0.1267040452402315, 0.49959091658734645, 114790000000
-0.09599990998006852, -0.03857756861095816, 0.499241801986831, 114795000000
-0.08210345949378707, 0.07726022942110931, 0.49952744025804785, 114800000000
0.024665442107563978, 0.1712426770635514, 0.49989524851785666, 114805000000
-0.10437645254545652, -0.00955548992996329, 0.4995758117000147, 114810000000
-0.054025529587956894, 0.05632234778621446, 0.4998077663237117, 114815000000
-0.055426012746962405, 0.07927128608502582, 0.4997889619364603, 114820000000
-0.0627960599902795, 0.07262922034020547, 0.4999130035443071, 114825000000
-0.01300618333871176, 0.14539333510730054, 0.49974894880108156, 114830000000
-0.1066876198116128, 0.009771408446387134, 0.4995914227388066, 114835000000
-0.04940570152324477, 0.09724619906502532, 0.49975853846820006, 114840000000
-0.022626226964149492, 0.20419048566455805, 0.5001236433713756, 114845000000
-0.10288412566740673, -0.010367555166146642, 0.4993929704738745, 114850000000
-0.07328884454250403, 0.02991654368929582, 0.49961082528371714, 114855000000
-0.01888364867301498, 0.1373380602174161, 0.49984094701213694, 114860000000
-0.0832334991292936, 0.008035765565113925, 0.4998751491839264, 114865000000
-0.09126207927605973, 0.05282961150473958, 0.49985371964433634, 114870000000
0.01382944176256231, 0.16633370305379813, 0.4996588396832637, 114875000000
-0.13485050036582172, -0.01654189668765684, 0.4996215032378826, 114880000000
-0.07065134749676767, 0.08613220191350829, 0.499992486983425, 114885000000
-0.011436039031319492, 0.1562424060987532, 0.49985317291170855, 114890000000
-0.14465165393519405, -0.06958059903136529, 0.499627532273775, 114895000000
-0.05997009197426486, 0.08541680343389017, 0.4998516505003872, 114900000000
-0.012960671494836123, 0.16310264568993402, 0.4998901929580186, 114905000000
-0.1142758352359296, -0.025539703634520218, 0.49984481839801737, 114910000000
-0.08534795623096501, 0.09360272499747922, 0.5002975480436067, 114915000000
-0.009119530249193125, 0.17459685608329695, 0.4997405760501464, 114920000000
-0.11291083285536967, -0.040444649786631245, 0.49977229462138595, 114925000000
-0.010972992250031236, 0.15496667172787099, 0.4999301121435997, 114930000000
-0.07654047471518358, -0.011705838784664562, 0.4998952347786829, 114935000000
-0.06332386014789942, 0.07666220947705589, 0.49990836927711435, 114940000000
-0.026444778701312854, 0.17113483504646942, 0.5000328929428102, 114945000000
-0.10963488190730841, -0.01297348919603408, 0.4997525792422602, 114950000000
-0.06068375409695028, 0.1179735606186097, 0.5000644730709797, 114955000000
-0.05038604101711392, 0.09484910698439394, 0.49992285191527647, 114960000000
-0.0703791137998589, 0.12116977848431709, 0.499840696847358, 114965000000
-0.033087708452740415, 0.17958467691605282, 0.5001536033159885, 114970000000
-0.0950928856966549, -0.015225623334093608, 0.4998086610242133, 114975000000
-0.059194289547597, 0.0845205236722432, 0.499861848903358, 114980000000
0.012588526812458757, 0.1941785937974706, 0.49976913224822017, 114985000000
-0.10476173414654316, -0.019757176397028335, 0.4995910638096464, 114990000000
-0.002817714669027001, 0.148020042771203, 0.4999679362956905, 114995000000
-0.08229813747113345, -0.05343228090321811, 0.49978331573972395, 115000000000
-0.04192002110212992, 0.07097923093925133, 0.4998065665795987, 115005000000
-0.013481992190917544, 0.19918281684106506, 0.4999525596836334, 115010000000
-0.1108284791175226, -0.043068886116174154, 0.4995241591911692, 115015000000
-0.05732909498705382, 0.034523971344019556, 0.49962747970507, 115020000000
-0.04630268243305095, 0.08742206682008978, 0.499951593105071, 115025000000
-0.026847822622253624, 0.09127068309703684, 0.4999647644289716, 115030000000
0.018225530729945635, 0.16037127199829496, 0.4994312004688783, 115035000000
-0.11426124718186306, -0.007973473362961968, 0.4996422558857645, 115040000000
-0.051956206758380225, 0.1047010094223999, 0.4995825895207445, 115045000000
0.007053020069977468, 0.17492350857746541, 0.49972400182704335, 115050000000
-0.11717258415827753, -0.004897623463692937, 0.5000529733090492, 115055000000
0.019645671582464205, 0.17426584882651674, 0.4998260501113525, 115060000000
-0.1190209982116035, -0.019086677267687306, 0.4994650266200195, 115065000000
-0.04185679716027667, 0.09258492388917362, 0.499793132391693, 115070000000
0.009187484549675655, 0.188139086312538, 0.49960232201332805, 115076000000
-0.08870396425364824, -0.022551242338894557, 0.4997584072013619, 115081000000
-0.010798751841070917, 0.14732220587995984, 0.49999385372427435, 115086000000
-0.06556187664556387, -0.023132031631209887, 0.4996119498673335, 115091000000
-0.05518118327829053, 0.0905370985564545, 0.4996484623692598, 115096000000
-0.044239754107103645, 0.08404435645012616, 0.500101599250978, 115101000000
-0.04085639993713348, 0.16683314489782464, 0.4996441423215272, 115106000000
-0.12446740725483431, -0.04141889647855797, 0.4999255889265592, 115111000000
-0.048453414820050805, 0.06916445603002412, 0.49985364948697364, 115116000000
-0.02311979410964712, 0.07982757223016816, 0.500027603711942, 115121000000
-0.02777602896064464, 0.07926105305113533, 0.4996591229326634, 115126000000
0.0012211016762276425, 0.171497382479455, 0.4996462989949887, 115131000000
-0.1134916828640235, -0.017446637120130244, 0.49943709254960444, 115136000000
-0.06434311858692807, 0.07799588962385869, 0.4999000614649594, 115141000000
-0.028524139945432837, 0.19073312042541796, 0.4995434668806128, 115146000000
-0.1000248971752514, -0.03994948621506658, 0.4996202332077122, 115151000000
-0.07122490804860843, 0.08496993337639462, 0.499718071626603, 115156000000
-0.014590090461418213, 0.1802138995256938, 0.49970088123461637, 115161000000
-0.10631390397221877, 0.010870333356005783, 0.4995417315436998, 115166000000
-0.009834293976250583, 0.1708090166764867, 0.49990548864269346, 115171000000
-0.12871564916163838, 0.0016595790294840398, 0.4999630104792972, 115176000000
-0.026058008507938494, 0.08383668008345439, 0.4999225831107511, 115181000000
0.014629972140754658, 0.18545431319202402, 0.4999094346249883, 115186000000
-0.11001432901357501, -0.04885055452456018, 0.499558628627466, 115191000000
-0.03270484632491897, 0.08238360769344721, 0.499210668020217, 115196000000
0.005501518384394666, 0.17196238713481124, 0.49997252707162176, 115201000000
-0.12123759428705418, -0.0395365873722968, 0.4996025974892025, 115206000000
-0.06785530765531049, 0.08800181970244877, 0.49991391829995707, 115211000000
-0.019374819904445957, 0.1964358214285972, 0.499720743419041, 115216000000
-0.08454991236625575, -0.01752252397694365, 0.49966440394903244, 115221000000
-0.036703669877491296, 0.07578699549879102, 0.4995322617461219, 115226000000
-0.000525588555290522, 0.14671785551456348, 0.49966430803122297, 115231000000
-0.11006843257367505, 0.021513273840068285, 0.49925102321793363, 115236000000
0.018454996999078876, 0.14261008316635373, 0.4997082386857003, 115241000000
-0.10697638447395887, -0.016033910574233756, 0.5002873707962121, 115246000000
-0.07832017758464198, 0.06087524383060204, 0.49977030168160264, 115251000000
-0.0004311816731383329, 0.17319712564742398, 0.499576375531033, 115256000000
-0.07908430596236407, -0.021417058039179565, 0.5003075242877667, 115261000000
-0.07050587459416939, 0.09283834037763775, 0.4996807845935351, 115266000000
-0.06335184882073802, 0.08949104908349809, 0.49992206228277897, 115271000000
-0.06739173541044965, 0.051937644001635516, 0.500152122346929, 115276000000
0.007371387901244541, 0.1757115218529791, 0.49977641888904306, 115281000000
-0.1176529470625058, -0.05065778440351027, 0.4995347981159187, 115286000000
-0.043012965992262314, 0.06985948441562101, 0.499875012445297, 115291000000
-0.019916007564255617, 0.13842877429660336, 0.4995831966529395, 115296000000
-0.10071064958203928, -0.027822677582709527, 0.4997430925403716, 115301000000
-0.023006610150300446, 0.13953032375201485, 0.49976781651878566, 115306000000
-0.07830224550443694, 0.009399407651521589, 0.49979625417725015, 115311000000
-0.0730815235776125, 0.07375932080404221, 0.4994674266542526, 115316000000
0.012569347268440952, 0.1928530675334401, 0.49927100050446427, 115321000000
-0.11672204210915751, -0.048836498255477596, 0.4995772162777276, 115326000000
-0.040868083676116905, 0.08756411289978734, 0.499811208729, 115331000000
-0.05034028864564959, 0.07378768240012194, 0.49969229031625856, 115336000000
-0.06091654207079899, 0.04135694760763296, 0.5000299797728095, 115341000000
0.011655603069047987, 0.16631879791023038, 0.5001255317657741, 115346000000
-0.13008055941486257, -0.03898103457003039, 0.5000547037896408, 115351000000
-0.07664650858057491, 0.06756246261952106, 0.4996371119844836, 115356000000
0.007487808301260885, 0.1764652276485544, 0.49972528774306485, 115361000000
-0.08081882606605417, -0.0010677505428045263, 0.4998096085795341, 115366000000
-0.007088090856197594, 0.16152653266519182, 0.4996832438361359, 115371000000
-0.10708150749740158, -0.012995080006793065, 0.49965461356861773, 115376000000
-0.06851634020329646, 0.08349095103902499, 0.5000066933949766, 115381000000
-0.005437816699694242, 0.16891270627062221, 0.4997363191402749, 115386000000
-0.1312420925172677, -0.02001842308088262, 0.49977420173131587, 115391000000
-0.06860177909318457, 0.06455366441282803, 0.49973974352058975, 115396000000
-0.021337124971356026, 0.16452801227809874, 0.4993048162583331, 115401000000
-0.06904409708732742, 0.0051944545845992035, 0.5002758212581012, 115406000000
-0.07346669531037328, 0.11635215315730804, 0.49988009155343655, 115411000000
-0.03262450722752703, 0.13746438986546333, 0.49951890985754316, 115416000000
-0.10405610706148333, 0.0015144705056885886, 0.4995169085382078, 115421000000
-0.026977979931124926, 0.06613255219618758, 0.4997743453052365, 115426000000
-0.016111739467089055, 0.16931649112130645, 0.499726431389267, 115431000000
-0.12015713984014606, 0.012719081828302047, 0.4994907606045252, 115436000000
0.014577319821935265, 0.1737379286051682, 0.4999072266939439, 115441000000
-0.1193042958107263, 0.0006977308587848713, 0.4996290991558571, 115446000000
-0.083537744463896, 0.05543205152552097, 0.4999622276585067, 115451000000
-0.03269659193444306, 0.11638217157258793, 0.49972941211966215, 115456000000
-0.10397736025692543, -0.003983522225071768, 0.5002295720410973, 115461000000
-0.06085048977914227, 0.06430736981750292, 0.49984279533134857, 115466000000
-0.019290321877471546, 0.17464249998221412, 0.49959297196763003, 115471000000
-0.09175460533924296, -0.0032928174657563918, 0.4994271025620586, 115476000000
-0.02798218604120788, 0.06298633253343121, 0.4999546520319164, 115481000000
-0.06361231648119989, 0.07342784738546065, 0.4998108981366069, 115486000000
-0.06675602957942091, 0.07925617777259239, 0.49985473234841327, 115491000000
0.005073182451531131, 0.1635201388455862, 0.49992329527712465, 115496000000
-0.13244032994641625, -0.07163406217056942, 0.4995743761925091, 115501000000
-0.04037166948283644, 0.09419134999054547, 0.49964248582178244, 115506000000
0.042373937114377834, 0.12832342566012822, 0.4999120290991367, 115511000000
-0.11312184244675813, -0.027322747898237312, 0.4995010817591452, 115516000000
-0.0072044248713273975, 0.14665774051679623, 0.4996180775988081, 115521000000
-0.09940450616717438, 0.0006224457853932636, 0.49985239616542737, 115526000000
-0.0571208499348615, 0.088467017575304, 0.49981913213133194, 115531000000
0.005424150341406044, 0.16210457887197072, 0.49994104513769455, 115536000000
-0.11689907283541456, -0.02683052129419016, 0.49924881231230467, 115541000000
-0.05196201647532612, 0.08447602441490853, 0.5000859034397698, 115546000000
0.009074561264977932, 0.14820963735519163, 0.4996595235131918, 115551000000
-0.1251850412357312, -0.02304773365779098, 0.49968055191561295, 115556000000
-0.03774015115505444, 0.07894788785468075, 0.5000156880675252, 115561000000
0.03292039398944322, 0.17521010548672844, 0.499748502551196, 115566000000
-0.12252121757690694, -0.05769605591867714, 0.5001201367120192, 115571000000
-0.053611770030200304, 0.08625598606571877, 0.4996527485536231, 115576000000
0.032043606157669775, 0.16703694036145947, 0.49947118003814023, 115581000000
-0.12927014534152684, -0.006885751095994385, 0.499664800986643, 115586000000
-0.04295648697801565, 0.18142274400780586, 0.4997261015705342, 115591000000
-0.10383539127228356, -0.024838748008517333, 0.4994427362051324, 115596000000
-0.053378885801919275, 0.10266419700054982, 0.5000860244482336, 115601000000
0.014037472181426727, 0.14825708805050586, 0.49968451183347107, 115606000000
-0.11580166441052551, -0.024434500106936968, 0.5000443268170438, 115611000000
-0.07026534300210924, 0.10620222315660001, 0.49998953510791116, 115616000000
-0.05327247495250632, 0.09505272002416562, 0.4998479249983722, 115621000000
-0.06265176823257106, 0.1045548047826542, 0.4996768268262125, 115626000000
0.010895555879662254, 0.17945979666933162, 0.49986071105649776, 115631000000
-0.09489426236857691, -0.026902755022623508, 0.4996578342959896, 115636000000
-0.06655981829120665, 0.08259198079332453, 0.4997449125656671, 115641000000
-0.01651233901221707, 0.18090897667490335, 0.4998375351081013, 115646000000
-0.0968681531026159, -0.034193508321470584, 0.49975744977303904, 115651000000
-0.024457575771936267, 0.1590375910663525, 0.49964988437713403, 115656000000
-0.11403928865400859, 0.017293733936505438, 0.4997912142464743, 115661000000
-0.061467580275924194, 0.1059865155402571, 0.49948500328170126, 115666000000
-0.014992481717793245, 0.17045398780726778, 0.4992956235041256, 115671000000
-0.13596794378459848, 0.007882678029236735, 0.5000752622568041, 115676000000
-0.05833185354262388, 0.05735904297861752, 0.500321493008005, 115681000000
0.011968485965327019, 0.14835953372600408, 0.4994452670509951, 115686000000
-0.09545987200298535, -0.005538668058463743, 0.4997890746978585, 115691000000
-0.03935284631109204, 0.09872043076277945, 0.49995407077304405, 115696000000
0.01122554470341076, 0.19365876620110023, 0.49950750228037405, 115701000000
-0.12740049579196494, -0.04230564417510523, 0.49944633200569094, 115706000000
-0.05102438685425904, 0.12595531640835483, 0.49965919579990864, 115711000000
-0.025906753482812354, 0.19763220474073737, 0.4999024956738485, 115716000000
-0.10142926050951324, -0.03882909679611242, 0.5000654343015996, 115721000000
-0.013513987140338827, 0.1607544672949111, 0.49992106749404724, 115726000000
-0.11918977135802378, -0.014369380313725285, 0.49963223678028384, 115731000000
-0.061411066627983193, 0.08004099197930875, 0.4997760126574387, 115736000000
-0.015082227488482881, 0.13731160797774358, 0.4995725450107672, 115741000000
-0.10689576576222184, -0.01957617794459285, 0.49943105736672794, 115746000000
-0.08871401084598547, 0.07668138646102794, 0.4996546696699013, 115751000000
-0.07536372260826082, 0.10497406842242867, 0.49993054285306526, 115756000000
-0.04652252637792442, 0.08132404061314162, 0.5001398542192368, 115762000000
-0.006150802503395399, 0.1937521819328393, 0.49966467462507413, 115766000000
-0.11425325363009081, -0.03693715509054309, 0.49981780999281133, 115771000000
-0.05212941899355121, 0.08885672109551165, 0.4997937828498708, 115776000000
0.0054952970837238565, 0.16065448431121904, 0.4995819573821478, 115781000000
-0.1032749378867266, -0.05265864878342099, 0.4999461980962176, 115786000000
-0.0020312711444252732, 0.1463030257104782, 0.49973221912804033, 115791000000
-0.11207776295210459, -0.012985936799829767, 0.4995278870727506, 115796000000
-0.056425546849144984, 0.06669372200238714, 0.4994855614718287, 115801000000
-0.03683178808457016, 0.08214208692614569, 0.4996876701108748, 115806000000
-0.025420933732823576, 0.16499026827530885, 0.49927165023867026, 115811000000
-0.09149292406186586, -0.02619600699516482, 0.4999461192927301, 115816000000
-0.04614287818230991, 0.09440984525953698, 0.5001329883761901, 115821000000
-0.024743979590312066, 0.10573492381253072, 0.4995453584485952, 115826000000
-0.08569038326007718, 0.053705386387150986, 0.49997865799198227, 115831000000
-0.05106829959558829, 0.19219695826105687, 0.49998577567093383, 115836000000
-0.12600642872776896, -0.01927190078591709, 0.49991110502537756, 115841000000
-0.08605629088365527, 0.07561880896672013, 0.4998611502617148, 115846000000
-0.01415955920208166, 0.15763688568482215, 0.49952971144044983, 115851000000
-0.1054804899871828, -0.008509174068628809, 0.4998438603679615, 115856000000
0.001313708955893748, 0.16847370288049965, 0.4994997172441706, 115861000000
-0.06782622955727305, -0.013971807291536424, 0.4995275647538837, 115866000000
-0.03224416595584638, 0.07081427569857715, 0.49966118115957947, 115871000000
0.01759621263440788, 0.1792317192823455, 0.49915810755434653, 115876000000
-0.12206993986304615, -0.0034046485999118525, 0.4995199309452881, 115881000000
-0.05700123959350019, 0.08341586785395072, 0.5000166013639757, 115886000000
-0.07743031028727501, 0.0879456279253283, 0.49916510725708074, 115891000000
-0.07585897715321925, 0.04909385110383638, 0.5000210269922394, 115896000000
0.0005352389842405094, 0.18817977063677407, 0.49975109200297907, 115901000000
-0.09905440292537783, -0.020088257907417164, 0.49987174093880193, 115906000000
-0.06545991743297776, 0.09047046479944547, 0.49982051519394477, 115911000000
-0.011775575349961088, 0.17160677222456683, 0.4998417892326747, 115916000000
-0.056744731547304424, -3.27289585046662e-05, 0.4995111136669387, 115921000000
-0.04036108539404824, 0.07472975966814444, 0.4996238727384622, 115926000000
0.01419518668563765, 0.14691368733745913, 0.49996466616320656, 115931000000
-0.09350378834438033, -0.013345789769579463, 0.4996050623146703, 115936000000
-0.0432495914833467, 0.08226079603603866, 0.49985899269294737, 115941000000
0.013739344767708921, 0.17937097827918586, 0.49970219876374167, 115946000000
-0.11645690368601434, -0.02993030239948711, 0.49951415782681496, 115951000000
-0.040301272608161756, 0.06830440843362838, 0.49981127187601176, 115956000000
-0.04541852457049833, 0.07047987883013183, 0.4996814688326189, 115961000000
-0.031210683469847136, 0.06284289731255817, 0.5000712726662974, 115966000000
-0.00010857349805102603, 0.17038067887809188, 0.49940355155549515, 115971000000
-0.12572733356912427, -0.02060510820799867, 0.49998820252617304, 115976000000
-0.0744590920781702, 0.07168344570044437, 0.4995301823833752, 115981000000
0.018979273250896666, 0.1552218719633168, 0.49958563507288634, 115986000000
-0.13764241637435184, 0.00854148075272533, 0.4995734841488109, 115991000000
-0.017286604219252707, 0.18518558023439075, 0.4999799912385426, 115996000000
-0.13408612014720936, -0.037363789970401864, 0.49944503387282235, 116001000000
-0.06467584817969642, 0.08978260277250008, 0.4999891880908333, 116006000000
-0.028953218242790943, 0.14388092876963884, 0.49965369578521784, 116011000000
-0.08169117550207095, -0.03909536272022954, 0.4996564350660148, 116016000000
-0.053257103789328006, 0.06619360958294096, 0.49961764699626443, 116021000000
-0.06859781709313995, 0.11347080692901121, 0.499986136266049, 116026000000
-0.0768564560931403, 0.057636103196401854, 0.4998278114975188, 116031000000
-0.012846662062306564, 0.1696939604213688, 0.499267168847198, 116036000000
-0.11652722084948727, -0.018154532522052624, 0.4997180162666736, 116041000000
-0.11299147792100642, 0.0704024767431959, 0.49971637203528146, 116046000000
0.011953470131435561, 0.19271993319058556, 0.49963965451550785, 116051000000
-0.12034161075685207, 0.008355059076450845, 0.49961996550481896, 116056000000
-0.05176617836626206, 0.0946859197159785, 0.499827960930762, 116061000000
0.00034932236182120386, 0.19095048974391887, 0.49941106110539735, 116066000000
-0.11959589197614602, -0.05545443943273724, 0.4998911194727138, 116071000000
-0.04640195291255149, 0.08385597516853838, 0.4996908761445002, 116076000000
-0.01422157699818662, 0.16817003804627279, 0.4995436789125125, 116081000000
-0.1122550925983106, -0.0068702911055043454, 0.4996219161673119, 116086000000
-0.03641401803877031, 0.09831479160771955, 0.49989202817623724, 116091000000
-0.04273584171604187, 0.18690974913222896, 0.4991887011016608, 116096000000
-0.11980071085386361, 0.0017158160266813882, 0.4998830600922974, 116101000000
-0.048570518892513466, 0.10837927703649933, 0.4998263940252841, 116106000000
0.00016291453871528886, 0.17990672152176243, 0.49970125446368857, 116111000000
-0.0802633392996724, -0.03205998064600825, 0.49961521976733675, 116116000000
-0.05692799941496715, 0.0692842580653974, 0.4998655678361514, 116121000000
-0.009549607950943477, 0.20275794391832466, 0.4995789984395016, 116126000000
-0.08683433230569143, -0.025423879971700064, 0.4997126225602321, 116131000000
-0.028128923716232115, 0.15593613387581404, 0.49939971799855654, 116136000000
-0.1125247329922375, 0.008607088155789724, 0.49951875058659917, 116141000000
-0.062351427793016764, 0.08081010222885748, 0.49994462622239016, 116146000000
0.02010623953934152, 0.17806020815226756, 0.4998423953227578, 116151000000
-0.13723637132562588, 0.006281159399073959, 0.49975894234991247, 116156000000
-0.038725684850903906, 0.10989870985142482, 0.4993547239179375, 116161000000
-0.058780982293587414, 0.0663584005252641, 0.5000980940560087, 116166000000
-0.03333458463923439, 0.05377619118873481, 0.4994424025613818, 116171000000
-0.0002837020564403108, 0.1467751114874965, 0.4996775824008971, 116176000000
-0.12185688375394685, -0.03862861037240014, 0.4998534783080711, 116181000000
-0.04050965423035034, 0.08911348447069062, 0.4997032566144328, 116186000000
0.020882159864239833, 0.16450569904122664, 0.49951522740460896, 116191000000
-0.11023859972764419, -0.021824411240209937, 0.49964926414377697, 116196000000
0.011812970755136539, 0.17686307236255588, 0.4997093610589982, 116201000000
-0.08940666875716755, -0.0219345987590329, 0.4996142306702604, 116206000000
-0.02659766234946113, 0.10069463986151564, 0.49978942905718177, 116211000000
-0.011415879632634513, 0.15093993538873607, 0.4996190433077907, 116216000000
-0.11948673398473447, -0.044884234441480875, 0.4998215471400997, 116221000000
-0.06459884591458544, 0.09682340975016568, 0.4999515746745361, 116226000000
-0.08050958866011104, 0.0932853357819262, 0.4992043552605848, 116231000000
-0.06161339444186104, 0.057831596088287904, 0.49976962817785486, 116236000000
0.03150886519242206, 0.16327950566606936, 0.4997518783098047, 116241000000
-0.09404469315971971, -0.0163500859744746, 0.4996767848892805, 116246000000
-0.03831375997621844, 0.07186189415649982, 0.5000692603647677, 116251000000
-0.004749231987811201, 0.16602371934619886, 0.49964732314928684, 116256000000
-0.12302167059651369, 0.00076891021629618, 0.4995194005597597, 116261000000
-0.004939653274275497, 0.12847255097159144, 0.4998899498906133, 116266000000
-0.07997935330755022, 0.017289683298646247, 0.4993373140063727, 116271000000
-0.04716391426504797, 0.09314179263049185, 0.4995522696301234, 116276000000
-0.016796463703779838, 0.2045426144219569, 0.49968493075138665, 116281000000
-0.10824516940680375, -0.04040847512857434, 0.49989692524253343, 116286000000
-0.04552999843724682, 0.08817425365914514, 0.4999287955706166, 116291000000
-0.07497526735022986, 0.0718068773505175, 0.49977534759993, 116296000000
-0.06749555999205205, 0.062108817919716064, 0.4998188682579712, 116301000000
0.01982183164211824, 0.16046182726574923, 0.4996112522049729, 116306000000
-0.10492694011037638, -0.002079259074863702, 0.4996230231815072, 116311000000
-0.0640092537240089, 0.09940750482359222, 0.5000174039127802, 116317000000
-0.03178241738980094, 0.11153070061981572, 0.4996786560100908, 116322000000
-0.07398586951030808, 0.05315415911711838, 0.4993766983578881, 116327000000
0.006512173470210393, 0.17718131270616536, 0.49975084011152004, 116332000000
-0.10353665882593643, 0.014782333913697206, 0.49989159453182436, 116337000000
-0.058303318625912794, 0.07232863071346605, 0.4997579968018051, 116342000000
-0.007378641566701657, 0.12361343987811907, 0.4999754112097461, 116347000000
-0.1321246579973221, -0.042040629884188066, 0.4998881893307113, 116352000000
-0.008564194818184384, 0.17954274680935411, 0.5001298609874039, 116357000000
-0.11086353115395113, -0.014223981777354037, 0.49978966086273163, 116362000000
-0.07881374627133696, 0.07100912574626474, 0.49950951701018276, 116367000000
0.004884234096589694, 0.14912999640297792, 0.4997963935204562, 116372000000
-0.08631014000178745, -0.0286361890960964, 0.4996118471277056, 116377000000
-0.08374279748335949, 0.09203784744648652, 0.4998656094631509, 116382000000
0.019876546340234384, 0.21949433496905557, 0.4995098511936185, 116387000000
-0.10731144317525686, -0.031940056802384764, 0.4998272657595287, 116392000000
-0.03720563203844253, 0.1007646949022365, 0.49966305716958703, 116397000000
-0.0065732043619836245, 0.18767416846912466, 0.5003220728388481, 116402000000
-0.10292054838024377, -0.029403326035298508, 0.4995335672000863, 116407000000
-0.09226111923175648, 0.060953203178440794, 0.4995991234682539, 116412000000
-0.01960690531254396, 0.17551301416151532, 0.49959903512295817, 116417000000
-0.12313543145160125, -0.009474171989901862, 0.49974484323543555, 116422000000
-0.052643553510779734, 0.08807634094159464, 0.500077597033396, 116427000000
-0.004238975052584376, 0.16829988692414644, 0.49923978819711196, 116432000000
-0.10121080197469677, -0.003300740006207786, 0.4995369293531324, 116437000000
-0.08135172586525297, 0.05026969307021225, 0.49969660438373903, 116442000000
0.0013334954698404865, 0.1778456666290019, 0.49939263003308015, 116447000000
-0.09908095722681239, -0.040325100321879886, 0.49963974914142273, 116452000000
-0.018138531300054432, 0.11650963605495929, 0.4997490714315365, 116457000000
-0.05641772538271393, 0.007623616132733878, 0.49970641254893056, 116462000000
-0.03605340133852936, 0.06742427249199301, 0.49963937008972525, 116467000000
-0.002688939403710001, 0.14885950913671583, 0.4998027917622364, 116472000000
-0.0815274530692322, -0.024912954378963913, 0.49975845535873514, 116477000000
-0.04567508113781516, 0.051310403278332826, 0.49986519399103574, 116482000000
-0.009546999480477714, 0.09647627318976414, 0.49977499825927435, 116487000000
-0.07610665464147591, 0.09127538513650271, 0.4999522479545088, 116492000000
-0.0005089478115435371, 0.2024649923349808, 0.49957253154759773, 116497000000
-0.11488376473156346, -0.009028925693699983, 0.5000223163347007, 116502000000
-0.057772123249650094, 0.05705842481987764, 0.49986541729347495, 116507000000
0.02455484698340346, 0.21457709057584418, 0.49973519306185255, 116512000000
-0.10927735703371351, 0.006531767416688445, 0.49994179115677306, 116517000000
0.009106945708295334, 0.14961500598754335, 0.49962869792576636, 116522000000
-0.09621973435756465, -0.005995422823315162, 0.499363110385643, 116527000000
-0.0682076563039195, 0.053901729651107455, 0.4997551217318809, 116532000000
-0.014618198194492199, 0.15851228867873443, 0.49983610143489593, 116537000000
-0.11284778754241763, -0.03547418331164238, 0.49965115741770394, 116542000000
-0.06477730404433468, 0.06239440996214894, 0.49992322399692135, 116547000000
-0.028106186384954577, 0.08369649481450635, 0.49935059513169244, 116552000000
-0.08261577023187572, 0.054860240852097494, 0.499984919795465, 116557000000
-0.017483999879571215, 0.1560503938128896, 0.5000507812045343, 116562000000
-0.10138967506710106, -0.03329954001048438, 0.4997918432317383, 116567000000
-0.0869382081855509, 0.10223164601649479, 0.4997756024723762, 116572000000
-0.0046265898436112915, 0.15354552283946207, 0.49931379849188695, 116577000000
-0.11842399941022108, -0.0355387583306919, 0.4996657001471351, 116582000000
-0.04902007146781927, 0.05644183326796597, 0.4998395163369578, 116587000000
-0.0005177338809253044, 0.16389746909502254, 0.5000346235327623, 116592000000
-0.07927999728866934, -0.01298857342277073, 0.49959525697728974, 116597000000
-0.06028398689886368, 0.05017588303118465, 0.5000864408306592, 116602000000
0.013752749846663593, 0.15606086824241996, 0.5000494814303056, 116607000000
-0.10610071286480001, -0.040312620073589434, 0.49948274313209917, 116612000000
-0.06066221355403518, 0.12508085323060503, 0.5002393399019477, 116617000000
0.005101529556522856, 0.17640933044493573, 0.49949190966742124, 116622000000
-0.10310665880584326, -0.0069416019380354205, 0.4997741498213912, 116627000000
-0.08620603721050638, 0.09002643657190491, 0.5002187536686052, 116632000000
0.012669728452761457, 0.16679752791986185, 0.49979304208674524, 116637000000
-0.08987434481543066, -0.05440556203516733, 0.49947171933575085, 116642000000
-0.03645891562597597, 0.13948219559339994, 0.49984971956957286, 116647000000
-0.022792367114842445, 0.18811835203254065, 0.4997226530953208, 116652000000
-0.07751552198318276, -0.03793368395927239, 0.4997406946121075, 116657000000
-0.016528334758565296, 0.15233681901127394, 0.49989233624215906, 116662000000
-0.10482096112456363, -0.004275984622023432, 0.4998118669596837, 116667000000
-0.04713775052218515, 0.08327601056568901, 0.5001320812301199, 116672000000
0.011420433090003661, 0.13777420628833448, 0.49978028118281614, 116677000000
-0.09807734959789963, -0.03302898392745329, 0.49964026960214714, 116682000000
-0.06176851263522434, 0.06809866387356289, 0.49966514454031696, 116687000000
-0.053922697322822725, 0.10195991819740068, 0.49967470886492604, 116692000000
-0.07476571996429208, 0.05685193560033974, 0.49999607930206075, 116697000000
-0.017317742179567247, 0.19800203340149236, 0.5002182546729321, 116702000000
-0.10424420613229458, -0.03799688258484962, 0.49966610015547747, 116707000000
-0.04783210697633705, 0.05967378665088645, 0.49970458016645586, 116712000000
0.012190105989238862, 0.16770252844887462, 0.49939141092987294, 116717000000
-0.09340089246474725, -0.015472989652150706, 0.4996681667963432, 116722000000
-0.022333243866140978, 0.16623777868555786, 0.49970685341662174, 116727000000
-0.10266664769516741, -0.015688505838650897, 0.49929212012199803, 116732000000
-0.06984254441300952, 0.0645180144985782, 0.49959696229031825, 116737000000
-0.015263545609146131, 0.14463682765655872, 0.4998057557651128, 116742000000
-0.09891533301653486, -0.028844170011631243, 0.4999165920194093, 116747000000
-0.0645548422658237, 0.03793726802806996, 0.4996441511957262, 116752000000
-0.07803924460749276, 0.057884477992384886, 0.4994906675427836, 116757000000
-0.07811621626072401, 0.05949894424404391, 0.5003761492791949, 116762000000
-0.021359758640468178, 0.2002595725001234, 0.4999939030986895, 116767000000
-0.1270650799364995, -0.010281916356528115, 0.4998107776238876, 116772000000
-0.039368430548309526, 0.07947438133738038, 0.49988917986123493, 116777000000
-0.014957051626545072, 0.19608709225426532, 0.4997141844871047, 116782000000
-0.07817704958936313, 0.01053470759562821, 0.49985334421728317, 116787000000
-0.011301422270999834, 0.20342669603697003, 0.4997499701336299, 116792000000
-0.12098897011549932, 0.023873156226448585, 0.499541861988238, 116797000000
-0.05513601792421791, 0.07384886481915065, 0.499399331934147, 116802000000
0.029141569359907193, 0.20824096572409945, 0.4995479117422151, 116807000000
-0.07338658131514542, -6.89613396726704e-05, 0.4998153454561938, 116812000000
-0.005197462354117508, 0.1527300958802128, 0.4997197257825523, 116817000000
-0.11256912724494332, -0.017147133433779865, 0.4998341560302403, 116822000000
-0.028639540592863576, 0.06335734623948173, 0.49997466859623185, 116827000000
-0.014908886476987132, 0.17395318007902966, 0.5001359926231804, 116832000000
-0.09810420350779957, -0.032881341951371275, 0.4997646894548989, 116837000000
-0.05618407451867995, 0.08714735335086438, 0.49966961020822404, 116842000000
-0.008609734761975359, 0.1750562539195803, 0.4997768570745328, 116847000000
-0.12501940635582437, -0.01180899684808589, 0.4995442272111371, 116852000000
-0.07306921670480584, 0.07176919035399236, 0.4997546247634166, 116857000000
-0.016365185018205275, 0.1592752087552519, 0.49961343696161625, 116862000000
-0.10206523088168193, 0.030992137179309164, 0.49968649371067103, 116867000000
-0.047942526285698485, 0.08415408481995724, 0.499890270739721, 116872000000
-0.02111761873024698, 0.18065366676633623, 0.4997112648779612, 116877000000
-0.12666869417659427, -0.09302014538679754, 0.49950188914973753, 116882000000
-0.059993022186091344, 0.07703280164311116, 0.49960384307614675, 116887000000
-0.020220994178402348, 0.14152357041784544, 0.4996916484434216, 116892000000
-0.13184343548294025, -0.03304243672332952, 0.4998131070997938, 116897000000
-0.056547220173403766, 0.08088830027686067, 0.5001436489736958, 116902000000
0.014482574904273633, 0.1618561702756709, 0.49922258781333345, 116907000000
-0.09087625294272118, -0.028599812881532585, 0.49968588995961966, 116912000000
-0.03862196093981564, 0.09174449590703124, 0.49997772013211045, 116917000000
-0.010371444182445675, 0.19269659910712134, 0.4997528915677326, 116922000000
-0.08150728973903441, -0.03323041417000824, 0.4996799239603553, 116927000000
-0.0822216168802557, 0.08889282683460847, 0.4998646463928981, 116932000000
0.017226246707734302, 0.15749318955828817, 0.49955880341638825, 116937000000
-0.09940483100526815, -0.028705858735306098, 0.49970181940333164, 116942000000
-0.006580805531417837, 0.13476211597781693, 0.49980736662990577, 116947000000
-0.09821779161155939, -0.016786752176675395, 0.4999987939461205, 116952000000
-0.02402796186353294, 0.08323346541685062, 0.49972890837959444, 116957000000
-0.006603193707468476, 0.18231768048311084, 0.4993112950104926, 116962000000
-0.08533679140398891, -0.0217525880812799, 0.4997410044583672, 116967000000
-0.03392329417405138, 0.05965603681477433, 0.4998466901062019, 116972000000
-0.08918100315613989, 0.11696537639301788, 0.4994003015098686, 116977000000
-0.06786961163444002, 0.03630353614004901, 0.4996732896183958, 116982000000
-0.023868621063592693, 0.19538231560879338, 0.499816977616076, 116987000000
-0.12106150995690819, -0.019480415956619954, 0.49963425904300846, 116992000000
-0.0737731621334916, 0.07875934602383454, 0.499985261037231, 116997000000
-0.02021751442264886, 0.16287847842585573, 0.4996807804312322, 117002000000
-0.08979125412198036, -0.006455135921366975, 0.49970990660179554, 117007000000
0.01411929297845425, 0.14870186339533142, 0.500031104237175, 117012000000
-0.11095137226710713, -0.04044846925667472, 0.4997306340887576, 117017000000
-0.05404906702342869, 0.078433922895702, 0.4999670918487678, 117022000000
0.020949934619546084, 0.1525314065304241, 0.4995956087629336, 117027000000
-0.1113536959038255, -0.009719407701023537, 0.49964464127013664, 117032000000
-0.04174521952138789, 0.0928337403446605, 0.5003854384159592, 117037000000
-0.011881409030251797, 0.09832625868260633, 0.4998155772573297, 117042000000
-0.07782769407441154, 0.07082469041252083, 0.4997656284240092, 117047000000
-0.026269102063399063, 0.1615129136926489, 0.4996913736723573, 117052000000
-0.13778622493191378, -0.03084886332395709, 0.4997033831826768, 117057000000
-0.0835250946593982, 0.06938971718333473, 0.49984186397297614, 117062000000
0.01993216533652963, 0.17285189628936565, 0.4999953914621881, 117067000000
-0.1321138820221076, 0.002269995923616059, 0.49959042702125867, 117072000000
-0.03481877827565573, 0.16037867092884195, 0.49981112812999806, 117077000000
-0.11904746790109313, 0.0028680476750530433, 0.5000815470778383, 117082000000
-0.03167649925580607, 0.06630528740588848, 0.499713942654746, 117087000000
0.01712743457006223, 0.1575798692191772, 0.49949507388335584, 117092000000
-0.10491952675031771, -0.022818415743182364, 0.49972040179392124, 117097000000
-0.050682286226508284, 0.08888753272257975, 0.4996006769481844, 117102000000
-0.06571932534335256, 0.113113624835243, 0.4999866680385819, 117107000000
-0.05297554735967584, 0.10517235130579233, 0.49997771700993104, 117112000000
0.01369953196695714, 0.1946437592936021, 0.4998035164019293, 117117000000
-0.10478429660590663, -0.024080970540091413, 0.4997575910037088, 117122000000
-0.0678339222707058, 0.06502951583626501, 0.4999818404020188, 117127000000
0.034522216301056556, 0.15903586761318445, 0.49944977505769617, 117132000000
-0.10811124810781647, -0.0156675199350959, 0.49938477699189476, 117137000000
-0.00751700399473592, 0.1694989857782392, 0.4997387578314506, 117142000000
-0.0664862348331714, -0.012876030420596889, 0.4995588239234248, 117147000000
-0.06309022176656542, 0.11710481814268758, 0.4998231981677675, 117152000000
0.01816544236604127, 0.18551201290016425, 0.4997660406547238, 117157000000
-0.10791265769569414, -0.009645631602568282, 0.4992193823685345, 117162000000
-0.046411559269049, 0.08685492951184579, 0.4999851519984569, 117167000000
0.0016445026009355122, 0.13663180103003997, 0.49963473244577894, 117172000000
-0.12251311826627596, -0.024399212516858827, 0.4996354332866796, 117177000000
-0.058831181320061654, 0.06221952905740269, 0.49973773879437894, 117182000000
-0.0026219521431720253, 0.1484513122597304, 0.49985626459816745, 117187000000
-0.1102650088316248, 0.0036346208930443102, 0.4997730350352905, 117192000000
-0.06157177519679372, 0.06466454072791847, 0.499678745513423, 117197000000
-0.04050483826684692, 0.0656842281561251, 0.49986178657715663, 117202000000
-0.08371472706856713, 0.10052567481360047, 0.49972214046252444, 117207000000
-0.022214105298981938, 0.18369583095553324, 0.49966094099821334, 117212000000
-0.1432127948733129, -0.010168627904558507, 0.4996625978357507, 117217000000
-0.05346635465272112, 0.08365142731724295, 0.4998142848956442, 117222000000
-0.008167990528742267, 0.16759620285129573, 0.49971476810693966, 117227000000
-0.102115675613751, 0.01996142411146281, 0.4992753175994247, 117232000000
-0.07804706574452133, 0.06064948833445652, 0.4999389267906098, 117237000000
0.022365855800774596, 0.18476060880764858, 0.499812810150215, 117242000000
-0.09779321936750307, -0.012318651693005656, 0.4993107313430272, 117247000000
-0.04798068363429803, 0.08629144330458595, 0.4996017038055226, 117252000000
-0.03647418949868389, 0.17696183305292115, 0.49985220569803035, 117257000000
-0.1098233149451624, -0.04335118337616224, 0.4997753890245159, 117262000000
-0.057511799748200865, 0.0853518847648087, 0.49955538805320404, 117267000000
-0.04083864860345278, 0.09708784408078963, 0.4999022135293661, 117272000000
-0.04472016397208045, 0.07037644683446999, 0.4998915936038854, 117277000000
-0.031971647495837, 0.18729145101799066, 0.4995181160588693, 117282000000
-0.10410998571652018, 0.01158621282652329, 0.499404282747984, 117287000000
-0.03349898834214579, 0.06813345149533352, 0.5002475832185295, 117292000000
0.013911434918563349, 0.16942651325014757, 0.49985073997484775, 117297000000
-0.11131414409871732, -0.048213125046576336, 0.4995923692654185, 117302000000
-0.01813801498667169, 0.15466329809790078, 0.4997258747053313, 117307000000
-0.10632397418750153, -0.03161002637776217, 0.4994813479623616, 117312000000
-0.07249935881729644, 0.09767937068204809, 0.49970299741689883, 117317000000
0.040651240018449115, 0.20401359280348172, 0.499698574127129, 117322000000
-0.11717867920556417, -0.02116951736236303, 0.5002831331181282, 117327000000
-0.062316491631154734, 0.062201920295343216, 0.49973325418616377, 117332000000
-0.020553071161227027, 0.09202129300876936, 0.49985342835586966, 117337000000
-0.0477709558278097, 0.06155432972753386, 0.4992851184920777, 117342000000
0.03351435663961266, 0.17981658787757462, 0.49974830621814037, 117347000000
-0.1093766934812881, -0.03374379787099473, 0.49995466103031727, 117352000000
-0.058769562741978185, 0.11144311911664355, 0.49994385361034427, 117357000000
-0.017659584372535765, 0.18583148651601616, 0.49955016944290426, 117362000000
-0.07940462204082889, -0.030277884196493916, 0.5001590567605302, 117367000000
-0.018488575964435133, 0.17992580295245397, 0.49972284263915573, 117372000000
-0.10020961095170905, -0.031012212888426552, 0.49970379022849254, 117377000000
-0.08388485176835282, 0.06670157260228549, 0.4995810847847825, 117382000000
-0.012291503101812727, 0.15619698858258121, 0.499437586409969, 117387000000
-0.10006407417517216, -0.006972303553934883, 0.49958554535787425, 117392000000
-0.06810325139957872, 0.08429544244732068, 0.5001067634019108, 117397000000
0.014094839430530377, 0.15950424396718982, 0.4996216706951486, 117402000000
-0.11344450627844817, -0.05020640719446057, 0.49985390868714186, 117407000000
-0.04908362671128183, 0.08565342902150212, 0.49981354573948245, 117412000000
-0.008415520568983786, 0.1812436004575461, 0.4994999333466209, 117417000000
-0.12294203181767302, -0.01250976663932229, 0.4995294555838121, 117422000000
-0.029638896705671235, 0.07670369770261043, 0.49991877226008935, 117427000000
0.024324525990581162, 0.17259062413361967, 0.49911256887235594, 117432000000
-0.12948811421907536, -0.013879382066369631, 0.4994684960634248, 117437000000
-0.06970907409399532, 0.08942049295804497, 0.4997956475880471, 117442000000
0.005175823875593946, 0.17393389428002418, 0.49971389770053637, 117447000000
-0.11117043518651329, 0.019756234489760435, 0.5000380135678119, 117452000000
-0.056907119498706756, 0.06710335276506274, 0.5001177145989981, 117457000000
0.010914849521083543, 0.1698537909705742, 0.4997449537048403, 117462000000
-0.13148336350211823, -0.04765316615628337, 0.4999860618517672, 117467000000
-0.06547650768188193, 0.06658755815561522, 0.49996270907047663, 117472000000
-0.04087564230634997, 0.07361362279752148, 0.4995382689592576, 117477000000
-0.05717258838029187, 0.03869727551919462, 0.4998407487878785, 117482000000
-0.021435997691756036, 0.18055901553676082, 0.500151140486672, 117487000000
-0.10177529638393946, -0.005854329048403224, 0.49998209923409775, 117492000000
-0.03713269042285636, 0.07115821357428354, 0.5001399885283296, 117497000000
-0.011001791468733497, 0.18190647796825574, 0.4994451162973292, 117502000000
-0.0973808241957483, -0.015285122811303564, 0.49986470410215705, 117507000000
-0.008311322022550882, 0.1776344826067253, 0.49959185111685794, 117512000000
-0.12826991128753729, 0.0002018276526192398, 0.49971588634499475, 117517000000
-0.07222395539131674, 0.09394100622209561, 0.4998309081296534, 117522000000
-0.007278908507949426, 0.1719976701794821, 0.4997351637557224, 117527000000
-0.0982656933260026, -0.03656640465974858, 0.4997165423092104, 117532000000
-0.05869179698237575, 0.10283260688431153, 0.4998202300210568, 117537000000
-0.06925132171825499, 0.07557709106401266, 0.4994040460538203, 117542000000
-0.048050495786891745, 0.07877783224868778, 0.49982438947050073, 117547000000
-0.027505892403439456, 0.1674568699427666, 0.4997614591928046, 117552000000
-0.14081789790167865, -0.030123508337208376, 0.49929254338904044, 117557000000
-0.06686591265792345, 0.0603802070406657, 0.5001004708027073, 117562000000
-0.031702136110209896, 0.15892561898867633, 0.4994447525995736, 117567000000
-0.09895639070547957, -0.026540635195823115, 0.4996743698739555, 117572000000
-0.030739292702526996, 0.17317100832568424, 0.5001847345372429, 117577000000
-0.11346388021822121, -0.03323254475528735, 0.4998787575046562, 117582000000
-0.055334592396474105, 0.0734573029952447, 0.5000781415381849, 117587000000
-0.04139633949419552, 0.16266490911951814, 0.4995532397616728, 117592000000
-0.12091325720037406, -0.05148454860763754, 0.49956692213254383, 117597000000
-0.06589540658615634, 0.08339579676570563, 0.49991513921559155, 117602000000
-0.05321657840899308, 0.07774440256760608, 0.4993178878581674, 117607000000
-0.07021939085201814, 0.1080049928098121, 0.49986290054866567, 117612000000
-0.03406028134355349, 0.16568100741019687, 0.4995549637277979, 117617000000
-0.096201786370303, -0.07339848303031485, 0.5001242476262612, 117622000000
-0.10344874740950341, 0.06957074289487085, 0.49973264204661966, 117627000000
-0.004734484193448353, 0.14953552107680684, 0.49994288307714035, 117632000000
-0.11629466714461388, -0.026993461586434196, 0.49985893538160553, 117637000000
0.00916360956891556, 0.17583437447842243, 0.5001112122190536, 117642000000
-0.11674876577333, -0.006383930036749768, 0.4996167621917192, 117647000000
-0.04528717785342617, 0.08635927816556636, 0.499644975580816, 117652000000
-0.0035055254736382642, 0.16648927952818526, 0.49983942252746427, 117657000000
-0.10389802682684399, -0.02268028927537058, 0.4996304433109764, 117662000000
-0.010058785591252194, 0.1495200444395164, 0.4997382356831186, 117667000000
-0.10013254663170956, -0.010208697745274048, 0.4994652202054634, 117672000000
-0.07181235733304925, 0.09622188649544557, 0.49977137589341897, 117677000000
-0.011430729251159245, 0.15861384484961902, 0.4996193006047174, 117682000000
-0.1255442035028594, 0.007819529409753837, 0.49964071855142467, 117687000000
-0.02473078253496717, 0.05743857442310004, 0.4998640884759965, 117692000000
-0.004699284834208665, 0.18099725464627686, 0.4997835150384413, 117697000000
-0.11983952595495076, -0.019684848151902443, 0.49985125519272333, 117702000000
-0.05178271279737369, 0.108794464687474, 0.49979853823012177, 117707000000
0.05122125048728138, 0.14990919638807562, 0.49943366066806544, 117712000000
-0.11301199226895774, -0.023909348416214355, 0.4999164365066761, 117717000000
-0.02118209566480999, 0.07185855495140178, 0.4997932650902141, 117722000000
-0.007740194212048304, 0.15674651114632857, 0.4994393713370656, 117727000000
-0.13553922764574244, -0.03744598141098976, 0.499707134995315, 117732000000
-0.05796169211759807, 0.0981822319577008, 0.49944888318969016, 117737000000
0.0018538716679331823, 0.1477550626283984, 0.49954940351260807, 117742000000
-0.10360193587422997, -0.03269490290705446, 0.5000035782504824, 117747000000
-0.06549949652451674, 0.08793466696169917, 0.4996666562459907, 117752000000
-0.0037685314963346803, 0.1633923112593669, 0.499608290829048, 117757000000
-0.12602614992536665, -0.010276857152707954, 0.499550905109066, 117762000000
-0.05222327569626725, 0.07664723374824348, 0.49976863784601416, 117767000000
0.023225319611182727, 0.13849364068294762, 0.49964637591626915, 117772000000
-0.11048179793737696, 0.008913839436468068, 0.49957071923853097, 117777000000
-0.06221777522932949, 0.05173399456714947, 0.49963097404469153, 117782000000
-0.02335549743971713, 0.18181844895174196, 0.4995486752504669, 117787000000
-0.10394859699475889, -0.026590293398849663, 0.4997889301297191, 117792000000
-0.031243132796859925, 0.17154946247602104, 0.49967621213821456, 117797000000
-0.09473324438585344, -0.0021791386581195855, 0.5001930888804627, 117802000000
-0.06065603746065387, 0.07321827763005073, 0.49954684426288926, 117807000000
0.009248467876069307, 0.15460670253539702, 0.4992940349864578, 117812000000
-0.11447305492435184, -0.0031321589768913416, 0.4995925858997551, 117817000000
-0.02938661500290294, 0.09393997876128433, 0.499983178654604, 117822000000
-0.05904794931523331, 0.07651660986066335, 0.49957330348990664, 117827000000
-0.07814449197262739, 0.06660091132709621, 0.4995761448549032, 117832000000
0.01334160107385882, 0.14738980621075026, 0.49997180212834674, 117837000000
-0.1134376139944118, -0.021708424022969342, 0.49938122972428584, 117842000000
-0.055531452314410895, 0.09861859825016704, 0.5000936697076994, 117847000000
-0.02833152160946985, 0.07135538333964973, 0.500026350768825, 117852000000
-0.06826600523187959, 0.02442670717844038, 0.49982884224276397, 117857000000
0.0028718187631343404, 0.16930114478306896, 0.4993984685023575, 117862000000
-0.0701364725888402, -0.012905520020275197, 0.4996610696788492, 117867000000
-0.07035944450613625, 0.07993277596663177, 0.5001413924228131, 117872000000
-0.031818950404428864, 0.15515777074477297, 0.4990523023224142, 117877000000
-0.09774843338551775, -0.011882816908807648, 0.4999115601251845, 117882000000
-0.04378142889955903, 0.07889392950096394, 0.5001658957011289, 117887000000
-0.04296472735501537, 0.07119686628581735, 0.49965047119972134, 117892000000
-0.029525291713385797, 0.08550059703682031, 0.4997894690005253, 117897000000
-0.024109977429675966, 0.15907927831641083, 0.49969911605341555, 117902000000
-0.10813484167304117, -0.026766314401009985, 0.499930153935952, 117907000000
-0.0858888693631418, 0.05397784106031936, 0.5000170618673582, 117912000000
-0.0072124353448518395, 0.15035313870308045, 0.4995025522483445, 117917000000
-0.1223586710543999, -0.026207966700440576, 0.49977726398809375, 117922000000
0.003109232887953714, 0.1348054109258819, 0.4996492052121032, 117927000000
-0.07642956329031189, 0.003071687699473769, 0.4995899189523032, 117932000000
-0.08059750781270628, 0.08251805999342127, 0.4998195278170425, 117937000000
0.014806717581967731, 0.19386809820996434, 0.49963137828298143, 117942000000
-0.12278367177041218, -0.060643852072794005, 0.49977077859732266, 117947000000
-0.009426603046509434, 0.16709497436312618, 0.4998143041459611, 117952000000
-0.08326539717209333, -0.03052609584086114, 0.4993095892536754, 117957000000
-0.05924662337659302, 0.0841515196115417, 0.4997181582829188, 117962000000
0.012087793002807, 0.1914421618042909, 0.4999424816089697, 117967000000
-0.1250044544617061, -0.019919693284819545, 0.49978630516882583, 117972000000
-0.035919858696858264, 0.09459712436250695, 0.5000030811459653, 117977000000
0.026823110954067798, 0.15659816501485355, 0.4996467174718731, 117982000000
-0.08852719220420277, -0.01179819812720706, 0.4995194575725515, 117987000000
-0.007661741502052333, 0.1578723701858422, 0.4999152382743131, 117992000000
-0.1081201543737869, -0.022894488692760617, 0.49960905549126217, 117997000000
-0.04437202031425632, 0.09435616938863864, 0.5001459308519878, 118002000000
0.010597536049288096, 0.17880264606930457, 0.5000395141152709, 118007000000
-0.11847622593131361, -0.00880835775789715, 0.5001121723193028, 118012000000
-0.04440242583461474, 0.08245743387989149, 0.49951754748637256, 118017000000
-0.018481042092181738, 0.1504505691769119, 0.49962315227305854, 118022000000
-0.12262674571684212, -0.045610258383664455, 0.49974043478823965, 118027000000
-0.05007839132528431, 0.0776499281484231, 0.4997311713242302, 118032000000
-0.0039501289422102966, 0.15209457558179998, 0.49972785844192474, 118037000000
-0.10362526787534793, -0.014402427390801732, 0.4992738935409152, 118042000000
-0.04515802723094456, 0.09487990229589707, 0.4997516037369139, 118047000000
-0.007753389015712051, 0.15523196155102587, 0.49994716709857595, 118052000000
-0.11599971806822507, 0.00014055982191508564, 0.4997941520384859, 118057000000
0.03940002917007373, 0.17461186598624645, 0.4998014854990224, 118062000000
-0.090914124083986, 0.027099748075637878, 0.4994298180005208, 118067000000
-0.025656049468555257, 0.06878908971676731, 0.49946623270556806, 118072000000
-0.02609977080859475, 0.19352311281123347, 0.49976370992944075, 118077000000
-0.10640617576071022, -0.011298462147741956, 0.49956675199705874, 118082000000
-0.060868331321050295, 0.0597778109531954, 0.49929438479794364, 118087000000
-0.00318387342293742, 0.18314709661906065, 0.4993663543873484, 118092000000
-0.12396293999566096, -0.02345829829195589, 0.49952440282889676, 118097000000
-0.063699802294851, 0.08395320809694125, 0.4997461570800476, 118102000000
-0.021237148388536527, 0.16933984814973452, 0.49970742073900526, 118107000000
-0.12966461193262058, -0.04503305754986246, 0.499993509912668, 118112000000
-0.07258157774918851, 0.07046148441689996, 0.5002601422620268, 118117000000
0.019821922216408182, 0.18121111484553523, 0.4999608525096, 118122000000
-0.09408718142964395, -0.027279277064317414, 0.49967984607030075, 118127000000
-0.06729667320062652, 0.11339933738180559, 0.4993390091582632, 118132000000
0.014105825447821721, 0.16830884810140606, 0.4995393065997409, 118137000000
-0.13371312364288307, -0.02164200446878419, 0.49974150165505227, 118142000000
-0.008562935320857638, 0.1475368572002983, 0.499812388603757, 118147000000
-0.08691191262183551, -0.008360927540950153, 0.4999331757769975, 118152000000
-0.029596079387602982, 0.06280270760554921, 0.5000001799674249, 118157000000
-0.004612173819135143, 0.2106591876121443, 0.4996023924833504, 118162000000
-0.11089517252033582, -0.03195268367891044, 0.4996465128136576, 118167000000
-0.04106329777547733, 0.08752888012143786, 0.49959012408654635, 118172000000
-0.00816043955836649, 0.11584005709143302, 0.5000950114959108, 118177000000
-0.07201912959307126, 0.05748784147348832, 0.4997092228121942, 118182000000
7.974914369986131e-05, 0.1422215887473472, 0.49980389693501037, 118187000000
-0.11776832449220238, -0.05138650660981301, 0.49958516507779466, 118192000000
-0.036850608221647756, 0.08308034660563955, 0.5001451218780529, 118197000000
-0.0013850768088821816, 0.18432177228615199, 0.49947939149566145, 118202000000
-0.10780500694596468, -0.012845947206134564, 0.4997895637253422, 118207000000
0.003871039322403378, 0.13861312819538468, 0.4998330846787515, 118212000000
-0.10235379605934525, 9.133443897604149e-05, 0.499419919675115, 118217000000
-0.054696055511845226, 0.09767979848178387, 0.4997726920279205, 118222000000
-0.007672084362745435, 0.15566116941115102, 0.4997011964182751, 118227000000
-0.09768415570765174, -0.02821299413007775, 0.4994765320643337, 118232000000
-0.06364873371880243, 0.1208400044732297, 0.49992992845679407, 118237000000
-0.04805430028878817, 0.06154256424692055, 0.4992439522570078, 118242000000
-0.052961923495499295, 0.07675404019294965, 0.4997889236485632, 118247000000
-0.00790280271066522, 0.15711196476474545, 0.5000345305313869, 118252000000
-0.07470834392522968, -0.05848651226493106, 0.49948419341306627, 118257000000
-0.028524897915523973, 0.08423414702293566, 0.499666828871118, 118262000000
0.030349970922081103, 0.1862395579764226, 0.4997459475172345, 118267000000
-0.142181009220082, 0.011301441767559393, 0.5001550456150665, 118272000000
0.0011318525549663203, 0.16746417629750346, 0.4999920213078118, 118277000000
-0.10208410359205264, 0.0036124186246336626, 0.49950107434911717, 118282000000
-0.05385836640967392, 0.074978135133448, 0.4996892992604212, 118287000000
-0.04296151874767644, 0.06608699675219759, 0.499333528087975, 118292000000
-0.01194140955923881, 0.16967999338677683, 0.4998594488010726, 118297000000
-0.12607921726272925, -0.029731466631916517, 0.4998573794820919, 118302000000
-0.052364118299514664, 0.08820953800976607, 0.4996103823279367, 118307000000
-0.06512150721971341, 0.06038280194213448, 0.4995330001755812, 118312000000
-0.075967132912054, 0.04381760855616001, 0.4995506297354005, 118317000000
0.01952030392455298, 0.17081114938049088, 0.4997920284258788, 118322000000
-0.10402452800526163, -0.02471647087376573, 0.4993861421816958, 118327000000
-0.042293344666690345, 0.07538202515773394, 0.5002887661220021, 118332000000
-0.019278527449973007, 0.1422424409836662, 0.4998202806560473, 118337000000
-0.08443415635484805, 0.016139142806379795, 0.4996139617375794, 118342000000
-0.07500591212673795, 0.06383526452157887, 0.4994216653552232, 118347000000
0.03173741191169099, 0.18405508189173642, 0.5001128666173665, 118352000000
-0.09679365516836501, 0.002659401063874368, 0.49977056924324165, 118357000000
-0.06207877924550459, 0.055007177540528654, 0.49931609418560147, 118362000000
0.034210134917320674, 0.18050889377250695, 0.4995789396488103, 118367000000
-0.09671660037340479, 0.006585456204519797, 0.4998920596472196, 118372000000
-0.06623396871164694, 0.08917753487824329, 0.49983969759784475, 118377000000
-0.026534540681663204, 0.0889197730039007, 0.4996585831610621, 118382000000
-0.09082730033262809, 0.09323682090931663, 0.49937035269679736, 118387000000
0.019021293275834676, 0.2074390879485026, 0.4999852130789133, 118392000000
-0.12499306062764258, -0.01747969455345033, 0.49943000266496285, 118397000000
-0.06938207808986364, 0.06423814178719944, 0.4999452324313564, 118402000000
-0.003033439916199309, 0.12124714441078766, 0.49958477951543956, 118407000000
-0.13665276458899162, -0.023362438446085845, 0.4997267406239451, 118412000000
0.0012677715442827447, 0.13452627604840228, 0.49995366207738384, 118417000000
-0.11481281627286233, 0.022471761796460515, 0.4995341032378504, 118422000000
-0.06985029353778262, 0.08447848679684115, 0.49968310594078386, 118427000000
0.016319744330842413, 0.16588199968747447, 0.49936856613872377, 118432000000
-0.13839783274804743, -0.020154475081946392, 0.49937183522210926, 118437000000
-0.044758235823292566, 0.09857804598647993, 0.4997611292291179, 118442000000
-0.03171127916780758, 0.08437097647200621, 0.49979704708338724, 118447000000
-0.06938848100815684, 0.05427157828176117, 0.49979605483716694, 118452000000
0.015205255260804126, 0.18365376254466848, 0.49985930308772997, 118457000000
-0.1213116898146403, -0.009574585129478856, 0.4997507277226396, 118462000000
-0.028096634227636516, 0.07436042448314624, 0.4995062774390265, 118467000000
0.03086693677489764, 0.20841474085051961, 0.4997576355848464, 118472000000
-0.1299098110855856, -0.010938833834550875, 0.4997435463012725, 118477000000
0.004144641942181261, 0.16449908543407396, 0.4996844376743414, 118482000000
-0.1058560395054027, -0.00034881305723455554, 0.49988444383796954, 118487000000
-0.03917936968205346, 0.09439206990833557, 0.4999505678585662, 118492000000
0.005675932529928758, 0.16153958152731615, 0.4997674806932427, 118497000000
-0.10171434680764276, -0.0342069177643069, 0.499889132284776, 118502000000
-0.07452845117025031, 0.07829810540691919, 0.4996252524922646, 118507000000
-0.03529260620650372, 0.07969939907762988, 0.4997841143238086, 118512000000
-0.06361765842266492, 0.06470652973206618, 0.49990096924862143, 118517000000
-0.017883840872766583, 0.20340840249526349, 0.4999070824625035, 118522000000
-0.09639735522925447, -0.03399842349967548, 0.49979098627595253, 118527000000
-0.06072117970961109, 0.08652580415135439, 0.5001546090470926, 118532000000
0.01015769253783845, 0.13525978514801984, 0.49965550172367057, 118537000000
-0.08198615138411222, -0.0014682280242527901, 0.49936705684484006, 118542000000
-0.05874888840731232, 0.10633498882961298, 0.49974359811017227, 118547000000
0.01897780621241878, 0.16706725011260407, 0.49960597756506664, 118552000000
-0.06358031968782635, 0.009694077411014662, 0.49950646709993696, 118557000000
-0.06619898510167516, 0.06934043311812788, 0.4997658273085373, 118562000000
0.00939148050494522, 0.14256979701960965, 0.49989132869593456, 118567000000
-0.0997813581953047, -0.03654339015908124, 0.4995513793119434, 118572000000
-0.048148828622637134, 0.10397229886573467, 0.4998446232998485, 118577000000
-0.022718491858124825, 0.19407681721119913, 0.4995703785920422, 118582000000
-0.10449989660645737, 0.009630392397522915, 0.49988279971894445, 118587000000
-0.06825458769766082, 0.09190985992458907, 0.49984040137068175, 118592000000
-0.06518971097598772, 0.08804515824845059, 0.4998173404389453, 118597000000
-0.0896256250050468, 0.057977468481552455, 0.4998660077318242, 118602000000
0.026988363908551787, 0.13545312297022166, 0.49979654163238546, 118607000000
-0.09674758262758956, -0.0616633303053647, 0.49968452394282864, 118612000000
-0.040294931909232806, 0.07663238290549262, 0.49955613228207124, 118617000000
-0.007410736281129671, 0.15004861115670476, 0.49985622528818363, 118622000000
-0.11266954487203691, 0.008068179297445443, 0.49981016633875436, 118627000000
-0.024764962306678316, 0.031702524046487345, 0.49982559853820907, 118632000000
-0.003194829425889653, 0.140031958482084, 0.5001803503157242, 118637000000
-0.11984053563077768, -0.012432312388419124, 0.49975903061248156, 118642000000
-0.04428396434996425, 0.07796944316221115, 0.4998473221828503, 118647000000
-0.011677252139832495, 0.22907222934694924, 0.49947773692326175, 118652000000
-0.11577008732493088, -0.0003529935738232938, 0.49937455965035593, 118657000000
-0.05325833346222542, 0.08802147235619753, 0.4997913234834899, 118662000000
-0.030038457223963793, 0.09967602027249269, 0.49939487661496185, 118667000000
-0.05693794262236662, 0.04810913693822029, 0.4998055418354878, 118672000000
0.017953283012189604, 0.14746044763478994, 0.4996098106705319, 118677000000
-0.09954674286230654, -0.030805808114719876, 0.49981563509240606, 118682000000
-0.07113022371008701, 0.08550478917231173, 0.4999608458401364, 118687000000
0.03663725734340902, 0.1769218185351211, 0.49960272062633526, 118692000000
-0.10317945323546224, -0.02830101543977665, 0.49951421390598544, 118697000000
-0.046571604894410576, 0.14073348933502047, 0.4998149537359018, 118702000000
-0.07518286310092194, 0.029813668720705216, 0.4997720831887582, 118707000000
-0.052605994550630114, 0.09021886158459748, 0.49962358803691587, 118712000000
-0.025320140777525507, 0.14908084839844624, 0.4998524123877224, 118717000000
-0.11851884602466761, 0.007144231049961668, 0.4993631448206781, 118722000000
-0.028940546240972517, 0.14049449615107948, 0.4998017057485472, 118728000000
-0.1196023372436069, -0.037152437261107604, 0.4995221110019045, 118733000000
-0.04602696997141964, 0.09601421340882518, 0.4994886973931754, 118738000000
-0.011921657106199648, 0.1917637710840724, 0.4997760350284215, 118743000000
-0.1064277054576601, -0.02409556354477053, 0.4998626115782581, 118748000000
-0.03319720299245334, 0.06635403718824755, 0.499569848065427, 118753000000
-0.031497633265274806, 0.06480136795741467, 0.5000097601396333, 118758000000
-0.06672211418758899, 0.05086551504277437, 0.5001059055984356, 118763000000
-0.01811658212838132, 0.163043954931879, 0.4995381690043386, 118768000000
-0.14078307520487732, -0.03446604267124106, 0.4994500921552453, 118773000000
-0.049126745848234094, 0.07433183388253908, 0.499831509778783, 118778000000
0.009498309336464082, 0.15103479311676615, 0.4998646376649047, 118783000000
-0.10964881314275104, -0.01407555935303344, 0.4997483940134009, 118788000000
0.005529050461010217, 0.18930721822102897, 0.5000488579941401, 118793000000
-0.0800891671569031, -0.015285545157782354, 0.5000486874336172, 118798000000
-0.056537355881243596, 0.10524809101047813, 0.4996834293346188, 118803000000
-0.0035404763889509546, 0.1933732342611364, 0.499605081462406, 118808000000
-0.13172661376374983, -0.012797647745739346, 0.49948680756982866, 118813000000
-0.031139570762126444, 0.06900636485373056, 0.4999900803921615, 118818000000
-0.037777535259612784, 0.17384182036416557, 0.5001852824869636, 118823000000
-0.12213853196934302, -0.005006241465262483, 0.49934173926318914, 118828000000
-0.06254415979330155, 0.055161343796484, 0.5000093739005906, 118833000000
-0.0014670673028322433, 0.17015238643516611, 0.4996596695563836, 118838000000
-0.11563688580524606, -0.07107898222851458, 0.49983270198616275, 118843000000
-0.046487806991462266, 0.10118281132323086, 0.4999146144179357, 118848000000
0.035241126188928135, 0.18306464605078046, 0.4997105052098806, 118853000000
-0.08834065411514726, -0.030442059432216, 0.49948835199572794, 118858000000
-0.0486317078918958, 0.11557414949780848, 0.49976467858567597, 118863000000
0.0008481199114261549, 0.20357511996736222, 0.49971180263211684, 118868000000
-0.08240803041909042, -0.03889977671504295, 0.4999208655725368, 118873000000
-0.06100618417687983, 0.06231792328533856, 0.4998735298877132, 118878000000
0.005807716447200598, 0.18954229474065867, 0.49944409996593137, 118883000000
-0.13496947964899977, 0.017485786439172278, 0.5000068766886363, 118888000000
-0.06172549020449458, 0.036197045784323596, 0.4999003288036821, 118893000000
-0.033949435548976364, 0.04400581794321307, 0.49982194059420915, 118898000000
-0.06297309599089172, 0.04506600199828073, 0.4995862467234374, 118903000000
-0.016517087230995074, 0.20062591161465954, 0.49990029539504666, 118908000000
-0.11900607497899357, 0.008862208743250756, 0.4995762023028452, 118913000000
-0.04057364843936897, 0.09421734205288683, 0.49981258954525015, 118918000000
-0.027482843124366798, 0.17631355416041747, 0.49989106836832736, 118923000000
-0.12537022449343732, -0.018010672975173263, 0.5000351028460701, 118928000000
0.009708594887703134, 0.1886168688794594, 0.5001460431211275, 118933000000
-0.09765655254940835, -0.003160773774064079, 0.4995634831532773, 118938000000
-0.08512691812537022, 0.1037452504404453, 0.49982089591517337, 118943000000
-0.057729346711435696, 0.18677892761293968, 0.49991358416630793, 118948000000
-0.10764145083334174, -0.0031471117670284904, 0.4997290959136585, 118953000000
-0.07153010189015355, 0.09093040156349048, 0.49994730331148735, 118958000000
-0.037225412073790355, 0.080225945451359, 0.4998414422094093, 118963000000
-0.08014489828909632, 0.06289339441108951, 0.49938935380155547, 118968000000
-0.01167689509800735, 0.13488442747635043, 0.4997931639590694, 118973000000
-0.10989956007160584, -0.006911404839405607, 0.4999603556593687, 118978000000
-0.055981066224372156, 0.0691484045047413, 0.49988927327468835, 118983000000
-0.014522143058644445, 0.17230672120997206, 0.4997168681161618, 118988000000
-0.11658237242415248, -0.040393246283069256, 0.4998817576843608, 118993000000
-0.06466808645368964, 0.10127686790105433, 0.500159810207819, 118998000000
-0.009697017008801725, 0.20006316095003562, 0.49933767182176775, 119003000000
-0.07496068568566597, -0.041621083814597684, 0.4994247117067835, 119008000000
-0.05556421574239614, 0.09046770937639398, 0.4994699236011361, 119013000000
-0.01898279723002149, 0.1702539462176133, 0.4994810174830115, 119018000000
-0.11457725509241601, -0.012115720296924636, 0.500081594895035, 119023000000
-0.0428575946613215, 0.08440926964551052, 0.5001492203674262, 119028000000
-0.02999342885092262, 0.07018743008145122, 0.49940828987842073, 119033000000
-0.057926688574790504, 0.061559378681941945, 0.4996474219996703, 119038000000
-0.00647422891367369, 0.19101536145610903, 0.4997861229669052, 119043000000
-0.08857470269728765, -0.05078723315101242, 0.49993057958911147, 119048000000
-0.08287404244901814, 0.08907668838665499, 0.49996846652823784, 119053000000
0.011173508773162212, 0.16490884486411278, 0.49976054515094354, 119058000000
-0.0951817603049507, -0.005348608655882943, 0.5000574680476473, 119063000000
-0.010092125763835134, 0.17987544695410077, 0.49997504960008443, 119068000000
-0.09280904813163236, -0.02065163167948196, 0.4993423303647213, 119073000000
-0.07780575780684075, 0.06453184438281748, 0.49958636020975256, 119078000000
-0.005757138414883333, 0.18709517196565065, 0.49925084746142645, 119083000000
-0.11119745703176633, -0.014626085552105783, 0.5002587338150462, 119088000000
-0.05998018146323601, 0.11157717290875402, 0.4998574982856471, 119093000000
-0.02987878844760195, 0.06048687205527675, 0.4994644214265243, 119098000000
-0.06019788031897468, 0.06902422452410117, 0.49934967272027814, 119103000000
0.015189722507803087, 0.17568566240793235, 0.4997040646899849, 119108000000
-0.11918941085103163, 0.0027673802765664918, 0.49935293721693974, 119113000000
-0.06096115616563338, 0.07587604804923315, 0.4994879870345877, 119118000000
-0.014365870431060537, 0.16362724559406852, 0.49962408362524585, 119123000000
-0.11172938168719679, -3.806154119076867e-05, 0.4991778725182618, 119128000000
-0.05079733069535116, 0.05711153671308131, 0.4994440861579553, 119133000000
0.005849336857579341, 0.15596948989658327, 0.4998912428165495, 119138000000
-0.15549849396040616, 0.00034724049455637715, 0.49967204881713256, 119143000000
-0.07185559789494887, 0.06748302656368461, 0.5001352847570014, 119148000000
0.0035364408658239196, 0.13823238385274578, 0.4995719999004952, 119153000000
-0.11274041001799047, -0.032259454626453944, 0.49949776022061987, 119158000000
-0.019598130364462243, 0.1120262811454125, 0.4995730575562574, 119163000000
-0.019093278281434697, 0.19242032431020803, 0.5000028720503146, 119168000000
-0.09020593790120454, -0.020953359508108893, 0.4994354300788377, 119173000000
-0.048726838799382464, 0.05823391385641598, 0.4996086746654155, 119178000000
-0.026575641317773995, 0.164489400707809, 0.5001358658957802, 119183000000
-0.12857306137256724, -0.030742937683626105, 0.5001462187367356, 119188000000
-0.06716670015131541, 0.0852599881659465, 0.4998831960361969, 119193000000
-0.010486631210851539, 0.17191979234784513, 0.4995317932592597, 119198000000
-0.12225380992168239, 0.02452924691801258, 0.4999572422881982, 119203000000
-0.01274413774066546, 0.12756539160531377, 0.4996157036889444, 119208000000
-0.0948695064483351, -0.011487239266954111, 0.49941343295123236, 119213000000
-0.04295729363011993, 0.07472891165444197, 0.4999276339962826, 119218000000
-0.019024295266655226, 0.1782216974058253, 0.4994572203610254, 119223000000
-0.1346967281726109, -0.02805566664681271, 0.4997235300611677, 119228000000
-0.06334404242196864, 0.07377529274551661, 0.49997412342884473, 119233000000
-0.07802253829954069, 0.0741000971304868, 0.499521864319584, 119238000000
-0.06585712201629193, 0.0591724537983639, 0.499813585059082, 119243000000
0.01205314807353365, 0.15219670700013804, 0.49961630366683485, 119248000000
-0.1318963289090289, 0.0020199342980035187, 0.4997094054747789, 119253000000
-0.0705962956732116, 0.08509510159459154, 0.49969614484915487, 119258000000
-0.01357174679031512, 0.15876112310733312, 0.49964543738247574, 119263000000
-0.14566327251754782, -0.006221643264670956, 0.49928486158069535, 119268000000
-0.012844123408810457, 0.14590717676259396, 0.4998784200000021, 119273000000
-0.09357628976313627, -0.02650067187164158, 0.4995656387355638, 119278000000
-0.03503667124239941, 0.11724596699349592, 0.49928603996532717, 119283000000
-0.016942399678215647, 0.1689476936985544, 0.49977449063790774, 119288000000
-0.12845174200863094, -0.04220195639900755, 0.4997195544169559, 119293000000
-0.06735165953790782, 0.09487586376296314, 0.4998010329059207, 119298000000
-0.029669266584331534, 0.08398248002645495, 0.49990271828099764, 119303000000
-0.051971411311632465, 0.08076665013202082, 0.4995863642667381, 119308000000
0.0020064522808210423, 0.16916628123522492, 0.49960201756180095, 119313000000
-0.08478688812933989, -0.00847589541395443, 0.49994423892168705, 119318000000
-0.07747609019169827, 0.09624968105706323, 0.5000466690187731, 119323000000
0.004536853682750305, 0.18115204847183147, 0.4997402267627096, 119328000000
-0.11873642332137015, -0.001181482160105888, 0.4996578448945653, 119333000000
-0.000699865954119628, 0.16484266264554442, 0.49997178008162224, 119338000000
-0.10498289841053138, -0.007471271771611128, 0.499849404885808, 119343000000
-0.06746459502451777, 0.09119254051700869, 0.49964858724580313, 119348000000
-0.021196176497787957, 0.18868023070450735, 0.49982220566899666, 119353000000
-0.1035249290337639, -0.012829331106629295, 0.49971443480332184, 119358000000
-0.035433272223918164, 0.09612857356073358, 0.4998403569556427, 119363000000
-0.029132879814726315, 0.07286012934732303, 0.4992203698972228, 119368000000
-0.08595459726901462, 0.044235154460508706, 0.4997485394667984, 119373000000
0.0014424069796235965, 0.18071386273944787, 0.4995384621731411, 119378000000
-0.09792240357206838, 0.0020577691310211567, 0.4998390621500229, 119383000000
-0.049122502910309576, 0.07847117302598416, 0.5001913364357345, 119388000000
0.02046142403195672, 0.1448085773146068, 0.49952362417147456, 119393000000
-0.13764862695857386, 0.009553027926954507, 0.5000000434156513, 119398000000
-0.004167650516391217, 0.1643287268673777, 0.4997307378649939, 119403000000
-0.1141132183273538, -0.050512300503526356, 0.4997697143320076, 119408000000
-0.05768981885918442, 0.08475123325944116, 0.4996149256939476, 119413000000
-0.013374574448964914, 0.18154726549559497, 0.4994600864457917, 119418000000
-0.12218145335752453, -0.030567185205106626, 0.500079951511564, 119423000000
-0.06979577722158929, 0.07734164704603148, 0.49979863540326896, 119428000000
0.015687971962676846, 0.14956002061471924, 0.4997133028918434, 119433000000
-0.09880925255174507, 0.0041387045754423014, 0.4996667128833157, 119438000000
-0.03362152490356031, 0.10553439599416116, 0.49952860223907425, 119443000000
-0.03448465494436672, 0.10782642845160267, 0.4991781314080676, 119448000000
-0.05712036573441494, 0.06021772006290558, 0.4998232032223428, 119453000000
-0.010040408753084817, 0.08567918371692262, 0.4994967863189105, 119458000000
-0.045252030603559035, 0.0936954249953323, 0.499634940153326, 119463000000
-0.06409834493979441, 0.03889077284898973, 0.49953027583326115, 119468000000
-0.008089450348577373, 0.2002151119262381, 0.49979569607640506, 119473000000
-0.12349005969839179, -0.04930977075050999, 0.4994074105091824, 119478000000
-0.027912094497826924, 0.07424135076130146, 0.4996694597222043, 119483000000
0.01035961792151775, 0.17721305053623132, 0.4994780231482445, 119488000000
-0.07792934933299317, -0.028529443402306374, 0.49972836583464236, 119493000000
-0.012215725263790327, 0.09965441271647854, 0.49939296613865386, 119498000000
-0.005222689124357507, 0.17857646512964137, 0.500250995936434, 119503000000
-0.10553697041202059, 0.027440047897618086, 0.4997076796960271, 119508000000
-0.018464623608490355, 0.193850335491274, 0.4997183149139544, 119513000000
-0.08749583207120655, -0.039472327474767005, 0.49976929523247193, 119518000000
-0.03602931523160284, 0.0650142259148574, 0.49993414077841264, 119523000000
0.026405534999314507, 0.1509288009669695, 0.4997592961846258, 119528000000
-0.1098557773616296, -0.01322920896622848, 0.49957558009833236, 119533000000
-0.036762316475745745, 0.09456499035818118, 0.49997326696366196, 119538000000
-0.0757506613381643, 0.06066412048341862, 0.4994135131003979, 119543000000
-0.05043485739861169, 0.044545337543958535, 0.4995218839957748, 119548000000
0.0037560572554512237, 0.15073849698838174, 0.49983284072961753, 119553000000
-0.09612608507000682, 0.01300473014846961, 0.4996868734510738, 119558000000
-0.0699220985306194, 0.0922315100412493, 0.49983892179481376, 119563000000
0.014225121739347006, 0.16630131638649084, 0.4997058459051593, 119568000000
-0.14911094579815834, -0.03998688150551208, 0.4997758035404015, 119573000000
-0.01164756517131061, 0.15120151843988355, 0.49977187107677623, 119578000000
-0.0794658713587062, -0.03189219277805909, 0.4995828711055396, 119583000000
-0.062283769217221806, 0.0827939448503786, 0.49970723998208, 119588000000
-0.041310142545100285, 0.09645815078465367, 0.49991248370321867, 119593000000
0.03514988798903421, 0.1890054411215835, 0.4997139919483576, 119598000000
-0.10253942404416673, -0.017079796460534577, 0.4998736750898506, 119603000000
-0.04506938256818119, 0.09838813677226083, 0.4999436822730605, 119608000000
-0.04479250281613954, 0.03929089101049815, 0.49950513666952395, 119613000000
-0.0506571916593154, 0.05625577832795137, 0.4998087167587822, 119618000000
0.0046067149138132035, 0.17023021938532448, 0.4997579977072177, 119623000000
-0.08831334614982565, -0.015798192019082807, 0.49961004472314646, 119628000000
-0.06783837859270192, 0.06249608638823083, 0.4997758682098617, 119633000000
0.007229869199188749, 0.1776019818258624, 0.4995671889351579, 119638000000
-0.11081879404813914, -0.008541075368930853, 0.49975400931881775, 119643000000
-0.010063718225765633, 0.17871582233204644, 0.49997841873692256, 119648000000
-0.09476033429003418, -0.011890261011353296, 0.49976897306370294, 119653000000
-0.06502665035136558, 0.06651481054069486, 0.4998823145479828, 119658000000
-0.005655101583555753, 0.17634689254304275, 0.4996141986278047, 119663000000
-0.12504841954829737, -0.01342897006253342, 0.4995732825612234, 119668000000
-0.055150007371247645, 0.07344038880598129, 0.4998887829597902, 119673000000
-0.01947801054111947, 0.09814613188994843, 0.4998851152124128, 119678000000
-0.03237808855674426, 0.03855978336358392, 0.4997164875531995, 119683000000
-0.011009266775018432, 0.1883897447176551, 0.5001838784479431, 119688000000
-0.12448266560077081, -0.027071732087344418, 0.4997866706293516, 119693000000
-0.0659886951986792, 0.08420239629494491, 0.4995554994822269, 119698000000
0.013194992019207149, 0.16376729474257415, 0.49946835093371755, 119703000000
-0.10588098544007042, -0.02767341628298233, 0.4998050510082487, 119708000000
-0.01698183912292549, 0.16799285581631226, 0.4996556488879294, 119713000000
-0.11108262650315434, -0.003474482878730069, 0.49932039800699274, 119718000000
-0.08089150155176812, 0.10607048501670666, 0.4998753965690941, 119723000000
-0.010876556472848018, 0.18269213931116735, 0.4994663016321687, 119728000000
-0.13283060450989478, -0.021602749517679765, 0.4995719831099677, 119733000000
-0.08265869851693873, 0.08510761849781645, 0.49997662819197514, 119738000000
-0.013566384729021693, 0.18107434981068093, 0.49964681434943814, 119743000000
-0.08767985029751998, -0.05245165853167141, 0.49951670560215394, 119748000000
-0.06768819218658213, 0.10074818355587513, 0.4998189286387812, 119753000000
-0.0018021136979546554, 0.16678651855237697, 0.499425389335503, 119758000000
-0.09800312880860865, 0.0019028381916366584, 0.49965723682255275, 119763000000
-0.09246127021384315, 0.06657979960508559, 0.49962609219307585, 119768000000
-0.003918905042692366, 0.17203070874031837, 0.499633194825624, 119773000000
-0.10665510645658914, -0.04467037404550367, 0.5001717106318223, 119778000000
0.0011165021193266147, 0.14893813217024998, 0.4998767824220289, 119783000000
-0.07291191092107245, -0.010581234700414766, 0.49939202045389347, 119788000000
-0.06803293702158508, 0.07559497471020775, 0.49980707038029665, 119793000000
-0.06392214826181264, 0.02462187148536544, 0.49953530964185794, 119798000000
-0.017723393269990746, 0.13157932187205656, 0.4999918527261592, 119803000000
-0.08496718538724449, -0.03326015646136857, 0.5000341982576613, 119808000000
-0.05425630256841062, 0.09289177389392157, 0.49999110796650026, 119813000000
-0.05713840916123195, 0.05733504074668566, 0.4991924750267511, 119818000000
-0.06803279447689033, 0.09688248319176523, 0.49965046876047037, 119823000000
-0.0037407893983021807, 0.20516384169702728, 0.49914179297821015, 119828000000
-0.1025382764200258, -0.020569941655221153, 0.4998220737275045, 119833000000
-0.05496987763942358, 0.09067726643646341, 0.49987855792501107, 119838000000
0.009410354962432818, 0.17860417700770403, 0.4996416030449963, 119843000000
-0.10821643219213611, -0.010750191075353532, 0.5001689831336638, 119848000000
0.00518843860924507, 0.15864263932730782, 0.49976029766612595, 119853000000
-0.13179823298453242, -0.047257948779245204, 0.4997675760830397, 119858000000
-0.06633388970543744, 0.12371181391727598, 0.4995811977674093, 119863000000
-0.009293249257288076, 0.17603950913450495, 0.4994306769186572, 119868000000
-0.11625525100950918, -0.026291039520767737, 0.49971768454522913, 119873000000
-0.07344218207338545, 0.07370107024030736, 0.4997277707900414, 119878000000
-0.02668169267443343, 0.09513068081028865, 0.4997136187755661, 119883000000
-0.07228415969651884, 0.08277939684698987, 0.49985577628610195, 119888000000
-0.00037978314511055646, 0.19429888468400974, 0.4997303610664274, 119893000000
-0.10182860624022134, -0.028206022853003335, 0.4998037674449685, 119898000000
-0.07865492244017128, 0.10811105586721716, 0.4994844822449199, 119903000000
-0.00762940174884094, 0.1632665982999303, 0.49964547335162446, 119908000000
-0.12465313569962683, -0.04756237418203556, 0.49957741125580063, 119913000000
0.013200474302743802, 0.16302803405799532, 0.49986251661334813, 119918000000
-0.11734820496236467, 0.012528171169345147, 0.49983023213172834, 119923000000
-0.05015835106394398, 0.0760066139788989, 0.49994730893753425, 119928000000
0.009412330391719653, 0.1820867495345768, 0.4995821984574455, 119933000000
-0.09950201870119832, -0.023497883930613032, 0.49961949227456753, 119938000000
-0.061624562411104686, 0.05687628219441043, 0.5000244424958941, 119943000000
-0.05286300434064071, 0.07611835689093023, 0.49972079858758955, 119948000000
-0.08075158809720015, 0.02529709943492501, 0.4995829897741686, 119953000000
-0.018136998560024653, 0.16056723879749005, 0.49965717932384424, 119958000000
-0.11127842933111956, -0.027411648307342846, 0.4997261571049171, 119963000000
-0.05974456182214867, 0.10052975398807781, 0.49970999719219245, 119968000000
0.01690777696404265, 0.1661625417592678, 0.4994814136590054, 119973000000
-0.0920942400973418, -0.03963464451544475, 0.5000560002254439, 119978000000
-0.011027543019448643, 0.16344293441137214, 0.4998196819727829, 119983000000
-0.07951188760960456, -0.004716022394718916, 0.499734731812178, 119988000000
-0.07811896399738674, 0.09143251419223605, 0.49957219682871823, 119993000000
-0.004572142437469366, 0.15526410388022752, 0.4995745928246285, 119998000000
-0.1037462249824298, -0.046424895772237275, 0.4997381583114874, 120003000000
-0.053552424956977755, 0.05916782083869232, 0.4998918343950325, 120008000000
0.0012928956420984344, 0.15731387750062278, 0.4997012132121454, 120013000000
-0.11479697674311881, -0.006321894255742144, 0.49959504919698, 120018000000
-0.0757767072612126, 0.0784328158464815, 0.5000004018460334, 120023000000
-0.0017763862781092436, 0.17227052465076098, 0.4994925927524435, 120028000000
-0.09741768236067706, -0.004437850917763102, 0.5000120641959417, 120033000000
-0.059168118440626416, 0.07531474281594788, 0.4997498081248843, 120038000000
-0.08037275907280815, 0.10114297648174336, 0.49945407416738774, 120043000000
-0.055794931846273106, 0.038144283217261446, 0.49996933670601085, 120048000000
0.002829670267086387, 0.1611225384077505, 0.5000418740473951, 120053000000
-0.09029061991716482, -0.06149698909542417, 0.49955685720100074, 120058000000
-0.04688514598791901, 0.06828104732525095, 0.4997332204348906, 120063000000
0.021708740206554982, 0.1959304235644177, 0.4999281261177639, 120068000000
-0.13424816234268008, -0.011129782003590124, 0.49993574203653024, 120073000000
-0.04778209871151719, 0.1052089483737393, 0.4997321101465428, 120078000000
-0.011325920506080943, 0.17609445114220715, 0.4998951440822182, 120083000000
-0.13247666203431838, -0.003929256199973558, 0.4997917536904094, 120088000000
-0.03626726706632841, 0.09670439514870502, 0.49938555309315563, 120093000000
0.014583810220261968, 0.20344695846439081, 0.4996915175663889, 120098000000
-0.12118652312541651, -0.014437489931477823, 0.5001017805535484, 120103000000
-0.06099858617793833, 0.0737256443744078, 0.5002122239690383, 120108000000
-0.057368586833571836, 0.09153154277156489, 0.49984520112756387, 120113000000
-0.06084133282943839, 0.06470160408333381, 0.499693383878595, 120118000000
0.00019348030049401357, 0.1935430643937664, 0.4993782978188234, 120123000000
-0.12762202779227394, -0.05479607432341245, 0.49972839582719064, 120128000000
-0.05950835055458738, 0.08101012712822257, 0.49944454903015245, 120133000000
-0.006064295623130151, 0.13003144858648688, 0.4992092957942219, 120138000000
-0.11070799937086506, -0.04167196571126669, 0.49995083382711897, 120143000000
0.01621221456768436, 0.17559939081182463, 0.49980214108999155, 120148000000
-0.11205618432643502, 0.004561844777742005, 0.49924962747720114, 120153000000
-0.05313780502383111, 0.024919564200839288, 0.4994865624600088, 120158000000
-0.007380545666723928, 0.15016047519025782, 0.4997017645732841, 120163000000
-0.1246053795729074, -0.031586193648838114, 0.49984067125929116, 120168000000
-0.07359264490320847, 0.125049792445124, 0.4998861590347573, 120173000000
-0.059590164474939894, 0.0592186266459135, 0.49980364487975315, 120178000000
-0.07242310672175811, 0.07862704104540415, 0.49975068863670036, 120183000000
0.020958591103793646, 0.1766006192568718, 0.49970640070380273, 120188000000
-0.10155272204045128, 0.004028646994700529, 0.4997795231902455, 120194000000
-0.046305601972036974, 0.07948327061283678, 0.49977792701943935, 120199000000
-0.03137329533194369, 0.09225247299770876, 0.4997367862356681, 120204000000
-0.030471632596177668, 0.027740397822024122, 0.4995893095957165, 120209000000
0.008923860943645168, 0.19261636170724086, 0.49970696031375295, 120214000000
-0.09500188448484305, -0.021566972968695083, 0.4995648140566888, 120219000000
-0.054709844294756026, 0.11059472690428208, 0.4995990827023208, 120224000000
-0.0013596056318022755, 0.16118648589263906, 0.5000009804696762, 120229000000
-0.12003708579132556, -0.04995984164491518, 0.499470908837851, 120234000000
-0.05280329042695167, 0.08374033469613625, 0.4999718765984502, 120239000000
-0.009477670557320681, 0.13833355792690755, 0.49952791935138857, 120244000000
-0.10264548056494457, 0.0010502906464491465, 0.49981847701918086, 120249000000
-0.04236114690360808, 0.06754924310670518, 0.49995986344078464, 120254000000
-0.01435615950404355, 0.1897107337736771, 0.4994421245901464, 120259000000
-0.11439318823114872, 0.010358718536110006, 0.499881554036125, 120264000000
-0.03508922147788916, 0.06683221063908691, 0.4998652666239627, 120269000000
0.008191618972448389, 0.18085278856438244, 0.49959126456851793, 120274000000
-0.08566439200772935, 0.007111797204734191, 0.49967934765882976, 120279000000
-0.06881659795567964, 0.051057118476528635, 0.5000393849469322, 120284000000
-0.010848752220039294, 0.16050299969186868, 0.49940446290413426, 120289000000
-0.11816633627270273, -0.03414786449148804, 0.4993983460340497, 120294000000
-0.047557390040477154, 0.09039732089757486, 0.5000990147873218, 120299000000
0.003507802463189497, 0.13591651202966362, 0.4995072389304834, 120304000000
-0.12223113022444858, -0.010546670199428298, 0.49994426382449714, 120309000000
-0.01838202220332448, 0.16425487374365483, 0.4999366518133743, 120314000000
-0.09436784391306377, 0.008349080399939299, 0.4996897718815005, 120319000000
-0.045433146774144166, 0.0568490435584066, 0.4994346605205356, 120324000000
0.017708279487227245, 0.17148268975754746, 0.49955030730069927, 120329000000
-0.08587087041206659, -0.04203646340187224, 0.4995289731272081, 120334000000
-0.04162070410564975, 0.08547360492047668, 0.4995155915350518, 120339000000
-0.04102775226375405, 0.03775334820401283, 0.4998696690753986, 120344000000
-0.07134350042905012, 0.06738717246256108, 0.4997392924243523, 120349000000
-0.007538937968905201, 0.20000873243500228, 0.4998878779743494, 120354000000
-0.08987044386063874, -0.016969557527024424, 0.4996047788905184, 120359000000
-0.059971300480398115, 0.07897195385716645, 0.4999291548511001, 120364000000
-0.019035115915769032, 0.0941304083872295, 0.4995053478487472, 120369000000
-0.08755830410418136, 0.07319594451569938, 0.49973775587919955, 120374000000
-0.02036844865385984, 0.14463134430440674, 0.5001014063458714, 120379000000
-0.13733747181173064, -0.002731139956592155, 0.49947557959981437, 120384000000
-0.06296691169733352, 0.07905604609589732, 0.499956411550457, 120389000000
-0.031399644663868714, 0.12954898114181138, 0.49990826026650037, 120394000000
-0.0804538436688708, -0.02453350353747539, 0.4992033968092712, 120399000000
-0.04518806203807611, 0.06881706185060621, 0.5001342055982976, 120404000000
0.02273169972275193, 0.15562932025468343, 0.49931267491759773, 120409000000
-0.13955605468573568, -0.003138257478361618, 0.4993880494544652, 120414000000
-0.04105815591202236, 0.1032795498426444, 0.4998447925490451, 120419000000
-0.01316636760807066, 0.18439799284720831, 0.4994702249960168, 120424000000
-0.12119884403536765, -0.039260565098073665, 0.49967750930368826, 120429000000
-0.03977318203159944, 0.10227990463874564, 0.49963732182970527, 120434000000
-0.04173166632481349, 0.18385077032009958, 0.4994981638350413, 120439000000
-0.10722068986364804, -0.05384703096127429, 0.4996496441903803, 120444000000
0.01131392768316532, 0.14986424816506602, 0.4998692265945718, 120449000000
-0.09671215453726434, -0.005332578762771514, 0.49937462346495015, 120454000000
-0.021570800845072742, 0.03285927107265362, 0.49969728915717887, 120459000000
-0.06801762812988728, 0.08762170128796554, 0.4996671641641457, 120464000000
-0.05328192746986794, 0.10798287922015354, 0.49975343857349636, 120469000000
-0.06840370366230682, 0.0771210241077242, 0.4994143549833597, 120474000000
-0.0522534128812497, 0.09057626258179854, 0.4997184067681071, 120479000000
-0.014083420032636025, 0.07955800136704173, 0.49998123067227995, 120484000000
-0.06534506427557765, 0.05855934064258836, 0.4998203823441631, 120489000000
-0.012738971591701174, 0.15278508997834273, 0.49969133996692255, 120494000000
-0.11951269233199095, -0.0252235407386263, 0.499705175299153, 120499000000
-0.019027702554893625, 0.08162660505131526, 0.5000870601705911, 120504000000
0.02483808838819627, 0.16561689349085307, 0.4997087105601579, 120509000000
-0.13095788026877803, -0.026512731982173188, 0.49978750591845056, 120514000000
0.010753502903516687, 0.1668584476928141, 0.4997692335066655, 120519000000
-0.11172187094834463, -0.009940042749666258, 0.4998302627753745, 120524000000
-0.06190758095049956, 0.07412962091549478, 0.4998809058774345, 120529000000
-0.00942623669120976, 0.16642175598772127, 0.4996689191196597, 120534000000
-0.10243068737874148, -0.009479022936315746, 0.4996749732916751, 120539000000
-0.06864969352951837, 0.113865908580533, 0.4997544962335246, 120544000000
-0.03956351538289361, 0.0810882137482437, 0.4997233756367554, 120549000000
-0.03509740605970231, 0.019803159243718588, 0.49995103705615146, 120554000000
-0.03471414280831821, 0.1542490284161867, 0.49998619616521217, 120559000000
-0.1323377050873188, -0.02328526862496296, 0.4997438905358316, 120564000000
-0.041450729285693204, 0.11031139305728482, 0.4999220298082897, 120569000000
-0.0067985534442702835, 0.20451654651956547, 0.49955170655906234, 120574000000
-0.11575241059210248, -0.02234411079089948, 0.5001844146485304, 120579000000
-0.013602505262574656, 0.17038511927262756, 0.5001976648921647, 120584000000
-0.0955114636367029, -0.02527792898372202, 0.49962915278969516, 120589000000
-0.07155270818803015, 0.09717399083441941, 0.5000218847547693, 120594000000
0.00964251476339861, 0.16713657060309559, 0.4996485169679163, 120599000000
-0.11175299356750024, -0.0553089720747871, 0.4993405450287768, 120604000000
-0.058767937874942874, 0.10391659114286231, 0.4998239787000491, 120609000000
-0.04741929224201796, 0.09724466612630947, 0.4995072645512379, 120614000000
-0.07953891231396386, 0.06879905542575242, 0.49968845960246333, 120619000000
-0.03065775069922822, 0.18162373677611734, 0.4996426442233706, 120624000000
-0.12629519786696697, -0.03566255350125442, 0.4997392399109331, 120629000000
-0.042996923177673535, 0.07574948922192294, 0.5001117755329172, 120634000000
-0.013849411499012422, 0.18080311539430707, 0.49953039452002895, 120639000000
-0.10953958462958764, -0.008576425192103892, 0.49983496579034864, 120644000000
-0.011537428711531919, 0.14817160018361175, 0.49970258726579186, 120649000000
-0.08566427141512216, -0.028031615686085035, 0.4997633793394325, 120654000000
-0.06731577916206076, 0.09174624822768065, 0.5000324401134386, 120659000000
0.004717154335001365, 0.20541468200335058, 0.49978625545658945, 120664000000
-0.14537324527391118, -0.019404382206117145, 0.49944646537404447, 120669000000
-0.05036619410579844, 0.09697006870272887, 0.49977245069992193, 120674000000
-0.05570908371397311, 0.09238539906543859, 0.4993618015348956, 120679000000
-0.05915771285455967, 0.07769264420720688, 0.5002131105351479, 120684000000
-0.00024192301629557362, 0.17267336347545736, 0.49954112142726853, 120689000000
-0.11328665845947347, -0.0053457449803670926, 0.49946712422615197, 120694000000
-0.07101070808248627, 0.07520969649114036, 0.4996973958420562, 120699000000
-0.010379257817411194, 0.13776252204356443, 0.49961495275703827, 120704000000
-0.11962138840402929, -0.07547660138203931, 0.49977306226849766, 120709000000
-0.058208933577079944, 0.08878138483177567, 0.4998717989144886, 120714000000
-0.015427165918231695, 0.16424561891112185, 0.499688954117459, 120719000000
-0.09978193904808128, -0.06089084576099009, 0.4994953567923481, 120724000000
-0.04261482986365822, 0.058686026626748336, 0.4996451433055492, 120729000000
-0.0018925489144236238, 0.1452852816291597, 0.4996902510222817, 120734000000
-0.09871076829692699, -0.04070599709266502, 0.50011963486978, 120739000000
-0.021055423621738067, 0.1791184614736849, 0.4996085946186013, 120744000000
-0.09519845593405973, -0.026260864002177392, 0.49939546406740787, 120749000000
-0.060638839114160396, 0.09591927472402408, 0.49985792034679394, 120754000000
-0.02653648812626404, 0.07967974162020004, 0.49999338279158356, 120759000000
-0.001917240728070447, 0.17869964926704582, 0.4996623224547479, 120764000000
-0.11705019621511907, -0.013656489173535083, 0.49991770484652914, 120769000000
-0.045811981453337695, 0.09554795959868446, 0.5000245232781445, 120774000000
-0.08482248066339884, 0.09153381680785544, 0.4995254486705995, 120779000000
-0.06634880243857202, 0.03705085101867761, 0.5001372234590558, 120784000000
0.005753475490688768, 0.17922722093235302, 0.49963934297519647, 120789000000
-0.0831061674577313, -0.01762443931392279, 0.4996315628079796, 120794000000
-0.042615093145178466, 0.09717564181474628, 0.5000290524321079, 120799000000
0.001654051969628107, 0.16333286193277555, 0.4995484462136733, 120804000000
-0.12593148556379574, -0.02347130354891301, 0.49973549044297905, 120809000000
-0.02324143752382101, 0.1659320489000626, 0.49923211900229914, 120814000000
-0.09057322664530829, 0.0012458301309736224, 0.499436732398336, 120819000000
-0.04873646492414793, 0.06528661101841941, 0.4999881448275129, 120824000000
-0.03512434379758682, 0.14969790793474502, 0.49951773800681204, 120829000000
-0.13685272252789213, -0.042677761779406485, 0.4996905781319716, 120834000000
-0.061336853170837716, 0.08657159537082783, 0.4994982162255683, 120839000000
-0.04925938064855359, 0.08165008958385861, 0.4995269247756918, 120844000000
-0.06759086840001938, 0.07619405722800444, 0.4994799267866425, 120849000000
0.020208238959628554, 0.19968041733064673, 0.49970642147303745, 120854000000
-0.13460577671943372, -0.017785097535374248, 0.4993801980477306, 120859000000
-0.039933273851229543, 0.08090354543469687, 0.5000205451304466, 120864000000
-0.025859150457497627, 0.16543384110697446, 0.49974360213454394, 120869000000
-0.09637435806630121, -0.01266698377969696, 0.4997537622468461, 120874000000
-0.019738355608904384, 0.17080211817279164, 0.4998111073119107, 120879000000
-0.11234951584244014, -0.0056738114582838535, 0.5000582226562658, 120884000000
-0.048510326782830245, 0.07135758080238783, 0.4996562039595846, 120889000000
0.006323848725370599, 0.18536941712425775, 0.49968252132512997, 120894000000
-0.10728570848201963, -0.02099843876804945, 0.49963600131831054, 120899000000
-0.03444853140094818, 0.08557674131244063, 0.49992131240121007, 120904000000
-0.053652210496928955, 0.10306651663463029, 0.4997154126859398, 120909000000
-0.06370155888452848, 0.052484868167335774, 0.49980564883354617, 120914000000
0.0023237682370926176, 0.18846321832374174, 0.49992332334752365, 120919000000
-0.11586425875947817, -0.010973521473058525, 0.4993224498691019, 120924000000
-0.07159498965792152, 0.06615889479169405, 0.4998618689896104, 120929000000
0.02386905624833504, 0.15451649770790762, 0.49961530045472863, 120934000000
-0.11134426327609685, 0.007920207374465247, 0.49999361283283955, 120939000000
-0.028811885278051844, 0.10314776475085113, 0.49944693435989024, 120944000000
0.010034875027261515, 0.20072847891193052, 0.49962777742018233, 120949000000
-0.130650875574144, 0.009325844112731733, 0.4998231840378554, 120954000000
-0.049686476756052755, 0.10171223799944829, 0.4996643970224047, 120959000000
-0.000881221854880699, 0.19512712678678687, 0.49987172918607065, 120964000000
-0.10538442774440844, -0.036295233355735576, 0.4998335801174881, 120969000000
-0.04665786033708669, 0.0895477921085547, 0.4998541499380231, 120974000000
-0.003189035795265572, 0.18707431006586556, 0.49958559063724967, 120979000000
-0.10892792262090342, -0.01861337784006791, 0.4997826046121029, 120984000000
-0.01885979621516115, 0.08402757857931824, 0.4999761686893576, 120989000000
-0.00266521322956007, 0.17003297745988574, 0.4994895465070406, 120994000000
-0.10977546903057807, -0.019946793617689616, 0.49988967635904474, 120999000000
-0.032411399842469844, 0.1067577833402127, 0.4999301036411801, 121004000000
0.026126993077641172, 0.17385999769299007, 0.49949747524009874, 121009000000
-0.10226315402070088, -0.02963651034494677, 0.4997329002796968, 121014000000
-0.013420940436681586, 0.13025222149145704, 0.49964278950145585, 121021000000
-0.10432256927390636, -0.046976238169244136, 0.4997147751862665, 121026000000
-0.05340865620754166, 0.06455121571058563, 0.4999309042612861, 121031000000
-0.05812386371695166, 0.06974610909285024, 0.4993306538644521, 121036000000
-0.067604122726112, 0.04544582580211021, 0.49956603507054687, 121041000000
-0.0027967252853603798, 0.16896550121996687, 0.49973086957816715, 121046000000
-0.0929639355921839, -0.00044363094508803515, 0.49938372897119576, 121051000000
-0.06473877648206677, 0.051467047453576026, 0.5001871297069772, 121056000000
-0.05899732801789781, 0.06100010412605038, 0.49957206298566703, 121061000000
-0.07658674919096307, 0.05422663293189249, 0.5002319877648188, 121066000000
-0.00835146178086042, 0.18906142019178035, 0.4997273711426141, 121071000000
-0.07714115293299195, -0.0068703923602013075, 0.49951428406065185, 121076000000
-0.042592975133224104, 0.07377245243899254, 0.4998517575477143, 121081000000
0.018271803950964075, 0.18363304589695678, 0.49983837781626833, 121086000000
-0.11361424703173027, -0.030419382999574626, 0.49966693601057444, 121091000000
-0.046037017408594685, 0.07416287911756955, 0.4998455425933489, 121096000000
-0.05116692142514464, 0.06260004502601813, 0.4997401285107765, 121101000000
-0.0788144194468024, 0.051940607840455316, 0.49989107078068173, 121106000000
0.009922287419232114, 0.15726267636071842, 0.49965923634427745, 121111000000
-0.12322933284695892, -0.03183197464414474, 0.49960532077937997, 121116000000
-0.05386406086231125, 0.0700161244138613, 0.49969845825647224, 121121000000
-0.024010256889108843, 0.15140465406492348, 0.49970651709286007, 121126000000
-0.0834734991755206, -0.0237016785860793, 0.4998732974918189, 121131000000
-0.01302499835608095, 0.15246108805515976, 0.49992056095639353, 121136000000
-0.0881884489754602, 0.015778923497729597, 0.4999386794028072, 121141000000
-0.053779911079085314, 0.07355685788868793, 0.4995210551865276, 121146000000
-0.01906905970544144, 0.13516607406658174, 0.49964399694556955, 121151000000
-0.09208960893768253, -0.013785047717962637, 0.4997471789787184, 121156000000
-0.03751397606503663, 0.09734060769887341, 0.49956746848506467, 121161000000
0.012680501430675627, 0.19607908589981748, 0.4992480586357067, 121166000000
-0.08108823833358872, -0.03606980654563701, 0.49975444607023345, 121171000000
-0.03664079036518573, 0.08853583857264076, 0.4996712195920697, 121176000000
-0.02524042247119299, 0.16400036203800092, 0.49999902627624043, 121181000000
-0.11308711833573332, -0.027745226959183453, 0.4995754118221725, 121186000000
-0.03461225768889476, 0.0548557746016429, 0.49940853586028566, 121191000000
0.02718225921714019, 0.1412062222551726, 0.49957254825134095, 121196000000
-0.1261494330753726, -0.016890985373946878, 0.49957151373715575, 121201000000
-0.052087224033840446, 0.07692528350680063, 0.49972694835561227, 121206000000
0.02781452017462141, 0.17716686570872073, 0.4995202158142934, 121211000000
-0.11058824959624705, -0.0370433256869121, 0.4995277745449544, 121216000000
-0.07529643150961135, 0.08356421432741924, 0.4997963890927173, 121221000000
-0.011109849867809255, 0.17347132630730283, 0.499790127429234, 121226000000
-0.10033284473147842, -0.028686659197563923, 0.4996506847060828, 121231000000
-0.07005225210310115, 0.07883349391131078, 0.49961529457387893, 121236000000
-0.05383738390086324, 0.10936951514390168, 0.49957313027128464, 121241000000
-0.0376117680419408, 0.0686172788931089, 0.4998120751037189, 121246000000
0.015663724946315405, 0.17738220149857256, 0.49986672127989895, 121251000000
-0.12714916874934493, -0.026443950664422265, 0.49930555020530665, 121256000000
-0.05559695793714292, 0.08648335492229599, 0.49967414794105725, 121261000000
-0.02519804723568125, 0.12975970372509296, 0.4997586098160728, 121266000000
-0.08727665841869675, -0.010299311016589176, 0.49976223046343676, 121271000000
-0.0004702597430910893, 0.15919630859352812, 0.500030639187912, 121276000000
-0.10225919036056709, -0.03668181867956566, 0.4995294746627485, 121281000000
-0.051602798804092874, 0.05894952202000669, 0.4993211520130074, 121286000000
-0.011698207034886263, 0.16014921802013396, 0.49977357495439934, 121291000000
-0.10050968799013017, -0.018565100461697903, 0.4996864720589984, 121296000000
-0.030738608296845823, 0.0575459287360259, 0.4997508139698249, 121301000000
-0.0634388883769675, 0.06068282823452581, 0.49969192911013977, 121306000000
-0.043985198381914135, 0.09250980123765945, 0.4996017291223853, 121311000000
-0.006228574826243194, 0.14679043809910652, 0.4997325572396766, 121316000000
-0.08253776542724814, -0.011604711828893997, 0.5001099184145348, 121321000000
-0.041111704457235894, 0.13578473264200422, 0.49981040402097837, 121326000000
-0.017388267589489092, 0.17194605580466002, 0.4995355708489228, 121331000000
-0.10590286074019598, -0.02392083347845235, 0.49961062176015075, 121336000000
-0.04837011914485729, 0.17755852374931516, 0.4999411931093052, 121341000000
-0.11311363626513098, -0.03220602257377967, 0.4996746932643993, 121346000000
-0.06658828390321674, 0.07845286534128537, 0.49964246745235613, 121351000000
0.005380887852619971, 0.15822934402756375, 0.4997354830820517, 121356000000
-0.13134905918985654, -0.016506192773349946, 0.49963858963046065, 121361000000
-0.0416412523042031, 0.05258898444756695, 0.49977180183375547, 121366000000
-0.07913169955683114, 0.06524338299024546, 0.49935199043218725, 121372000000
-0.06308681322385695, 0.09074678520345826, 0.49976653990837133, 121377000000
-0.01672084328730501, 0.14069361554201779, 0.4997361557927561, 121382000000
-0.10449308137090335, -0.022627259592283656, 0.49944860928111956, 121387000000
-0.06224989368169928, 0.07296757453503197, 0.49969621815516096, 121392000000
-0.08104198271490934, 0.07035831778116806, 0.4997213301611964, 121397000000
-0.08314701012643898, 0.04283611616395656, 0.49982371697922867, 121402000000
-0.021092463834719723, 0.1592219774722483, 0.4998714890378588, 121407000000
-0.1301333904495636, -0.044389649762305285, 0.49954064818991073, 121412000000
-0.05214207518197799, 0.09556905523635857, 0.4992364538670546, 121417000000
0.05075606456599928, 0.22685381066154564, 0.49974062893800386, 121422000000
-0.0828371846189168, -0.016229023862278168, 0.4994274716266736, 121427000000
-0.07411407223609598, 0.07939820140188941, 0.49972629224564213, 121432000000
-0.012403050032775052, 0.16148376236035242, 0.4997397276611573, 121437000000
-0.12987426099811494, -0.04507756404053023, 0.49981527800124215, 121442000000
-0.005770879074842214, 0.15159645183624945, 0.4998574069586419, 121447000000
-0.08968584556690613, 0.010800159320875857, 0.49956310780531754, 121452000000
-0.08455631496843052, 0.06573496911455151, 0.49968579086765663, 121457000000
-0.0034531887045265086, 0.16351755849928945, 0.4996175955735031, 121462000000
-0.0685275212450864, -0.01764148218610573, 0.4998348921474268, 121467000000
-0.07945500575101255, 0.07169395304319684, 0.4999556575130393, 121472000000
0.0029284149494480504, 0.1890148225712946, 0.49943865665799936, 121477000000
-0.10305023274955545, -0.0204759761123445, 0.49969437453705917, 121482000000
-0.04058029742317706, 0.11203884617348267, 0.4999011916423096, 121487000000
-0.020125950479286118, 0.1628285384552628, 0.49962338411555196, 121492000000
-0.10658980016576483, -0.016396785862837056, 0.49999337907879604, 121497000000
-0.05858562762193695, 0.09650587311694163, 0.5001677291406136, 121502000000
0.0017059982766469096, 0.13738676080918885, 0.49949235459411623, 121507000000
-0.10665373646076072, -0.009411548678515663, 0.49980648264700955, 121512000000
-0.0429083879771001, 0.0699803771414396, 0.49998450143956624, 121517000000
-0.0032300040829650856, 0.1536217037310874, 0.499421797016681, 121522000000
-0.11099765434340611, -0.023785811802645038, 0.4997611745763131, 121527000000
-0.007965412798741665, 0.1434031125121811, 0.5001196366188683, 121532000000
-0.08406247714689893, -0.027079896469621736, 0.49974576381655145, 121537000000
-0.03906904328016801, 0.054944369798761696, 0.5000801171169129, 121542000000
-0.01466842329891149, 0.17452704098595506, 0.49942169390804286, 121547000000
-0.0943185200023931, 3.7944288821274014e-05, 0.4996732069928221, 121552000000
-0.08075972989691953, 0.07799945042640793, 0.4998860046973478, 121557000000
-0.04400591694470759, 0.04203199416597114, 0.49979092485769316, 121562000000
-0.07977344740277723, 0.08565074453516684, 0.4997273199172085, 121567000000
0.010379551810910811, 0.1651260747920207, 0.49998087788307943, 121572000000
-0.10596131024744779, -0.019980493707395984, 0.49997233510226735, 121577000000
-0.08111811250954952, 0.055264223777087465, 0.49980206493588025, 121582000000
-0.01875340530630749, 0.19778756463353525, 0.4996969463676379, 121587000000
-0.10476360526263827, -0.012221168236921348, 0.4994903022236985, 121592000000
0.005630595319859755, 0.1694333663951261, 0.5001007020813495, 121597000000
-0.12113488576236021, -0.0004907764564679677, 0.4997557972716283, 121602000000
-0.028151432481281703, 0.06748513726650196, 0.49973878473976996, 121607000000
0.0406506824957627, 0.15769916130777714, 0.4993924741316676, 121612000000
-0.09346749656373203, -0.0200302140557223, 0.49955082039565374, 121617000000
-0.06626080513444607, 0.09936443424255514, 0.49985160503435166, 121622000000
-0.021440580160553672, 0.06747955148103661, 0.4996433133634932, 121627000000
-0.07364662353352525, 0.05698109535285077, 0.499856644030867, 121632000000
0.006736997924139109, 0.14722937623902096, 0.4994217284195159, 121637000000
-0.11712709923924666, -0.01186511560500952, 0.49965611629715795, 121642000000
-0.07832526575090298, 0.08280364064977282, 0.49991483602973713, 121647000000
-0.0046290178102343545, 0.19053839984009516, 0.49954254898010264, 121652000000
-0.09944952869369526, -0.0259105044345889, 0.49993359377599167, 121657000000
-0.008493821509957235, 0.13509138589355119, 0.49965287498913263, 121662000000
-0.11454483670635757, 0.006099625772297286, 0.49971419088604124, 121667000000
-0.059633700818155395, 0.1084959906089838, 0.5000251342898532, 121672000000
-0.0022036712056509927, 0.17153709235539394, 0.4995577602687678, 121677000000
-0.12010269009771396, -0.040789664582438497, 0.4994761282246884, 121682000000
-0.06577477256544777, 0.08865564357161286, 0.49955839362316196, 121687000000
0.015275724312908745, 0.17986250584881283, 0.4997529342263265, 121692000000
-0.1355555774565536, -0.05024693099235748, 0.49926812862171993, 121697000000
-0.05470359870604515, 0.0761761871482623, 0.49992714312408737, 121702000000
-0.01799899958999801, 0.1558068062887453, 0.5000479570966455, 121707000000
-0.14483306448945146, -0.02952277204742323, 0.49981376820649426, 121712000000
-0.04894596217760794, 0.0921762795633033, 0.49980099969093755, 121717000000
0.004711911688470231, 0.1472748368062281, 0.4994655389103274, 121722000000
-0.10664922956215049, 0.003331101429974243, 0.49988589844186243, 121727000000
-0.06075331120343182, 0.08133340228824246, 0.4999159853945336, 121732000000
-0.01772803735851546, 0.1569956338529776, 0.4998138558052372, 121737000000
-0.08889701700277065, -0.011963785283563573, 0.4996127855642893, 121742000000
-0.06928587194418759, 0.08054795749718638, 0.5001006777539602, 121747000000
-0.028858632858031513, 0.1320149774466067, 0.4996207621221432, 121752000000
-0.11292634431242386, -0.04557226054150546, 0.4994455087458539, 121757000000
-0.05422620775913851, 0.06249367876677715, 0.49937429698135943, 121762000000
-0.07362957954917666, 0.0708958408224982, 0.4996058798985528, 121767000000
-0.09789110441133214, 0.08381850807143003, 0.4995079259661438, 121772000000
0.019818216414993792, 0.1587528145168621, 0.4996883524347862, 121777000000
-0.10996919361073872, -0.05522878340349445, 0.5000728785651567, 121782000000
-0.05797618144763793, 0.06999589221954233, 0.49973427441192886, 121787000000
-0.007367654053006183, 0.16498196145356894, 0.49973526094308823, 121792000000
-0.12520034701703406, 0.006427176583867416, 0.4992634180542762, 121797000000
-0.020868809265043267, 0.14827453105326693, 0.49964741170093663, 121802000000
-0.07733812148472313, 0.0011912798487445156, 0.49995119901366897, 121807000000
-0.07701740181786149, 0.07671517169151681, 0.49986576907540364, 121812000000
0.0010959361570561845, 0.20986576119110817, 0.500030238399584, 121817000000
-0.08149100943861681, 0.0008928590477280708, 0.4996454057220961, 121822000000
-0.07796759466990835, 0.07752417265174734, 0.5000060847865876, 121827000000
-0.02918321325590454, 0.09160846881604089, 0.49976358066534954, 121832000000
-0.037987466931421965, 0.08477465531939901, 0.49992426572042487, 121837000000
0.012279031028702736, 0.15666312546628686, 0.5000717752803427, 121842000000
-0.08454722785133759, -0.042053481769080955, 0.4995856523450638, 121847000000
-0.061750443271724687, 0.09727254136407804, 0.49934000591957406, 121852000000
-0.0230936590130717, 0.14878715361124312, 0.49949707516862984, 121857000000
-0.12652810366779133, 0.0035030630556853433, 0.4996241365632279, 121862000000
-0.053256587188342495, 0.07278887439000238, 0.49951676808517864, 121867000000
-0.03497209486246574, 0.12132336106052127, 0.4994228093517197, 121872000000
-0.10593376670451941, -0.007901140563758924, 0.49971938189378423, 121877000000
-0.025005405196283262, 0.08850922562958707, 0.4997708641281617, 121882000000
0.025075986605128373, 0.20068960229816285, 0.49989070233253563, 121887000000
-0.13193802085617679, -0.02473576225985894, 0.4996679061668863, 121892000000
-0.061224353950728734, 0.08718060539995558, 0.49970217062962574, 121897000000
-0.0009225919768220368, 0.19034342141007832, 0.499569311664599, 121902000000
-0.11224727301669196, -0.010538154732163737, 0.49966388097797165, 121907000000
-0.01866508580252183, 0.0822421540263009, 0.49956466206356187, 121912000000
-0.020526135207747157, 0.17833112579870858, 0.4994923349063284, 121917000000
-0.15316387764434455, -0.014562180158308676, 0.49974690771042324, 121922000000
-0.042703883900302, 0.08838545857736338, 0.4996752538118693, 121927000000
-0.0025996016611787437, 0.18350336909633336, 0.49949422632966917, 121932000000
-0.1102299632119025, -0.03268486477132689, 0.499829644727949, 121937000000
-0.0690336403772599, 0.06038194307552934, 0.4996613146232308, 121942000000
-0.0434406878571746, 0.06805886504433657, 0.4993937689105668, 121947000000
-0.06613326330143066, 0.12240733052113528, 0.499270874937573, 121952000000
0.015588188104919125, 0.18714314508103175, 0.5000204951653534, 121957000000
-0.1501559654181248, -0.06367319864568954, 0.49978381005808054, 121962000000
-0.09506161979638084, 0.09547120156008422, 0.4995409629438634, 121967000000
-0.04322924014470553, 0.11278927288381471, 0.49973392978312703, 121972000000
-0.06101048735941925, 0.04483935833839253, 0.49976625659966095, 121977000000
-0.000939973291255841, 0.2015692240143265, 0.49975766831966695, 121982000000
-0.09585992218930434, -0.038503887897684844, 0.49972725938608215, 121987000000
-0.05154217531582792, 0.09449366028186611, 0.4998811969493223, 121992000000
-0.01000442903565931, 0.18616609162904302, 0.4994025909244973, 121997000000
-0.11192284407455715, -0.009882944531887192, 0.4997054688086088, 122002000000
7.153258948164841e-05, 0.17119312099608955, 0.49976471676543616, 122007000000
-0.08813296368720887, -0.03691460249557038, 0.4994256006647494, 122012000000
-0.0621534787865692, 0.056923836844623404, 0.49994986020964566, 122017000000
0.020746378743640194, 0.19236198029723162, 0.49960093476671946, 122022000000
-0.09770414492988616, 0.007620469225659933, 0.4995549296880697, 122027000000
-0.04702173015342119, 0.04759252996289515, 0.4998026000916592, 122032000000
-0.055248671530060633, 0.1042921200781251, 0.4996841021639177, 122037000000
-0.057830110413904214, 0.06335281689981725, 0.49999215150507104, 122042000000
-0.015265751704423864, 0.19005619297639162, 0.4997111860437793, 122047000000
-0.1197502121408589, -0.02890328430305605, 0.49966715687695423, 122052000000
-0.0383849879295478, 0.031030645161025702, 0.4996404644930479, 122057000000
0.012084342749393597, 0.2094160310045127, 0.49936547152209887, 122062000000
-0.14887286884132908, -0.040364558227321296, 0.4995144625694622, 122067000000
-0.012089470240712502, 0.13729834277744252, 0.5000162528843609, 122072000000
-0.08797643999259498, 0.002230825279929115, 0.49939514027707366, 122077000000
-0.08050499739057858, 0.10025726882555344, 0.49963402365528525, 122082000000
0.006213196381938582, 0.17264871753717292, 0.4997132628273374, 122087000000
-0.10424521781204103, -0.03489432227438399, 0.4997103390942711, 122092000000
-0.04829954457198793, 0.10098672061527124, 0.4995248146395189, 122097000000
-0.08837692061230076, 0.0787695770662047, 0.4998548607342088, 122102000000
-0.06345611535905021, 0.07407056030035275, 0.49964214104823174, 122107000000
-0.015597727951802805, 0.19595408381050472, 0.49938392875318516, 122112000000
-0.10887741561209734, -0.010274032463780867, 0.4998533599699193, 122117000000
-0.039518119109611644, 0.09511862192995321, 0.49934430153445486, 122122000000
-0.01356880542133029, 0.13869403897167554, 0.4992893544864909, 122127000000
-0.07540084854691667, 0.013241515303051754, 0.49950242379646276, 122132000000
-0.038571929652984435, 0.0924135306288462, 0.4996126114962688, 122137000000
0.010480822943410996, 0.1327483973791673, 0.49970058289504465, 122142000000
-0.1032156779297638, -0.021940686611924082, 0.4995861532690371, 122147000000
-0.06721431490953009, 0.09788991886206258, 0.4997096522059225, 122152000000
0.005805888703339523, 0.19139080837564298, 0.49938432270258526, 122157000000
-0.1254564967899722, -0.03155912845084168, 0.4995969891980329, 122162000000
-0.10150468244596414, 0.08680588680985742, 0.4998214469888867, 122167000000
0.004175215392929344, 0.18375842122619152, 0.49991634843513644, 122172000000
-0.11497339599864018, -0.008727391974913309, 0.4997653459349357, 122177000000
-0.055634053206599164, 0.11774630094638935, 0.5000594066031486, 122182000000
-0.017595979987154255, 0.1664857865057611, 0.49943121392266016, 122187000000
-0.09403790176643935, -0.012584133022216726, 0.49973250454109686, 122192000000
-0.061409788816474346, 0.06949595432982499, 0.4996728481405937, 122197000000
-0.0013255295489981906, 0.17875160844347215, 0.4998265036831004, 122202000000
-0.09624843747665575, -0.02775463859137475, 0.49960509467160563, 122207000000
-0.04450413658753164, 0.09649485335894316, 0.4998268460017992, 122212000000
0.011029103423594403, 0.18034246390527758, 0.49934788244696765, 122217000000
-0.08590397475040554, -0.01681201592407356, 0.4996103871349741, 122222000000
-0.014714497172861704, 0.16738956267574617, 0.49992610163441364, 122227000000
-0.11450737448095746, 0.006450011888997096, 0.49949183822881477, 122232000000
-0.04082840936371283, 0.05740595714169305, 0.49992135812548255, 122237000000
0.01040981069655821, 0.16773862659916783, 0.4993762369421981, 122242000000
-0.11095947464112427, -0.014484952218344232, 0.49960632133578503, 122247000000
-0.03685453203988208, 0.05387398626587449, 0.49975438681184753, 122252000000
-0.05137793851351271, 0.11410448180911233, 0.4997671582598827, 122257000000
-0.06617825410781933, 0.05522170523637349, 0.5000430782350793, 122262000000
-0.0005524118970358096, 0.15396640492093086, 0.4997204922962648, 122267000000
-0.12020889807447649, -0.0546381505325579, 0.49979062154355475, 122272000000
-0.0221704944079079, 0.09455895274364692, 0.5000340588248129, 122277000000
0.0014410370332169032, 0.14837537266130724, 0.4994714881242907, 122282000000
-0.10582409266724532, -0.029876311796777615, 0.49962427305798635, 122287000000
0.0025624325451854765, 0.14431398215751623, 0.4994690105814042, 122292000000
-0.1227354527269401, -0.012515429017067415, 0.49955154970719207, 122297000000
-0.03483751834770282, 0.0645022462146733, 0.5000091169188953, 122302000000
-0.0026000817948686195, 0.16097579201357295, 0.4997371152916987, 122307000000
-0.12950437757606295, -0.04138746298747863, 0.4997567261023707, 122312000000
-0.03966200881836484, 0.1257416255351535, 0.4996208534708507, 122317000000
-0.09821762086199871, -0.028027130894047195, 0.49947476655735407, 122322000000
-0.07447237367842767, 0.06252381561441966, 0.49971117262227216, 122327000000
0.008817880015985557, 0.18964411983594295, 0.4997749964436227, 122332000000
-0.1403938612725014, -0.005922961576189101, 0.49942957174801716, 122337000000
-0.049624374509250516, 0.08969078697485794, 0.49974254168675075, 122342000000
0.029030952129652406, 0.17281342714580583, 0.49936013296395115, 122347000000
-0.09990399917892956, 0.0004886276991089913, 0.49959537039478374, 122352000000
-0.01603648139871747, 0.14878369572634972, 0.4999692141247619, 122357000000
-0.11165822515436863, -0.017653639020805197, 0.499710092100262, 122362000000
-0.039647596888124775, 0.0841798880797698, 0.49955151335011727, 122367000000
0.012785506269825997, 0.16928734672096213, 0.49926720155469684, 122372000000
-0.10345581980310269, 0.007696296511394845, 0.4994362578045717, 122377000000
-0.05730117278832089, 0.06180288465979618, 0.4995612359637894, 122382000000
0.0013971182033788846, 0.16159075098702883, 0.49974906021899895, 122387000000
-0.10616874978340023, -0.01921365283873834, 0.49963956473175736, 122392000000
-0.05551751153880148, 0.09342115645634694, 0.499701837595074, 122397000000
0.010393306723159431, 0.19469798697557206, 0.4997149577955155, 122402000000
-0.0679777270430697, -0.01823268534754418, 0.500098967769379, 122407000000
-0.0728648497448883, 0.1216520230145895, 0.4999228779295032, 122412000000
0.003913816293900136, 0.17105240385187315, 0.4997032447069373, 122417000000
-0.07318684394132063, -0.018492063825051978, 0.49977008260312833, 122422000000
-0.06014484441745919, 0.06494440901678579, 0.49967198503821997, 122427000000
-0.008548353398758483, 0.2176353046634412, 0.4998142939447478, 122432000000
-0.05794404692130979, -0.010504998170886886, 0.4996360563128479, 122437000000
-0.043075681559119734, 0.06570054316571067, 0.49974367077746773, 122442000000
0.011441329894753726, 0.15398086673388248, 0.49971172711098955, 122447000000
-0.11302138758826177, 0.036836897429771434, 0.4996434653672722, 122453000000
-0.010217715712947948, 0.14625721750715096, 0.499555932532275, 122458000000
-0.10618578374625037, -0.021799191664735585, 0.4997712319980802, 122463000000
-0.060301953629092915, 0.08473982534562731, 0.49966043520051817, 122468000000
0.007662859700537339, 0.13017658570410404, 0.4993282462406494, 122473000000
-0.14931768983375635, -0.09281688281931015, 0.4993126866310805, 122478000000
-0.05554423980356344, 0.059979333291681536, 0.4999628128106533, 122483000000
-0.035694677855444515, 0.0822173900155628, 0.49985365824527517, 122488000000
-0.09725654420946572, 0.0004505050918265502, 0.4996517761747931, 122493000000
0.02400508420377339, 0.140974090036524, 0.49981724399867955, 122498000000
-0.07182224467654266, -0.0017524698744208495, 0.4996422821343277, 122506000000
-0.014156611669869456, 0.14188873480190614, 0.4999552904436083, 122511000000
-0.14232351705672064, -0.018901129052516955, 0.4992262441712735, 122516000000
-0.04533699579986043, 0.07026394427125403, 0.49975956380627085, 122521000000
0.030195679244686358, 0.1491132289464694, 0.4994874612864274, 122526000000
-0.11392794187399263, -0.00309268023849189, 0.49945617454702324, 122531000000
-0.02500937753257526, 0.14661932398753377, 0.49956032682868395, 122536000000
-0.10649252629143498, -0.03770109335666884, 0.4993237021578234, 122541000000
-0.07100347244696605, 0.06297871824571989, 0.4997711895364541, 122546000000
-0.0005719253370838722, 0.20118562266873213, 0.4997527753502571, 122551000000
-0.1332168611218459, -0.03097376960831954, 0.4996498820062192, 122556000000
-0.08313684859179873, 0.09133374189640538, 0.5000129414400429, 122561000000
-0.002477127603209986, 0.15773170499584663, 0.4993781213577083, 122566000000
-0.10326973846435196, -0.012446930149646686, 0.49977185656492257, 122571000000
-0.09211394658984078, 0.08470963103834624, 0.4994697256081298, 122576000000
-0.036503268175948435, 0.15775758574845414, 0.499243304467632, 122581000000
-0.12959456241565215, -0.012000205492639911, 0.4997437896567833, 122586000000
-0.09501462542882436, 0.0928956172026336, 0.49994570310639513, 122591000000
0.012569004521045141, 0.2010346135137293, 0.4995643427729271, 122596000000
-0.12118190381165757, -0.02405107883597716, 0.49989664145171686, 122601000000
-0.04016215094112487, 0.20579039825884918, 0.4996150359814079, 122606000000
-0.06494049188379608, 0.019798814953197755, 0.4997127456665413, 122611000000
-0.07454970936370718, 0.07213308884709123, 0.49968575974431817, 122616000000
-0.05414658213848422, 0.08687500743565822, 0.49967123829546234, 122621000000
-0.005083622336190568, 0.1645643495729663, 0.4995461981171323, 122626000000
-0.08285333677822415, 0.0022263539465285052, 0.4995184965785303, 122631000000
-0.037703534103724574, 0.06887298376134704, 0.49985808841695883, 122636000000
-0.0520992279382832, 0.10553069877056427, 0.4995095924155902, 122641000000
-0.1003876823943982, 0.040947463258861325, 0.49972985671525166, 122646000000
-0.036127990545110386, 0.14714228465504287, 0.49972858459073155, 122651000000
-0.11107118876760785, -0.04816231193002082, 0.49946929834906584, 122656000000
-0.04826390473170201, 0.08260019875195491, 0.4996607321939176, 122661000000
0.009141981720156156, 0.14622994381690754, 0.4995776561466929, 122666000000
-0.1127113332863697, -0.019603070267579233, 0.4998327164570828, 122671000000
0.004195685383724621, 0.16593737955480642, 0.5000001219185779, 122676000000
-0.09341673005389996, -0.027108418002311944, 0.4997250431851124, 122681000000
-0.057760319613855374, 0.07091752821049732, 0.4998072208664555, 122686000000
0.02524608874802575, 0.1655219499001242, 0.49952171657491484, 122691000000
-0.12355936550216202, -0.0334994938498753, 0.49982020423795614, 122696000000
-0.03952531610469283, 0.080164619402029, 0.499659621372048, 122701000000
-0.08368379123393799, 0.08267035959046243, 0.4996939594732827, 122706000000
-0.07776150197683782, 0.0570431755199189, 0.4995836925916621, 122711000000
0.01207793458885601, 0.16236611426800296, 0.4998760051090019, 122716000000
-0.11517662711413053, -0.0057787487008845555, 0.49940386095926215, 122721000000
-0.057993529078104566, 0.10505714481709534, 0.5001245984355154, 122726000000
0.007015297793172441, 0.14109553252461793, 0.4998706510330875, 122731000000
-0.1148938589445071, -0.024099834929930584, 0.4994740255889008, 122736000000
-0.012716375781876973, 0.15574829427872894, 0.5000519842334844, 122741000000
-0.09230439544132708, 0.025004194420268366, 0.49954127092192235, 122746000000
-0.06569394733235606, 0.09601253055866055, 0.49962558862815687, 122751000000
-0.02261795341109895, 0.171013160130355, 0.49977156448351656, 122756000000
-0.11294345051081436, -0.024541477423955252, 0.5000859766205329, 122761000000
-0.053661517751468296, 0.07532707484243666, 0.5000740590147918, 122766000000
-0.01322749677180194, 0.09416942111282808, 0.4996293080467082, 122771000000
-0.02286663854659439, 0.08122659818323684, 0.4997127107774403, 122776000000
0.008433494935058967, 0.15877938049467896, 0.49966855328911775, 122781000000
-0.11173989969515262, -0.015928793007793974, 0.49986695247813784, 122786000000
-0.05561436383922573, 0.08560227344796967, 0.50016221596319, 122791000000
-0.009970531981099439, 0.19764089981650818, 0.5000758128501982, 122796000000
-0.10615149169513419, -0.036644872648333604, 0.4995695848454817, 122801000000
-0.007713308418427989, 0.14156248903152466, 0.49979707219351055, 122806000000
-0.09246708361751974, -0.01882306425643734, 0.4997036205638883, 122811000000
-0.05126576035602027, 0.06668120871987351, 0.49976473144385525, 122816000000
-0.0016574209131933974, 0.14864293339706738, 0.4995014186672953, 122821000000
-0.09923015046474802, -0.04103237581964295, 0.49990235298308267, 122826000000
0.002660430223488504, 0.14472777773053586, 0.49996200501890137, 122831000000
-0.07174688318857417, 0.0686355948941973, 0.49946438260379716, 122836000000
-0.10510700850517167, -0.05936094776757294, 0.4993306342930908, 122841000000
-0.07387201428959433, 0.0902683028414932, 0.4997344454955978, 122846000000
0.00578270564645931, 0.17064349050026195, 0.49924583885765195, 122851000000
-0.10668457388639524, -0.032727073439272183, 0.4997639933695575, 122856000000
-0.07007436056193167, 0.0699941091287383, 0.49957024306018344, 122861000000
-0.0035012546381241443, 0.16489529753509005, 0.499341933851541, 122866000000
-0.13244998114238501, -0.020953149566114156, 0.4998130107504708, 122871000000
-0.01881016348794174, 0.17242618733275517, 0.4994903333423015, 122876000000
-0.07728520471726662, 0.010505182210621333, 0.49978553576877865, 122881000000
-0.04834535262481357, 0.05770227219090072, 0.4995338637129476, 122886000000
-0.06343384704168564, 0.115208623232986, 0.49967861513502027, 122891000000
-0.0032513342364787856, 0.19542184899405393, 0.49955015695921573, 122896000000
-0.11198204232095609, -0.013620520281777017, 0.499586986850298, 122901000000
-0.06338872411201894, 0.0623618242714782, 0.49967179714251536, 122906000000
-0.06556430000875746, 0.09497965110945701, 0.4997627529638656, 122911000000
-0.10805213465680968, 0.0371344574746489, 0.4999352289165007, 122916000000
-0.01601953013013169, 0.15902584969155628, 0.5001600863549324, 122921000000
-0.09119721252278554, -0.008415221119007037, 0.49978013917148034, 122926000000
-0.038542654473907, 0.06519964267734245, 0.5001112384801902, 122931000000
0.019655000595666293, 0.18589709324229012, 0.49953809764593843, 122936000000
-0.09425123770137016, -0.01142334701988961, 0.4995519984038529, 122941000000
0.017954187890594418, 0.18216978432370348, 0.4998379900835326, 122946000000
-0.115243667489004, -0.01770813157528224, 0.4995506636516986, 122951000000
-0.055377891435154626, 0.09457840370926028, 0.49984828352437655, 122956000000
-0.02051503208025285, 0.15886732060560546, 0.4997141068711856, 122961000000
-0.09355091881724834, -0.03066538293074224, 0.4994001986233921, 122966000000
-0.03552979387060662, 0.10589079815600586, 0.4995161809959509, 122971000000
-0.05688368246653529, 0.10808426283322742, 0.49925616213440666, 122976000000
-0.08724818705806814, 0.09126194972479712, 0.49928699582513225, 122981000000
-0.011100003345026675, 0.18822817465001912, 0.49989300595078984, 122986000000
-0.13095613223239733, -0.04547809389969319, 0.4994360362160287, 122991000000
-0.056116936823755494, 0.06592550064315568, 0.4997907824420735, 122996000000
0.0022371256409918568, 0.12844615328172715, 0.49983080644679967, 123001000000
-0.09520965484242916, -0.008754885523868907, 0.5001170625322755, 123006000000
-0.07080430590330486, 0.09134213353790396, 0.499765489335835, 123011000000
0.02640638671922662, 0.18987672680135395, 0.49958015751771295, 123016000000
-0.12912093982972697, -0.03160814857968033, 0.49939587201607744, 123021000000
-0.07372370136399414, 0.10679579693070093, 0.4994973315823014, 123026000000
-0.008842880118434687, 0.2087234404980241, 0.4998152331160716, 123031000000
-0.11356915058841371, -0.035583348302420145, 0.4999894110107952, 123036000000
-0.05496893203615886, 0.08116192529579168, 0.4998543834044365, 123041000000
-0.0424238969716637, 0.07858968853759173, 0.4998656611225748, 123046000000
-0.05762070683287593, 0.060381148829286115, 0.4996813378114882, 123051000000
0.005966812070813055, 0.18322346305981607, 0.5000185866936913, 123056000000
-0.11518735624093579, -0.018669769648421604, 0.49974309535110634, 123061000000
-0.03974254079255495, 0.0926111642989852, 0.49960054078012595, 123066000000
0.033097385732267226, 0.1751541973515698, 0.49965027558523484, 123071000000
-0.13898854238947064, -0.036331528679778374, 0.49951675511778587, 123076000000
0.00476816971699047, 0.1432514636364543, 0.4995124741414108, 123081000000
-0.10547851612110799, -0.04014557849126171, 0.5001549100443018, 123086000000
-0.0604467510583406, 0.08728275002156892, 0.49947394613241947, 123091000000
-0.011176045869074268, 0.19118049888990812, 0.49970922783730043, 123096000000
-0.11179340041946276, -0.028032348740673216, 0.4994162300872057, 123101000000
-0.051772200294304876, 0.07643942803685523, 0.4997534506159996, 123106000000
-0.006188797928471088, 0.1541815072951339, 0.49953520651828043, 123111000000
-0.13246034952524874, -0.007098956751754856, 0.4994480896060652, 123116000000
-0.056207905131561355, 0.059510929545770086, 0.49953201833057, 123121000000
-0.005872307344861437, 0.19883658849307245, 0.4995503481202905, 123126000000
-0.10788091390248802, -0.008330466968536674, 0.49924512384382885, 123131000000
-0.04472239129462749, 0.099270838238238, 0.49984082024135207, 123136000000
-0.009192964660415588, 0.1459725109074061, 0.49918469367020485, 123141000000
-0.10758573868919427, -0.024172994222601052, 0.4994033915078404, 123146000000
0.001581769229680223, 0.1600444394753638, 0.4998811014139826, 123151000000
-0.089453571234894, -0.011179244401761872, 0.4997621312375441, 123156000000
-0.06973352043487577, 0.04873955351434188, 0.4998194413500154, 123161000000
-0.0618853361442044, 0.07793425985391907, 0.4996292417743034, 123166000000
-0.010436291650259381, 0.15886627539607254, 0.499757960843731, 123171000000
-0.09376400106378768, -0.030531204315213455, 0.4998220034978008, 123176000000
-0.07626037445645628, 0.06633719370744025, 0.4999942612919349, 123181000000
-0.03704851937940005, 0.08351245457000442, 0.4995324304735982, 123186000000
-0.05965394470479796, 0.04999024962018779, 0.49960537880725847, 123191000000
-0.002085364516802469, 0.17843823941665615, 0.49966667768174655, 123196000000
-0.09704154221022462, -0.019194609916247496, 0.4998214546775914, 123201000000
-0.059289577350298855, 0.07425151062456296, 0.4999457029298149, 123206000000
-0.008540227188323486, 0.13516529752212858, 0.49992380766646993, 123211000000
-0.12245006205128982, -0.02246618140150568, 0.49956517780331244, 123216000000
-0.007736874443101583, 0.15297971216274167, 0.4999820378632437, 123221000000
-0.10376033312210255, -0.05618900604822947, 0.499652200071057, 123226000000
-0.04036801425977555, 0.060366503067928685, 0.5001638717280287, 123231000000
0.005681193605742919, 0.16522973421276504, 0.4996127047624774, 123236000000
-0.1275085678461659, -0.003162384563691289, 0.49920842470001325, 123241000000
-0.059168558872293615, 0.08893430770045406, 0.4996757077190745, 123246000000
-0.04329466701552169, 0.11406431110730672, 0.49982534918760696, 123251000000
-0.05616305723956229, 0.05784989252713267, 0.4996349580294151, 123256000000
0.007862689945464409, 0.16027581128526786, 0.4996380002987633, 123261000000
-0.10069344185190929, -0.02034516835927656, 0.49960931835565975, 123266000000
-0.046018733335465335, 0.0805792195373383, 0.49971378938857475, 123271000000
0.022010913495817876, 0.1664432336887997, 0.4997235431059066, 123276000000
-0.11644848874913606, -0.002871133137893278, 0.4995565203409569, 123281000000
-0.004204228437700328, 0.17631652550769156, 0.4998051646069013, 123286000000
-0.11622396192203688, 0.015047542594139228, 0.4997483957709194, 123291000000
-0.04602083270239721, 0.08238764610584927, 0.49988381612013505, 123296000000
0.02093423845225625, 0.18987001748874452, 0.4999699492931461, 123301000000
-0.09646738248871989, -0.020657679552435436, 0.4995840084619758, 123306000000
-0.02962001763703517, 0.1053729277702041, 0.49993282513238063, 123311000000
-0.05870134072666025, 0.07492570531280583, 0.49994936391783223, 123316000000
-0.08859782117610639, 0.05612022982978876, 0.4997942556464065, 123321000000
-0.011192694772223292, 0.17596765537189715, 0.49972269967881844, 123326000000
-0.1262558139115973, 0.006445359287772304, 0.49969052634407757, 123331000000
-0.05066178206551645, 0.10521880783725619, 0.49984826845392977, 123336000000
-0.011928335538159411, 0.18602425297794267, 0.4995781005001642, 123341000000
-0.11734251844517901, -0.055292185636840546, 0.49986033082094494, 123346000000
-0.02191451395708912, 0.13008120964961226, 0.4993972572362567, 123351000000
-0.12801588308069928, -0.053016823396572606, 0.49966732564297234, 123356000000
-0.048917651301073596, 0.10084720448406409, 0.49970118966385735, 123361000000
-0.014395377581095156, 0.15540701713480304, 0.499805247378479, 123366000000
-0.13828895828667187, -0.0028711590407790623, 0.49978749149421087, 123371000000
-0.08551380858739889, 0.0849920333112867, 0.4997663151946206, 123376000000
-0.0033196239264024195, 0.1564034232927159, 0.49964638608272666, 123381000000
-0.11995149041425203, -0.015283963551514507, 0.49937110003370005, 123386000000
-0.029062584405706915, 0.052281464189195194, 0.4999776651081264, 123391000000
-0.04969774916895516, 0.07605523442417057, 0.4994613293165333, 123396000000
-0.06118626543501617, 0.055279460786216636, 0.4996988752760051, 123401000000
0.005354910039165814, 0.17751222466349803, 0.4997494963358152, 123406000000
-0.09818569541893885, -0.0031185584306841763, 0.4996711699113048, 123411000000
-0.03918205636266243, 0.10188743264561989, 0.4996413866247061, 123416000000
0.02562737079756409, 0.15052206997916417, 0.4999819413367749, 123421000000
-0.07201701707679249, -0.019395441643344214, 0.49970989525711224, 123426000000
-0.053545671364851666, 0.09181278532903997, 0.49998916051822634, 123431000000
-0.010806317391233318, 0.17726113081500086, 0.49978413978540953, 123436000000
-0.10786274381386791, -0.027474122561277712, 0.49939995373258794, 123441000000
-0.0654283572866308, 0.06692948131402013, 0.49918236125484344, 123446000000
0.011750135357862191, 0.13718629407775546, 0.4996300820332818, 123451000000
-0.10493253743122363, -0.046922169121313806, 0.4996149000277727, 123456000000
-0.021194095490561907, 0.09119627466212928, 0.4999600964322333, 123461000000
0.006467049037990854, 0.1503192771044342, 0.49954476145056886, 123466000000
-0.10290591909362652, -0.04003116202405223, 0.49969836452226224, 123471000000
-0.03074136052686898, 0.14097215372606794, 0.49962646247577863, 123477000000
-0.11138281586806661, -0.016136442386162533, 0.49987410821869677, 123482000000
-0.022483641188586874, 0.0759051666880583, 0.49979390370126936, 123487000000
-0.03735492198426445, 0.15613703084557068, 0.4997383103840094, 123492000000
-0.13483476730293623, -0.040782912586355455, 0.49937692625069047, 123497000000
-0.050222830409911226, 0.08470623173772886, 0.5000469385319976, 123502000000
-0.014941734355878082, 0.0778232080236141, 0.49967238087434174, 123507000000
-0.07607007115368955, 0.06582514133036384, 0.4992007977986394, 123512000000
-0.002921205916792702, 0.1591951332376865, 0.4996576919332926, 123517000000
-0.11468972499825933, -0.012941209479856264, 0.4998775495941181, 123522000000
-0.09442806972024269, 0.08002482072430622, 0.49939315073975454, 123527000000
-0.0008218874186649174, 0.14706023594832632, 0.4995118191526617, 123532000000
-0.0892266616466828, -0.003326361515619044, 0.49988724236284615, 123537000000
-0.0039598792212373205, 0.16289642079796252, 0.4998662421671652, 123542000000
-0.09340667023947016, 0.019149681996148735, 0.49936326744695464, 123547000000
-0.08994788210009748, 0.10469122099639733, 0.5000332669086883, 123552000000
-0.016806602177822462, 0.1849109818917569, 0.4996700586186407, 123557000000
-0.12809340476127065, -0.040078952255928155, 0.4998349449615053, 123562000000
-0.056271048528637894, 0.0910743568907203, 0.4998743259199308, 123567000000
-0.030221613598457958, 0.0561876690623883, 0.49974413427997594, 123572000000
-0.07702161794759593, 0.05976820235601767, 0.4998499370407667, 123577000000
-0.03154083370373259, 0.16832826255603617, 0.4991906199897311, 123582000000
-0.08388134506833655, -0.007621270841840125, 0.4997868444331672, 123587000000
-0.06725710797093892, 0.0673979037772493, 0.4997738439766355, 123592000000
0.015997319858156823, 0.16073225626387722, 0.4997478954858167, 123597000000
-0.10715545624326905, -0.029533626500276553, 0.500117368703493, 123602000000
-0.07255279797838196, 0.08411161361339445, 0.49970412662147917, 123607000000
-0.007539807065574224, 0.1512206820615571, 0.4995200881639355, 123612000000
-0.11112714761747983, -0.016561299795668713, 0.49957585307183755, 123617000000
-0.04665440833964031, 0.08934723724655884, 0.499927965809087, 123622000000
-0.011383575706611094, 0.189518617885577, 0.49975008987740477, 123627000000
-0.10044423107957534, 0.00229863534646502, 0.4994381955760921, 123632000000
-0.05720537589424278, 0.06912551462902194, 0.4997199879765179, 123637000000
-0.016018210394902446, 0.12944521326847463, 0.4996472592907897, 123642000000
-0.10763097838155031, -0.004980313320888875, 0.49961937496288333, 123647000000
-0.029613686140072086, 0.08550319276100736, 0.4999335458085295, 123652000000
-0.022635660895523085, 0.12943800631857513, 0.49971539686897476, 123657000000
-0.0977271866510602, 0.010024944578964952, 0.4997185323162383, 123662000000
-0.018228034637578036, 0.07372546078346763, 0.49954293096352104, 123667000000
0.013055660005196638, 0.20485818868307853, 0.4995360342977854, 123672000000
-0.11735821984349332, 0.010917834507036858, 0.4999440519983984, 123677000000
-0.008929928668227198, 0.1718989800646044, 0.49981148696053057, 123682000000
-0.12724792054742415, 0.0034425746614365448, 0.49975524118301123, 123687000000
-0.010053991225117208, 0.07129372296652528, 0.5000144731755573, 123692000000
0.004442903029031109, 0.14568081026760601, 0.4994902914594354, 123697000000
-0.09116012242378646, -0.04607671228656729, 0.49938203452527263, 123702000000
-0.05505558142522906, 0.05594975550109109, 0.49998444361368455, 123707000000
-0.011791251443763681, 0.060289677912977825, 0.4994419287666683, 123712000000
-0.045351762469224, 0.062383923592803925, 0.49975452475091287, 123717000000
0.011826675563490357, 0.19171206535208568, 0.49970994348827413, 123722000000
-0.07631733942170275, -0.04158702281211911, 0.49961089627366934, 123727000000
-0.056366292132713845, 0.10186542644619295, 0.49952384866136745, 123732000000
-0.020577742296466115, 0.16466787170619387, 0.49958319347600905, 123737000000
-0.11255836015564397, 0.0038828511305621927, 0.4996303857696604, 123742000000
0.002348878892142704, 0.2017008893976121, 0.4997394369878216, 123747000000
-0.08649884181247966, -0.016098262134319245, 0.49979482992725366, 123752000000
-0.016872274930656316, 0.07069819499290735, 0.49969065555131364, 123757000000
-0.004917757354128096, 0.15466334402855714, 0.49992478605294266, 123762000000
-0.10525794539039367, -0.014195785789458416, 0.4999707469249967, 123767000000
-0.04484312207508454, 0.09365944498959192, 0.49993111291664655, 123772000000
-0.031793589429905025, 0.06465238456599662, 0.49937963557017373, 123777000000
-0.06492945465501256, 0.04349231383984895, 0.499760928723736, 123782000000
-0.005914021879370942, 0.19097878693158787, 0.4994698994298517, 123787000000
-0.07384663727926712, -0.025157615308453504, 0.4997165725930504, 123792000000
-0.02662320509971902, 0.10456802597746019, 0.5000745045744684, 123797000000
-0.007175580951753608, 0.1313534171736218, 0.49952657990013677, 123802000000
-0.08902425650749865, -0.031149715458065733, 0.4996793422959081, 123807000000
-0.019241683489058064, 0.16339612800075765, 0.4996923127934173, 123812000000
-0.11099786088771513, -0.0038386358008969165, 0.49979324671846725, 123817000000
-0.037787804799483404, 0.029423318671471112, 0.4998655354952876, 123822000000
0.012631006019054697, 0.13589925724020943, 0.4999433650073736, 123827000000
-0.1262894198930709, -0.011567452009145456, 0.49951376420762295, 123832000000
-0.05007095596131164, 0.08519500679923464, 0.4994699167842346, 123837000000
0.021742116935614956, 0.15127617998790888, 0.4997725878424206, 123842000000
-0.11992698310245933, -0.07017470447305364, 0.4992073033015689, 123847000000
-0.050895078961212654, 0.04469868756946416, 0.49968478931735955, 123852000000
0.0023913365555086183, 0.17520928726235804, 0.49968736000278097, 123857000000
-0.10950600638558669, -0.006180637130685606, 0.4998053229047249, 123862000000
-0.0714176534475679, 0.08427453848147973, 0.4996123999645153, 123867000000
0.02062612651742453, 0.18042002986305888, 0.499808668395089, 123872000000
-0.10066571092046164, -0.04749407000014652, 0.49937657459746476, 123877000000
-0.035633878042545225, 0.09939488849319664, 0.4998180647048406, 123882000000
-0.0025069385909518094, 0.16019615043247398, 0.49954220589128, 123887000000
-0.09527036627587432, -0.014389291432295143, 0.4995066132310808, 123892000000
0.013843838830965915, 0.14521265634256378, 0.4995796538779094, 123897000000
-0.09077681809872519, -0.0018148006302619885, 0.49978225863916415, 123902000000
-0.04526404217793616, 0.07014744621110572, 0.4996988247909966, 123907000000
0.012118833636567948, 0.14927214309616396, 0.4996895093087455, 123912000000
-0.09881858073611068, -0.031445812353532776, 0.49953407344913925, 123917000000
-0.06262368754106472, 0.05648819445953167, 0.49985409642043027, 123922000000
0.01093773844561904, 0.19076299281870446, 0.4997566165548218, 123927000000
-0.13660455670427604, -0.04187121609912815, 0.4996489285059719, 123932000000
-0.04282996736196759, 0.09665858083759624, 0.4996957256367636, 123937000000
0.02674286532565278, 0.20984112647169947, 0.4993336686793559, 123942000000
-0.08793217744731341, -0.011003249175925845, 0.499576896129465, 123947000000
-0.05147841790801208, 0.1003435377411842, 0.4998595917049326, 123952000000
0.0046269560781551, 0.15474872653960942, 0.4993544284901817, 123957000000
-0.12299436608251753, -0.011444883473146771, 0.4999036528636296, 123962000000
-0.048458673768275104, 0.13551540419864094, 0.49970276158374616, 123967000000
-0.13015584433912467, -0.02390743273537963, 0.4995576821771985, 123972000000
-0.06942371079749994, 0.08124626181395918, 0.4997668954192675, 123977000000
-0.015466690498270298, 0.16510809050759073, 0.49949385291797244, 123982000000
-0.1033554048857393, -0.03650280145689863, 0.49973007350204646, 123987000000
-0.05601720147348822, 0.06054544203817013, 0.4997787832009047, 123992000000
-0.017515703981030542, 0.07184281401285586, 0.49946673458317964, 123997000000
-0.04780152148940209, 0.05471089339126869, 0.49979723665418113, 124002000000
0.013502991514275926, 0.16334847255521087, 0.4995658436286815, 124007000000
-0.096739032107287, -0.012182761925853209, 0.49983228717547445, 124012000000
-0.05266127391265222, 0.10064075536586464, 0.5001306078554297, 124017000000
-0.07124981546214865, 0.08956303844398143, 0.4995908838265544, 124022000000
-0.06824812325564397, 0.0814875472236529, 0.4996032861028237, 124027000000
-0.020410480782412317, 0.14209852872965084, 0.4998610787816155, 124032000000
-0.11019476885308432, -0.008627012217585666, 0.49954655932001635, 124037000000
-0.05406151920835126, 0.075493091109796, 0.4995180413722192, 124042000000
-0.02737617085086239, 0.17077169746789492, 0.4995817843419731, 124047000000
-0.12644829787551592, -0.045281284538688946, 0.4997328591926014, 124052000000
-0.05671171707940115, 0.08469284347725063, 0.4996062924515909, 124057000000
-0.07839434637146862, 0.08934735182501853, 0.4995705323654319, 124063000000
-0.0795256238452241, 0.10378155256263445, 0.49959567298711716, 124068000000
-0.009267683071866486, 0.17570688549679483, 0.49978899609064453, 124073000000
-0.12203085016106716, -0.008569187376138755, 0.49968185665198683, 124078000000
-0.0659248505624385, 0.07798985319073078, 0.49993595581562283, 124083000000
-0.015705559220598207, 0.16876044463412954, 0.5000057334773899, 124088000000
-0.12057994676348208, -0.03327820132200787, 0.49953961175697487, 124093000000
-0.04048885745942879, 0.07103414800982664, 0.49972815008269367, 124098000000
-0.03260464828861283, 0.183858459226339, 0.4996884612005606, 124103000000
-0.06385141083941615, -0.0413753009768702, 0.4994804001586493, 124108000000
-0.0363331681516799, 0.09144330354587066, 0.4997849491414321, 124113000000
-0.0055901103676342725, 0.187201243180178, 0.49927076600378173, 124118000000
-0.11021237952910712, -0.02034785033921474, 0.499796449853365, 124123000000
-0.05454417920540657, 0.0900622486215211, 0.4998125021728656, 124128000000
0.018745714213488696, 0.19569988434073188, 0.4996346451545355, 124133000000
-0.10294777708630194, -0.026515218213341667, 0.4993176958857919, 124138000000
-0.07137960020611085, 0.10871195135979266, 0.49962406098887985, 124143000000
0.01862295100619139, 0.17581404576924506, 0.49970125237128754, 124148000000
-0.10500238319716516, 0.008515560886779128, 0.499529999621692, 124153000000
-0.05111672215068537, 0.0850923406399379, 0.4999829744189233, 124158000000
-0.04056221486640987, 0.10265279507314266, 0.49940029908690614, 124163000000
-0.05660468609945796, 0.021644435653753957, 0.4996387527225146, 124168000000
-0.016683516912919964, 0.145875437699365, 0.49962160437286207, 124173000000
-0.12166354938463939, -0.007960812167775385, 0.4994751759806654, 124178000000
-0.05902924982077598, 0.07826538243653963, 0.5002560518542338, 124183000000
-0.04936737505346131, 0.09394762230153034, 0.49981265286715537, 124188000000
-0.05701932083192078, 0.06590337352924801, 0.4995890367926972, 124193000000
0.006991895893850211, 0.17598488614829294, 0.49974675560349807, 124198000000
-0.10626206875392605, 0.0017787593628346178, 0.4994493953158784, 124203000000
-0.08066551330278307, 0.07933512225968141, 0.4998961747554267, 124208000000
-0.0028719639559885808, 0.13071778625695957, 0.499549474481262, 124213000000
-0.10259101077746516, -0.039624341325190285, 0.49959352080257324, 124218000000
-0.07656501951339992, 0.06194102286222211, 0.49995460460409474, 124223000000
-0.0488125658127425, 0.0926291243903289, 0.4991341297697701, 124228000000
-0.06987081995226921, 0.047482385882390676, 0.5000331476711475, 124233000000
-0.0024895656310276086, 0.14372260211922705, 0.4994006105667992, 124238000000
-0.13391093720470135, -0.026738065440939356, 0.49962596674073234, 124243000000
-0.0742625040827796, 0.0878490547154815, 0.4996204645953548, 124248000000
-0.015792724629809428, 0.1759322767125007, 0.4995613627424373, 124253000000
-0.11643999754456237, -0.009716322517745044, 0.5000359870266987, 124258000000
-0.011910245821583728, 0.14766137035966795, 0.4996097847681113, 124263000000
-0.12520703455387305, 0.011270113534342534, 0.49973531167039253, 124268000000
-0.021952686982836526, 0.08670731850424886, 0.4996313873658079, 124273000000
0.035477484527425114, 0.17553593046438862, 0.4994519473866525, 124278000000
-0.14848159658856414, -0.018517029980833936, 0.4997395330769482, 124283000000
-0.0625297403477911, 0.08678690513405518, 0.49994347402996525, 124288000000
-0.0364977907461505, 0.07991770093051594, 0.4993801740207827, 124293000000
-0.05120422981543825, 0.06479982339842015, 0.49993122243881893, 124298000000
-0.007571734699420592, 0.12455661533204501, 0.49981207697169877, 124303000000
-0.11280563076896424, -0.042581621709680495, 0.4995692317889195, 124308000000
-0.044740307381117256, 0.10255512923216123, 0.5000069503181904, 124313000000
-0.01852359610930828, 0.1543180360473222, 0.49980646376111115, 124318000000
-0.10734649633391921, -0.026504328280372465, 0.4995207638031859, 124323000000
-0.04671707700988819, 0.09305967046141128, 0.49992854668356435, 124328000000
0.011312296103909035, 0.14991130141633735, 0.4996895680446199, 124333000000
-0.09325836404607514, -0.0319059021936642, 0.4992124739497976, 124338000000
-0.04196936346324226, 0.048529113096393815, 0.49989005471907355, 124343000000
-0.006433284290528867, 0.15218037939315524, 0.4999532090136474, 124348000000
-0.10544012907550679, -0.02966085210725634, 0.4995418486007837, 124353000000
-0.05136585721776699, 0.0506383773417612, 0.49989788282978914, 124358000000
-0.010824409042540029, 0.18088389432225205, 0.49959881955954855, 124363000000
-0.1087979828908558, -0.04046145300003514, 0.4995899745045921, 124368000000
-0.026657534057431348, 0.10367301725353957, 0.4999828919141081, 124373000000
-0.04115027390113887, 0.08096075972992062, 0.499605435388607, 124378000000
-0.04041412502783237, 0.0753288468134923, 0.4998764574797366, 124383000000
-0.021072266158156376, 0.16167444096137285, 0.4995556195234088, 124388000000
-0.12321068757458263, -0.02127843000854388, 0.49953276059616253, 124393000000
-0.06694094308630928, 0.09985048520950258, 0.4997050624802639, 124398000000
-0.008649461894341287, 0.17631032547376307, 0.49961113320004313, 124403000000
-0.1333730343181611, 0.007556254029325464, 0.49986538648046785, 124408000000
-0.008187109948369362, 0.1729583436139845, 0.4995821287382507, 124413000000
-0.12854836690915689, -0.025821216941579753, 0.4995672107848299, 124418000000
-0.027072008153663306, 0.08996230264413102, 0.4995313233398744, 124423000000
0.01694864822070383, 0.15273854809192963, 0.49963311087293094, 124428000000
-0.0918800710280748, -0.016665279457944028, 0.49989587061345275, 124433000000
-0.08085737331991241, 0.06528222116828164, 0.49975298300468357, 124438000000
0.0053763457030431994, 0.17480232773355348, 0.4991929551196258, 124443000000
-0.11909532909885315, -0.027166684316192045, 0.4996079593414395, 124448000000
-0.08448508490579401, 0.08828577167140131, 0.4996597550746624, 124453000000
0.0008954334801769249, 0.1427016903847671, 0.4996435652788071, 124458000000
-0.11975050703774809, -0.013517218045688508, 0.4996911708011155, 124463000000
-0.07136927306279434, 0.07425101582654986, 0.5000551932162953, 124468000000
-0.027458607607821647, 0.16191637264741604, 0.4997947336877169, 124473000000
-0.13888189266008863, -0.03928639461307254, 0.4993996508059869, 124478000000
0.00500101175083844, 0.13522108510362052, 0.4998755110980235, 124483000000
-0.07187361888662161, -0.006425991285232219, 0.4994209451020519, 124488000000
-0.0538231554875244, 0.08834523465830693, 0.4998379323417244, 124493000000
-0.010701822061908032, 0.14889615393172145, 0.4997774767950003, 124498000000
-0.1480892859417029, -0.02212272005514444, 0.4995212542611173, 124503000000
-0.036181841370618736, 0.0374310393213851, 0.5000926244786761, 124508000000
-0.05302195450496944, 0.0824416016274328, 0.49984691036022116, 124513000000
-0.03926170008525237, 0.07923029349515816, 0.4995227900965389, 124518000000
-0.005848872338422455, 0.1614993550824131, 0.49980939242355993, 124523000000
-0.07249779472373631, -0.013590280657918211, 0.4999707446948556, 124528000000
-0.054132769647135856, 0.09525188645395763, 0.49973778394921603, 124533000000
-0.007159945587081367, 0.1550166390852958, 0.4997673202025233, 124538000000
-0.09774602623070339, -0.018269059303488794, 0.4997106247489156, 124543000000
-0.05977033496945483, 0.16571254171588096, 0.49969185472149535, 124548000000
-0.10578702470490202, 4.56343560953313e-05, 0.4997593626207829, 124553000000
-0.05543228357226825, 0.06625870957555022, 0.4998326062044699, 124558000000
0.021143733838863987, 0.14344917386525552, 0.4996534861073561, 124563000000
-0.11706595984003457, 0.005467090405578582, 0.49975629063038957, 124568000000
-0.039338975751069316, 0.04981710759714485, 0.49968288448082265, 124573000000
-0.057867153485131426, 0.06970105735770872, 0.49974216022912105, 124578000000
-0.05835486995449479, 0.0745704087892656, 0.4995379864580119, 124583000000
0.015036134943171145, 0.19307194039563835, 0.5001170612611744, 124588000000
-0.13113477351623457, -0.006195137382978257, 0.49960825087715804, 124593000000
-0.041419903366287765, 0.0829538383949302, 0.49982947749125367, 124598000000
-0.02447787693487921, 0.14113654709412785, 0.49932269449323124, 124603000000
-0.09234000869943515, -0.043178801337172515, 0.4999353810789238, 124608000000
-0.04829729433094666, 0.08657358164371116, 0.49970807220177327, 124613000000
-0.00013652903447446086, 0.21182053250526703, 0.5000179977009682, 124618000000
-0.08749659363694137, -0.049135255284213405, 0.49948705630671897, 124623000000
-0.03965698285149395, 0.07313740824997948, 0.4998435803938973, 124628000000
0.01944727497088763, 0.14225128386760177, 0.4999322646224495, 124633000000
-0.1415363291725098, -0.01583375404074466, 0.49950869216224386, 124638000000
-0.0691906773031207, 0.10094870691221647, 0.4995546370425669, 124643000000
0.003491859642609756, 0.1681276680294058, 0.4996375577200473, 124648000000
-0.08051226317906117, 0.022304119606901807, 0.4996080620767468, 124653000000
-0.05306939246837211, 0.07769437142857535, 0.4999164331282473, 124658000000
-0.011174048365349704, 0.1781478703371599, 0.4994242620296573, 124663000000
-0.10633057613177976, -0.036132579174315074, 0.4996638117264655, 124668000000
-0.04549780371059606, 0.07747381067608836, 0.5000469021730006, 124673000000
0.007557102782687789, 0.16167745382786566, 0.49976348965688483, 124678000000
-0.10099877739781662, -0.004752744332454786, 0.49965439433792, 124683000000
-0.03140435328560235, 0.16152718309277192, 0.5000381781675147, 124688000000
-0.08303186896734652, -0.023100468786752, 0.4999014038483983, 124693000000
-0.020523759439080844, 0.08461652976720918, 0.4998814031946888, 124698000000
0.02864241707233526, 0.15908661359951437, 0.4994121764521612, 124703000000
-0.10413909958404544, -0.022645136332736182, 0.499844943948256, 124708000000
-0.026236996349737574, 0.07263000089192428, 0.49964030526031905, 124713000000
-0.0675703722089248, 0.07198758798168854, 0.49946011795328477, 124718000000
-0.07369779320778136, 0.10006462066041999, 0.49952998764756734, 124723000000
0.018457803216286966, 0.1691977266336736, 0.49961267636655293, 124728000000
-0.12441230521952236, -0.057090276607660015, 0.4996834033637179, 124733000000
-0.06891169756663783, 0.07444522836222395, 0.49968340581648996, 124738000000
0.011564060408902871, 0.167320240013447, 0.49960431876560446, 124743000000
-0.1096066036164327, -0.006855803928052082, 0.4999603865153588, 124748000000
0.02041744007674639, 0.1530901076180433, 0.49968617435608786, 124753000000
-0.11562301227002801, -0.01900568843209976, 0.4994207751112943, 124758000000
-0.06819662307590656, 0.06235493247809423, 0.4995137139192188, 124763000000
-0.026592339065148688, 0.1860879290880521, 0.5000003129303273, 124768000000
-0.11293488285003493, -0.021367775534741548, 0.4994255268902169, 124773000000
-0.045204357996463204, 0.14816509432192607, 0.49988456558281635, 124778000000
-0.13168431431476385, -0.029670694126239516, 0.49929422977588084, 124783000000
-0.09587765754110741, 0.05553061870014484, 0.49952594408436723, 124788000000
0.004031953514507533, 0.17431913511288522, 0.49962784327624815, 124793000000
-0.08937493453841072, -0.008104297181456947, 0.4996915152642703, 124798000000
-0.08961684028287104, 0.09782132706664459, 0.4996577089065963, 124803000000
-0.006910759241346881, 0.17242997116557499, 0.49966119460746033, 124808000000
-0.12405923980187016, -0.036365931757619485, 0.49960401999802967, 124813000000
-0.08423831681678715, 0.0917923925166722, 0.4998436129398883, 124818000000
-0.005105653150275823, 0.1664811057120578, 0.49968870432565254, 124823000000
-0.10775282781695712, -0.011023474944927697, 0.4995682898496306, 124828000000
-0.023821866504273648, 0.11035020768461931, 0.4995020732642253, 124833000000
-0.004196337193742798, 0.1730294146275633, 0.4993400289169778, 124838000000
-0.13568274756553733, -0.03460905968968543, 0.5000433653914345, 124843000000
-0.07886262558593493, 0.10144514244966464, 0.4997167484097737, 124848000000
-0.01058417922561619, 0.1562179553270616, 0.4994572305343226, 124853000000
-0.12391001233522654, -0.04490012340816951, 0.4995644105649785, 124858000000
-0.0690568236096467, 0.07048930291482433, 0.4998061435712171, 124863000000
-0.0019624001740670754, 0.1803183869877446, 0.49957520969837843, 124868000000
-0.13326547854036533, -0.03485553259057198, 0.4995682472765434, 124873000000
-0.09314483937270882, 0.06033844929105904, 0.4999091367390558, 124878000000
-0.0033594266156232034, 0.15391319539384518, 0.49974970177390204, 124883000000
-0.10339309887185306, -0.03521339353691287, 0.49975375823878687, 124888000000
-0.0351242696910393, 0.16622110347651156, 0.500187783628569, 124893000000
-0.10848898654104405, -0.0008307877491877409, 0.4997098947652886, 124898000000
-0.046731742651888196, 0.0718813180133283, 0.49963460364805506, 124903000000
0.014036731336758338, 0.1769757112323881, 0.49972736186994576, 124908000000
-0.09514237306708051, -0.043118058598844405, 0.49992311255864563, 124913000000
-0.04524187401736404, 0.08050599137100495, 0.49964342492501296, 124918000000
-0.04971534288726258, 0.10828065653553696, 0.49964956795847904, 124923000000
-0.06696237686545942, 0.05371251564412493, 0.4996273574426184, 124928000000
-0.010571782562103704, 0.1733173472057829, 0.499654436300307, 124933000000
-0.11484778219728425, -0.03435323956495585, 0.499551769569457, 124938000000
-0.061745268199305404, 0.07469062553813413, 0.49949778810225665, 124943000000
-0.00709318627031427, 0.15158527917371267, 0.4996292658606355, 124948000000
-0.10916782429674367, -0.010286328972786064, 0.4994722172781368, 124953000000
-0.01107423083388479, 0.1657387665187672, 0.4994134161196778, 124958000000
-0.11169175056613996, -0.002664690142990145, 0.4999890759069537, 124963000000
-0.050885166373051904, 0.05658044812595221, 0.5000045996194956, 124968000000
0.0037568682185792086, 0.17176434396118684, 0.4996250396352501, 124973000000
-0.09839933987018468, -0.03722609601650147, 0.499673731827252, 124978000000
-0.05331916933563322, 0.06349753139773845, 0.49952908548931807, 124983000000
-0.043098494929794805, 0.07366364236360064, 0.4996051952052996, 124988000000
-0.04520675900849339, 0.034947183629213924, 0.4996640450965818, 124993000000
0.03131075487881371, 0.18130242164598473, 0.49983884141020224, 124998000000
-0.09637486376149193, -0.06059356710388567, 0.49973434734299743, 125003000000
-0.05283275485523442, 0.09013112754725305, 0.4997446383263861, 125008000000
0.0086966154313182, 0.17414042781388028, 0.4999950284634529, 125013000000
-0.09048212825947842, -0.04273177925247721, 0.5000310414506368, 125018000000
-0.018677712491998122, 0.05613238719527425, 0.5002144651640631, 125023000000
-0.058882721761030724, 0.05895153434167903, 0.49951444555467844, 125028000000
-0.05209765929598509, 0.07358401279651205, 0.4993676650247738, 125033000000
0.009600475134993363, 0.166387655233685, 0.49972966988581935, 125038000000
-0.1108783281438766, -0.021713240005295346, 0.49953870384040927, 125043000000
-0.08792422253357476, 0.07061817941538294, 0.5000163572759421, 125048000000
0.0009751639286088628, 0.14957274421106176, 0.4994332506614203, 125053000000
-0.124624937308905, -0.03209114928129913, 0.49940641361874827, 125058000000
-0.03612526165482441, 0.1012111003428743, 0.4994132788611146, 125063000000
0.011966424950338395, 0.18899365099021048, 0.499582869568015, 125068000000
-0.12363137524590308, -0.043989401049229736, 0.49943254054887787, 125073000000
-0.07397195301150342, 0.06710958613988498, 0.4995780877807255, 125078000000
-0.00020677736176282272, 0.18186115043735915, 0.49959449965526287, 125083000000
-0.09234158993638276, -0.0018437469753089762, 0.4998980929350897, 125088000000
-0.0687713119682322, 0.04687912882570775, 0.4997827882947573, 125093000000
-0.0027055069323851577, 0.18163526908031005, 0.4996766643947616, 125098000000
-0.10565944497252769, -0.02354253099763206, 0.4998856852591663, 125103000000
-0.05624257844163518, 0.07915433936846568, 0.4995542433465843, 125108000000
0.00945036634143551, 0.17742710454294106, 0.4996129931830294, 125113000000
-0.13144209267953397, -0.019986078447877132, 0.49968928772006505, 125118000000
-0.004726200696750615, 0.1256101741629971, 0.499738231005796, 125123000000
-0.11982666571659267, -0.03451278241536172, 0.49984648240500257, 125128000000
-0.06601948773607337, 0.0767542916330671, 0.49933492336831736, 125133000000
0.002776748876798285, 0.1724979425900463, 0.4999206839152036, 125138000000
-0.08425011187366897, -0.04097731023123412, 0.4997282248963765, 125143000000
-0.06961814105760783, 0.0752548715759338, 0.4997923894332493, 125148000000
-0.011432466433427926, 0.15134663999342612, 0.49955532082261617, 125153000000
-0.11992465077668192, -0.02404244979877087, 0.49965312980851956, 125158000000
-0.03213611565675035, 0.14780418242518817, 0.4996791655399721, 125163000000
-0.11640858296402497, -0.03497602456422273, 0.4998661815402676, 125168000000
-0.07012877363456918, 0.08104128343869, 0.49977039505670806, 125173000000
0.0036352534885779487, 0.15527610403453604, 0.4994246092430035, 125178000000
-0.08927931854776408, -0.025727012095905503, 0.49946528018089303, 125183000000
-0.06471431117067149, 0.06789923581682927, 0.5000872314430433, 125188000000
-0.050566314737634524, 0.07018718415766784, 0.4998681474176779, 125193000000
-0.04268916326639675, 0.05769977892722131, 0.5001152851102965, 125198000000
-0.013083211542149673, 0.13016591227113672, 0.4997166112533342, 125203000000
-0.1573267355789924, 0.0062039127378631445, 0.49941875449041084, 125208000000
-0.05001688740612126, 0.10531220076364792, 0.4992236371233517, 125213000000
-0.009373699620974169, 0.16928560579788623, 0.49967495059034467, 125218000000
-0.07728445009268921, 0.005314006013822774, 0.49967128223377943, 125223000000
-0.0769235322828231, 0.048734640325085676, 0.49971645194992864, 125228000000
-0.010327644210836404, 0.16570544428003658, 0.49965545410579204, 125233000000
-0.08240446591306723, -0.02369885635948276, 0.49943935450580657, 125238000000
-0.0247627501793809, 0.039512869783606325, 0.4999231332827495, 125243000000
0.012056767728591563, 0.15989059831084204, 0.49976880614866337, 125248000000
-0.09165507361246844, -0.02381838257115607, 0.49969945767629675, 125253000000
-0.04731478193640171, 0.09841468896194278, 0.4997515279258875, 125258000000
-0.05854596786040302, 0.10203063595950457, 0.49942535362257945, 125263000000
-0.06873297543389997, 0.07593859608270036, 0.4996631583145218, 125268000000
0.007771803502944723, 0.16871962069473934, 0.49970287483643394, 125273000000
-0.10016690614885229, -0.05178181385748863, 0.4997462906402364, 125278000000
-0.06995987443435886, 0.06744027804256097, 0.4998595549123466, 125283000000
0.007894309186230502, 0.16098366157365407, 0.49979938997559137, 125288000000
-0.10062243861152952, 0.0030030011968057227, 0.4999291822381696, 125293000000
0.0033257924175127043, 0.13585835664822246, 0.4998697971138709, 125298000000
-0.07488498185114499, -0.026596991028626924, 0.4996144261300306, 125303000000
-0.045384600226082226, 0.08252398431156295, 0.5000476369129961, 125308000000
-0.08940438296907402, 0.12434864958984049, 0.49964325835958295, 125313000000
-0.008466267764434043, 0.1751436101807294, 0.499467469673406, 125318000000
-0.11740856980300647, -0.05776694708141482, 0.4996555699193838, 125323000000
-0.04316375204453495, 0.11410736987623127, 0.4998015907054342, 125328000000
-0.03294909741428533, 0.06553607018206345, 0.499639793580474, 125333000000
-0.04030451476181431, 0.07454937963099686, 0.5003245646530843, 125338000000
0.006580384909252076, 0.17541624243081178, 0.49976107189143965, 125343000000
-0.11719253031508388, -0.04324270457211073, 0.4996543516282775, 125348000000
-0.05484898850956503, 0.10283055472347054, 0.49977240952076935, 125353000000
-0.00015426063583267279, 0.1829680075568359, 0.49994901554002, 125358000000
-0.0859469589650692, -0.005321181286598782, 0.49962358448260896, 125363000000
-0.07931905309546193, 0.1067794631013108, 0.5002061664595439, 125368000000
-0.027223654856257676, 0.1655918505866878, 0.499866945083409, 125373000000
-0.08379891076807953, -0.027979263763385026, 0.49931865468797815, 125378000000
-0.039424512213948625, 0.10197663986326642, 0.499710329428746, 125383000000
0.013469380173801535, 0.17747293973057907, 0.4995920584241992, 125388000000
-0.11482955119862046, -0.027350154177640158, 0.49962429639112, 125393000000
-0.05024168185387345, 0.08926331940126048, 0.4996069679578131, 125398000000
-0.050090227658257644, 0.066331978529031, 0.4998384985708676, 125403000000
-0.032169721446548755, 0.039504090905795, 0.5001698011308146, 125408000000
-0.010964503181175035, 0.16294769097469838, 0.500003038068917, 125413000000
-0.13908890948440833, -0.03233198739701008, 0.4999113734666852, 125418000000
-0.05817196881107126, 0.07752701486111137, 0.4994510053749802, 125423000000
0.007372205547514053, 0.18308007479400473, 0.4995861127634399, 125428000000
-0.08292617704788532, -0.04974906880227707, 0.49968648367886054, 125433000000
-0.0054049642047161745, 0.15715951534034112, 0.49993229225094454, 125438000000
-0.08121968470522707, -0.01599527235490334, 0.4993292486270391, 125443000000
-0.0400889385745318, 0.0939751666466574, 0.4999438745948282, 125448000000
0.015360327838468066, 0.16565752322078142, 0.4991414966263054, 125453000000
-0.09449139826246672, -0.014789650134178094, 0.49970693063460414, 125458000000
-0.05627581409333271, 0.09049644675297622, 0.5000267243606824, 125463000000
-0.05106770189161224, 0.10372576218198243, 0.49955152311996825, 125468000000
-0.0706778330592834, 0.06441440002721716, 0.4998716792693566, 125473000000
-0.016709447340254653, 0.17154709880856392, 0.5002206548894816, 125478000000
-0.11046220706569418, -0.02123138240212395, 0.4995787682472379, 125483000000
-0.06921755323906448, 0.08535695324092121, 0.49969808472474764, 125488000000
0.0039670100950615515, 0.14512977126242446, 0.49927220241716846, 125493000000
-0.08916225897105175, -0.02099445229134731, 0.49944818130429347, 125498000000
-0.0012469695793826605, 0.15419089539118996, 0.4996605523427238, 125503000000
-0.11819295426015342, -0.010201014775451519, 0.4994656589641238, 125508000000
-0.04844295052562855, 0.080788376050892, 0.4997408011099494, 125513000000
-0.013391085938985456, 0.16815587076678498, 0.49973727997411954, 125518000000
-0.12463618476137003, -0.04464611954455225, 0.4996204205811102, 125523000000
-0.06305144095862522, 0.07595543696778148, 0.49993291798962736, 125528000000
-0.010341768248834364, 0.14234957508723844, 0.4995122618734484, 125533000000
-0.10928727225970379, 0.0018873167821837553, 0.4994943064190006, 125538000000
-0.07751261946833381, 0.07478522435278695, 0.49990954785770864, 125543000000
-0.002898033922192468, 0.15645807603111117, 0.49957498673681894, 125548000000
-0.08603703703818324, 0.0017202375094382688, 0.5000704752148286, 125553000000
-0.07420830892344103, 0.08636959157254792, 0.5001108609758314, 125558000000
-0.05156724193638015, 0.06925643444432736, 0.499616934840635, 125563000000
-0.0711144123728273, 0.05948598752506374, 0.49959938617970107, 125568000000
-0.012193671807850099, 0.17452290951368865, 0.4996819870535963, 125573000000
-0.0844830743965828, 0.005806987349850069, 0.49974605114426796, 125578000000
-0.059022659749733836, 0.07379896003925274, 0.4996901576441307, 125583000000
-0.07199481678209119, 0.06709210709160907, 0.500030010787188, 125588000000
0.014994457951368653, 0.15001383633065085, 0.4998725329632882, 125593000000
-0.10675064027122208, -0.05929348003442869, 0.49987163601282364, 125598000000
-0.052560203588827285, 0.06622512844798363, 0.500038947639706, 125603000000
-0.04576018361573183, 0.10216471672197308, 0.4997070907997994, 125608000000
-0.09358339552614887, 0.054778536193341824, 0.4995676309398138, 125613000000
-0.004089170536226403, 0.17378222139884264, 0.4998720049540532, 125618000000
-0.11719939375493052, -0.042248762033185124, 0.4993953037874338, 125623000000
-0.10010007851136868, 0.07906854800200411, 0.4996577427924108, 125628000000
0.0036226027053047425, 0.17033688791060753, 0.49936152727691674, 125633000000
-0.0752627597638285, -0.021289070097242065, 0.4994453924482966, 125638000000
-0.07973186695155315, 0.0787280864332086, 0.4993989618172356, 125643000000
-0.006453353783497014, 0.14313147156292316, 0.4996265058955765, 125648000000
-0.10663184152090037, -0.0247260349205946, 0.49972201678747924, 125653000000
-0.0645768895020558, 0.0833500644687637, 0.49976072215298123, 125658000000
-0.017219848426544147, 0.17840157134569276, 0.4999729118126527, 125663000000
-0.09478708241581059, 0.0030579759220208877, 0.49974856330009193, 125668000000
-0.06937015505774134, 0.06696820714930155, 0.49989724116789075, 125673000000
-0.06814066531413239, 0.06273972319932625, 0.49957445449133864, 125678000000
-0.06651116493282352, 0.07056559556279818, 0.49950428020049487, 125683000000
0.02350667520065687, 0.20301495896738864, 0.49950897376672604, 125688000000
-0.12391666688192456, -0.03325911363879076, 0.499639329450132, 125693000000
-0.04648564812663387, 0.11145524328250357, 0.499463246744697, 125698000000
0.0020778992310631485, 0.16906574354776233, 0.4995028729078125, 125703000000
-0.11541870641103881, -0.02577643233780051, 0.5000351003943623, 125708000000
-0.0062900635591763825, 0.17056153911398003, 0.49957473883952047, 125713000000
-0.10840142028830511, -0.03577516080831164, 0.49955013192321546, 125718000000
-0.031122337216447162, 0.08232690977747985, 0.5001039147227136, 125723000000
0.00967381538550684, 0.17121652460293532, 0.4999468867447679, 125728000000
-0.1242371770408242, -0.021188320222242457, 0.4997416449650266, 125733000000
-0.043177426871570834, 0.0771710723582122, 0.49951863770534216, 125738000000
-0.016214450368439833, 0.0763376369525771, 0.49941355434553336, 125743000000
-0.05893570662815138, 0.0801882965078475, 0.49967893183291656, 125748000000
-0.026681336023295286, 0.1376186809936773, 0.4997630024783906, 125753000000
-0.12492485419460281, -0.030517169542173796, 0.49995038447357365, 125758000000
-0.047033963727344905, 0.09551876107843708, 0.5001857893982534, 125763000000
-0.0043675895342328635, 0.1656105330023908, 0.49932832914359854, 125768000000
-0.10614539545858061, -0.017335287899293568, 0.4999836373669745, 125773000000
0.01555838892133336, 0.13804464620105367, 0.4998758067194795, 125778000000
-0.10373075368779092, -0.026138985542253093, 0.49994503625652087, 125783000000
-0.049580359163107976, 0.10278894777719512, 0.49994545429319187, 125788000000
0.0011528494102406237, 0.20924804816564233, 0.49988828372441735, 125793000000
-0.1114291309484674, 0.006227458221382574, 0.4996539354205821, 125798000000
-0.08971434905019121, 0.09245460858860849, 0.49969778027297385, 125803000000
-0.03231805861105999, 0.062016142382413736, 0.5001195232837363, 125808000000
-0.05104821079320481, 0.06810126786379876, 0.49985228375416163, 125813000000
-0.026483074282462195, 0.1637724022823331, 0.4995514635488815, 125818000000
-0.10907649982726053, -0.06680352525657032, 0.49953377107864116, 125823000000
-0.043733282274395345, 0.0786491680324828, 0.4996505677422129, 125828000000
0.014632089082524075, 0.1707901299938849, 0.49971384178379175, 125833000000
-0.1117384669425364, -0.038296488002394824, 0.49981416161959097, 125838000000
0.0023486796993005057, 0.14966196674708934, 0.5000244981193509, 125843000000
-0.0985867924399859, -0.003796574905789647, 0.4994526565510427, 125848000000
-0.0454147788128419, 0.08181836920178989, 0.49976479438072385, 125853000000
0.014699212788504196, 0.16371559384652493, 0.4994707021507033, 125858000000
-0.12483263930823998, -0.02245668489451127, 0.49955613620483563, 125863000000
-0.056018818664484556, 0.07941003697005132, 0.4997459313412087, 125868000000
-0.016006163995351506, 0.1530411200524092, 0.4997510339227735, 125873000000
-0.09306368725405796, -0.027340419235488477, 0.49942767312735376, 125878000000
-0.056149357840999184, 0.07184779353733682, 0.4999006498579266, 125883000000
-0.07129152575903001, 0.10360496748449824, 0.4995022758376887, 125888000000
-0.059809391544917954, 0.08812384690617679, 0.49949825487229915, 125893000000
-0.010395436691697003, 0.19442762638055652, 0.4999456650936646, 125898000000
-0.10110671276973884, -0.03248839944146182, 0.4995439587310866, 125903000000
-0.09020342680513929, 0.08286018083686965, 0.4993773247293801, 125908000000
-0.009035980328407831, 0.18299106588050698, 0.49993430665070687, 125913000000
-0.09578042373229104, -0.012875543914510039, 0.499689218876562, 125918000000
-0.02303132461106734, 0.10461816122261983, 0.4998051989558726, 125923000000
-0.01628729133747881, 0.14864728363114588, 0.49966538342944916, 125928000000
-0.09805386594893457, -0.03240005287315785, 0.4998507296201576, 125933000000
-0.019265078388442727, 0.05677643317307346, 0.49940344416541793, 125938000000
0.019578100990265856, 0.17291942482098432, 0.49963363598346383, 125943000000
-0.10448084989817975, -0.026874791484470854, 0.49982836492319616, 125948000000
-0.028508141470111294, 0.15874365075348554, 0.5000410662090768, 125953000000
-0.08546130950110942, -0.007588187270632706, 0.4994447223457616, 125958000000
-0.024938819153544498, 0.078091305242296, 0.49960681321654, 125963000000
0.005353062059145151, 0.14627349996748287, 0.49984299180814495, 125968000000
-0.12554821525460247, -0.007958805997313662, 0.4997893959986726, 125974000000
-0.05681686084831589, 0.08424163643065014, 0.4997544465825736, 125979000000
-0.023225200251638004, 0.17503792193315282, 0.4993345641115293, 125984000000
-0.10946855543540805, 0.00019122719945669636, 0.49942704830082174, 125989000000
-0.07022842660992876, 0.06187210030905946, 0.4999921962813863, 125994000000
0.04638457146683563, 0.15587678228036736, 0.49975776794946963, 125999000000
-0.1326901460803836, -0.02960270110399077, 0.4999453342932703, 126004000000
-0.05037318813863383, 0.09982463331881283, 0.4994735032006175, 126009000000
-0.016044104791758336, 0.07450877533826548, 0.49952773763822467, 126014000000
-0.07937615229865905, 0.04389915576130098, 0.4996098090519876, 126019000000
-0.007584144204537594, 0.18710418904450138, 0.4998294282106031, 126024000000
-0.08387335146868118, -0.04564943333346848, 0.4995825089797125, 126029000000
-0.04874223654546918, 0.06764822598719357, 0.49958880030732405, 126034000000
-0.059401135965250595, 0.09232086479740187, 0.4998634819486041, 126039000000
-0.03484784590681305, 0.05671994055777245, 0.49970210148303346, 126044000000
0.0022201263369523924, 0.14377758885513836, 0.49970564028205133, 126049000000
-0.07992490217769697, -0.020973150462769707, 0.4994564149015049, 126054000000
-0.06812097966935678, 0.0769055864113822, 0.49999681513254607, 126059000000
-0.0021113065377195714, 0.19097775207427037, 0.49941578678546217, 126064000000
-0.14764741605391057, -0.008715206374394317, 0.4993346415313037, 126069000000
-0.0548839751492866, 0.04099003545664992, 0.49982970354337825, 126074000000
-0.02975549394763892, 0.0979164129710787, 0.4996438523006553, 126079000000
-0.08712795973936904, 0.03193159277978084, 0.49952898578753907, 126084000000
-0.029728520174981114, 0.16659185330908113, 0.49983118560896744, 126089000000
-0.12378488340698916, -0.021858593003922434, 0.4995927177595741, 126094000000
-0.05244306198731522, 0.05393652117227421, 0.4997819271561652, 126099000000
-0.013680910661455842, 0.16470639460065076, 0.4993309050737749, 126104000000
-0.12830087973334825, -0.009307937150714356, 0.4993445381698052, 126109000000
0.012334569954145308, 0.16124518683206315, 0.49993389127164317, 126114000000
-0.10919074290269463, -0.014655385878521974, 0.49940569109708893, 126119000000
-0.043535356673838566, 0.05601526022151187, 0.4997151265016174, 126124000000
0.0015778773050060695, 0.19009091676145176, 0.5000062699847453, 126129000000
-0.08873423209796813, -0.017578290434984413, 0.499780851381187, 126134000000
-0.01768572040969085, 0.13336429440707673, 0.4996140265552946, 126139000000
-0.12236902864078389, -0.017072939824111226, 0.49942479628106795, 126144000000
-0.10213148793757262, 0.04899597276556136, 0.4993716116306881, 126149000000
0.019225193910777545, 0.1676592030031737, 0.4995361698195902, 126154000000
-0.09130148192774212, -0.028811782798360906, 0.4996272744063543, 126159000000
-0.07332117433867687, 0.09052303357991019, 0.4993788199127335, 126164000000
0.013835764114525532, 0.18030202787167693, 0.49963512534007654, 126169000000
-0.10893933845282443, -0.050426388879939554, 0.49964748306519635, 126174000000
-0.005880538766888595, 0.14400996145624445, 0.4994374990050014, 126179000000
-0.09869110464673142, 0.011715829066357653, 0.49934777575766154, 126184000000
-0.042202108017526455, 0.06934726027929865, 0.4997076294088823, 126189000000
0.020357363840942687, 0.20663608479121934, 0.4997161004814755, 126194000000
-0.11128709141531902, -0.019519675229724025, 0.49982196682327734, 126199000000
-0.06403980382028145, 0.05857820870218333, 0.499986962829446, 126204000000
-0.0570912371919513, 0.07314266376000687, 0.49955612738219063, 126209000000
-0.08546183136628509, 0.05252856257070911, 0.49969827672446604, 126214000000
-0.00823479022658645, 0.18159781577987685, 0.4998373253123886, 126219000000
-0.08330276792499375, -0.021175283746314954, 0.4999393216395247, 126224000000
-0.0663780690523943, 0.05773884910109002, 0.4995954727338175, 126229000000
-0.024295458840965466, 0.14944045884400922, 0.4996179735229536, 126234000000
-0.1288303729079322, -0.042191445743645174, 0.49995311816077537, 126239000000
-0.05131423385618862, 0.09241373113732455, 0.4994476232960103, 126244000000
0.022743793498037915, 0.20215314116301258, 0.49993787423338293, 126249000000
-0.11371452704097766, -0.013724069576169007, 0.4997082225849804, 126254000000
-0.08532819921968979, 0.07854913515687813, 0.49968984529304844, 126259000000
0.017066821177055314, 0.18276167275152888, 0.49944584893687366, 126264000000
-0.12304242327047737, -0.019638782307962302, 0.4997651197134438, 126269000000
-0.012955532395245942, 0.1641828998250934, 0.4997122749814251, 126274000000
-0.10306730477077182, 0.009162026518329789, 0.49956382043434044, 126279000000
-0.033028558273162596, 0.05507541651049573, 0.49956525251344625, 126284000000
-0.07661429438345091, 0.07739529448925223, 0.49983155061289564, 126289000000
-0.007644268415705969, 0.15254888986661116, 0.49921375048393646, 126294000000
-0.13558237998871525, -0.012589291670366501, 0.5000113434548045, 126299000000
-0.07028787021043145, 0.07212709701277704, 0.4994429357702104, 126304000000
-0.039779115866083375, 0.09594462624506413, 0.4995745483608293, 126309000000
-0.05449360918960089, 0.07051112304058534, 0.4995200971943956, 126314000000
-0.002863148956804641, 0.15839073367123008, 0.4995222000533781, 126319000000
-0.09993621018689713, -0.031578452926978404, 0.4994843667633365, 126324000000
-0.031659039400072614, 0.07054621812669108, 0.4998178732513867, 126329000000
-0.011387701918476514, 0.161808353041575, 0.4996133868418324, 126334000000
-0.11000381191841577, 0.007074757091853552, 0.499508560319922, 126339000000
-0.004026313658872064, 0.18082651232146654, 0.49947100506649417, 126344000000
-0.09637625268101685, -0.05285928898579242, 0.4995909974233762, 126349000000
-0.05175144986074418, 0.08937073350341446, 0.4995516628214881, 126354000000
0.05664704268238206, 0.19362109464802477, 0.49990941367951364, 126359000000
-0.10361209692463534, 0.005846813590089832, 0.49939387991399453, 126364000000
-0.04505584440929319, 0.10327954286284731, 0.499710552761335, 126369000000
-0.050096925020147884, 0.09457283906259173, 0.4994908150671795, 126374000000
-0.07616411861694693, 0.04784907051800834, 0.49936764639260695, 126379000000
-0.00042964759632669724, 0.19640464020621506, 0.49948396854885596, 126384000000
-0.1200552479965256, -0.027525743417703783, 0.4998623564453997, 126389000000
-0.033897697764644213, 0.07667778422536362, 0.499585524426847, 126394000000
0.0028853290043235856, 0.15017691698943803, 0.49978804229913476, 126399000000
-0.09856777880664469, -0.042989782339350066, 0.4999702965717053, 126404000000
0.002136753763713561, 0.1722946020952618, 0.4999288734350583, 126409000000
-0.08250037727450624, 0.009276737444289754, 0.4996175422736375, 126414000000
-0.022881733527125858, 0.07035890893285357, 0.4998381000489336, 126419000000
-0.023779139077397437, 0.15592062223354178, 0.4997064661756988, 126424000000
-0.1268754177492137, -0.014309375524960454, 0.4995950508190282, 126429000000
0.003937766491442014, 0.11611721425302413, 0.5002844502387527, 126434000000
-0.09047191899500051, -0.0021466226440033966, 0.4993917154059095, 126439000000
-0.06104370613463127, 0.10298014905864979, 0.5000046877724548, 126444000000
-0.010474661999561633, 0.15306924599832075, 0.4997445155932315, 126449000000
-0.12370943804435369, -0.03715777646994837, 0.49952422241587696, 126454000000
-0.08002968372226803, 0.11323215719340644, 0.4998485114305284, 126459000000
-0.028993237801492606, 0.1685003375654315, 0.4995323028971528, 126464000000
-0.10223932736480232, -0.005360252469599376, 0.49925930332678614, 126469000000
-0.06588745998268523, 0.06639720044959169, 0.49992005649053817, 126474000000
0.007606964238567805, 0.14976957758956855, 0.49981074582179025, 126479000000
-0.09721809149406851, -0.016688613660554796, 0.4995395807803816, 126484000000
-0.02364684607680702, 0.07520994015508123, 0.4998627141059864, 126489000000
-0.002710041671121516, 0.1981192982750532, 0.499843486954491, 126494000000
-0.0910066289540733, -0.00847581201863749, 0.49969773927384353, 126499000000
-0.03645325411366078, 0.08929176508769264, 0.4994736411348182, 126504000000
-0.007417004611723091, 0.15314915316560787, 0.499146110085044, 126509000000
-0.09382973397912349, -0.049598254916319515, 0.4997211136127351, 126514000000
-0.024293880709361268, 0.07871745909462197, 0.5000941358741151, 126519000000
-0.004028351487601578, 0.16400618837404263, 0.49973753323620557, 126524000000
-0.12621268840965388, -0.029538087823886904, 0.4995515495707656, 126529000000
-0.07288928075112257, 0.07693692408556178, 0.49976390167927215, 126534000000
-0.015044982104363393, 0.1763060391348219, 0.499562142577809, 126539000000
-0.10876414666384325, -0.030886967446547123, 0.4997788836399019, 126544000000
-0.010958647575484953, 0.16468984844292212, 0.4996651748620278, 126549000000
-0.07996172523362327, 0.0009342611614463169, 0.4993254256798101, 126554000000
-0.05434751025946853, 0.06430592895013487, 0.49975084808738474, 126559000000
-0.012341358365172604, 0.17692698535232732, 0.49990493186173873, 126564000000
-0.1491545512835999, -0.03037351387353373, 0.4994192116535643, 126569000000
-0.047706527901518414, 0.08960013809914033, 0.49992272835835716, 126574000000
-0.061532854846870905, 0.09006388623553328, 0.4999032738965141, 126579000000
-0.0444988187019691, 0.07774205698607743, 0.4995626656255288, 126584000000
0.00027119993510795826, 0.19512415519059811, 0.4992818993545178, 126589000000
-0.1294628794842619, -0.03455613907435122, 0.4996903990163178, 126594000000
-0.08836949665283012, 0.06112977782292904, 0.4999157040142615, 126599000000
-0.026565456293754043, 0.14521131474791293, 0.4995872546077704, 126604000000
-0.10801765643035298, -0.03749246699357678, 0.49983462408392265, 126609000000
0.0066984511093707635, 0.16524369295957897, 0.4996743279106099, 126614000000
-0.09404209339461451, -0.02499975523807421, 0.49963196846017094, 126619000000
-0.0529558912510099, 0.06722529387452669, 0.49989979388110717, 126624000000
4.014291587473717e-05, 0.1746522775044944, 0.4998044183568244, 126629000000
-0.11574895974409916, -0.020974164951136416, 0.4999104602523983, 126634000000
-0.07606642440544839, 0.0770672588271631, 0.4999255371361149, 126639000000
-0.045787789902752785, 0.0583941378874472, 0.49944136374756976, 126644000000
-0.08655119804048549, 0.0952117958243149, 0.49928431459869016, 126649000000
0.014530752092934543, 0.12880346331260645, 0.4992575741302498, 126654000000
-0.1116596677192391, -0.05558376038377367, 0.49944726730475725, 126659000000
-0.03622902208765641, 0.08310272716582975, 0.50017554654369, 126664000000
-0.0272180916576895, 0.1953344414898384, 0.49954055201386893, 126669000000
-0.112142611635924, -0.015559451530685947, 0.49923346349871933, 126674000000
-0.06016149255865612, 0.06292516087073315, 0.49979834847878546, 126679000000
-0.004782531058727628, 0.18202326775177086, 0.4998580797120585, 126684000000
-0.09192571331388336, -0.029781059968503266, 0.4995537903547945, 126689000000
-0.073591432321525, 0.09656928801108881, 0.499817945734135, 126694000000
0.017377663720660103, 0.16822841121898774, 0.5001009679995593, 126699000000
-0.11673099024026971, 0.01790839797671398, 0.4999366581853935, 126704000000
-0.047012975386541186, 0.08441761381500706, 0.4996662459364613, 126709000000
0.02425882667145523, 0.14665769817448487, 0.4997108481940187, 126714000000
-0.12701288424857884, -0.018426256529224628, 0.4995377785327453, 126720000000
-0.05253458161493108, 0.08968217261393051, 0.4998079343208958, 126724000000
0.030554099194670233, 0.14332054839983888, 0.49977436438530903, 126729000000
-0.10929557009370722, 0.019078216626010957, 0.50017867701491, 126734000000
-0.08598429146354156, 0.06271184722130296, 0.49984159462625716, 126739000000
-0.013162798791410392, 0.19876381760825415, 0.49968577115298607, 126744000000
-0.08457857966355162, -0.007170610021072296, 0.4996045829667265, 126749000000
-0.02978915953718965, 0.1620424441149079, 0.49968202849973753, 126754000000
-0.08020755456509678, -0.011530680728093995, 0.49974300467861604, 126759000000
-0.056819225079082214, 0.04919550142518177, 0.49998705161901996, 126764000000
-0.005056257078624688, 0.16773359925041179, 0.4993260839232253, 126769000000
-0.08952495167093853, -0.03025591496890121, 0.4998417128979207, 126774000000
-0.0883649207162609, 0.07237805910397972, 0.4997571015781036, 126779000000
-0.03919053504786937, 0.07925662839692654, 0.49996431107598993, 126784000000
-0.08032835637903016, 0.053980394205676054, 0.49962595959640377, 126789000000
0.029242891265629678, 0.15530955217650297, 0.4998118970111183, 126794000000
-0.11373872488262711, -0.004188242179685182, 0.4994840082345893, 126799000000
-0.05636723337809158, 0.08571210864494853, 0.49962754308028934, 126804000000
0.009757172626084434, 0.20583714337742015, 0.4996946753508825, 126809000000
-0.11601680444828084, -0.010306068255968505, 0.4995083491070983, 126814000000
0.0008003239332905268, 0.16645826421384743, 0.49957409959175425, 126819000000
-0.13023579573988156, -0.0026298606361648894, 0.4995084870264477, 126824000000
-0.07945149306329156, 0.06957256674487539, 0.49957705517808687, 126829000000
-0.017709169360823604, 0.16393401058749626, 0.4995900385769924, 126834000000
-0.1159463551730311, -0.048473844189161744, 0.4997809674387909, 126839000000
-0.035899611330582254, 0.10618918308982178, 0.5000311856701505, 126844000000
-0.03670351538105248, 0.05274710900230693, 0.49996448105406993, 126849000000
-0.04934540329169084, 0.0938737909469726, 0.4997180384314875, 126854000000
-0.02463597463427768, 0.17609928362631166, 0.49961675299127223, 126859000000
-0.09524084583021653, -0.020882772583113822, 0.4997537196565899, 126864000000
-0.06718668747216833, 0.08390143994266311, 0.5000530063740527, 126869000000
0.00796268572951859, 0.17221059780342562, 0.49968306272804236, 126874000000
-0.12504214431193061, -0.04567255168931241, 0.4997538231187815, 126879000000
-0.05109986752738749, 0.07808185968618937, 0.49983505477741996, 126884000000
0.0036477117401056223, 0.16591111300541087, 0.49956207061888697, 126889000000
-0.10444178204392712, -0.02911771837830915, 0.499689977441615, 126894000000
-0.054596037205106, 0.09347642756123084, 0.4995645999026598, 126899000000
-0.009810856637158695, 0.13739942145092615, 0.49968668339531774, 126904000000
-0.13527839268023056, -0.024127285744074436, 0.4995648024836553, 126909000000
-0.08269844108442978, 0.09841512670853252, 0.49993094364330254, 126914000000
0.004829473338303325, 0.16259858646287007, 0.49962141078190003, 126919000000
-0.11736132840739402, -0.017172580996066146, 0.49971906528756393, 126924000000
-0.05568617431503337, 0.1011507314660101, 0.5000286845638502, 126929000000
0.04097203923683108, 0.14957227691071945, 0.4996489086143956, 126934000000
-0.11594112455841807, -0.03314585996115669, 0.49953510201813867, 126939000000
-0.05581574973948992, 0.09377423980803005, 0.5001233711890095, 126944000000
-0.04262925891041421, 0.1631565626872237, 0.4995403542867695, 126949000000
-0.1149577474313163, -0.04224771108041024, 0.49953146533330833, 126954000000
-0.038212233692971886, 0.16148506638819074, 0.500114216806099, 126959000000
-0.0948524944707691, -0.014614158218064215, 0.499725654206386, 126964000000
-0.05366525565958337, 0.04559683408983667, 0.4997656163719938, 126969000000
-0.07655921299133901, 0.08491415374042743, 0.49969215474356926, 126974000000
-0.06156599819743219, 0.0749341345998413, 0.4996873470397114, 126979000000
-0.040879233330243514, 0.0349503043577135, 0.49972789428940073, 126984000000
-0.024970378029835007, 0.07256801774117257, 0.4998508945925416, 126989000000
-0.044241039134525914, 0.03254184596282517, 0.49969735752975236, 126994000000
-0.08374379316312044, 0.09311939884687427, 0.4999613750766128, 126999000000
0.01942230540598409, 0.1749537845919006, 0.4997872278264205, 127004000000
-0.09996507460758733, -0.0294662456871636, 0.499428898156309, 127009000000
-0.03327591167383846, 0.05171875491798278, 0.5000624128386951, 127014000000
0.0012226393501069124, 0.18314359183923296, 0.4998083150192604, 127019000000
-0.10645878600661922, -0.027088308239092414, 0.4998307031793705, 127024000000
-0.008423508132882266, 0.20004243684631523, 0.4994836741002585, 127029000000
-0.12204048346257729, 0.008962378750845448, 0.49970441731846543, 127034000000
-0.07410727130851863, 0.0724245970744697, 0.4997176221601327, 127039000000
-0.012546498957409313, 0.2050553044671697, 0.499637675317252, 127044000000
-0.11491016515754399, -0.016896700432169086, 0.4994712733439201, 127049000000
-0.06957062876344731, 0.0845419106247917, 0.5000922726031415, 127054000000
-0.07720789515537854, 0.06301027829986433, 0.49980543127666527, 127059000000
-0.0630622989734447, 0.07814869826691974, 0.4993411864398864, 127064000000
-0.005326564418284118, 0.17411039581018442, 0.499728048553775, 127069000000
-0.10611018944732725, -0.003020795978364174, 0.49964317663707447, 127074000000
-0.043253992953331426, 0.07961352189835617, 0.49952516912058226, 127079000000
0.005775321393198288, 0.14243091192928084, 0.4992888252434202, 127084000000
-0.13649190555913698, 0.004916672975194769, 0.4996796138431721, 127089000000
-0.0008893584153676967, 0.1677957315387836, 0.4997527209991105, 127094000000
-0.11223877749471906, -0.02966384201680552, 0.4995179472072785, 127099000000
-0.04230591539437507, 0.090701808401372, 0.49963595411191536, 127104000000
0.0045649892197922, 0.1541678419324669, 0.4994380152961152, 127109000000
-0.12133883614795495, -0.021092992959750062, 0.49935144528258707, 127114000000
-0.040023082872461174, 0.05929900240835852, 0.4999080054963314, 127119000000
-0.064081870612342, 0.08655035370604017, 0.49925989222677963, 127124000000
-0.05315873550853025, 0.0638947866667886, 0.4996122580204069, 127129000000
-0.006097114126264875, 0.15641521634678376, 0.49976929486709815, 127134000000
-0.1322570290084785, -0.019934388084432434, 0.4997219607516385, 127139000000
-0.06837675972546922, 0.09336536968852968, 0.4996042279508674, 127144000000
0.023285892386364807, 0.1700426174304835, 0.49965829137573947, 127149000000
-0.1041308404266989, -0.022681182277123516, 0.49985376447436786, 127154000000
-0.03150397701173753, 0.17948156434846935, 0.4998133814231846, 127159000000
-0.09663533248867011, 0.024529550567394712, 0.4998912587539478, 127164000000
-0.05201009202822527, 0.09500794619903714, 0.5000297103616058, 127169000000
-0.005164899000101985, 0.14843534630987032, 0.49962785244416247, 127174000000
-0.11339844478635792, -0.05464565836632777, 0.4995758928513457, 127179000000
-0.03559006209467275, 0.07104193564857857, 0.49976695079790784, 127184000000
-0.04498493078008922, 0.0753229958596133, 0.49950853441011334, 127189000000
-0.06145697059100538, 0.10736493691410441, 0.5000141162176872, 127194000000
0.009527632936671962, 0.1777408504841972, 0.4999439552229575, 127199000000
-0.10076788006475645, -0.015072369155443778, 0.4995642514682073, 127204000000
-0.08391522920290308, 0.06252392545397602, 0.4999272183758088, 127209000000
0.00870601080991975, 0.1971334932361791, 0.4998529412991628, 127214000000
-0.09623793753941455, -0.03775253625256522, 0.4994628106544545, 127219000000
-0.06612171351442221, 0.06877125294419673, 0.49961353283876686, 127224000000
-0.02579870761230634, 0.16688594128291478, 0.49978076337589045, 127229000000
-0.08414999406114165, -0.02108220136836279, 0.499438349811691, 127234000000
-0.03978071078611711, 0.08069883819545363, 0.4999427718891836, 127239000000
-0.007976508366824031, 0.18572957102014684, 0.49922981641316616, 127244000000
-0.1396038277034622, -0.041264424282460486, 0.49989691136568876, 127249000000
-0.08053229796339373, 0.1009018821701293, 0.4999731912770096, 127254000000
0.003085518478348593, 0.15348517674846138, 0.4995898873855122, 127259000000
-0.10427391591366364, -0.02176792995338887, 0.49987620826616885, 127264000000
-0.060018589556144024, 0.09796216100890459, 0.5000267263241086, 127269000000
0.002313747300065864, 0.15870446899774476, 0.4993644069624668, 127274000000
-0.11573294092699252, -0.02303892788337248, 0.49965188265033494, 127279000000
-0.05599072360585318, 0.04348348126237503, 0.4999639187867073, 127284000000
-0.012328028556424104, 0.17318062373143156, 0.4996896810959471, 127289000000
-0.15431907200175102, -0.02925601619117498, 0.4998279417075323, 127294000000
-0.05530461322921934, 0.1090070247648246, 0.499802992449933, 127299000000
-0.017793656009118006, 0.14308950829811695, 0.49944147352482776, 127304000000
-0.11327885636739837, -0.01574261351692059, 0.49984830322196616, 127309000000
-0.04042495153491876, 0.11921629576354889, 0.49981092578943587, 127314000000
-0.0803952219286149, -0.036161841439898285, 0.49958469185252213, 127319000000
-0.049907683003830125, 0.07298396952608394, 0.49981221648755, 127324000000
0.01577936600179501, 0.18138159081767707, 0.4994301387915201, 127329000000
-0.08898794460390047, -0.039357768567059, 0.49948393113761214, 127334000000
-0.06851247262245302, 0.07205440612953593, 0.49996359372716215, 127339000000
-0.05901138377077194, 0.0906839177832837, 0.4997631253589637, 127344000000
-0.07242864387598043, 0.05983916646153926, 0.49982684279596945, 127349000000
-0.027661814846631206, 0.1744142485713454, 0.4994582361883183, 127354000000
-0.10955822307026328, -0.015769171311054108, 0.4991527025113981, 127359000000
-0.07518754635913939, 0.08932427135756978, 0.5000691009282919, 127364000000
0.015867318051327198, 0.17499523666381764, 0.49952027281234446, 127369000000
-0.11815367251288417, -0.03871663253546792, 0.4995690636853983, 127374000000
0.018538067738052857, 0.18852763344793905, 0.49961790772556486, 127379000000
-0.07977729862396025, -0.00205339954745902, 0.500064917342697, 127384000000
-0.04591666385799313, 0.07483940921529085, 0.5001538818497306, 127389000000
0.001526567155309314, 0.17462391080631, 0.49998805150499864, 127394000000
-0.1217458344232336, -0.053371385844808966, 0.499354123589958, 127399000000
-0.058174063880986615, 0.09061124997999154, 0.4998664096706557, 127404000000
-0.04066871878040749, 0.08736761183410816, 0.49950902696773813, 127409000000
-0.041549854634701955, 0.06070844510423655, 0.49971893226359076, 127414000000
0.01456571603437368, 0.1623280051696027, 0.4998797405577956, 127419000000
-0.11699359759592398, -0.01698339990796474, 0.4995762327700364, 127424000000
-0.06693479850961154, 0.06389339910683786, 0.49966646799683856, 127429000000
-0.013390812278940907, 0.1747741644088396, 0.4994596409260783, 127434000000
-0.0627328876449233, 0.019546863710449666, 0.49936716575805873, 127439000000
-0.10643779825913571, 0.07319240260556424, 0.4998943630046932, 127444000000
-0.029214829104344135, 0.16577115859511898, 0.4997626455163585, 127449000000
-0.11684039405814167, -0.004358495959333811, 0.4996338240361094, 127454000000
-0.07009106677956159, 0.07144975994684202, 0.4996841550984626, 127459000000
-0.013060110059819384, 0.16783855500226652, 0.49958921228211456, 127464000000
-0.11466060321112223, -0.0198702451557409, 0.49956298023498, 127469000000
-0.0734882323639078, 0.09267669265926884, 0.4998851896371795, 127474000000
0.012711030603531336, 0.16837891523781962, 0.49981552757370223, 127479000000
-0.1084754618713055, 3.644938558501967e-05, 0.4994345245671034, 127484000000
-0.04894194638897518, 0.10353040459960008, 0.49960846664275566, 127489000000
-0.01946396070195838, 0.1608085592341934, 0.4995767968764293, 127494000000
-0.12307156364444176, -0.0166816077383466, 0.49968510099005076, 127499000000
-0.03944566622712669, 0.07812879604145329, 0.4997398340791238, 127504000000
-0.015305952456207656, 0.17561124543215276, 0.4993364682278208, 127509000000
-0.10858558271455561, 0.005852370831425254, 0.49957956194117376, 127514000000
0.026347227320492224, 0.16242839452744737, 0.4997212039405968, 127519000000
-0.08135047414351324, -0.01392569024062743, 0.49953913031066405, 127524000000
-0.057049892265300405, 0.07025320557866688, 0.49965332059288375, 127529000000
-0.006646966939318896, 0.14636008937349812, 0.49985917940210417, 127534000000
-0.09962943567656539, -0.04927151995847957, 0.49975233203107516, 127539000000
-0.06623296774782145, 0.08444373217855099, 0.49960416188457146, 127544000000
-0.015430701825485948, 0.09462175402276676, 0.4993377122637836, 127549000000
-0.0326534982500825, 0.07588885725522952, 0.49940970225618747, 127554000000
0.025745805252223985, 0.17573220018320376, 0.49977287501416645, 127559000000
-0.14095252021763138, -0.007522729521655912, 0.4995432572016667, 127564000000
-0.07513262278602464, 0.07030354161173201, 0.4998176551032504, 127569000000
0.035809487116384923, 0.17047054087161329, 0.4993052437063809, 127574000000
-0.10350893112547609, -0.04046548337056117, 0.4995307489735277, 127579000000
0.008205297112106151, 0.17198503144685512, 0.5002744112941482, 127584000000
-0.10155195559589336, -0.031211250196114364, 0.4999498780947431, 127589000000
-0.02196558676679248, 0.08518574390141807, 0.4999055334747057, 127594000000
0.007684045971787956, 0.1299988711829733, 0.4999180742865593, 127599000000
-0.10161360318436004, -0.04289926114009612, 0.4997711671745941, 127604000000
-0.050500597077415346, 0.08446953302700014, 0.49982274184416553, 127609000000
-0.06152165669544934, 0.07326717326698581, 0.4992972986253355, 127614000000
-0.05979762835408189, 0.0540770692154569, 0.49983065560232337, 127619000000
0.018525739494676237, 0.1554418078467221, 0.49971276487399585, 127624000000
-0.0810074208636965, -0.014102836574128742, 0.4995579023574189, 127629000000
-0.06934833534291997, 0.05238097556452202, 0.49957401404587637, 127634000000
-0.030958225881422944, 0.12409126027655357, 0.49974628973561025, 127639000000
-0.13301433219803296, -0.05025029973405075, 0.4998421819478314, 127644000000
-0.05446775101148958, 0.08195229589569146, 0.4996061642826205, 127649000000
-0.014351561526081927, 0.17771688890162585, 0.4994868172526165, 127654000000
-0.12890008429503885, -0.01410794185197298, 0.499689415839514, 127659000000
-0.03586868941235213, 0.09812042751087847, 0.49988836942420917, 127664000000
-0.015313950365637667, 0.1828166281451002, 0.49978548032771286, 127669000000
-0.1004162465241885, -0.04154797707520749, 0.49984087293898094, 127674000000
-0.0837089544100427, 0.06206551903850193, 0.499754413231807, 127679000000
-0.0076238667296326165, 0.1490119097795526, 0.5000405669794583, 127684000000
-0.08907461499567645, 0.0022351521105818672, 0.49962641971128113, 127689000000
-0.031868919079911635, 0.06016966866083091, 0.4995933660962635, 127694000000
0.0007672200943862218, 0.16815619611856789, 0.49966034606693177, 127699000000
-0.10186420182400499, -0.03862345430134145, 0.49952076863482753, 127704000000
-0.0476486450545261, 0.05629233131626718, 0.49966404706155854, 127709000000
0.0031918584613498165, 0.18056490236726425, 0.4991328074468396, 127714000000
-0.09648334409376536, 0.0003419397966098643, 0.4999063611350815, 127719000000
0.001750034337754011, 0.16833273164792772, 0.49953937911048996, 127724000000
-0.15683912632073488, -0.08199523257768965, 0.4998791085829629, 127729000000
-0.05750961266681449, 0.06532155246841968, 0.4995242845853885, 127734000000
0.020114905409270377, 0.18026648425799846, 0.49968602966042536, 127739000000
-0.11658618436683126, -0.032065925172356444, 0.4993708623059293, 127744000000
-0.06239866531951548, 0.060702955973031034, 0.49979419985566587, 127749000000
-0.04762692272448106, 0.05313241270701238, 0.49928978921895784, 127754000000
-0.047946036269807514, 0.055363940811044655, 0.49946279705620666, 127759000000
-0.007360393561101653, 0.1601935836326533, 0.49938365209720936, 127764000000
-0.08987805371412284, -0.010719260245904694, 0.49967973617216394, 127769000000
-0.05763960322746797, 0.058882673857183945, 0.49988361713944296, 127774000000
0.022215281973521416, 0.15844426174027276, 0.4996209322138744, 127779000000
-0.12162502422379326, -0.0324275208165083, 0.49961132061736396, 127784000000
0.006866793570530827, 0.15838879354090446, 0.49957950217954106, 127789000000
-0.13681626285736087, 0.01090258291442257, 0.4995283041043193, 127794000000
-0.056834309346633055, 0.04746886764842655, 0.49970346984657205, 127800000000
-0.018007154660975938, 0.16452314365446244, 0.499960557678463, 127805000000
-0.13960613028121677, -0.033074966869982236, 0.49970043428931943, 127810000000
-0.05311542411092637, 0.08981045996882352, 0.49994699847845053, 127815000000
-0.02574106262247862, 0.19115174215867525, 0.49959672423670737, 127820000000
-0.08904205494420625, -0.0369172751153657, 0.49958960469161945, 127825000000
-0.02877560822598089, 0.06169694976017043, 0.4997608195881681, 127830000000
-0.014115482756680906, 0.17583740027998657, 0.4994771664704119, 127835000000
-0.12151378903190833, -0.04399491021605634, 0.4996503080628674, 127840000000
-0.03911495903312945, 0.11086476975303258, 0.49983403118208214, 127845000000
-0.06440887017841673, 0.07779115419398723, 0.4995630166605218, 127850000000
-0.04502657317737774, 0.05687369419356143, 0.4997055986624486, 127855000000
0.014092460167113866, 0.18969518646986125, 0.5000911039907195, 127860000000
-0.11855107846760521, -0.03073817438978344, 0.499706335009455, 127865000000
-0.03697994522220346, 0.07844415409603836, 0.49928737926436184, 127870000000
-0.004792885830993488, 0.16294719506212715, 0.49984545057994023, 127875000000
-0.15287547300893725, -0.015117222695436253, 0.4994862012632236, 127880000000
0.020602105691090448, 0.19700083370681018, 0.4998092219620125, 127885000000
-0.1142719688020965, -0.027039001979662067, 0.49957737535978314, 127890000000
-0.0625143161302114, 0.06724301959685319, 0.4999020362268941, 127895000000
0.005456504025822522, 0.2003541253230042, 0.49929739611983776, 127900000000
-0.09420270065908139, -0.042994473560309054, 0.4998296897742542, 127905000000
-0.0668138104404082, 0.06898542714858456, 0.5000319768221244, 127910000000
-0.025736940841938342, 0.19780170423708507, 0.4996495922217705, 127915000000
-0.12665901462340737, -0.0610204843787889, 0.4991971760823297, 127920000000
-0.05407399347502191, 0.0992281183233763, 0.4998378777974017, 127925000000
-0.016556064487918905, 0.15209536693659587, 0.49980348474384745, 127930000000
-0.12148469197991366, -0.03810397842341159, 0.49951776524984803, 127935000000
-0.07562569141104226, 0.04972400708995249, 0.4996528609011574, 127940000000
-0.039127395222772456, 0.08427352559198831, 0.499274677776214, 127945000000
-0.07462305056252805, 0.06040483642941499, 0.49966491750291253, 127950000000
-0.026840930974092517, 0.16977892659110402, 0.49968591453759437, 127955000000
-0.09510816992318898, -0.008327220592823328, 0.49955913388765294, 127960000000
-0.07057539358699337, 0.08840293889434564, 0.49977692761771714, 127965000000
0.020588812593021196, 0.15650659446511694, 0.49972603312853026, 127970000000
-0.09174413567197345, -0.013233858255432256, 0.499613967571731, 127975000000
-0.048209598062310524, 0.07594500414462334, 0.5000005355230066, 127980000000
-0.0385223366901196, 0.09909719624215901, 0.49949740201830567, 127985000000
-0.09192915299667191, 0.05868201726888265, 0.499400048717594, 127990000000
0.022639382588892087, 0.16616287395128032, 0.4997756091833339, 127995000000
-0.064051600600581, -0.04607871500864458, 0.4991727646855954, 128000000000
-0.04990166223194166, 0.09651857124594115, 0.4998475832821271, 128005000000
-0.004460547918215219, 0.1999647560631268, 0.49957252942012564, 128010000000
-0.09524851717969107, -0.05089173903573983, 0.4996468432802468, 128015000000
-0.014518898830101495, 0.15883319235884463, 0.4999033635941959, 128020000000
-0.10137871489472046, -0.00459039770275286, 0.49951849118962915, 128025000000
-0.06364150196749772, 0.06332366801383219, 0.49943948593942594, 128030000000
0.02495960685980236, 0.18277794423262925, 0.4993072578849915, 128035000000
-0.08971235982320691, 0.013163334923836527, 0.49936456471210916, 128040000000
-0.05831634869000023, 0.08873144542130162, 0.4995339322373281, 128045000000
-0.02256005286901414, 0.16657079510405254, 0.4996280672325983, 128050000000
-0.08757743007889762, 0.004889785213063314, 0.4995631859857817, 128055000000
-0.04735791890887987, 0.0980985629042258, 0.5000213778865308, 128060000000
0.013018231897009343, 0.15191459563792806, 0.49968877928009847, 128065000000
-0.13770976514272137, -0.0074413548886462675, 0.49937930188352897, 128070000000
-0.04593151426524123, 0.07879359554787758, 0.5002266090776779, 128075000000
-0.026047600297211294, 0.14039268041874464, 0.4993683468085462, 128080000000
-0.12207169932087435, -0.052361613406657154, 0.4994987828807025, 128085000000
-0.06963362233803555, 0.08171582667292723, 0.4998781860499295, 128090000000
0.022184680643228424, 0.1227248076470371, 0.49965450713638593, 128095000000
-0.1420147247157768, -0.04127539338743956, 0.4996214543691106, 128100000000
-0.07634397480369469, 0.07398763155529645, 0.49993281325750355, 128105000000
-0.0029361005003446226, 0.171571579837446, 0.49967069193232266, 128110000000
-0.12133005933617176, -0.0034554894707629555, 0.4995730068851905, 128115000000
-0.062159477620627616, 0.03796444279374535, 0.49970754139205487, 128120000000
-0.04185558075602787, 0.08696063139429219, 0.4998542490355884, 128125000000
-0.07666766665356942, 0.08596741258255719, 0.4999676915612626, 128130000000
-0.031149440339968224, 0.16157606249373646, 0.4998102939635944, 128135000000
-0.09673830361081528, -0.019044822908537505, 0.4998334564004887, 128140000000
-0.034716650995488395, 0.07142859196794725, 0.49994631479675283, 128145000000
-0.0030525668988069274, 0.1718237572568329, 0.4999872171093573, 128150000000
-0.07267280037900763, -0.004173909304502444, 0.49982204206191083, 128155000000
0.007994622350896034, 0.18906930830830393, 0.49997012176517824, 128160000000
-0.09680994965834067, -0.04525914103336859, 0.49955212536090565, 128165000000
-0.06755443485404519, 0.09883273424219002, 0.4997465129060111, 128170000000
-0.015038464552274939, 0.16862279948625675, 0.4995189190409941, 128175000000
-0.11797508211209236, -0.045124652729828005, 0.49980297022447534, 128180000000
-0.072719788124329, 0.06901222126617033, 0.4999627541120041, 128185000000
-0.06816202568146851, 0.12321627119943807, 0.4996714004097496, 128190000000
-0.07288684495813393, 0.07802254906776432, 0.49977651905378, 128195000000
-0.0026752021982850657, 0.17806728402501432, 0.4999041947257045, 128200000000
-0.09880305488138286, -0.025935178763220094, 0.49931581847553763, 128205000000
-0.06648267749226354, 0.09318306952689233, 0.4998121630587727, 128210000000
0.01099698546401394, 0.14857907005774668, 0.49936701727223043, 128215000000
-0.12894575416252144, -0.008820614412682608, 0.49956625600493293, 128220000000
0.013429218019117912, 0.16014231627156117, 0.49954033538692955, 128225000000
-0.10945242779722739, -0.001018310629475135, 0.4994353507979854, 128230000000
-0.04854553763384471, 0.057012885343135325, 0.4996673336577299, 128235000000
-0.008269967278810913, 0.15320931841898114, 0.49940690580537145, 128240000000
-0.10554611461739788, -0.01706900631388373, 0.49984144220029997, 128245000000
-0.08954126518072168, 0.09344559506413413, 0.5000779246205519, 128250000000
-0.04409871029368251, 0.075904701031518, 0.4996417359177178, 128255000000
-0.07502131545617582, 0.07300368849961882, 0.4995173697391492, 128260000000
-0.010763712843351815, 0.1425439147261309, 0.4996992463322947, 128265000000
-0.1417630666345556, -0.05174155240629085, 0.4996752577718227, 128270000000
-0.025818329239059776, 0.08890231015540596, 0.4998972232659344, 128275000000
0.023532249842051746, 0.18801712741431315, 0.4994731861790092, 128280000000
-0.1220441160231987, -0.01328825105683128, 0.4995709607583691, 128285000000
-0.04633269621373727, 0.06806360139596139, 0.49991923039319786, 128290000000
-0.019549232965124497, 0.1143571055639408, 0.49946400816915676, 128295000000
-0.11254668635716662, -0.013585407492520997, 0.49943135375225545, 128300000000
-0.04318478734574375, 0.057364639515791814, 0.4993653842399667, 128305000000
-0.008675083432111283, 0.18014947708510362, 0.4995009998729145, 128310000000
-0.11403269649572823, -0.03737567886496656, 0.4996018623263819, 128315000000
-0.04256115384022622, 0.11640693188780393, 0.49996282226472205, 128320000000
0.017805080375844617, 0.16034776988292343, 0.49965195769647436, 128325000000
-0.083868493088886, 0.01129540633061515, 0.4998537562172217, 128330000000
-0.06955999430316136, 0.05630090667032993, 0.49969166783273855, 128335000000
-0.0768915114810491, 0.12569089546922707, 0.4997185435744317, 128340000000
-0.0599212354945074, 0.07786578512294992, 0.4998023006662674, 128345000000
-0.006592623959691251, 0.15224133227437037, 0.49985779766718613, 128350000000
-0.13974800894315834, -0.004267928273897902, 0.4996164574575206, 128355000000
-0.05232579462639432, 0.10568015340745046, 0.49976200852590486, 128360000000
0.03116081765149227, 0.15413362779518047, 0.4999724097378991, 128365000000
-0.11056072896549524, -0.006591837099604651, 0.49963841199417824, 128370000000
-0.045275093354818365, 0.07415644288929656, 0.4999593482824316, 128375000000
-0.01670210735164756, 0.16165719904289938, 0.4994736075063686, 128380000000
-0.08604946765242573, -0.05801966699700335, 0.5000733610350482, 128385000000
-0.04091370988063113, 0.10592315669358197, 0.4995186821572966, 128390000000
0.020071797797192748, 0.15575516489965896, 0.4995686202543848, 128395000000
-0.1140690812633321, -0.04504534616964678, 0.4995022715191316, 128400000000
-0.04408236241058359, 0.07175737935159336, 0.49983612506315617, 128405000000
-0.03646611730675805, 0.07438135133404747, 0.5001491527079885, 128410000000
-0.055295742088037614, 0.05040138070524552, 0.5000190112767937, 128415000000
-0.006987403992609623, 0.16021706685265882, 0.4997629221484058, 128420000000
-0.09507256994571156, -0.06259066074684771, 0.4996485338986963, 128425000000
-0.07771669068082177, 0.0930870543818522, 0.4998014060576617, 128430000000
0.0007589346335027008, 0.1491767152941114, 0.49916632811835565, 128435000000
-0.10488553542347039, -0.03182019987437368, 0.499837151430833, 128440000000
0.0007594443000894721, 0.17513072477090003, 0.4999194490102017, 128445000000
-0.10741119322728211, 0.00636657506588241, 0.4997484253018095, 128450000000
-0.06816676326587806, 0.09187336122074363, 0.4999583382796134, 128455000000
0.004888804763693603, 0.1784100831789417, 0.49997552452400496, 128460000000
-0.10813673487035935, -0.03443999234629696, 0.49962383900607754, 128465000000
-0.03263132437050028, 0.1010881971273323, 0.49942261939317023, 128470000000
-0.025108821395257726, 0.10744072405804897, 0.4995628296336088, 128475000000
-0.061138519156992324, 0.02827290490948025, 0.4997019984179283, 128480000000
-0.01657508850456471, 0.15091925630008646, 0.49968178289289705, 128485000000
-0.1296630035302638, -0.02684016522423012, 0.4994140455462374, 128490000000
-0.043777988282747086, 0.08377745681287539, 0.49963253965223137, 128495000000
0.03763837342879836, 0.19447072168689652, 0.49949632929082066, 128500000000
-0.10857333715050338, -0.019722413940310008, 0.5000204089826066, 128505000000
-0.018780164602241328, 0.15955377113240876, 0.4997489207799351, 128510000000
-0.10576595701125242, 0.0035978010663183548, 0.4995582877008427, 128515000000
-0.034818864673259196, 0.07762626698256019, 0.49971658099045213, 128520000000
-0.008700641490340503, 0.17136142299397045, 0.5000229907421777, 128525000000
-0.08422046839970194, -0.032951824991537884, 0.49986569682817183, 128530000000
-0.0628264666773367, 0.10268134137760986, 0.49973644805848444, 128535000000
-0.005216349378288285, 0.17382918534906175, 0.49942445859650647, 128540000000
-0.09876601287251519, -0.016367903652340622, 0.49948354343909, 128545000000
-0.034529297256830474, 0.09598862994067602, 0.49972362034555595, 128550000000
-0.0001296308804802314, 0.16589072936163637, 0.49948074031103207, 128555000000
-0.10898277973637233, -0.03326173612739033, 0.49956888732831994, 128560000000
-0.04372954011067827, 0.07506645995298623, 0.5001230417367567, 128565000000
0.046594358735223884, 0.1788745882866653, 0.4993944353159423, 128570000000
-0.126307140161074, -0.04105974436588117, 0.49999742835017497, 128575000000
-0.0309313669715335, 0.16075432583784385, 0.4997709162411962, 128580000000
-0.09772856230902228, 0.003794406715923116, 0.49966266294168404, 128585000000
-0.05622922635699922, 0.08005214520283863, 0.49962725789049245, 128590000000
-0.08947516237605027, 0.05208163508824455, 0.49951491174694035, 128595000000
-0.005435051649507789, 0.16349558732901137, 0.4994420400137256, 128600000000
-0.10113407671634417, -0.035023637769090635, 0.499768991517385, 128605000000
-0.03565693461550129, 0.10508631394026874, 0.499838361671722, 128610000000
-0.06519390849300585, 0.06627244051329007, 0.4997416610348001, 128615000000
-0.048415709824080055, 0.08489778520900317, 0.49951522410335286, 128620000000
-0.0540018385955186, 0.16548122610821336, 0.49965807212623775, 128625000000
-0.09683852316716277, -0.04211808735753167, 0.49947280240507874, 128630000000
-0.06244652129148002, 0.0684525959347821, 0.5000809233385858, 128635000000
-0.0024689768083231045, 0.19881680385181513, 0.49953518533841074, 128640000000
-0.13082305205274375, -0.023245273123936056, 0.4994912069499375, 128645000000
0.013851519453068464, 0.13815354136801666, 0.500055315669329, 128650000000
-0.10278207512971112, -0.03162296149649418, 0.49948360168212047, 128655000000
-0.04998137340959482, 0.10557344549290684, 0.49978631115948396, 128660000000
-0.011293111761351324, 0.15955531756405508, 0.4996197410480107, 128665000000
-0.13011878869990176, -0.03974759065560317, 0.4994519891091299, 128670000000
-0.05281449104195726, 0.09118300896771608, 0.49970674064059517, 128675000000
-0.04055210673526019, 0.08441654247568361, 0.4993831587102708, 128680000000
-0.06509304239339253, 0.06832583226641496, 0.4997696106126268, 128685000000
0.01932333184497218, 0.14179065344362488, 0.4991835590281971, 128690000000
-0.13069599545522315, -0.06074118479761921, 0.49941502595699894, 128695000000
-0.05276721341867303, 0.06669139592022638, 0.49964064153676047, 128700000000
-0.06153445361370885, 0.047342307216337226, 0.4992724621451636, 128705000000
-0.07107033063874277, 0.06585747089101614, 0.49944296391060905, 128710000000
0.007774689678275066, 0.15654281393045227, 0.49973347394316664, 128715000000
-0.10325748672931696, 0.0033434463923450062, 0.49921754876270424, 128720000000
-0.07838794045475435, 0.08172100065486176, 0.49966189360556074, 128725000000
-0.05178183632860428, 0.1017557183875464, 0.4999805255052029, 128730000000
-0.014680087746292349, 0.13733032793615044, 0.4992451420643119, 128735000000
-0.10562855949547963, -0.04155340648251479, 0.49966685844458186, 128740000000
-0.06540580232686015, 0.07371758873571621, 0.4997179106164807, 128745000000
-0.052166126536092185, 0.0979724727798317, 0.4991806894171345, 128750000000
-0.05329288124881214, 0.08141790977802148, 0.4995816445270659, 128755000000
-0.043607194082230086, 0.16954493551841757, 0.4989752169399063, 128760000000
-0.07738898438450269, 0.0017684252874273863, 0.49939077587111536, 128768000000
-0.08145798839461964, 0.07642142712293, 0.49988389275166717, 128773000000
-0.010534631880547153, 0.16503862033082173, 0.49968434877286255, 128778000000
-0.1524079515476016, -0.03396978085003331, 0.499115305237771, 128783000000
-0.07609143263670454, 0.05845099082461569, 0.4998163725468508, 128788000000
-0.007452108454857231, 0.15867324862756135, 0.4995661065281928, 128793000000
-0.11667796617389069, -0.056420375458337925, 0.4997150222994466, 128798000000
-0.007905409704171187, 0.16110964637234576, 0.5000369488539839, 128803000000
-0.09485670714666011, 0.01578313975269823, 0.49970416931801886, 128808000000
-0.053234724690045566, 0.0636244744910332, 0.4997812031877036, 128813000000
-0.008005625286511173, 0.1789615951533462, 0.4996462307812358, 128818000000
-0.16282084234121671, 0.004346390441970466, 0.4996232495961509, 128823000000
-0.06596934590827873, 0.05684650144389308, 0.4998177095441916, 128828000000
-0.04784398415375137, 0.08144065528303922, 0.49938276101757195, 128833000000
-0.03981626183121863, 0.06065032309201566, 0.4996929309933796, 128838000000
-0.010561977652436936, 0.1980239807456177, 0.499778329703585, 128843000000
-0.10866172409362611, -0.02076880802720247, 0.499556192210012, 128848000000
-0.06684483298710818, 0.10408040980052134, 0.499767719607002, 128853000000
-0.03646319009603535, 0.08665628316893989, 0.49997453060937874, 128859000000
-0.08161264939359347, 0.06919161273484535, 0.49990525061872415, 128864000000
-0.001261198704067711, 0.1690609407590757, 0.49938094343545847, 128869000000
-0.14110260302656008, -0.015112572436093482, 0.4995705728596963, 128874000000
-0.035999959999921685, 0.10570414831840233, 0.4999605689687554, 128879000000
-0.024721792377575047, 0.19698472822901675, 0.49976600533017224, 128884000000
-0.11294623044355308, -0.018939608342809482, 0.4999424741911431, 128889000000
-0.029784473837104454, 0.13742703825407343, 0.5000038413640582, 128894000000
-0.11143326569780915, -0.0016182914264119518, 0.4995267685510259, 128899000000
-0.05141352430965089, 0.08911391376641732, 0.4995327415026614, 128904000000
-0.009912302141048537, 0.16870505857842175, 0.4998749849784266, 128909000000
-0.09246016186050164, -0.0167651496363457, 0.49950690297749833, 128914000000
-0.04867795338972284, 0.09802388586404422, 0.499911159519826, 128919000000
-0.06244290753866869, 0.07916145073093586, 0.4996927826426646, 128924000000
-0.057419736287593774, 0.03776232096898879, 0.49981775022661007, 128929000000
-0.0005269577214298189, 0.19134206085702982, 0.4997766590763722, 128934000000
-0.10735679791986752, -0.01520709357230112, 0.4994287487728077, 128939000000
-0.08847700547988036, 0.07977577032690819, 0.5000042830638746, 128944000000
-0.04486943569654421, 0.150434064610911, 0.49975653617692783, 128949000000
-0.07879925940239799, 0.005788568260454572, 0.4997268679132649, 128954000000
-0.06240383914122039, 0.06402621650069604, 0.49936321813039886, 128959000000
-0.035562805111014964, 0.1683163504109871, 0.49975649130350563, 128964000000
-0.09481814345273867, 0.007496087024630796, 0.49952634154908643, 128969000000
-0.04223372258683952, 0.09282158279535126, 0.49984529862586735, 128974000000
-0.02981134913647128, 0.1535096112147357, 0.4997119592275278, 128979000000
-0.08562999822629386, -0.01512747430248767, 0.49968830206397036, 128984000000
-0.033837718741406494, 0.07347798760963982, 0.5000265588819727, 128989000000
0.008630677289292754, 0.17659974239195977, 0.49956632540286183, 128994000000
-0.1328513543490342, -0.049247067716351164, 0.4998139732401422, 128999000000
-0.043814285430339085, 0.08680725192558851, 0.49981402850663886, 129004000000
0.036323069787020754, 0.1635401503787834, 0.49928382306043706, 129009000000
-0.09780923560367996, -0.035518710230554223, 0.4995598389955697, 129014000000
-0.06703272988294577, 0.09559659418720688, 0.49988023345998056, 129019000000
-0.017863556073113185, 0.16251182340012116, 0.49914909361376525, 129025000000
-0.10337508356146502, -0.023892217640160557, 0.49930581136704877, 129030000000
-0.06914671985379088, 0.054021662424427824, 0.5001655290213406, 129035000000
0.0056754276878612725, 0.17008588966720029, 0.49916605732322417, 129040000000
-0.10962251460793879, -0.027046458612404924, 0.49991926013194343, 129045000000
-0.05288211872828437, 0.08431811744135678, 0.49965503027975233, 129050000000
-0.008294739918604336, 0.17014006116154065, 0.49962800665066487, 129055000000
-0.10626726730167148, -0.004897934541013508, 0.4998862503106998, 129060000000
-0.009040623140144984, 0.18212223223485527, 0.4994239354492782, 129065000000
-0.1052369650705395, 0.004074233799116669, 0.49940633212423924, 129070000000
-0.03591236655401041, 0.07378352396386681, 0.4995119246748772, 129075000000
-0.004561429258101237, 0.18300834498083407, 0.49973471154969046, 129080000000
-0.11786444641904523, -0.03407283220594363, 0.49976265886551335, 129085000000
-0.054417492959636576, 0.09272755038856449, 0.4995869857138888, 129090000000
-0.022743859809572307, 0.06180431111166648, 0.49969551616164115, 129095000000
-0.025335566555012956, 0.053998627651749655, 0.4999222923384784, 129100000000
-0.03147738893319936, 0.18692032183973006, 0.4995270758173733, 129105000000
-0.09838195516723196, -0.017622352082224423, 0.499708494395122, 129110000000
-0.045620904533750756, 0.07736767939730438, 0.49996383735309147, 129115000000
0.020774246472740992, 0.15285028945341786, 0.4995351843430983, 129120000000
-0.12646449872941407, -0.006949536077227068, 0.4997290824700366, 129125000000
-0.036897174971150457, 0.16761265638519532, 0.4994502952763557, 129130000000
-0.08839901412234574, -0.00711182852305587, 0.4994967605130598, 129135000000
-0.05487170833912541, 0.06303995329227743, 0.49987036746455826, 129140000000
-0.007358407961696829, 0.15434482678892114, 0.4995065007174688, 129145000000
-0.10831141490557515, -0.02402940245462072, 0.49974999673850684, 129150000000
-0.03886147663910866, 0.08780643373668699, 0.5000643073931457, 129155000000
-0.0581773548797156, 0.10500440826199406, 0.49944071796048556, 129160000000
-0.07287016921056294, 0.06832662313711729, 0.49949480015647585, 129165000000
0.01775713799840919, 0.16885329135680574, 0.4998275551244209, 129170000000
-0.1617756879369025, -0.003864991675312471, 0.4994471565621548, 129175000000
-0.040298534174493174, 0.09109967346239713, 0.49927566468152157, 129180000000
0.020361807346703446, 0.18573187235570954, 0.4996535740606276, 129185000000
-0.1049235124302823, 0.019837070130585607, 0.4997400831223643, 129190000000
0.0027259771815033307, 0.1654207171738021, 0.49964943899417014, 129195000000
-0.06679000587253431, -0.008584764732457112, 0.49967968582538463, 129200000000
-0.07275031725182572, 0.11212142568613895, 0.4994708209065444, 129205000000
0.003946660379033329, 0.16115740992559166, 0.4998638542612128, 129210000000
-0.0925304195675054, -0.016018571962650788, 0.49999208876573575, 129215000000
-0.0519703513422954, 0.060232482617628674, 0.49966190439037855, 129220000000
-0.04467175109734904, 0.06415702371330652, 0.49948025324157214, 129225000000
-0.10075749221150579, 0.05041494422445916, 0.49951903838808315, 129230000000
0.007678761957548427, 0.169116467453631, 0.4999261073084992, 129235000000
-0.10275901462352272, -0.020956324974648582, 0.49960123064877404, 129240000000
-0.06756005348321087, 0.08655797408130615, 0.4994229855399548, 129245000000
-0.00830784337141333, 0.1662591809248528, 0.49971937797302485, 129250000000
-0.12170458680893549, -0.011383997143418572, 0.4997315988862782, 129255000000
-0.06450787600131756, 0.06859901763424579, 0.49993037581492156, 129260000000
-0.012800149649187749, 0.18618927699506443, 0.4998716134320652, 129265000000
-0.12182200985599001, -0.03189573423916952, 0.5001574477215514, 129270000000
-0.10888511788145802, 0.06578314264470429, 0.4999144698820421, 129275000000
0.02082829367602757, 0.125998237913266, 0.4996430489505237, 129280000000
-0.09078352262318551, -0.03462511706353298, 0.4994886564091222, 129285000000
0.0020871211379332785, 0.1417685028236558, 0.4999322585859092, 129290000000
-0.09393315909063084, 0.00849327558893649, 0.4995606657855007, 129295000000
-0.05196114785774955, 0.034990644215995764, 0.4996348404997826, 129300000000
-0.07032847915855, 0.08184536850647661, 0.5000571982453939, 129305000000
-0.040959388301124805, 0.08221681946292099, 0.49973648942899623, 129310000000
-0.060011074182004576, 0.07625659987925161, 0.4992768605222404, 129315000000
-0.031186943149838418, 0.06143891592517148, 0.49996016455787723, 129320000000
-0.0502203739957472, 0.0891948754231059, 0.4997236070135131, 129325000000
-0.05424793474791188, 0.08184141267822018, 0.4998593572104365, 129330000000
-0.02125267055287575, 0.1309009131652044, 0.4997488361273821, 129335000000
-0.09655780860430885, -0.02863023019302614, 0.4997194849047359, 129340000000
-0.07259773819745372, 0.10150577165119629, 0.4998214607960207, 129345000000
-0.0006717782086194183, 0.16255018824526102, 0.4998258290728412, 129350000000
-0.10446742547885056, 0.001388092512067396, 0.4997108973038282, 129355000000
0.004571389111630903, 0.1413453260123716, 0.4999336956928782, 129360000000
-0.10634100393825811, -0.004832519362600639, 0.49946583702615976, 129365000000
-0.051121014287529735, 0.07101803008616023, 0.4996539114435777, 129370000000
0.025408893803249073, 0.18506104873532814, 0.4996310001905542, 129375000000
-0.0873252211124503, -0.06280718800502523, 0.49960707029496576, 129380000000
-0.05866636107954622, 0.08505511499809298, 0.499717926627024, 129385000000
-0.07172855481877669, 0.06258757513239943, 0.4994996640411041, 129390000000
-0.04841287582100328, 0.05963947430033388, 0.4994489271952971, 129395000000
0.017172279327030898, 0.14889549366320395, 0.4995815160283077, 129400000000
-0.1100567602770375, -0.04586450043631288, 0.499565880232451, 129405000000
-0.05999218219203906, 0.07135452374915191, 0.49973477222921403, 129410000000
0.0076434192365099785, 0.17734677466534832, 0.4996924383964809, 129415000000
-0.11652870582048636, -0.056715585312675995, 0.49935564116445147, 129420000000
0.0035737388040109203, 0.18643124475248748, 0.4995133517613441, 129425000000
-0.09685479334537657, -0.04413026715700295, 0.4995148849526671, 129430000000
-0.06656865159163695, 0.0695529889580378, 0.4998567245884237, 129435000000
0.034400355461633066, 0.16225610486081177, 0.4996928609446028, 129440000000
-0.08729789474131369, -0.014189947495222587, 0.499982586938092, 129445000000
-0.07721906019041233, 0.10179518530585836, 0.49956109585606495, 129450000000
-0.024846963622137144, 0.044561003289354334, 0.4996334347755661, 129455000000
-0.08326906050381483, 0.08795315250252919, 0.49950986902177485, 129460000000
0.029871837989139165, 0.1838257506187652, 0.49970026721046373, 129465000000
-0.11001352870115633, -0.02936175830130584, 0.4994336101977847, 129470000000
-0.056458950444929636, 0.1250359953834866, 0.500051672847753, 129475000000
0.0055446732262908575, 0.17059604253726604, 0.49987345335312783, 129480000000
-0.08797133834643474, -0.00752224264899635, 0.49964830646768466, 129485000000
-0.060107713419877126, 0.03333156526660406, 0.49970644341462, 129490000000
-0.02141266170778184, 0.1661395237904247, 0.4996445824896975, 129495000000
-0.11947853945196214, -0.0185229552421521, 0.49959184657076094, 129500000000
-0.09523452039826168, 0.06673363907950186, 0.4997164288350504, 129505000000
0.032674820362158276, 0.19097108705823793, 0.49998635307822403, 129510000000
-0.09218673333399273, -0.03291182403659764, 0.49952922538450373, 129515000000
-0.06737529925094057, 0.06457634578556704, 0.4999464802852827, 129520000000
-0.0013846864652734313, 0.17624422160776831, 0.4997728502080146, 129525000000
-0.054169454002863236, -0.06021713990956141, 0.499648288464444, 129530000000
-0.02780314501524357, 0.0712194963463244, 0.4996662195692636, 129535000000
0.011885500412468301, 0.11995619762928314, 0.49962270139511233, 129540000000
-0.10561146255879199, -0.02834682342824011, 0.4999635407624532, 129545000000
-0.0567308081434571, 0.0633493683299585, 0.4995247919721829, 129550000000
0.007582509287765982, 0.18881593648877307, 0.5000320302945842, 129555000000
-0.11335115499629761, -0.03164232116854155, 0.5000232871351163, 129560000000
-0.014351404127350649, 0.13711190936786138, 0.5001520270826316, 129565000000
-0.1379082200910443, -0.08085388966922893, 0.5000926697866466, 129570000000
-0.0923488933100596, 0.07259132876775826, 0.49982449940965495, 129575000000
0.012483376287515061, 0.16796243824448687, 0.4995365944418727, 129580000000
-0.10727191617966668, -0.004304880873628507, 0.4994453790379213, 129585000000
-0.06729623583346239, 0.07522078768925325, 0.49986432102994505, 129590000000
-0.03827674719075516, 0.04655133635161708, 0.49956671425957094, 129595000000
-0.09281565659259416, 0.05547525092369736, 0.4994711533629537, 129600000000
0.030745720883559948, 0.22189657255579318, 0.49946841684615645, 129605000000
-0.1327168622971157, -0.033436655773608805, 0.49955615854955515, 129610000000
-0.04092021452743629, 0.07161716494055914, 0.49956170176689024, 129615000000
0.017379051896783293, 0.15888301639981797, 0.4992544448608532, 129620000000
-0.12227155841606498, -0.005589294977882377, 0.499605757544291, 129625000000
-0.018732890270213725, 0.14411164009329208, 0.4997098787410418, 129630000000
-0.08347286711387225, -0.025369009780164042, 0.4994681952200612, 129635000000
-0.06181860496898222, 0.08822735200954285, 0.4996661857408683, 129640000000
0.012579044053031127, 0.16062860560890332, 0.49979792809715773, 129645000000
-0.13432894965448158, -0.08896284954375061, 0.4996617885150418, 129650000000
-0.04122101461634382, 0.06906950816894951, 0.4997817957963595, 129655000000
-0.044447698144253624, 0.09473055512430903, 0.49955195419948933, 129660000000
-0.03680146682133927, 0.05613816978946523, 0.4996520310102505, 129665000000
0.01158047263249991, 0.18353003670054294, 0.4998474394627331, 129670000000
-0.09443356692239496, 0.023025897015632353, 0.499569138384058, 129675000000
-0.06233911148119576, 0.09586186208500527, 0.4996091372574234, 129680000000
-0.011584075316346459, 0.1753261580000668, 0.4993340828183085, 129685000000
-0.12042929022383864, -0.03442284074482756, 0.4995641965889442, 129690000000
-0.07945052875872621, 0.06134563582120966, 0.49967269497288813, 129695000000
0.027742139481340116, 0.1947129344715637, 0.4996503922438072, 129700000000
-0.09424663895508635, 0.00406954191347569, 0.49948409931977966, 129705000000
-0.07556252505454844, 0.08704202788218632, 0.4995886652802012, 129710000000
-0.0031507764531319036, 0.1733379560286453, 0.4994882095317603, 129715000000
-0.14657506959188174, -0.0551032773399332, 0.4995690946262205, 129720000000
-0.07540908411896663, 0.06825449297884635, 0.4999166607038859, 129725000000
-0.0033337780273309378, 0.16165670246642952, 0.49939478987977565, 129730000000
-0.11668622645194736, 0.0008545582308928483, 0.49984893044645, 129735000000
-0.0309166415951605, 0.0740637977069125, 0.499660956266729, 129740000000
0.019812174138161723, 0.16331636794257026, 0.49970593565249516, 129745000000
-0.12507544377677562, 0.010477658117916108, 0.49963975277673345, 129750000000
-0.03784633964055545, 0.06372432202813444, 0.4998672647552208, 129755000000
-0.034671979998580835, 0.07038498426505799, 0.49961754022856747, 129760000000
-0.07909362934850296, 0.038139665583081565, 0.49908918990137685, 129765000000
-0.018955302771833556, 0.14435085069664833, 0.4999749531241257, 129770000000
-0.1104521676290347, -0.026118582361718365, 0.4999679011334669, 129775000000
-0.042527466259611735, 0.11729664184840474, 0.4995615918935324, 129780000000
-0.01552226051699752, 0.18093223262067207, 0.49923006623899685, 129785000000
-0.10106526876849709, -0.03609722550619791, 0.5000262018294321, 129790000000
-0.07834365300119131, 0.07465013943055974, 0.49932036916421535, 129795000000
-0.03748344059014868, 0.07068260615289994, 0.4993775831214496, 129800000000
-0.06836492126847014, 0.06324028907910544, 0.4998468774863162, 129805000000
0.015814386935598616, 0.1736360898692411, 0.49952724295875545, 129810000000
-0.10715087306436155, -0.039866309693081185, 0.4998117388865506, 129815000000
-0.056169201502983636, 0.08861128785670709, 0.5001571460635975, 129820000000
0.016846662226035706, 0.15911951445656614, 0.4998445565346083, 129825000000
-0.10552628283240507, -0.037302108310073266, 0.4994846100511814, 129830000000
-0.02636953849074153, 0.16819039086079346, 0.4999490430048603, 129835000000
-0.11046941650464737, -0.014822303940210835, 0.49932639864500855, 129840000000
-0.04423444276158306, 0.06251549661385039, 0.4996561774400967, 129845000000
0.03790247639816396, 0.16391066407893085, 0.4995153346578491, 129850000000
-0.11526258796667274, -0.032280138012004085, 0.4998729235845374, 129855000000
-0.082990346026395, 0.0815540196047411, 0.4996692624832758, 129860000000
0.009622954159818203, 0.16788754806214692, 0.49989566577890165, 129865000000
-0.10873111358146333, 0.013136034763193239, 0.49953733933013994, 129870000000
-0.0888715611310087, 0.06043840904036718, 0.4996262078860555, 129875000000
0.002832824488364424, 0.1527311255391338, 0.49929607787058616, 129880000000
-0.10640609779364789, -0.046156660224237624, 0.4994371945621236, 129885000000
-0.050189010128159864, 0.09217205271315053, 0.5000503143684332, 129890000000
0.03211662953828245, 0.18799456584559202, 0.499675342459828, 129895000000
-0.09260495267950196, 0.01026313467644745, 0.49955938362635044, 129900000000
-0.025143240211690267, 0.1337746698589266, 0.5000582533198161, 129905000000
-0.10325976417745872, 0.0003419337869320794, 0.4994897105207859, 129910000000
-0.07442545253565883, 0.08843773323570905, 0.5000121961129287, 129915000000
-0.03396328616665046, 0.04840614613845992, 0.49948138256090596, 129920000000
0.027788852026500242, 0.20300635161376254, 0.49926674408628824, 129925000000
-0.10034519405033313, -0.027753574646989673, 0.4996037970997875, 129930000000
-0.06163258512977448, 0.07143042268339742, 0.49961525316987554, 129935000000
-0.04272603858127605, 0.06750658074247558, 0.49949592564704015, 129940000000
-0.07874677848781375, 0.06257830715992171, 0.5000021387648174, 129945000000
0.0112851654358497, 0.18520872792713666, 0.4995466379797603, 129950000000
-0.12575330499120932, -0.02420096290053157, 0.49951106162881026, 129955000000
-0.06071179985788604, 0.07244944300174493, 0.500062645487404, 129960000000
0.006737547177896567, 0.16381046806543617, 0.4993999090541383, 129965000000
-0.12588045194493186, -0.052312925169194446, 0.5000391846427064, 129970000000
-0.0075139966597648645, 0.16157542993906662, 0.4998114580681916, 129975000000
-0.10888440757282052, 0.0013804788003405257, 0.4996655802619749, 129980000000
-0.052185356615370715, 0.08745545415089806, 0.49998973477192465, 129985000000
-0.016923079264750767, 0.17816935410470622, 0.49979488318615706, 129990000000
-0.11693396182314444, -0.017285017665373256, 0.49982427171599847, 129995000000
-0.05321889965829108, 0.0688427877258547, 0.4999021444416179, 130000000000
-0.06705934425155755, 0.10246660861298024, 0.4991272087294241, 130005000000
-0.08961359214133743, 0.08445889135021623, 0.49926401200328263, 130010000000
-0.007903034730696076, 0.14821938425835474, 0.4994408374513743, 130015000000
-0.10840069569193056, -0.025819816098467122, 0.49939844701840297, 130020000000
-0.04612795655528838, 0.08695420410011498, 0.49976380190789926, 130025000000
-0.039143904850728176, 0.07361645177506938, 0.4999261078593461, 130030000000
-0.03907155397887733, 0.07032664773114262, 0.4995471912280197, 130035000000
0.008968916574585125, 0.18050854605152147, 0.49935046321824955, 130040000000
-0.12636740374373462, -0.03805088257709844, 0.49976327073688637, 130045000000
-0.06968032454025154, 0.09759160299068419, 0.49942446711100785, 130050000000
-0.0037382293130604973, 0.162904718544552, 0.4996565562422242, 130055000000
-0.1258687198995806, -0.02095509170942696, 0.49949059904229803, 130060000000
-0.029987018683717767, 0.06999451703768617, 0.49970132913712706, 130065000000
-0.07901388068171922, 0.08232695212611564, 0.49985023808810225, 130070000000
-0.06849104136090073, 0.1071222375029617, 0.4997397277274328, 130075000000
-0.03151226946562406, 0.15754068723502312, 0.4995410579481295, 130080000000
-0.11647601072876577, -0.03942404439385702, 0.4997086476521488, 130085000000
-0.06956294681037033, 0.08936863213044366, 0.4994986588776337, 130090000000
-0.004684164174438803, 0.1836058227160731, 0.4993985737037611, 130095000000
-0.11529904191004098, -0.0005295815446677288, 0.49930468393290095, 130100000000
-0.013125111253316335, 0.07073109228866059, 0.49996937604308905, 130105000000
-0.049020318076475396, 0.17705093162286298, 0.4994434305861161, 130110000000
-0.1326941021878191, -0.04446508961312903, 0.4994198929664442, 130115000000
-0.04293841079444347, 0.0769682976148409, 0.49997115617902427, 130120000000
0.027252778176991208, 0.1663158102684878, 0.49968202523403527, 130125000000
-0.10756467305195985, -5.485216891167738e-05, 0.4996164630832721, 130130000000
-0.03137067938874878, 0.06610199427775332, 0.4995766296315823, 130135000000
-0.02434540657696469, 0.16949802647537554, 0.4992577691719785, 130140000000
-0.12303905205263274, -0.03208481775191684, 0.49978679169485074, 130145000000
-0.09124116352326109, 0.06130762103400805, 0.4997387340949766, 130150000000
0.0040038967773175695, 0.17263834724778387, 0.49965505484443645, 130155000000
-0.10424867410344539, -0.039503459418572105, 0.49968877460752203, 130160000000
-0.05781527555909031, 0.08175996566449296, 0.4998307850062297, 130165000000
-0.020239113973096082, 0.1477857373028164, 0.4995987114773146, 130170000000
-0.10638660171175737, -0.024096471157598786, 0.4997975612455604, 130175000000
-0.020308914320089244, 0.1421404908421139, 0.4999117457472996, 130180000000
-0.11155870844285613, -0.017146034517422908, 0.4994824832887025, 130185000000
-0.08019408944431042, 0.0664141971479432, 0.4997188456603301, 130190000000
-0.005195115405511179, 0.16522883588129297, 0.5000693598823012, 130195000000
-0.09983389501604512, -0.04822329280970643, 0.4995576275418799, 130200000000
-0.049945515781678176, 0.09452254978413237, 0.49987455833776534, 130205000000
-0.05276399104496842, 0.0456452812257495, 0.4993281514770676, 130210000000
-0.040688998738675375, 0.06727552755277887, 0.49979343616852906, 130215000000
0.01745275322057306, 0.19023193070668112, 0.499334441586986, 130220000000
-0.1023800919941967, -0.016505320590154755, 0.49986182346241576, 130225000000
-0.06409478728184621, 0.10632338325178237, 0.4996511573183008, 130230000000
0.017410512174042797, 0.1631973638677685, 0.49960878425579375, 130235000000
-0.12601299438504318, -0.01940063270252464, 0.4999324604047664, 130240000000
-0.015361162102633066, 0.18310722186268436, 0.5000766338733046, 130245000000
-0.0977688751501179, -0.0134760281572095, 0.4998573699469771, 130250000000
-0.07619094632589715, 0.07868736408024164, 0.49988065503175494, 130255000000
-0.0010611955184773737, 0.16283507337509406, 0.4996254578315263, 130260000000
-0.09198146235176514, -0.006116078279651047, 0.49973724184613877, 130265000000
-0.04311961794830211, 0.07706831963791458, 0.4997749320603035, 130270000000
-0.003824307557968542, 0.1644370673911367, 0.4994216919455374, 130275000000
-0.09206922609778626, -0.0222832588782756, 0.4995807372911293, 130280000000
-0.05188593159234875, 0.07795386696463741, 0.49977314146287677, 130285000000
0.005455266757442976, 0.16970922515626682, 0.49973241662449663, 130290000000
-0.07510637068178662, -0.013238383487794946, 0.5001020052151834, 130296000000
-0.0467125164288129, 0.06457983722851494, 0.49964054387508655, 130301000000
-0.058986883167824015, 0.0723211477499211, 0.4996929603471129, 130306000000
-0.05502649797291295, 0.08663791253779438, 0.49933055670601195, 130311000000
-0.0023853273339489943, 0.1994106301742164, 0.499992385388348, 130316000000
-0.09666991392989764, 0.011465498631744578, 0.4994216873346493, 130321000000
-0.05014805755162543, 0.08462417721951315, 0.49999706041447034, 130326000000
-0.00087027886127518, 0.15726792701708053, 0.4999165971149682, 130331000000
-0.10790645751415227, -0.006986757111836398, 0.49946423155268677, 130336000000
-0.07132967196999768, 0.06865149364575968, 0.49964032577873896, 130341000000
0.0039962445800043305, 0.12827852778328674, 0.49987889367366767, 130346000000
-0.11164996821842436, -0.02781350004224612, 0.4994950167400388, 130351000000
-0.07462755185201944, 0.0945297905184487, 0.5000491316777473, 130356000000
0.00674890743626482, 0.19070285406564683, 0.49974157552804455, 130361000000
-0.09819858399315112, -0.019536951241986362, 0.49997258904023467, 130366000000
-0.05382857870059442, 0.07110180716408304, 0.4997716971465057, 130371000000
-0.04784158885626098, 0.07870084209521624, 0.4992738207823262, 130376000000
-0.061523034537571214, 0.05907077195332984, 0.4996647449040057, 130381000000
-0.050163774189816664, 0.12851965898536918, 0.4996871887087743, 130386000000
-0.12281914740763816, -0.03200333900806526, 0.49942273214278066, 130391000000
-0.038628129465461035, 0.07775408735321829, 0.499814246021782, 130396000000
0.007979110356648597, 0.1582805591966971, 0.4997091088761477, 130401000000
-0.13156398214935663, -0.022131309094724057, 0.49948891575598636, 130406000000
-0.0005464976129410919, 0.14305638917412802, 0.49975013724045425, 130411000000
-0.14760758265498364, -0.02942591508042911, 0.49956574373867557, 130416000000
-0.07881762188202407, 0.07085694539219832, 0.4999175426301924, 130421000000
0.0024116517196128237, 0.14522656980628507, 0.49961957484529124, 130426000000
-0.11523166011859862, 0.0016099719806755147, 0.499821119524936, 130431000000
-0.034130630831836206, 0.0897280917435378, 0.49961440872985124, 130436000000
-0.022211262596459273, 0.07329097363471236, 0.49961633675100864, 130441000000
-0.06441259763358508, 0.07993233571094006, 0.49979705683474734, 130446000000
0.01806902877185655, 0.14712975582627164, 0.4994446417023589, 130451000000
-0.11524553068766989, -0.007288862026418132, 0.4994183227630397, 130456000000
-0.07821692451975676, 0.05962797713437482, 0.49954074314577135, 130461000000
-0.019377780592353813, 0.173116090331922, 0.49971781983765057, 130466000000
-0.1090366153789138, -0.04511489484218317, 0.49948523739085066, 130471000000
-0.030913432258204636, 0.14863367357262433, 0.4993107340241706, 130476000000
-0.08374275651656089, -0.003355860005123933, 0.499675709334637, 130481000000
-0.047297148603526545, 0.10744988680544934, 0.49988093605050465, 130486000000
-0.0063406457991924325, 0.17211941539829217, 0.4996319078433151, 130491000000
-0.10050387162517745, -0.0362778681672511, 0.49967669727174785, 130496000000
-0.0540879930293446, 0.08366796345130506, 0.49975674435349904, 130501000000
-0.013506379731388357, 0.13269512683729445, 0.4992352611335822, 130506000000
-0.10649742804079984, -0.04749295901523582, 0.499533690403691, 130511000000
-0.04572731014460788, 0.06249371478435127, 0.5001134763772125, 130516000000
-0.053118497134710826, 0.09553849606965342, 0.49969893914340224, 130521000000
-0.06119698053419851, 0.041827285048821064, 0.4998048065998281, 130526000000
0.01506775808170796, 0.1685860469846601, 0.4995080319964825, 130531000000
-0.11292134866905806, -0.04336108914454177, 0.4998330613437129, 130536000000
-0.05549525616809705, 0.05220655838274421, 0.4994700699480762, 130541000000
0.04239441651303651, 0.19823088033592673, 0.4995993399425485, 130546000000
-0.09908926213104469, -0.020094150324817504, 0.4996718224029279, 130551000000
-0.07243026886588345, 0.06083347479169352, 0.4998813664465349, 130556000000
0.020943542369683536, 0.17073520511546975, 0.49943301004231916, 130561000000
-0.10901957388688505, -0.023023820308995822, 0.4997090186193842, 130566000000
-0.07141179045157643, 0.07820781925154205, 0.4995792358381333, 130571000000
0.011158696564081404, 0.15884205075151897, 0.4991791166573569, 130576000000
-0.12668011693158798, -0.04285207741320717, 0.4997382027765942, 130581000000
-0.066519595879901, 0.04148636000321613, 0.49961477730650045, 130586000000
-0.014514974452749916, 0.15157132680427546, 0.49971853448067716, 130591000000
-0.10874764740207042, -0.02382061820531063, 0.4998361188976299, 130596000000
-0.05684470114065139, 0.07328189879134638, 0.500208908616338, 130601000000
-0.026583073257365378, 0.10417881391740996, 0.4992958830082621, 130606000000
-0.06200354244800534, 0.06712046512889465, 0.49992750572697525, 130611000000
0.013631219732054512, 0.16403451571411215, 0.4992289777122451, 130616000000
-0.09792455789475726, -0.026536570151498125, 0.49961018067717644, 130621000000
-0.07520035655861443, 0.07828934917666724, 0.49982667684305865, 130626000000
-0.036484259584901695, 0.1604655147622298, 0.4990679415844363, 130631000000
-0.12111938779988432, -0.029777239268349104, 0.4996339290768279, 130636000000
0.03516905225012316, 0.18636400763919803, 0.499977987441366, 130641000000
-0.1087774037685626, -0.03009225810133443, 0.4996395150509287, 130646000000
-0.05683673180965864, 0.0625580807876066, 0.5000535311915368, 130651000000
0.007962712615680883, 0.17362025524011768, 0.49934299594347653, 130656000000
-0.11667631043587193, -0.032193788591387204, 0.4994669134161798, 130661000000
-0.030220116210252078, 0.08765130687310421, 0.4995673282192618, 130666000000
-0.04418531461925184, 0.07098304479341884, 0.499968881451275, 130671000000
-0.06388083806290266, 0.03885218021020433, 0.4995679221707836, 130676000000
-0.008229208505479993, 0.17254839770455527, 0.499554829734628, 130681000000
-0.13287285799457474, -0.03763000516816444, 0.499617866772545, 130686000000
-0.04996800022715358, 0.08896636437219767, 0.49971311441842303, 130691000000
-0.008866832623167452, 0.14840357055942408, 0.4990863606120069, 130696000000
-0.09468052524874115, -0.010597273668111981, 0.49986545751849276, 130701000000
-0.015936080820862106, 0.16690581507537236, 0.4996587744759821, 130706000000
-0.11269438918704683, 0.002446715957537246, 0.49926252680689387, 130711000000
-0.045797505263996924, 0.060757893490512686, 0.4996309600203194, 130716000000
-0.04314964023004972, 0.08081936678324328, 0.4998750031389615, 130721000000
-0.08021870126413899, 0.08192453663028748, 0.499440484539008, 130726000000
-0.05473441648620312, 0.029920855620895706, 0.49974075210758245, 130731000000
-0.05636911256973412, 0.1081208251977982, 0.499766966183636, 130736000000
-0.05892213065941767, 0.11005173218519085, 0.49947483561508854, 130741000000
-0.09594431363492548, 0.08932652942386596, 0.4997248561311612, 130746000000
-2.9683654697957055e-05, 0.16378735957870882, 0.49964492923607406, 130751000000
-0.1078449401041884, -0.01614858194365648, 0.4994703655852527, 130756000000
-0.03595223893359972, 0.06763877875243174, 0.4998764345432898, 130761000000
-0.022257198541656774, 0.1485675410536639, 0.4998916261904833, 130766000000
-0.10705849321307603, -0.022796807031297456, 0.49974461866204817, 130771000000
-0.03159176623936162, 0.09673928145204058, 0.4997836672693567, 130776000000
-0.02571306964739444, 0.15557261759486704, 0.4998323511960003, 130781000000
-0.12748761747106957, -0.0005686335591025826, 0.49972383136948273, 130786000000
-0.07069267225634028, 0.08117962272110876, 0.4994152541588106, 130792000000
-0.014733327887494724, 0.1482165210609821, 0.49984981282045365, 130797000000
-0.12860063398135993, -0.03708983417939443, 0.49940327459722184, 130802000000
-0.02289820488697899, 0.155889335696221, 0.5000193200366209, 130807000000
-0.08111608580304921, -0.045694234442671, 0.4994845909458177, 130812000000
-0.06918310510012175, 0.07952864641025394, 0.4993666142502465, 130817000000
0.01080218989816403, 0.17472680506338484, 0.49962402878303136, 130822000000
-0.08152678564257826, -0.027537445897463497, 0.49970254387457674, 130827000000
-0.035668264582242135, 0.1537849547486814, 0.4997049242096638, 130832000000
-0.1328723259151632, -0.0012760761944988833, 0.49951959026383175, 130837000000
-0.07832463218338104, 0.05033402045238749, 0.4992783364391784, 130842000000
-0.003344876924716484, 0.17452932957847742, 0.5000261202673552, 130847000000
-0.10771641333145705, -0.01465543103705778, 0.49963997777883057, 130852000000
-0.05027246379846987, 0.06434645870388983, 0.49970662722171144, 130857000000
0.01388124257476154, 0.14751504515395866, 0.49911230600141476, 130862000000
-0.08400463584212846, -0.03514341255673126, 0.49959036438483917, 130867000000
-0.004979029405039913, 0.16149928806390587, 0.4999035754423613, 130872000000
-0.1201490348494355, -0.007634674053705159, 0.4997360269345418, 130877000000
-0.06478704065574709, 0.09573688102050895, 0.4996778847059883, 130882000000
0.00022627271441822913, 0.1813218979395445, 0.4996292266448683, 130887000000
-0.11795270034997611, -0.04627374781699941, 0.499374571907817, 130892000000
-0.05723786054939184, 0.07467041633791263, 0.4995868590963603, 130897000000
-0.04355978084674954, 0.07640870187017561, 0.49968903654884644, 130902000000
-0.04532695562461246, 0.05065731172898377, 0.4995585861386136, 130907000000
-0.03291217613531106, 0.16897327290067946, 0.4995537685554071, 130912000000
-0.12357766910418205, 0.03874872370815734, 0.49986728586855506, 130917000000
-0.03555051334003302, 0.060608774733109244, 0.4997796218936443, 130922000000
-0.031882760122622554, 0.14788919068523396, 0.4997398427007648, 130927000000
-0.11447617647814916, -0.03245432341934968, 0.4993274319442485, 130932000000
-0.05613598085933712, 0.04767866580302038, 0.4995718501978013, 130937000000
-0.019464001341009268, 0.14920429739951988, 0.4998163356081691, 130942000000
-0.10692976937080662, -0.007260498798918187, 0.49984662634738847, 130947000000
-0.06668090960741005, 0.06979009498495857, 0.4996316328642897, 130952000000
0.024965749556433547, 0.14001637091754016, 0.49915323985591137, 130957000000
-0.07736516421092757, -0.0458040399940616, 0.49948082778801517, 130962000000
-0.06458518223552982, 0.09091316869179321, 0.499490321281061, 130967000000
-0.0015575744819779822, 0.20256143416256156, 0.49951764738012416, 130972000000
-0.08382848119865534, 0.011666833268183456, 0.49953070240218495, 130977000000
-0.07276202536704668, 0.06672888221397809, 0.49976346959826706, 130982000000
0.003053827911820306, 0.1745503484155392, 0.4999643934744105, 130987000000
-0.11545166135270889, 0.011106590493950009, 0.4998863836724907, 130992000000
-0.044431359892287206, 0.07669510163637697, 0.4997661397926999, 130997000000
0.017092252606574213, 0.20124677203827052, 0.4997356576280506, 131002000000
-0.10487028412356396, -0.03902494422010055, 0.49946695872277613, 131007000000
-0.006478998232677809, 0.16435526740567746, 0.49998737494921724, 131012000000
-0.10840634435901973, -0.012523631853325477, 0.49954685846428304, 131017000000
-0.08066400223427918, 0.055950052083620735, 0.49955743566882854, 131022000000
0.004729175000419044, 0.14392060665047995, 0.49955779475667117, 131027000000
-0.08220449198429769, -0.006505547647935813, 0.49962181004070094, 131032000000
-0.055882674863105206, 0.10418249945913877, 0.4996781483085622, 131037000000
-0.047785914067926996, 0.06557058856246856, 0.49946553107171027, 131042000000
-0.05666208831317951, 0.09284259513511327, 0.4996194230303501, 131047000000
0.023990943697897373, 0.1725925972945345, 0.4994894040637046, 131052000000
-0.10446288092324896, -0.03182186465018311, 0.49967826056356907, 131058000000
-0.03572836865284698, 0.09799106632064923, 0.4997516109261302, 131063000000
-0.06326042123381313, 0.06233858944734036, 0.4993896323873951, 131068000000
-0.059116602800168914, 0.06159686233118663, 0.49945112287463506, 131073000000
0.04246575220877432, 0.14930593782317914, 0.4996103216791949, 131078000000
-0.09925796248968285, -0.01017442334005789, 0.4996139256129072, 131083000000
-0.08792265097441504, 0.08559940887016157, 0.5000813071517864, 131088000000
-0.011216461263179604, 0.14103924360982464, 0.4995126117357479, 131093000000
-0.12041778511759453, -0.005197737691034772, 0.49960425298227457, 131098000000
-0.0834289075125842, 0.04847146144896833, 0.4998608546121402, 131103000000
0.035015886597144295, 0.17560300041015423, 0.49971212277411076, 131108000000
-0.13112446226112134, -0.036698845443269325, 0.4991800992623649, 131113000000
-0.04889568932823894, 0.08487354380232684, 0.4994239358097371, 131118000000
0.0010770273136630863, 0.1558402889195861, 0.4997346697725643, 131123000000
-0.11861417796718003, -0.024716223494862383, 0.4995921234930974, 131128000000
-0.03628176145666506, 0.07621501056938373, 0.5000202053046305, 131133000000
0.014770117996918564, 0.1547712235075685, 0.49963023678568197, 131138000000
-0.12197178166696213, -0.008588233477236196, 0.5000229324592491, 131143000000
-0.051645406282040826, 0.05412426329294299, 0.4998865208179436, 131148000000
0.016904655145844112, 0.16360616037102557, 0.4995347629467739, 131153000000
-0.1123835033702966, -0.01899082357962166, 0.49954775550726566, 131158000000
-0.06780115445794196, 0.08763106589551597, 0.5000303748505275, 131163000000
0.009131202937588945, 0.19138971090458784, 0.499583950358377, 131168000000
-0.15129367000149468, 0.0003669164617996594, 0.4996813590228679, 131173000000
0.003883940068388169, 0.1363503777385557, 0.4998108280011359, 131178000000
-0.09675315094634049, -0.006956787851818483, 0.49975738306849316, 131183000000
-0.0439780121373227, 0.06737059328531116, 0.49954138973982753, 131188000000
0.018346336506025577, 0.1943348230962425, 0.4993866656272804, 131193000000
-0.06559638934264285, -0.040761353166875014, 0.49976693013369317, 131198000000
-0.015121454178492116, 0.10939485512854777, 0.4996732266690355, 131203000000
-0.08640608585903509, 0.06352975325422926, 0.4994132558031663, 131208000000
-0.04772358399842728, 0.06585751347259944, 0.4994824826008571, 131213000000
0.007854304880704816, 0.19006160054787938, 0.4995453681223866, 131218000000
-0.11220771946934797, 0.003039824114270069, 0.4998147773345304, 131223000000
-0.05172254172727419, 0.10265476682781681, 0.49949440516355587, 131228000000
0.013792642761372797, 0.14519698483829543, 0.49943799337032546, 131233000000
-0.13169789403515308, -0.016946283591388625, 0.49943079023865106, 131238000000
0.005942927052989971, 0.17712273279594298, 0.4997087001838252, 131243000000
-0.10497573680009795, 0.003080760706126666, 0.4996276928523296, 131248000000
-0.05988644991534159, 0.04927483357112078, 0.4995447475367025, 131253000000
0.019568873159029217, 0.152122636029517, 0.500096536884423, 131258000000
-0.10141653880649942, -0.02786610350188445, 0.49954837282743203, 131263000000
-0.03599382476743519, 0.08233449858100347, 0.4999119064955084, 131268000000
-0.06523581036896027, 0.052088072794220536, 0.49954159061495573, 131273000000
-0.07042766931675291, 0.018252154381279348, 0.499946420503408, 131278000000
-0.009367855394606935, 0.14538254032774273, 0.49967931895497814, 131283000000
-0.1154188661509192, -0.038827067970452, 0.49931644132093844, 131288000000
-0.09139846977297267, 0.04594159202834299, 0.4998756661062826, 131293000000
-0.03562388347045467, 0.08043978388286432, 0.4994046913565496, 131298000000
-0.08899590019337306, 0.06758450828775595, 0.5000257852711096, 131303000000
0.022896192536272057, 0.17891804803444072, 0.49966511762247845, 131308000000
-0.09034477740316356, -0.034556158537073625, 0.4994873946101104, 131313000000
-0.054106676111081574, 0.06474355667675305, 0.4997383098469337, 131318000000
-0.017884687349205987, 0.1563674709583045, 0.4994996295377832, 131323000000
-0.11439425905497203, -0.023056310707962966, 0.49978567083538494, 131328000000
-0.03587219894044155, 0.07596532802951726, 0.5000708168651709, 131333000000
0.005174878503814145, 0.15080195719638173, 0.4999993312368074, 131338000000
-0.09726142447451337, -0.019194733302914446, 0.49965824079655036, 131343000000
-0.046164330313744784, 0.0899917529047792, 0.49992762241291966, 131348000000
-0.019903218351081515, 0.2087938036198843, 0.49989437171548573, 131353000000
-0.10395953763837587, -0.0035761457441751965, 0.49987545050960497, 131358000000
-0.04110588676187066, 0.06728723716863817, 0.4998800970234746, 131363000000
0.003933708277808876, 0.16452865770068137, 0.4994331204150686, 131368000000
-0.13460248168006508, -0.02074573296082333, 0.49975165666806376, 131373000000
-0.046862934831698434, 0.08096327011464333, 0.4995332151675302, 131378000000
0.00211488970200756, 0.13866039710992845, 0.4992279135071664, 131383000000
-0.09938695512731593, -0.015310842279782962, 0.49945304924122735, 131388000000
-0.07414104460478411, 0.08745538514850192, 0.49987483124721077, 131393000000
0.018953731628113778, 0.14192446457587626, 0.49978146884708946, 131398000000
-0.10033029898661369, -0.07947430612916506, 0.49995293031641264, 131403000000
-0.05917291682119228, 0.10740777001927385, 0.49967467519338965, 131408000000
-0.01975720069580996, 0.19873537108404218, 0.4998060751697454, 131413000000
-0.09126869858528258, -0.028042121318389256, 0.49944062667157413, 131418000000
-0.018727611350322443, 0.07062704163490723, 0.4997569933867123, 131423000000
0.008341966917022051, 0.16135750950197722, 0.4996090471224775, 131428000000
-0.15454403179717505, -0.016775294475934614, 0.4992934700939358, 131433000000
-0.05113454390260079, 0.08506200382432957, 0.49959216938167494, 131438000000
0.021104301601345205, 0.15784656690111926, 0.49962675374997595, 131443000000
-0.09745950718924645, -0.003493425498529216, 0.4998109932478346, 131448000000
-0.025348391629592307, 0.17383342878173258, 0.4998139222237732, 131453000000
-0.08848235823097708, -0.013765390626611626, 0.4994299660508728, 131458000000
-0.06137904536145706, 0.096886751155692, 0.49981703715987186, 131463000000
-0.008540868686068471, 0.1890269067680639, 0.4995606425401871, 131468000000
-0.10165893308457806, -0.012833439314000217, 0.4996271878837708, 131473000000
-0.036546084832159424, 0.06303474532116632, 0.4999583602362378, 131478000000
-0.06464398012966135, 0.11029401694425459, 0.4994434526919418, 131483000000
-0.07217565847000237, 0.08110960949304025, 0.49982608935257916, 131488000000
0.00022510472129984912, 0.17171445395955157, 0.499765577633401, 131493000000
-0.12300898807880858, -0.020519006446848398, 0.49981245360149357, 131498000000
-0.047530335809403204, 0.0948640758944111, 0.49941388947242693, 131503000000
-0.000497342279625658, 0.16747369754301228, 0.49937085405408344, 131508000000
-0.12562783324985138, -0.01811053680511577, 0.49970794920305334, 131513000000
-0.006044614338455437, 0.1390829087953692, 0.49957366497732447, 131518000000
-0.08738664615186169, -0.01877900924657927, 0.49947817271007783, 131523000000
-0.07810085054009067, 0.07635969137066259, 0.49933413005039606, 131528000000
-0.007186292976351004, 0.16160337260697802, 0.49962378377961053, 131533000000
-0.1037812810990799, -0.030287873217607734, 0.49969183222651053, 131538000000
-0.06658098078495257, 0.04530872745177281, 0.49963286502378484, 131543000000
-0.04576320335100969, 0.08064965801635436, 0.4997373301400932, 131548000000
-0.054624898649601225, 0.06439400444668013, 0.499880768012974, 131553000000
0.0073474363007050274, 0.1758479987793641, 0.4993961826668178, 131558000000
-0.10608169122670634, -0.03391260987657654, 0.4993914442032316, 131563000000
-0.06006488803842085, 0.06258931239427236, 0.5000106398853773, 131568000000
-0.0038857185461039336, 0.15760951978390156, 0.49924055974843473, 131573000000
-0.08715269026533394, -0.024754383664788934, 0.49988746126693206, 131578000000
-0.027282932922164334, 0.16759246669891523, 0.49938246145877474, 131583000000
-0.0999781554380773, 0.0051442461934233, 0.49969871801088855, 131588000000
-0.08491990720173506, 0.07581118526331718, 0.4996590292669394, 131593000000
-0.00321621360569225, 0.18703034641902505, 0.4998868741770717, 131598000000
-0.09481389018975131, -0.026761056589791176, 0.4996290888406124, 131603000000
-0.03442507284588712, 0.09327255010473502, 0.49978430161466864, 131608000000
-0.049110368772594365, 0.07486049916053068, 0.499194374550267, 131613000000
-0.07253175124008336, 0.04935759059994364, 0.4998650132335447, 131618000000
-0.023925266852268777, 0.13894345664139915, 0.49946052293726667, 131623000000
-0.15693005144527167, -0.07340780025368046, 0.4994315168026886, 131628000000
-0.08220402060661816, 0.08723269287929518, 0.49972357273369145, 131633000000
-0.006866210950334414, 0.1762506104479773, 0.4995783012654862, 131638000000
-0.09543590160344283, -0.009286441573564046, 0.49932581085205235, 131643000000
-0.0443217429269095, 0.14224475465878197, 0.4999033799593211, 131648000000
-0.11054937616030217, 0.008821477874225015, 0.4993121904770254, 131653000000
-0.05001260121126519, 0.03633869313963839, 0.4994822374639506, 131658000000
-0.05758824423039406, 0.035128187885848615, 0.4996526200622283, 131663000000
-0.04721358331922834, 0.14370158741434216, 0.4995020346378737, 131668000000
-0.08354858139474697, -0.015898824732820477, 0.4994461001259275, 131673000000
-0.0638345253593235, 0.07639057511505974, 0.5000625382963783, 131678000000
-0.04284086109721655, 0.05666239749261781, 0.4994569493750534, 131683000000
-0.06297725983778317, 0.09485007259026806, 0.499456679076251, 131688000000
0.009984059703592172, 0.1842388485486659, 0.4998655335251599, 131693000000
-0.08223241049046212, -0.03883264325050557, 0.4992692430048697, 131698000000
-0.04740337955043389, 0.05590294366850987, 0.49947591363400723, 131703000000
0.010888036024755356, 0.16986456081354503, 0.4999925838446277, 131708000000
-0.12422077468646034, -0.0211503305522699, 0.5000524353949679, 131713000000
-0.04253603936513974, 0.052044260031036224, 0.4998201769657101, 131718000000
-0.01898671453409996, 0.16619122434197686, 0.49976587545407364, 131723000000
-0.1269460556470649, -0.031492285690754095, 0.4996677166013652, 131728000000
-0.00645358930043242, 0.14946682362633584, 0.5001953494269702, 131733000000
-0.07371261630878254, 0.008738627680427912, 0.4995132948716126, 131738000000
-0.0712224178351591, 0.05537806553761755, 0.4997865608362412, 131743000000
-0.02841692032346435, 0.06916849234378382, 0.49956270211608866, 131748000000
-0.015385288661474211, 0.18014292780594077, 0.4994365054088702, 131753000000
-0.13678947438104855, 0.011481493581635943, 0.49982001091522477, 131758000000
-0.04393203501189133, 0.0897398539919071, 0.4996002817056685, 131763000000
-0.015120012004865103, 0.08578912473463945, 0.4994351207067477, 131768000000
-0.04110210282285803, 0.05388083610620712, 0.49974715084262833, 131773000000
-0.008623490884164732, 0.17707387108540126, 0.4997071691018628, 131778000000
-0.11210750713566509, -0.015352612068416616, 0.4996158105726843, 131783000000
-0.08727310479853306, 0.09082697676880941, 0.5000495286032578, 131788000000
-0.016765841236116946, 0.15215413646639644, 0.49964780590664215, 131793000000
-0.14916177094943478, -0.038380820035940365, 0.49941355009538196, 131798000000
-0.021106206213243325, 0.16565358134868624, 0.4994226981575688, 131803000000
-0.10730712219710944, -0.01703823211807869, 0.49972408457849116, 131808000000
-0.05889037724608777, 0.0709638024955823, 0.5000577971568284, 131813000000
-0.00803152120795612, 0.17510427213115987, 0.49959621343490307, 131818000000
-0.06481687056259994, 0.090116304589003, 0.49992057436110443, 131832000000
-0.1257901832138547, -0.0051055647243345645, 0.49935203162583014, 131837000000
0.008403863022453485, 0.15962009603778235, 0.49981648485715546, 131842000000
-0.07169076970062445, 0.01799103515231269, 0.4995603990151636, 131847000000
-0.09200960701206942, 0.08965704643669647, 0.4995443585948395, 131852000000
-0.023432363493654036, 0.17292448496030324, 0.49949048255505707, 131857000000
-0.08703183714173965, -0.03718366477686242, 0.49996636924761545, 131862000000
0.010545541174789941, 0.16546133006214084, 0.49967654186558635, 131867000000
-0.07933509102659227, -0.021622675700871025, 0.4994658818256513, 131872000000
-0.07752524935469454, 0.05220636902714225, 0.49980918152743953, 131877000000
-0.02000436433501718, 0.16166631997144795, 0.4998098821076138, 131882000000
-0.11586858176046015, -0.03025121714759845, 0.4994929127560722, 131887000000
-0.03957554358881305, 0.08249702218060682, 0.49999108710706114, 131892000000
0.024331765950002436, 0.16701056940302803, 0.4996574843067085, 131897000000
-0.10789501526443802, -0.00537020379324523, 0.49950020390573957, 131902000000
-0.07606883407213186, 0.07127146900730981, 0.4999331206304856, 131907000000
0.0035966861278704347, 0.14685213305643863, 0.49948452110442854, 131912000000
-0.10203044138645095, -0.016830632580093548, 0.4998524081604656, 131917000000
-0.05526084777177815, 0.06525910642548423, 0.4999186037529942, 131922000000
0.00752585040140084, 0.18879476525438493, 0.4993635120368305, 131927000000
-0.08426065849513562, -0.009552406672963764, 0.49969422552508563, 131932000000
-0.02480919231959965, 0.0782914143494312, 0.5000538380428178, 131937000000
0.027460548468294932, 0.1658990548526846, 0.4998785773913161, 131942000000
-0.10008460940952715, -0.03609252610118756, 0.4996380046984038, 131947000000
-0.03496092305804108, 0.06769835385740326, 0.49963111357859075, 131952000000
0.0006928490560614725, 0.1764224065378138, 0.4997015098082355, 131957000000
-0.12939272628026383, -0.03243129130977999, 0.49958530458529254, 131962000000
-0.0836003237318174, 0.08682047197553551, 0.4995528331915998, 131967000000
0.010831130796066577, 0.16581132618521904, 0.49965512905511367, 131972000000
-0.09791964065728703, -0.026196046377432575, 0.5000548151561616, 131977000000
0.0015178642526142967, 0.18403027908817693, 0.4996884959389597, 131982000000
-0.09576252094672792, -0.02317408886899492, 0.49986899697514176, 131987000000
-0.03593621401996991, 0.07371570862700852, 0.49978853401760487, 131992000000
0.0121302257601434, 0.18486171445754312, 0.4994459057227584, 131997000000
-0.10863687620005169, 0.0017098526074345935, 0.49951838980166335, 132002000000
-0.0690639396896476, 0.08275444988730467, 0.4999638210302586, 132007000000
-0.049527866843908884, 0.06801051046493843, 0.499585041949077, 132012000000
-0.0874372429234408, 0.05923611848934092, 0.49994505185443733, 132017000000
-0.014410753696400075, 0.16778423177033047, 0.49982625825304106, 132022000000
-0.11960889762582134, -0.030025645222005654, 0.49963487887371083, 132027000000
-0.09178668564625564, 0.06494728917896146, 0.5001307658414315, 132032000000
-0.030050840746613905, 0.12013946766823949, 0.49982046262177215, 132037000000
-0.09802860824045356, -0.023733083385391564, 0.4995473988446625, 132042000000
-0.0049761555283793744, 0.14285388060934864, 0.49994020404457484, 132047000000
-0.029779295964342978, 0.01207177626224507, 0.4996942402581643, 132052000000
-0.0667694106375071, 0.0905409254736727, 0.49939207353604165, 132057000000
-0.049321451765809585, 0.06655488065226127, 0.4998428210110691, 132062000000
-0.0665395750517958, 0.06792485263464135, 0.49974301234776464, 132067000000
-0.0779157214148797, 0.06921420140298992, 0.4995030952121133, 132072000000
-0.05685783234523177, 0.0758315103549058, 0.5000587016692726, 132077000000
-0.04293130406708017, 0.09664938348991611, 0.4995150411102083, 132082000000
-0.060100209422527875, 0.07745249719932058, 0.4994886408079784, 132087000000
-0.02962441023020169, 0.16827194187112823, 0.49958527554485666, 132092000000
-0.08916433781702329, -0.02126591650679766, 0.4994701483629042, 132097000000
-0.06525277009197372, 0.0867418334806729, 0.49968763564616114, 132102000000
-0.039589499277223356, 0.15722856599667592, 0.49951981753041585, 132107000000
-0.12421734542646456, -0.022689169726451776, 0.4996359941708334, 132112000000
-0.03248518532443882, 0.17028561907087775, 0.4998565782228307, 132117000000
-0.10723238295335155, 0.0017440602124662475, 0.49927754104870875, 132122000000
-0.07661003518055576, 0.11338237860146734, 0.4996063306955756, 132127000000
0.016197998402901547, 0.1638539695728, 0.4999697403610992, 132132000000
-0.12067748446905881, -0.027343702374944247, 0.49987809512008463, 132137000000
-0.03696965731257623, 0.08609323093765242, 0.4999448074381035, 132142000000
0.0023036059566240866, 0.1666382705016364, 0.4994503798220878, 132147000000
-0.09183455085893426, -0.01970910724521303, 0.4994826050022001, 132152000000
-0.08771640500756017, 0.07368999881532536, 0.4996465933214865, 132157000000
-0.0020002937396711162, 0.1595788763675051, 0.49985717430327054, 132162000000
-0.12471522867165526, -0.03813260772610848, 0.499614242449553, 132167000000
-0.07474315896348391, 0.06415953970203433, 0.4997270532828002, 132172000000
-0.05831116445389595, 0.17090752785610785, 0.4998740404770104, 132177000000
-0.1079650138498935, -0.07430560925396007, 0.5000246027197559, 132182000000
-0.039126783283004854, 0.13092111312377938, 0.49945986322332225, 132187000000
-0.1226319999473301, 0.022080314889800546, 0.49970009485266825, 132192000000
-0.05903853342579032, 0.08297211838477417, 0.49962151188275655, 132197000000
-0.0390119700036346, 0.07829669700534382, 0.5002860504686144, 132202000000
-0.0009553546284258529, 0.17932011675789694, 0.49979804805052, 132207000000
-0.1117566069595895, -0.0029537535028192723, 0.49983352094215805, 132212000000
-0.037132965562605105, 0.0725148063493037, 0.49974545514131724, 132217000000
-0.03996836639765495, 0.08044848952763704, 0.49962982133904366, 132222000000
-0.04312838180328055, 0.06268146087514656, 0.49983067046523844, 132227000000
-0.037293813250272256, 0.1513954373882609, 0.49970078333515805, 132232000000
-0.0713976301341924, 0.020985685533877974, 0.4991780630111614, 132237000000
-0.06789667752228128, 0.09433855592255365, 0.49973813247425847, 132242000000
-0.0514195293144665, 0.0996480644252617, 0.4995370985136866, 132247000000
-0.0354024645594288, 0.0507999515150908, 0.49978028721950507, 132252000000
-0.027856781529891246, 0.19104775255819195, 0.500024524313141, 132257000000
-0.09397464463771252, 0.008695397999025224, 0.499628643300031, 132262000000
-0.053787787171922556, 0.09007116093050654, 0.49956297693458235, 132267000000
0.01086472860559176, 0.1684040148007869, 0.49972141488580474, 132272000000
-0.03327864447637336, 0.06330338081405479, 0.499687963570643, 132284000000
-0.13312265799785422, -0.04886085802824548, 0.4999299698921483, 132289000000
-0.03825959106783444, 0.08492167896010767, 0.4993946811197574, 132294000000
0.013717101237961786, 0.14674696509294347, 0.4994912141702469, 132299000000
-0.10521304830327151, -0.038300643605875095, 0.4995206438288409, 132304000000
-0.017249038822106027, 0.1587421234419627, 0.49925264858535856, 132309000000
-0.07233621380826837, -0.007684700831311161, 0.4995614459544839, 132314000000
-0.07018309042064674, 0.07137529546860705, 0.4998144343982123, 132319000000
-0.02319311452439308, 0.18124251078627474, 0.49946522795325254, 132324000000
-0.1242197919923247, -0.03290395549741164, 0.49942160976706074, 132329000000
-0.07318280733486819, 0.10093883625465491, 0.49976285054176245, 132334000000
-0.050346820934252384, 0.04706139244575079, 0.4998075740528754, 132339000000
-0.05679377684689007, 0.06057290785497223, 0.4993024105984929, 132344000000
-0.009285594903636937, 0.18316291091404346, 0.499410986101118, 132349000000
-0.1066119107295218, -0.026627810052583877, 0.49947544397391647, 132354000000
-0.05136551074397524, 0.0975104234617195, 0.5000168746888255, 132359000000
-0.0011062992653872953, 0.1629192145737527, 0.4992136096906172, 132364000000
-0.12030411401712084, -0.017050842209434112, 0.4995616863397005, 132369000000
-0.01644350089217111, 0.16142348014250535, 0.49992270407901973, 132374000000
-0.09161251860033363, 0.0061101021083819, 0.4994825409325967, 132379000000
-0.06629671502572658, 0.04969358191714511, 0.4997678752593883, 132384000000
0.025169035869805845, 0.1551441609350599, 0.4997604226429033, 132389000000
-0.12671591028582166, -0.03669292729887965, 0.49983818350498976, 132394000000
-0.04175532957017729, 0.06090273320212569, 0.4996811635262148, 132399000000
-0.0068752952547449465, 0.16603135140278602, 0.4997160076962949, 132404000000
-0.12492992653076009, -0.03705834383252258, 0.4995887799721052, 132409000000
-0.04380944792938699, 0.07482990621339226, 0.49982078038846833, 132414000000
-0.031986493323293556, 0.18465634934554875, 0.4995031312840946, 132419000000
-0.0854800852601515, -0.03244437667003889, 0.49925096118418066, 132424000000
-0.07903769399663389, 0.05897334459935555, 0.49986819572393165, 132429000000
0.020940810256327526, 0.1816360190304738, 0.4996099637859163, 132434000000
-0.1088592093760203, -0.022147596086520636, 0.49990514947625475, 132439000000
-0.05505749909429181, 0.11254527344657606, 0.4998062141072945, 132444000000
-0.0025782582364893957, 0.16152474741695466, 0.4991764543306937, 132449000000
-0.13564400122552916, -0.07277157632098519, 0.49918165899451516, 132454000000
-0.037896489149496934, 0.08923035042264534, 0.4995966056959017, 132459000000
0.001105868851343624, 0.1621240823512944, 0.4999070523146281, 132464000000
-0.09307692482646265, -0.05648759109231537, 0.4994886857619528, 132469000000
-0.05651774262700544, 0.049536027229232144, 0.4996395598384071, 132474000000
0.0058947836131941, 0.19808436739152874, 0.4996067199315945, 132479000000
-0.1226741790350483, -0.04714630086843399, 0.4994432899647195, 132484000000
-0.039996868216588086, 0.056848816595537546, 0.499604821226557, 132489000000
-0.03461413839600977, 0.08974790814070661, 0.49945952624136963, 132494000000
-0.05918365156362275, 0.06922737722755194, 0.4996647751359405, 132499000000
-0.003953954794734918, 0.15702123423290174, 0.4996294330659802, 132504000000
-0.0934448920296457, -0.029803242204391685, 0.4998221320279539, 132509000000
-0.07076333147785417, 0.06612514392433007, 0.4999653705353435, 132514000000
0.0013891530667848443, 0.15721493558182717, 0.499975693209969, 132519000000
-0.12231449226193566, -0.02821799701154444, 0.4994997468498677, 132524000000
-0.03595341710537797, 0.13458466378406408, 0.4993463820273289, 132529000000
-0.09476369722711736, 0.009783105168568434, 0.4998082210483653, 132534000000
-0.030327502761270858, 0.09743972293006627, 0.49985169533216944, 132539000000
0.00644532199756791, 0.18275431622516808, 0.49961526715203036, 132544000000
-0.15560140581717452, -0.005118032412523434, 0.4998307234296214, 132549000000
-0.01628238278809161, 0.06822972870867096, 0.49971197732070666, 132554000000
-0.039254519009451566, 0.08235435883672824, 0.49949287075823257, 132559000000
-0.0953395085261746, 0.05194546575165583, 0.49941578598824515, 132564000000
-0.006194840944565855, 0.17310068276785945, 0.49971826058473634, 132569000000
-0.11675162454833989, -0.0385104729188026, 0.4994316287755116, 132574000000
-0.055834637541711606, 0.042033432108859015, 0.4995133435921361, 132579000000
0.02083167432734509, 0.1581967686126042, 0.4991436428450694, 132584000000
-0.0939348969404844, -0.02342320396705707, 0.49954044510062884, 132589000000
0.004683561060547563, 0.16442773458998988, 0.49966073919116, 132594000000
-0.07573607430457237, -0.028343496009111763, 0.4991847595207378, 132599000000
-0.060899374479105706, 0.07527524849647117, 0.4998068492138814, 132604000000
-0.00991303258154965, 0.15315842703237212, 0.4994293506706976, 132609000000
-0.10224964007872361, -0.026596092107605038, 0.49945725422334053, 132614000000
-0.04446703795868531, 0.06818427228720993, 0.4999392178658354, 132619000000
-0.06774389331119574, 0.08248563895942607, 0.49955263664636185, 132624000000
-0.05743677838755491, 0.06482797406275521, 0.49972090695715493, 132629000000
0.029388185666620527, 0.18250532219771107, 0.49962148734144585, 132634000000
-0.08062592099630225, 0.02744779498675522, 0.4997860666595201, 132639000000
-0.0654373609859368, 0.04232288102096107, 0.499184744256979, 132644000000
-0.031908690301343565, 0.08223728695124037, 0.4997491273150437, 132649000000
-0.062003848447256066, 0.06639944746485288, 0.4995476911361442, 132654000000
-0.057656270819842474, 0.03609779666893039, 0.4992642812367184, 132659000000
0.00488753805507435, 0.16300792122503543, 0.4996155213919369, 132664000000
-0.14521803050695736, -0.057411583698481886, 0.49931267672545765, 132669000000
-0.04643635227444401, 0.09111787871223402, 0.49949023131009435, 132674000000
0.01357450587150636, 0.19067177376472486, 0.49965548607723764, 132679000000
-0.09935730513407495, -0.01424098358254519, 0.4995775921025104, 132684000000
-0.016586397540721172, 0.0811200076259794, 0.49991865357569837, 132689000000
0.014207916407183486, 0.1790952787823294, 0.49970021704582823, 132694000000
-0.07142475934757503, 0.004223654118252797, 0.49968646869921884, 132699000000
-0.07822691783275725, 0.08485826743241892, 0.49943121469392343, 132704000000
-0.016075485695603228, 0.1610049601255981, 0.4996663083714716, 132709000000
-0.13091543466506073, -0.02637565292498076, 0.5000671178072549, 132714000000
-0.050946168466584965, 0.08819174743925862, 0.49961561485244166, 132719000000
-0.003505253039013784, 0.13721712895150184, 0.4992226985762494, 132724000000
-0.1373362044111168, -0.027538938708434872, 0.49959549151261196, 132729000000
-0.04267664944583119, 0.09685789369816211, 0.4998181010586822, 132734000000
0.003589550334668736, 0.1665584365577114, 0.4996543084943296, 132739000000
-0.12736210721978272, -0.03418146919548618, 0.4997559186829184, 132744000000
-0.0496301392633442, 0.10207115602091951, 0.49956463291197123, 132749000000
0.005437042285847302, 0.14837519912727626, 0.4994016940719046, 132754000000
-0.11042082437236417, -0.014049783231197176, 0.4997844781433276, 132759000000
-0.054632177858979, 0.09312722925560447, 0.500248789832903, 132764000000
-0.053173205866043585, 0.07267259882120825, 0.4994041333438928, 132769000000
-0.05568686328416225, 0.037071571250730434, 0.4996232523357096, 132774000000
-0.005989799845101993, 0.16167409873333546, 0.49966111321246787, 132779000000
-0.12320688451990401, -0.02828403841723381, 0.49960311820880265, 132784000000
-0.05943864461016625, 0.06661979721877503, 0.499762753097489, 132789000000
-0.050246082392107705, 0.105309879106821, 0.4994240193955596, 132794000000
-0.08686147380017867, 0.08216353519114172, 0.4998768386374709, 132799000000
-0.02292690924204318, 0.16131603911393746, 0.49978837441588725, 132804000000
-0.10557223723108937, -0.021393416563203947, 0.49931014055772194, 132809000000
-0.04339142565534937, 0.11860886271937839, 0.49944762350079835, 132814000000
-0.0034781341051841777, 0.19977433519842674, 0.4997116175300934, 132819000000
-0.07131502905561607, -0.005405819020990993, 0.49956280365632155, 132824000000
-0.05488071351620494, 0.11988680564298358, 0.49978478334497856, 132829000000
-0.052114905706866874, 0.04652049280332673, 0.49985120911265524, 132834000000
-0.06935716435583952, 0.09360043031647369, 0.4994929072044905, 132839000000
-0.020755801617981545, 0.19987643044955464, 0.4995839395113389, 132844000000
-0.09679806802058392, -0.02676679343918172, 0.49942577827925627, 132849000000
-0.04539091369912901, 0.10192630969131716, 0.49984914741218106, 132854000000
0.005638152573927137, 0.18000825681499166, 0.4993221701594322, 132859000000
-0.13601860383369502, -0.044989117317502214, 0.4997331541478859, 132864000000
-0.004189261511811934, 0.16203904024821375, 0.49960825835363, 132869000000
-0.13603793179153592, 0.032352786460362964, 0.4994811026248511, 132874000000
-0.07212873425189215, 0.0897002910708053, 0.49986252191840785, 132879000000
0.018536872674479305, 0.18208387560110764, 0.49969938920689067, 132884000000
-0.08738233002134049, -0.0497872258613619, 0.4994499607511288, 132889000000
-0.04533211240996559, 0.07369997222394786, 0.4997858648717505, 132894000000
-0.035768521086166905, 0.10126367066011423, 0.4996260093365486, 132899000000
-0.06987534318811331, 0.08129753469646372, 0.49950503149834447, 132904000000
-0.010653191950643492, 0.15401948277465027, 0.49961726192408495, 132909000000
-0.12754108893030336, -0.038383227464878475, 0.49967498662473436, 132914000000
-0.07938113871096966, 0.09273368483431882, 0.49992141460980233, 132919000000
-0.03152779872394187, 0.17292116180721354, 0.4997908043331044, 132924000000
-0.10548580498942436, -0.01812945621380355, 0.49962332550409394, 132929000000
-0.0691764273190901, 0.10949031447529058, 0.4997558039740497, 132934000000
0.03918175159231799, 0.18194356767886796, 0.49954140505171907, 132939000000
-0.12250914085981951, -0.030795724956111676, 0.499941496131342, 132944000000
-0.051396121620386856, 0.06349781766332624, 0.49954885321730014, 132949000000
-0.014656612582340627, 0.14728632142802328, 0.49960044882281374, 132954000000
-0.12321506897898073, -0.034726862515312824, 0.49962981025508807, 132959000000
-0.03630801219716061, 0.06751356190362924, 0.4997411672784102, 132964000000
0.0014251670460505043, 0.18930038769405902, 0.499442224265261, 132969000000
-0.09185750650497121, -0.02232854628204442, 0.499889447011479, 132974000000
-0.044348613074707874, 0.08216774909416416, 0.4994757537581634, 132979000000
-0.02987294869812662, 0.1047269140046431, 0.5000301835335383, 132984000000
-0.08232362264286916, 0.057031696986771484, 0.49945792605415895, 132989000000
-0.0016135448379069267, 0.16470023979218598, 0.4994250892870032, 132994000000
-0.17886963035321107, -0.040734406120781136, 0.49939723165854405, 132999000000
-0.056644535522357924, 0.059664407943187725, 0.49993365352910357, 133004000000
-0.020641461232043943, 0.1517439356465423, 0.4993084688144631, 133009000000
-0.1255646660326432, -0.044641195981809684, 0.49955788205657675, 133014000000
-0.11239009199096252, 0.07036382484299672, 0.49981658559727005, 133019000000
0.0014680869829961632, 0.16745973352939225, 0.4996384556242859, 133024000000
-0.10500362812478042, 0.00129738960924667, 0.49973850969498546, 133029000000
-0.0522909458172457, 0.0696098614512208, 0.49997715178972674, 133034000000
0.030499031793271698, 0.18433560211355599, 0.49937988055282406, 133039000000
-0.0943188128210651, -0.018574400409613626, 0.49976246498744215, 133044000000
-0.05827282473799967, 0.0906623245178199, 0.5002766695673301, 133049000000
-0.039275170602885615, 0.05631700452224947, 0.4995068232004457, 133054000000
-0.06898610654897021, 0.0678615271314509, 0.49970770701493966, 133059000000
0.0017387142857545439, 0.19217353291329928, 0.49944997300813676, 133064000000
-0.12381746919278043, -0.02432134616418005, 0.49956957140892916, 133069000000
-0.042003618316787686, 0.0781036070196029, 0.5000879581800527, 133074000000
-0.01904679020408299, 0.15534393155978202, 0.4995985287694745, 133079000000
-0.12109414571409115, -0.0190931411597674, 0.5000516103226474, 133084000000
-0.07451285607052668, 0.08127807385674318, 0.49958605992655863, 133089000000
-0.09108949977913722, 0.06400140205497974, 0.4996958288891495, 133094000000
-0.050977589539914415, 0.0872513727520623, 0.49992929435300226, 133099000000
-0.02896659500641751, 0.16489102168584358, 0.49947194393857325, 133104000000
-0.12961015559963285, -0.05242129977933433, 0.4997569371391498, 133109000000
-0.048601861605825615, 0.06576853359475286, 0.4996999939005028, 133114000000
-0.051298854464479036, 0.09747188884443701, 0.49952222152064923, 133119000000
-0.03437714810613572, 0.060538898516259584, 0.4997052160409199, 133124000000
-0.008382902498299583, 0.12451197611313079, 0.4998535041130235, 133129000000
-0.10523705004693372, 0.002697921755179647, 0.49956618521586194, 133134000000
-0.02747099941788571, 0.07600071270896361, 0.49959789768932394, 133139000000
-0.017408562793335313, 0.15013936950353207, 0.499525437371726, 133144000000
-0.10692404333770913, -0.05034217379978096, 0.4998522288724245, 133149000000
-0.011165332508291402, 0.1472602573683892, 0.4995857320603145, 133154000000
-0.13470196939640783, -0.035698835306093815, 0.4998696512022321, 133159000000
-0.0581109440465212, 0.09627453043804803, 0.49931604426755327, 133164000000
-0.019190460555387943, 0.19644466097361535, 0.49943584470137187, 133169000000
-0.12056764923830447, 0.009911927188321859, 0.4998160263491902, 133174000000
-0.06874885038661925, 0.07702269083232657, 0.5000697884637118, 133179000000
-0.018045688257662045, 0.06005489926560735, 0.499456736757011, 133184000000
-0.07438294874562029, 0.09263251598075373, 0.49951579353706665, 133189000000
-0.0193112432234923, 0.149393016534998, 0.4994936136214665, 133194000000
-0.09927596593700763, -0.04257319889977659, 0.49983820391187006, 133199000000
-0.012922219575850748, 0.09502087041751867, 0.4997161018440331, 133204000000
-0.005384866216755102, 0.16315527327523957, 0.49944706083123497, 133209000000
-0.11730881887372081, -0.022309465646248222, 0.49993799114069737, 133214000000
-0.04811976063751886, 0.07346804726383185, 0.5002207686997053, 133219000000
-0.005282142615589631, 0.17164683339892042, 0.4996557186989661, 133224000000
-0.13919134410945336, -0.027297781104154418, 0.49950546100499404, 133229000000
-0.07758753203645631, 0.08363833247821204, 0.4997374541527885, 133234000000
-0.020585052370314195, 0.1829923793055041, 0.4997539893077681, 133239000000
-0.13653909546519866, -0.01622806590036131, 0.49990557147544074, 133244000000
-0.023767461162806962, 0.1016484980028203, 0.49974790956321236, 133249000000
0.009458938155559708, 0.18292164500389013, 0.49955659719973483, 133254000000
-0.1284708089459397, -0.03026799465969482, 0.4996289771606432, 133259000000
-0.0008281912006031095, 0.07007005818825328, 0.49984298329409355, 133264000000
-0.05681878340682142, 0.06983497996119266, 0.4996015371175689, 133269000000
-0.0542783605243004, 0.061351086852926916, 0.4998912798021757, 133274000000
0.014750505163926016, 0.16832124236447304, 0.49935606781777847, 133279000000
-0.12518134906264014, -0.0064686578583871, 0.4994572989350428, 133284000000
-0.09492816255055438, 0.07007330579270721, 0.4995265458302141, 133289000000
0.006799511414974481, 0.18112449737250316, 0.4995524694264844, 133294000000
-0.10570883137576638, -0.02829375551734268, 0.4996054750691041, 133299000000
-0.05059086944696187, 0.045509542624710714, 0.4998990719118516, 133304000000
-0.02111762933217966, 0.19263386931110357, 0.499789231035715, 133309000000
-0.09243375620700992, -0.05946155851587534, 0.49986173670386086, 133314000000
-0.03380546341811911, 0.06764143410252967, 0.4994756895469709, 133319000000
-0.011517424069215966, 0.17418355679103031, 0.49968514256198593, 133324000000
-0.10486072377004049, -0.051665001009764594, 0.4998021706312662, 133329000000
-0.05069683038053858, 0.06248502650715072, 0.4998494580631836, 133334000000
-0.04558294838190281, 0.07704224903611841, 0.4994673539596102, 133339000000
-0.052212962698649314, 0.05686883251716458, 0.49982193263244284, 133344000000
-0.017030558404666128, 0.21117893872138105, 0.49961534880357633, 133349000000
-0.09570757255205949, -0.015624962941276306, 0.49966395993601065, 133354000000
-0.03697041729023369, 0.09614538957620325, 0.4994674992493435, 133359000000
0.02475395068095504, 0.1915831695583986, 0.4996770234737465, 133364000000
-0.09992203612585773, -0.03410039112784918, 0.49926550917360774, 133369000000
-0.013656426283079778, 0.14743045889902986, 0.49963593006013124, 133374000000
-0.11294775092963114, 0.018828997001344657, 0.4995149430750476, 133379000000
-0.06836189745411585, 0.0658898646152665, 0.49985656924167204, 133384000000
0.013371513113192408, 0.1928574535527715, 0.4993457134045957, 133389000000
-0.10923887953544617, -0.013467054867821683, 0.4997370285733011, 133394000000
-0.020379148452527196, 0.09307406259639597, 0.49982861550050944, 133399000000
-0.04976460224809193, 0.057721914701081276, 0.49972459838526945, 133404000000
-0.04173239095527369, 0.06110758582880397, 0.4996917655386601, 133409000000
-0.01904204889256356, 0.14176113447942687, 0.4995409092437706, 133414000000
-0.12993623948017935, -0.030753526097472776, 0.4994875695650631, 133419000000
-0.04512536412149958, 0.07702441197436728, 0.4995628895572337, 133424000000
-0.005604813485432826, 0.13218744217781903, 0.4997640313378041, 133429000000
-0.10112436682850603, -0.012360810274025828, 0.49979501343226085, 133434000000
-0.009368651342913094, 0.17006055022058064, 0.4999402514881804, 133439000000
-0.12796842273220194, -0.019853690912189068, 0.49971369910909985, 133444000000
-0.06784248129322691, 0.0875559067092612, 0.4996256898547815, 133449000000
0.006403225874790423, 0.1785263302672986, 0.49954223174487095, 133454000000
-0.10338404762126949, -0.049421351477639666, 0.49979764481066746, 133459000000
-0.040978372460018626, 0.09218313261042102, 0.499677490169829, 133464000000
-0.051270618487103646, 0.05651399261006752, 0.4996675501704755, 133469000000
-0.07621769845744678, 0.08078383866616967, 0.4991833064128039, 133474000000
-0.005132736978361984, 0.16712043695374917, 0.49942892829934377, 133479000000
-0.08584916168982298, -0.012490385724232932, 0.4993688749587227, 133484000000
-0.07864247194359415, 0.11139885754115804, 0.4999738304111729, 133489000000
0.0041962569408220225, 0.16728454878820148, 0.4991989418420984, 133494000000
-0.11871673610455562, -0.020309614789735808, 0.4993216061711656, 133499000000
-0.017927385598437703, 0.16312304237578368, 0.4998210630232721, 133504000000
-0.08682377439361565, 0.007153266531458934, 0.4994662038970878, 133509000000
-0.031924759645468155, 0.06310660759728094, 0.4998079153993534, 133514000000
0.006154354308695001, 0.13781578600332123, 0.4996299533573098, 133519000000
-0.08366384628746895, -0.012378108333919944, 0.49948089193278467, 133524000000
-0.038692426450808795, 0.0554030324097942, 0.49960545884981966, 133529000000
0.02172858713266411, 0.15144140825362398, 0.49936992468255376, 133534000000
-0.1079061787277708, -0.01600265452344805, 0.5001147005450952, 133539000000
-0.046260042966142945, 0.09793360144093907, 0.4998099134205319, 133544000000
0.009750814502633934, 0.14122776184840097, 0.4995200603411965, 133549000000
-0.11499415786260253, -0.024068677198348137, 0.4991872419953598, 133554000000
-0.06177002861926424, 0.05251328373900503, 0.4999567426074013, 133559000000
-0.003998736226098132, 0.14862556437951474, 0.4997375459385398, 133564000000
-0.09136650383270727, -0.03172001941330842, 0.49983119928204944, 133569000000
-0.058056790477757816, 0.0906699100389512, 0.49998018273890954, 133574000000
-0.013981094066576424, 0.1614462026271888, 0.4996730912714686, 133579000000
-0.11212263674920411, -0.04144027315475563, 0.49948571379154477, 133584000000
-0.04788631289350785, 0.09978952511804284, 0.5000060600137047, 133589000000
-0.013753484192005847, 0.16177278070214135, 0.49961867533037385, 133594000000
-0.10737402093489666, 0.03690621006478356, 0.49969191531760976, 133599000000
-0.008032414754070998, 0.1825642705381879, 0.4997980875161737, 133604000000
-0.08227346673017329, -0.020261545878325373, 0.4996945143290029, 133609000000
-0.09829074181116088, 0.08846916504257696, 0.4999749769486853, 133614000000
0.0024346047713155613, 0.153916656581214, 0.49943068693463605, 133619000000
-0.09684503395546015, -0.02029251629461871, 0.499644042323579, 133624000000
-0.05037396265856182, 0.08698255508479627, 0.5000265759145823, 133629000000
-0.05987545165679424, 0.07641996047400956, 0.49902743765884405, 133634000000
-0.07740110012886967, 0.036248550627796416, 0.49951078675795485, 133639000000
-0.00980110428902843, 0.16500501187992536, 0.49982967804489375, 133644000000
-0.12809191561196118, -0.03636176958717244, 0.49926647154603104, 133649000000
-0.05561660804243723, 0.09411386015902835, 0.4996615910021822, 133654000000
0.006550743104355326, 0.16823027200486337, 0.49975249415803236, 133659000000
-0.08916229217573353, -0.0032321311729589623, 0.4994982058437326, 133664000000
-0.04276587888933359, 0.15280989069975012, 0.49939898170470215, 133669000000
-0.1310140573904434, -0.021873965586783055, 0.4998881609220567, 133674000000
-0.07540791215541545, 0.06111784110947778, 0.49942566006520234, 133679000000
0.001597647890610664, 0.1725245647180884, 0.49964100811704054, 133684000000
-0.10053308264650271, -0.02991223443425664, 0.49965303184480653, 133689000000
-0.06326432406735014, 0.08811120459741309, 0.499703657577382, 133694000000
-0.0561384067025586, 0.07307419643584472, 0.49948832958516676, 133699000000
-0.054241639296473104, 0.03603991089431666, 0.49960658030354393, 133704000000
-0.029083312411214576, 0.17164911402953956, 0.49978615212996397, 133709000000
-0.08336591189490213, -0.02347471695001523, 0.49949794880992315, 133714000000
-0.04059430190065209, 0.07952838423768188, 0.4995470838959184, 133719000000
-0.015470815440524751, 0.16425664305349166, 0.4998827698872443, 133724000000
-0.10620962684628746, 0.02467511665420778, 0.4992844068723802, 133729000000
-0.056441604147773265, 0.08338306236915116, 0.4996697001872891, 133734000000
-0.009315299989708906, 0.16126669911861896, 0.4995617340742899, 133739000000
-0.10309243252961921, -0.018693456320151715, 0.499333626854778, 133744000000
-0.0727764428501444, 0.09672726682293431, 0.5000032805628111, 133749000000
-0.008392573180779312, 0.17086448991435096, 0.49959290900827397, 133754000000
-0.09563668130858413, -0.03483478554716576, 0.4995628351101701, 133759000000
-0.03303988248180664, 0.09752988283803149, 0.49962683794704504, 133764000000
0.006061676474348514, 0.19010071015476226, 0.49970263042646873, 133769000000
-0.13560287897242068, -0.01858603410724725, 0.49943059290699104, 133774000000
-0.04314398686124817, 0.10526063672232505, 0.4993736122024137, 133779000000
-0.006949907230940565, 0.13938373386107236, 0.4996708757129609, 133784000000
-0.11220526689751875, -0.02516618734314184, 0.49949415772840733, 133789000000
-0.04362836257843296, 0.07830781890668959, 0.49987887631470757, 133794000000
0.00899053253503632, 0.1639713454194764, 0.49974696950851105, 133799000000
-0.10066520429021199, -0.0003046834013713598, 0.5000212253346185, 133804000000
0.011539302355786665, 0.17178362127166308, 0.4997959407195551, 133809000000
-0.11837387559567272, -0.02855303235132875, 0.49981185476275825, 133814000000
-0.05272589834060703, 0.0832372990010477, 0.4995485561060971, 133819000000
-0.010954364157811529, 0.13812067906875783, 0.4997154386613741, 133824000000
-0.13199712196926727, -0.05418882210832328, 0.4994596410080977, 133829000000
-0.0556878080717721, 0.06588794568668623, 0.4995836807145038, 133834000000
-0.022369028021406067, 0.1048666099709316, 0.49992902788983107, 133839000000
-0.06085385898859187, 0.06333599679029812, 0.499474532297334, 133844000000
0.01674965857944216, 0.1550384357998135, 0.49969219760751266, 133849000000
-0.10284885974603905, 0.0024659673797062624, 0.4996046644945088, 133854000000
-0.09327476119177355, 0.08450862984465168, 0.49988621289604984, 133859000000
0.002597731594126354, 0.16882800419008887, 0.4998038279886663, 133864000000
-0.08642101915704314, -0.013811731742477016, 0.49966010186043747, 133869000000
-0.0135000226436278, 0.1448068602930346, 0.4998325376429605, 133874000000
-0.10868132178232874, -0.0019466236120671016, 0.49965758255648046, 133879000000
-0.046811192880409136, 0.10312289059613454, 0.4995077269019383, 133884000000
-0.0015522779803701827, 0.1930645171812496, 0.499510200421364, 133889000000
-0.1506208075479835, -0.051666044351682615, 0.49971563491616655, 133894000000
-0.07265884476852214, 0.06242537615685151, 0.49975064134808117, 133899000000
-0.05127472708777652, 0.10063607222190972, 0.4993448327887165, 133904000000
-0.0917392143306524, 0.08063284367630387, 0.49968066275832246, 133909000000
-0.00042477389062698626, 0.15062439095624738, 0.49929660525852654, 133914000000
-0.1243875347642598, 0.0002054638409455141, 0.4996924491721358, 133919000000
-0.08404676717171454, 0.08725061192264714, 0.4994943210702445, 133924000000
0.005586180530075921, 0.16713807449736834, 0.49969708770042426, 133929000000
-0.1295040474075648, -0.018129883417036956, 0.4992958497688127, 133934000000
-0.05502293313484749, 0.09578022472035866, 0.4999337022194278, 133939000000
0.02306955956649192, 0.1602683999610964, 0.4995513659458379, 133944000000
-0.12174767367284606, -0.021883994491757465, 0.4996293284684241, 133949000000
-0.0725815641086046, 0.08534929446075215, 0.4998018766328271, 133954000000
-0.02777338864338167, 0.16524340556075834, 0.499592047902005, 133959000000
-0.1522774743119527, 0.006080024957469359, 0.4997187788001216, 133964000000
-0.052304508554613285, 0.09871833027207962, 0.49968816636169017, 133969000000
0.003422798988321986, 0.16724216049030402, 0.49941642664041636, 133974000000
-0.10072903243932582, -0.027599400812168287, 0.49948530239251526, 133979000000
-0.045249149707547454, 0.09664735612337658, 0.49996227573408003, 133984000000
-0.06338645424561103, 0.07678512186076598, 0.4997726656091481, 133989000000
-0.04482006887677473, 0.06903292307323118, 0.4998507787226141, 133994000000
-0.013915092478261554, 0.1559591134079965, 0.4994121122794263, 133999000000
-0.11066637422435267, -0.03533496274138989, 0.4993935773125453, 134004000000
-0.07379134580157679, 0.09556117871643216, 0.5000602584513041, 134009000000
0.030491982840886826, 0.15613792930514694, 0.4990633017717606, 134014000000
-0.11808341410414391, -0.03874141646823097, 0.4996107027502818, 134019000000
-0.01178178378154713, 0.15556276031772306, 0.4996252684880589, 134024000000
-0.08280402979251868, -0.0072836248337329965, 0.4994023665149747, 134029000000
-0.09915948982407632, 0.057237414998350576, 0.4997501970147046, 134034000000
-0.05648835276074627, 0.08121106694267481, 0.4998575618710661, 134039000000
-0.029148466672979975, 0.14446401465802872, 0.4997557022696038, 134044000000
-0.10691456606872984, -0.034977715162518096, 0.4992179553178178, 134049000000
-0.03108008057030471, 0.09737497211067711, 0.5000252828030264, 134054000000
-0.0629847116939844, 0.08406225018021743, 0.49932192803860664, 134059000000
-0.0653028996201554, 0.07337566381088552, 0.4998368784415616, 134064000000
-0.004606433985062591, 0.17300569512303882, 0.49963838330717764, 134069000000
-0.07591118221440461, -0.03367126422559698, 0.4996311777753881, 134074000000
-0.04851155457732465, 0.08907087443109517, 0.49943171234117933, 134079000000
0.008092096931288664, 0.16534768640991676, 0.4997654524743605, 134084000000
-0.10253064198940541, 0.01015247481540809, 0.4994754369552738, 134089000000
-0.02137686329576259, 0.16672240815791406, 0.5003766005286426, 134094000000
-0.11162687595320633, -0.01844759734086148, 0.499755494087384, 134099000000
-0.08932340498527491, 0.08032141336578594, 0.49965738555151445, 134104000000
0.004692918838716362, 0.18279465456191762, 0.49931179258277686, 134110000000
-0.11005647334637156, 0.01053840333216233, 0.5000978358645423, 134115000000
-0.030524232684610315, 0.15271116792289904, 0.5000170360712014, 134120000000
-0.08902968187740828, 0.012085983999899633, 0.49966229348781427, 134125000000
-0.0788516236471264, 0.07661876859209979, 0.5000778706951242, 134130000000
-0.022228004587528445, 0.1485675300710974, 0.49985207205725335, 134135000000
-0.12461249505057663, -0.005244369185683939, 0.49963325799067443, 134140000000
-0.04661391955319041, 0.06816618825108267, 0.4992939107362793, 134145000000
-0.01673542610037587, 0.07804538114631045, 0.4994640415760663, 134150000000
-0.08926405165426157, 0.05084775103997051, 0.49968332189370196, 134155000000
-0.008986415793303788, 0.15152439621252864, 0.4999789740246983, 134160000000
-0.10913875343416193, -0.04141865603295243, 0.49966735160537007, 134165000000
-0.07072070572363598, 0.07644871377345706, 0.4996843748592057, 134170000000
-0.013804306577827954, 0.17755997645031985, 0.49966481407110425, 134175000000
-0.11872401625528788, 0.0047618411802868195, 0.49950761604874794, 134180000000
-0.04406166409147521, 0.08772616981499762, 0.4995087519086407, 134185000000
0.0003383694198574058, 0.1824656962982322, 0.49954796487287517, 134190000000
-0.12515464984165797, -0.02230988957929359, 0.4996537249832636, 134195000000
-0.05662316791184932, 0.07941132017554153, 0.49945854293170727, 134200000000
0.009813574104491338, 0.1735272996000169, 0.499305766617896, 134205000000
-0.11759323628450209, -0.03515494901453864, 0.4999245644083515, 134210000000
-0.08579049528714106, 0.08131133207925981, 0.4998816951070609, 134215000000
0.014731321791902573, 0.1753480353951194, 0.4997475388159438, 134220000000
-0.09510166810399667, -0.038854606016729396, 0.49931618516449283, 134225000000
-0.05966678534497311, 0.08324278430903068, 0.49997829289522483, 134230000000
-0.011032063307639301, 0.14640856133210384, 0.4995054817593511, 134235000000
-0.0992448960076926, -0.059014417388853706, 0.49931132143034285, 134240000000
-0.0719630421337504, 0.0972224989174805, 0.5002671118172017, 134245000000
-0.005473678535593305, 0.17729911090028325, 0.49964233086420484, 134250000000
-0.1012218150258201, -0.02202560757056918, 0.4996074621639649, 134255000000
-0.0016597295895064389, 0.16434750507059978, 0.49970084517553287, 134260000000
-0.09756377177008167, -0.0031910578380632913, 0.4995425116634713, 134265000000
-0.06340972288911353, 0.10495959863396562, 0.4997371664973881, 134270000000
-0.007878753454301717, 0.17329924502643407, 0.4996345045246017, 134275000000
-0.09442375004527573, -0.04217272249518869, 0.4999094712871516, 134280000000
-0.02098916946383531, 0.14453980170041003, 0.499613774567442, 134285000000
-0.1276367730156152, -0.01985816096020057, 0.49980524723814396, 134290000000
-0.03926112107212134, 0.08357618276553234, 0.49951761060346966, 134295000000
-0.007238576367711252, 0.1748003643522135, 0.4994055160945509, 134300000000
-0.10824102793330784, -0.013530573848706708, 0.49934397494730076, 134305000000
-0.026953949201693486, 0.09094126162573658, 0.49988507362807966, 134310000000
-0.019308637106807008, 0.15303853747375992, 0.5001061359357806, 134315000000
-0.12569612848480977, -0.004742817263796335, 0.49947400320370977, 134320000000
0.00010230963232416533, 0.13824064587045828, 0.4993122962002834, 134325000000
-0.10318218724035264, -0.05199467142490938, 0.49956299975211177, 134330000000
-0.051808496498023514, 0.08229651905785566, 0.4996408309748464, 134335000000
-0.0020831128344438567, 0.1527477689415868, 0.4994838477533828, 134340000000
-0.12978159593899813, -0.025489108760237328, 0.49954225774095967, 134345000000
-0.06238973394846715, 0.07845493512804207, 0.4998652976707644, 134350000000
0.01124328500867579, 0.1627314070703507, 0.49995186824336635, 134355000000
-0.08918073619303117, -0.03733955770210621, 0.499213562694586, 134360000000
-0.07745889716225035, 0.08555713978549442, 0.49993008593063715, 134365000000
-0.003763098362531599, 0.17382346549913766, 0.4998377550685913, 134370000000
-0.08374920847577394, -0.061068986417651926, 0.4999436592561247, 134375000000
-0.06197022807208765, 0.08498994267556631, 0.4998539371845499, 134380000000
-0.007108856343887118, 0.13009908673443701, 0.49954432320710296, 134385000000
-0.09923456452164528, -0.027045268713132647, 0.4996453216026357, 134390000000
-0.0900730888126022, 0.09874159775978002, 0.49999356436379566, 134395000000
-0.02992313921947645, 0.16236087716245381, 0.49962224722483894, 134400000000
-0.12638819860734904, -0.018456382785050844, 0.4994533711800637, 134405000000
-0.051533942311002286, 0.05509540729833111, 0.49969627167669506, 134410000000
0.028135652869201073, 0.15077584188867368, 0.4995609445105646, 134415000000
-0.10142139669963905, -0.04050801938792442, 0.49954315896974, 134420000000
-0.06443742247979956, 0.07047147909797122, 0.49981347053317476, 134425000000
-0.04771760196932819, 0.08336477679678658, 0.4995012028894863, 134430000000
-0.03720285437951353, 0.0367925779066785, 0.4999085720029817, 134435000000
-0.00896484788000555, 0.1300958841198373, 0.4997585583439333, 134440000000
-0.11790417726660576, -0.07876020014323343, 0.499416683666098, 134445000000
-0.09858810603241805, 0.11950714638013163, 0.499737051801284, 134450000000
-0.020410431003583713, 0.17189307164879822, 0.49933168289994573, 134455000000
-0.11963977427684343, -0.02975900799191972, 0.4996335340404355, 134460000000
-0.007692888215544913, 0.1558889933254419, 0.4996934918316824, 134465000000
-0.08270502174909897, -0.03537184400470816, 0.4998018410177854, 134470000000
-0.05179350262489865, 0.0776996693920844, 0.4998757684502987, 134475000000
0.023680895991356782, 0.14075185069856777, 0.499396427843809, 134480000000
-0.1358057727400293, -0.04212846668561544, 0.4995762192976644, 134485000000
-0.061185633750631206, 0.08727905371197996, 0.4996409819585439, 134490000000
-0.050316871576440284, 0.046576548119969904, 0.49986148006931375, 134495000000
-0.08122600632451837, 0.07462519774540327, 0.4996052459529118, 134500000000
0.0143432983084958, 0.1895413742528872, 0.4994182699442646, 134505000000
-0.12494347116037334, -0.04708058582661269, 0.4995581112189625, 134510000000
-0.03735733636956768, 0.06917138154731861, 0.49965250213011403, 134515000000
-0.008130559687248828, 0.1550386870741799, 0.4994012840340607, 134520000000
-0.13820889053459579, -0.05591339044720913, 0.49960068317985507, 134525000000
-0.01823232993117669, 0.16742192629591673, 0.49986014038494997, 134530000000
-0.08888248170470558, 0.0007196695815563821, 0.49959182106824007, 134535000000
-0.08584342474998669, 0.06554096222747689, 0.49974116209586494, 134540000000
-0.002427364637000198, 0.16779722406051334, 0.4995358327560306, 134545000000
-0.13269891453843163, -0.048897587591090017, 0.5000117287025644, 134550000000
-0.08010012804784773, 0.08130548418633324, 0.4999502136523672, 134555000000
0.02026571911315405, 0.17830445360298885, 0.49958120702655284, 134560000000
-0.11628808759921538, -0.02631787593439372, 0.49932003216611265, 134565000000
-0.06514446687952263, 0.055237098164368, 0.4995975806286842, 134570000000
-0.008836566015049719, 0.1568839417330775, 0.49995650181922235, 134575000000
-0.11928674074165233, 0.003441507190948514, 0.5001018851740237, 134580000000
-0.06690954388387127, 0.0436336614509546, 0.49969914415741185, 134585000000
-0.007143236319488519, 0.1917903497397135, 0.49931278542505614, 134590000000
-0.13091927093657044, -0.023087225594561823, 0.4996769399642965, 134595000000
-0.05575563333895743, 0.09702661408784312, 0.49963340762814323, 134600000000
-0.006705963282102139, 0.17604016562209518, 0.4998764994702658, 134605000000
-0.12307641916562266, -0.051448099963086205, 0.4996921293067577, 134610000000
-0.026772154337543982, 0.08172337009893005, 0.499578964916284, 134615000000
0.002999481336860147, 0.16310969048680157, 0.49937168200657184, 134620000000
-0.10153473467759756, -0.024734677563633456, 0.4997133717469122, 134625000000
-0.04932508497519602, 0.08416486841013156, 0.49999334083592234, 134630000000
-0.06048653572983267, 0.06226998480546904, 0.4993749099770418, 134635000000
-0.06271353450426526, 0.060888663263789236, 0.4995884020351658, 134640000000
-0.015422935107141785, 0.1632719733919759, 0.4993307450521383, 134645000000
-0.0862687492630341, -0.02360008815854083, 0.49938100129365814, 134650000000
-0.05515772690975678, 0.08116461813753952, 0.4997576194226254, 134655000000
0.04938015996514379, 0.17275972904995524, 0.4994793779759607, 134660000000
-0.1033698884808827, -0.015653061153382775, 0.49949289617970355, 134665000000
0.005124933690346803, 0.20300173235029645, 0.49967412623542423, 134670000000
-0.11831002057760057, -0.000764211084843926, 0.49971485018252815, 134675000000
-0.03746912919987052, 0.07671873373642106, 0.49965304436494273, 134680000000
0.014321851292407586, 0.16390615131301892, 0.49947619196399495, 134685000000
-0.1086359875928396, 0.010150122778976235, 0.49942792809628295, 134690000000
-0.047885129301460605, 0.08065081874321807, 0.49974849233802543, 134695000000
-0.038597120458444635, 0.07540625508666776, 0.4997878759912692, 134700000000
-0.08565162512672456, 0.08270597297033935, 0.49980389180125645, 134705000000
-0.004644266071144352, 0.16209371412108634, 0.49991203412936686, 134710000000
-0.1158840397174165, -0.03187578596120416, 0.4997985753991247, 134715000000
-0.058688728094041645, 0.06166187399655839, 0.4996619495370479, 134720000000
0.04000350333181411, 0.1431923433164869, 0.4996122118429732, 134725000000
-0.10917086369766647, -0.02823285980063417, 0.5002038077885176, 134730000000
-0.009292774319709356, 0.16878142296730914, 0.4997139033853162, 134735000000
-0.12098058762458289, -0.013807803042737833, 0.49977285839218766, 134740000000
-0.07150130466977661, 0.06302179491000948, 0.49958714256841424, 134745000000
-0.027373000272953862, 0.16425786921373153, 0.499384523852084, 134750000000
-0.11591253333388306, -0.05189328745577084, 0.4993011191703105, 134755000000
-0.07128757208998136, 0.06226494404599023, 0.49935760528888035, 134760000000
0.0041072594378875425, 0.14157182727470952, 0.4993533330443801, 134765000000
-0.11678811607208485, -0.043025477711030116, 0.499407905301172, 134770000000
-0.0520259980560436, 0.07212500445838205, 0.49983347482561635, 134775000000
-0.023032678365908648, 0.13945511570404268, 0.49983880785068113, 134780000000
-0.10103559417001047, -0.03413545260227853, 0.49934547973366555, 134785000000
-0.07672569203319254, 0.09880362191746961, 0.4994178027866072, 134790000000
-0.0152177316875404, 0.16555162783399924, 0.4990800890471316, 134795000000
-0.1226446842385323, -0.03408258229564839, 0.49995774453391195, 134800000000
-0.052918340347602934, 0.08279819570518346, 0.4993512150028457, 134805000000
0.03223012614299532, 0.1501355710373402, 0.4997970216399278, 134810000000
-0.13263105007909987, -0.04675756888915737, 0.49959003711124533, 134815000000
-0.04495648426112871, 0.06181186606222408, 0.5002039087131411, 134820000000
0.026478461483854847, 0.16468803894262404, 0.49979993187626426, 134825000000
-0.10631178394840218, -0.017197758988505597, 0.4994632889756954, 134830000000
-0.0547894658988034, 0.09445017317706421, 0.5000612997866435, 134835000000
-0.03320835629446946, 0.08767786482417557, 0.4993845761676531, 134840000000
-0.05844371462173876, 0.05132271025205667, 0.4995136023998427, 134845000000
-0.0332467969048159, 0.15888248554174986, 0.4997879456866668, 134850000000
-0.07463179278081092, -0.02687902194368867, 0.49947834595828483, 134855000000
-0.06502273214051182, 0.053197312151953245, 0.49970932962669173, 134860000000
-0.020479768345753258, 0.15069126231305421, 0.4993708720703191, 134865000000
-0.12497850234940625, -0.01890720705773637, 0.49983489752910804, 134870000000
-0.007882158198521337, 0.15529774425432522, 0.49967035147638506, 134875000000
-0.07118340257925318, -0.029170609990734595, 0.49949743516842077, 134880000000
-0.04164280248620625, 0.053313567010452534, 0.4997482308695906, 134885000000
-0.006256947015440124, 0.16594428561919586, 0.4994052412231669, 134890000000
-0.10526250944595916, -0.07471905622625814, 0.49975340821186764, 134895000000
-0.0464889971847993, 0.09432247925924013, 0.49945944269074155, 134900000000
-0.05061445201831466, 0.06391957953696291, 0.4997599142892171, 134905000000
-0.09680522529066381, 0.07300287708113529, 0.49977474692921614, 134910000000
0.03014313113922322, 0.16823370459746326, 0.49976055473001924, 134915000000
-0.08763360709558721, -0.05915309222251853, 0.49962299654078884, 134920000000
-0.058679483587626105, 0.10767596157633563, 0.4994612957377286, 134925000000
-0.032939055020525965, 0.16677750322565602, 0.49944611328558935, 134930000000
-0.1290882212730418, -0.012341910015376658, 0.49941031761608873, 134935000000
-0.04443062972370285, 0.09492898215742195, 0.4998889123100831, 134940000000
-0.0126069646195339, 0.14530249747497345, 0.49955638490860194, 134945000000
-0.08956212965628636, -0.025265910180690375, 0.49961605293846983, 134950000000
-0.039065580443675835, 0.09194482655402626, 0.4999010208118371, 134955000000
-0.005510546531218094, 0.17415434715534636, 0.4997694393060601, 134960000000
-0.12641678965499012, -0.01035163918739132, 0.4996530688495504, 134965000000
-0.0672524488495904, 0.07940691980704197, 0.499642536629511, 134970000000
-0.010749221904237317, 0.1661029403717748, 0.499522995273337, 134975000000
-0.134289273684654, -0.043107727469723925, 0.4999623092271372, 134980000000
-0.05812414623478228, 0.0820947177338274, 0.4998521065646135, 134985000000
-0.015473788865852213, 0.19069150803207838, 0.49944141961326705, 134990000000
-0.11394341887751605, -0.041546451452692104, 0.49974873932366204, 134995000000
-0.05474167431406207, 0.08095119833543349, 0.4998463661230284, 135000000000
-0.010332980185963628, 0.18096102106245449, 0.5000166936689951, 135005000000
-0.09805963093965764, -0.009850040705568367, 0.5002965359196521, 135010000000
0.01316445007490764, 0.16533921951790684, 0.5001715789607678, 135015000000
-0.12272122030861157, -0.006910288219110621, 0.4995792920951343, 135020000000
-0.06307558457118068, 0.0648475739095846, 0.4996544641546209, 135025000000
0.03075657223277964, 0.1924642851356826, 0.4997924055572274, 135030000000
-0.11769071522091977, -0.00603282579879898, 0.4997582359629756, 135035000000
-0.057677183516455906, 0.06961379374397411, 0.49976213086213184, 135040000000
-0.037764790054027456, 0.06512986159268698, 0.4998221291057071, 135045000000
-0.07082918655227484, 0.06866094887844919, 0.49994515911483955, 135050000000
0.02683396801582588, 0.18954298910295997, 0.49973206625445565, 135055000000
-0.08621979414136463, -0.02321385111219875, 0.4996892946623643, 135060000000
-0.06981114854457586, 0.09410532711426073, 0.5000967618565508, 135066000000
-0.06470176295972292, 0.06590923726439821, 0.49977998874433066, 135071000000
-0.05779072811532315, 0.08397200135169962, 0.4997785774419732, 135077000000
0.017513607489220415, 0.18231240389697723, 0.49951731019041884, 135082000000
-0.11099494067375995, -0.016642655325110688, 0.49995741781263936, 135087000000
-0.049394169317218226, 0.08754884079841291, 0.4999709556559179, 135092000000
-0.054095353137922214, 0.04188559257574925, 0.4995240493623188, 135097000000
-0.07400782256424748, 0.08613533205851136, 0.5000480656247733, 135102000000
-0.026601307846732775, 0.14726475534719768, 0.4997386357931588, 135107000000
-0.10628121074164476, -0.059744834720072144, 0.49954046097698146, 135112000000
-0.024309357328864994, 0.07887447265957787, 0.4999322964154575, 135117000000
-0.037050397703983114, 0.1454482150968216, 0.4993976540939458, 135122000000
-0.11835176977603909, -0.014843590490273112, 0.49963311268840416, 135127000000
0.008407362051683062, 0.13500193506267208, 0.49976739528643715, 135132000000
-0.1206034252723833, -0.0058223407657754, 0.5001004029149481, 135137000000
-0.02396564895192485, 0.058042410808966854, 0.49975272207082305, 135142000000
0.005751245910939276, 0.1413010594588538, 0.4996921951571595, 135147000000
-0.10957542510249524, -0.0016565826302351108, 0.4994220151066592, 135152000000
-0.029693705175372884, 0.10641975833548174, 0.5002391510394466, 135157000000
0.0172482328600053, 0.17538096979581533, 0.4997142580925565, 135162000000
-0.10645991044852458, -0.03698738964663045, 0.499462926769009, 135167000000
-0.025337400953399248, 0.07692784544628166, 0.49953845383183165, 135172000000
-0.007853216087070233, 0.20265004172097545, 0.4995222960798938, 135177000000
-0.09378439179385625, -0.02663116699586585, 0.49962845123607663, 135182000000
-0.074345196009486, 0.07542371953569657, 0.49988336836414116, 135187000000
0.012870577578179485, 0.1810017540283123, 0.4994515278325238, 135192000000
-0.1049133428526919, -0.01696539561397661, 0.49942408613924116, 135197000000
-0.06042302712887504, 0.09075488860005548, 0.49996442238754574, 135202000000
0.0014374345139868626, 0.17259334580300176, 0.49942076554851933, 135207000000
-0.12152468636230526, -0.04666097474942382, 0.499959101211988, 135212000000
0.00654456163652602, 0.15028206206511846, 0.49929890914555136, 135217000000
-0.13755153576667833, 0.005971754065653319, 0.49946909246615984, 135222000000
-0.040236876359693814, 0.050255488755636554, 0.49959972383309775, 135227000000
-0.015709255734661337, 0.18039704272390886, 0.49964603603654617, 135232000000
-0.09421429340524372, -0.03372211693415133, 0.49957399732417795, 135237000000
-0.027514423661874766, 0.13636870986441813, 0.49952660702153684, 135242000000
-0.057712997255952136, 0.07938914931154897, 0.4997169273114618, 135247000000
-0.0781592289994655, 0.007905624883064056, 0.49965822994229653, 135252000000
-0.06116994715944301, 0.056115827536400015, 0.49957570701752985, 135257000000
0.016944931836793277, 0.17541666864880048, 0.4994661978376465, 135262000000
-0.12254498398787589, -0.0119519130511698, 0.49977983624149164, 135267000000
-0.04827769932276733, 0.0866886868807592, 0.49952774415560003, 135272000000
-0.029087264585877494, 0.17524718674613168, 0.4992662199573854, 135277000000
-0.1357618616267996, -0.03265099338842056, 0.49987937710430336, 135282000000
0.004988694455138859, 0.16260251443028834, 0.49970243385980556, 135287000000
-0.10757780831617214, -0.03860401106408301, 0.4995530401920182, 135292000000
-0.00733513465338001, 0.10100080083417867, 0.49987766462492284, 135297000000
0.00977143728571, 0.17901548957141608, 0.4997073724023167, 135302000000
-0.13996836943335003, -0.04042699179062925, 0.4992895469476634, 135307000000
-0.02971688276304594, 0.09448025090235021, 0.4997842441902387, 135312000000
-0.052550805029340134, 0.061892474764321984, 0.49959586193414046, 135317000000
-0.05375431745912285, 0.03175213730211296, 0.49985561735454886, 135322000000
0.009703445484714222, 0.17365785584717605, 0.49968057943372, 135327000000
-0.11860847774034101, -0.014850425084978237, 0.4997224154798784, 135332000000
-0.051228315937369415, 0.0919546293494656, 0.49949341366701633, 135337000000
-4.257648634723322e-07, 0.17014591417680938, 0.5001146116587095, 135342000000
-0.10816024453874129, -0.04313739381589499, 0.49988730113495566, 135347000000
0.0031500396118009782, 0.16555932706058504, 0.4995904793766499, 135352000000
-0.09981906182637029, 0.015861249687651898, 0.49926852233051866, 135357000000
-0.05266986916243694, 0.06829165802365657, 0.499717612909655, 135362000000
0.013515714962229013, 0.2045300129125675, 0.4997843284834324, 135367000000
-0.09960568687563724, -0.06604081674434853, 0.5000675154776469, 135372000000
-0.06269398928582261, 0.0459557504063037, 0.49980940567657733, 135377000000
-0.057295854499264644, 0.07757094648453805, 0.5000029500242898, 135382000000
-0.05732459628945698, 0.06192198890904299, 0.499738437819911, 135387000000
-0.010324164042323305, 0.1653678528615395, 0.4998452121253242, 135392000000
-0.0948636807727344, -0.03848495808797011, 0.4997283399925444, 135397000000
-0.04621268889166744, 0.07838049741311857, 0.49985245382364984, 135402000000
-0.019150299342661714, 0.1851352372557912, 0.4990672549459459, 135407000000
-0.10141531829639429, -0.015119734727907848, 0.4996411128146467, 135412000000
-0.0474254620716283, 0.15693478996372465, 0.4995132883510929, 135417000000
-0.09602050875242463, -0.0030717282943913556, 0.4994640636162093, 135422000000
-0.05235581263574785, 0.07572361035461182, 0.4995987205633714, 135427000000
-0.03419814560480823, 0.1303726596921732, 0.49989891504527184, 135432000000
-0.058462918060576914, 0.08828855680074753, 0.49953883750600364, 135437000000
-0.10248388780174045, -0.04091438814715691, 0.499300656084755, 135442000000
-0.03199053531236824, 0.07053047473252953, 0.4998087668877338, 135447000000
-0.059148826012343, 0.0924569373674186, 0.4995739084848122, 135452000000
-0.06598600499041195, 0.054829468994412614, 0.4997754520199135, 135457000000
0.0014825442362109815, 0.18932232775207994, 0.49976051511809033, 135462000000
-0.0965999379853456, -0.05389203010840916, 0.49943068883891023, 135467000000
-0.031193514702170733, 0.08331424232830509, 0.4997031890705279, 135472000000
-0.024676114201753585, 0.15401865240953494, 0.4997359288300781, 135477000000
-0.09450887639157676, 0.019593163070143815, 0.4996314666929071, 135482000000
-0.04309537960039705, 0.07521681481294701, 0.4996345494686118, 135487000000
-0.0314434640949559, 0.14779121811357934, 0.4999097479239141, 135492000000
-0.07139616810223388, -0.01606880856131272, 0.4996125338654662, 135497000000
-0.08489943039175907, 0.09643871706285491, 0.4995825323366954, 135502000000
-0.02639145638417966, 0.18746350082662794, 0.5000085851172965, 135507000000
-0.12639369496920055, -0.051480437657067786, 0.49918266867841304, 135512000000
-0.027629510005562363, 0.08572115359066236, 0.4997126885820999, 135517000000
-0.02716384146401238, 0.08481371606711235, 0.49986354701305263, 135522000000
-0.07207999937305817, 0.08545489602694867, 0.4997525952151695, 135527000000
0.012690462580064236, 0.22654079972862548, 0.4997374387304785, 135532000000
-0.10507582056736824, -0.004276363768706895, 0.4993424905751727, 135537000000
-0.02616104411905588, 0.07818866853774051, 0.4999156607413362, 135542000000
-0.02672384500502631, 0.16902214581524083, 0.49964700348066243, 135547000000
-0.11787274962282863, -0.035552412877004315, 0.49947971595143004, 135552000000
-0.04087250376183519, 0.17441954037299956, 0.4999319358030851, 135557000000
-0.14578125734246936, -0.02099288358649323, 0.4995915461048213, 135562000000
-0.08187476442930385, 0.08085029066004548, 0.4997482608121809, 135567000000
0.01584558182772172, 0.19395759542206195, 0.49943430157580265, 135572000000
-0.11157557824392035, -0.022971815181163504, 0.49956322395017455, 135577000000
-0.029504398959637045, 0.0960659023298791, 0.49963559084831066, 135582000000
-0.009871657400493578, 0.1358295078683514, 0.4993856014364586, 135587000000
-0.1307587128008797, -0.03415272043201209, 0.4996871238482462, 135592000000
-0.06843221436638594, 0.050282296531968626, 0.4995255895576192, 135597000000
0.02125705651841339, 0.19356148035951742, 0.4993933392937853, 135602000000
-0.10687237407087909, -0.022728317287504334, 0.49961002112189823, 135607000000
-0.05743662032270402, 0.06305112756009838, 0.49960379874974753, 135612000000
0.0002292454847872686, 0.16306577986036033, 0.49953726981645685, 135617000000
-0.09807425965491497, -0.03594788114659202, 0.49997873837805273, 135622000000
0.01456425914352609, 0.17544722458619527, 0.4996869756199706, 135627000000
-0.09622861246455537, -0.009502329803746143, 0.49928662570574917, 135632000000
-0.03889485834694237, 0.0946316975301721, 0.49979861984925816, 135637000000
-0.011930723663348347, 0.15979353021867318, 0.4994689191204542, 135642000000
-0.11769150792710022, -0.019844690619110254, 0.4995754390548888, 135647000000
-0.05046791841509371, 0.08212392584143365, 0.499795035462822, 135652000000
-0.03527823514920124, 0.18017251177331536, 0.49936562568375875, 135657000000
-0.119604711502197, -0.025997528704932008, 0.49974625530106376, 135662000000
-0.06009947809048294, 0.04450122116583108, 0.4999742888539248, 135667000000
0.0005370077159043509, 0.16225318416697865, 0.4995014141017595, 135672000000
-0.10222396523089305, -0.03325019467182799, 0.4995533585675987, 135677000000
-0.03508295780146499, 0.07917205483856853, 0.4994050030258856, 135682000000
0.002678563301694246, 0.13726701958890106, 0.49952071275418497, 135687000000
-0.11926382060044032, -0.007618155827148504, 0.49951643766405246, 135692000000
0.019319091988955144, 0.13780016031555345, 0.4996748779059584, 135697000000
-0.08264658176111923, -0.02180414428044231, 0.4997365699900904, 135702000000
-0.044634286186349174, 0.052919179620774054, 0.4999398442675816, 135707000000
0.012906193137816971, 0.14666385034755383, 0.4993547568349254, 135712000000
-0.14319842012360423, 0.011456975991752397, 0.49939774742445947, 135717000000
-0.07574048352003254, 0.10660027475669351, 0.4998428517076058, 135722000000
-0.048993107055399034, 0.05183680868733896, 0.49967100693042765, 135727000000
-0.06822556644802144, 0.0696761349485881, 0.499479342103727, 135732000000
0.0103122313560828, 0.14712768971229082, 0.49988860706682225, 135737000000
-0.1040637325171673, -0.00730453237960017, 0.4994528920425543, 135742000000
-0.06642418133562697, 0.10663603310043288, 0.499497194980491, 135747000000
0.010631520955190616, 0.15559014218125772, 0.49941936452581404, 135752000000
-0.12306427124343712, -0.05352315154546714, 0.4993856812857702, 135757000000
-0.0544165259487169, 0.06225164713045165, 0.49972028344756203, 135762000000
-0.054666443296089696, 0.141276620438781, 0.4995768486537935, 135767000000
-0.06488317372502468, 0.001279841419389673, 0.4993197814866458, 135772000000
-0.05104601296149231, 0.09833055817961762, 0.5000282982062173, 135777000000
-0.008750631356276113, 0.1400435420147613, 0.49972836068147836, 135782000000
-0.11644983570215352, -0.05226533989959673, 0.4995960639115304, 135787000000
-0.03784463481569991, 0.05942103250137182, 0.49968675022457876, 135792000000
-0.05817016070394612, 0.11833148496671919, 0.4996285353316334, 135797000000
-0.08241116392176762, 0.05991678269746396, 0.5000075032782088, 135802000000
-0.03327708018982421, 0.14269150519768403, 0.49953478443815974, 135807000000
-0.11829413477256834, -0.0297388437319788, 0.49961962914623814, 135812000000
-0.07119638870776052, 0.053943370634076386, 0.49984962261707816, 135817000000
-0.0412982227904679, 0.050184633596797916, 0.4996818471480494, 135823000000
-0.0643618441415989, 0.10671213994073467, 0.49973314315462525, 135828000000
-0.010021984423683931, 0.1785004694724448, 0.4997434963603194, 135833000000
-0.07257319796966204, -0.03722747577556713, 0.49928681295664934, 135838000000
-0.043933597057963736, 0.06099870131477772, 0.4998755096606151, 135843000000
-0.035049572405860034, 0.1471805278265066, 0.4995334132295636, 135848000000
-0.11501410841132684, 0.004741206390451514, 0.4994970365430571, 135853000000
-0.05986928799317355, 0.047205634302857985, 0.49961743431875827, 135858000000
-0.015743246820989067, 0.14341769041331648, 0.49956901888219074, 135863000000
-0.08023868471739455, 0.007564546420884891, 0.4997088935716578, 135868000000
-0.052641368639509835, 0.058772584998094506, 0.49961656543583377, 135873000000
-0.033570306543100045, 0.1717880692839838, 0.499559987257233, 135878000000
-0.11942018823977944, -0.08278367085940264, 0.4995387145361688, 135883000000
-0.054108355398799234, 0.07507905264021243, 0.4996241342093472, 135888000000
0.005930061676641403, 0.14989165831687964, 0.4999129680999616, 135893000000
-0.13315295034838778, -0.03786386712153485, 0.4993043774944875, 135898000000
-0.08416444867317277, 0.06980069853917378, 0.4996644216582422, 135903000000
0.01450102431400082, 0.16099822649405893, 0.49968333529805775, 135908000000
-0.11031281992019011, -0.04392743072541193, 0.49911473159360425, 135913000000
-0.08242789405739, 0.06584627814962277, 0.4994549119564881, 135918000000
0.02111897180222542, 0.19416699867574277, 0.4996803137769437, 135923000000
-0.10741664310343423, -0.009971619227406064, 0.4994944699936403, 135928000000
-0.021837623935972876, 0.12821104241176973, 0.5001907890227238, 135933000000
-0.11268857056755238, -0.020891963796480242, 0.49961014363531137, 135938000000
-0.05403506044276604, 0.11516401642401614, 0.4999151968900393, 135943000000
-0.022860912152597408, 0.1551555454384564, 0.4995535866698982, 135948000000
-0.09847855782859999, -0.03433224132240467, 0.4998590782944598, 135953000000
-0.03855286685166576, 0.07011021543645446, 0.4995630766371057, 135958000000
-0.036706606727332516, 0.08494893465171352, 0.49952701984478065, 135963000000
-0.0408191000352193, 0.07490867232051915, 0.49986864336110254, 135968000000
0.009975708409306281, 0.14071312435057126, 0.49985636699452607, 135973000000
-0.14001823947355152, -0.023929412332783753, 0.4998002003790232, 135978000000
-0.03702441477825781, 0.10055637969525702, 0.49990252925552586, 135983000000
-0.014784944730080948, 0.1714920091121633, 0.4991258155511713, 135988000000
-0.12924619569159387, -0.04289225521921666, 0.49956657324440057, 135993000000
-0.011785890942702316, 0.14512988326784124, 0.49977861708973126, 135998000000
-0.06841942534509313, -0.00395190029517666, 0.49969307704320365, 136003000000
-0.07202990310098119, 0.09579405981913786, 0.4998657531001285, 136008000000
0.0033437895199020786, 0.16394537937731307, 0.49950690685732957, 136013000000
-0.11070482769788219, -0.021215416117670517, 0.49929923347397076, 136018000000
-0.07724707350112248, 0.06604176660547298, 0.499841264928488, 136023000000
-0.04435721535489614, 0.05323205178855954, 0.499451681968169, 136028000000
-0.04955638405766764, 0.0763125196218834, 0.4999622492319864, 136033000000
-0.010222166401336451, 0.140141903900045, 0.4995833081683778, 136038000000
-0.1110953587004262, -0.04860444968507142, 0.4996361155482077, 136043000000
-0.06252514849786955, 0.07442049635545449, 0.4997889033960471, 136048000000
-0.03256632233787551, 0.0965955510412447, 0.4997295212172774, 136053000000
-0.058994077886397565, 0.053945749226252504, 0.4994873607884071, 136058000000
-0.026174375524985277, 0.17684733939345024, 0.4998803247005117, 136063000000
-0.08739483910284936, -0.01609922458959911, 0.49952239287679345, 136068000000
-0.08337928188814131, 0.0704230406827095, 0.49976066202846814, 136073000000
0.0025704567509667667, 0.14422366067226122, 0.49977566173497096, 136078000000
-0.09753829612695165, 0.016341357132450482, 0.49980799586384567, 136083000000
-0.05782010016485829, 0.07106974827030886, 0.4993711541507457, 136088000000
-0.0010870042817339174, 0.17260469350660446, 0.4993135896460952, 136093000000
-0.08663109767261798, -0.03117397129187366, 0.499919849056128, 136098000000
-0.07475073908944359, 0.10670695692005884, 0.4994954241049576, 136103000000
0.013204159061420433, 0.1779581879544655, 0.49951986331836556, 136108000000
-0.09365961751053549, -0.029033517514371485, 0.49955325351158897, 136113000000
-0.039879576034291125, 0.06108810853911925, 0.5002771111444393, 136118000000
0.002913371057209075, 0.13789826919791232, 0.49956460926022633, 136123000000
-0.10366558552312709, -0.032136110682185304, 0.49941899563867087, 136128000000
-0.06805505367747064, 0.09176651550740005, 0.500036711788703, 136133000000
0.016427205743717286, 0.18672060981894079, 0.4994215597436849, 136138000000
-0.0896177890783842, 0.0061433855626248125, 0.49889742808587123, 136143000000
-0.024547953183168887, 0.10037023243385715, 0.4994667682434897, 136148000000
-0.002862303103616327, 0.18617382830564277, 0.49953170588366475, 136153000000
-0.13054113844689597, 0.014605127304582698, 0.49948808063689143, 136158000000
-0.0008639495269631425, 0.1776015580541627, 0.4996797892300168, 136163000000
-0.11313404166824019, -0.011598265485712462, 0.4995594380997566, 136168000000
-0.05064602109162532, 0.058908636219241695, 0.499399557670868, 136173000000
0.014767460135496893, 0.1770428247743858, 0.49933026544063763, 136178000000
-0.11219348717569648, -0.016276969397494758, 0.49990097509392545, 136183000000
-0.031299980049245696, 0.07595836485521933, 0.5000019868874735, 136188000000
-0.02217220292523077, 0.08746369813277739, 0.4994964937655456, 136193000000
-0.06697830257686244, 0.08340364963170253, 0.49956547735175605, 136198000000
0.0004967313045618408, 0.17691149236560602, 0.49946386945678317, 136203000000
-0.10216488236303439, -0.007298039979919761, 0.49941751187408284, 136208000000
-0.02619910562565458, 0.10357685762814253, 0.49949345676292667, 136213000000
0.04987213156978479, 0.1879395372474322, 0.4995371545510934, 136218000000
-0.092996951408514, -0.0013730851488487975, 0.4999934862651422, 136223000000
-0.05506372511475104, 0.16359798008811274, 0.4995354858970363, 136228000000
-0.07671483769238335, -0.015944200554163485, 0.499637423298652, 136233000000
-0.03181523038057764, 0.1085044248733079, 0.5000227305178326, 136238000000
0.0032965905058523035, 0.14747793312749508, 0.4995596893181584, 136243000000
-0.1055926530140846, 0.002641033270066699, 0.4995828017729835, 136248000000
-0.02823680272918079, 0.0969545101270291, 0.49930501125396026, 136253000000
-0.056004492739092256, 0.08404572848936791, 0.499372784824101, 136258000000
-0.06461686679737218, 0.05494913933878738, 0.4995678862289326, 136263000000
0.022624281816027183, 0.19872196227709293, 0.49974854356851867, 136268000000
-0.095427560840501, -0.005029039837113645, 0.4995471486242591, 136273000000
-0.050523810201238084, 0.10200847357916995, 0.49933038723629297, 136278000000
0.007842419550692216, 0.16997844014862049, 0.49944296752549944, 136283000000
-0.10810809537529043, -0.027541876411730403, 0.4997577951054291, 136288000000
-0.005847529158034153, 0.14432345576827743, 0.4997314884836835, 136293000000
-0.10102295146058898, -0.005513824447647208, 0.4992804668505033, 136298000000
-0.07497820534479152, 0.08421013229280408, 0.4995331378871047, 136303000000
-0.07315818489613984, 0.0786018747597801, 0.49964515967465134, 136308000000
0.008006071684259349, 0.16494647532251872, 0.49945107788031623, 136313000000
-0.09720809645919429, -0.031845308788325685, 0.4995056457526985, 136318000000
-0.04995287942284531, 0.12422614868108461, 0.499998298148582, 136323000000
-0.053074218763988344, 0.0797208571167901, 0.49945753921476554, 136328000000
-0.04930698233060981, 0.04735980386276187, 0.49983653755036644, 136333000000
0.0038079122918016333, 0.16887190589696374, 0.49973842425501347, 136338000000
-0.13011896451570884, -0.013960591867990566, 0.4989068366047508, 136343000000
-0.06797589742073254, 0.0650564712816239, 0.49994214394594905, 136348000000
-0.001225324858511867, 0.2058712850300178, 0.4992982381325347, 136353000000
-0.10774591856249471, -0.040228664822611365, 0.4995801972729445, 136358000000
-0.07472731577545835, 0.07185140429002596, 0.4997565728520052, 136363000000
-0.03389261149109727, 0.15947761341212371, 0.499997594100373, 136368000000
-0.09316436256531506, -0.0009838295979303253, 0.4997475330360782, 136373000000
0.0051757460402494185, 0.1593037594014621, 0.49979337292764386, 136378000000
-0.12579281232627915, -0.007584800006640667, 0.49948687492574784, 136383000000
-0.06078981232081061, 0.08796313138476106, 0.5000087027374448, 136388000000
0.0006426904270264481, 0.1781361445800526, 0.4997504326336057, 136393000000
-0.09719717110110265, -0.03316281317714557, 0.4996283339123726, 136398000000
-0.03942607651026871, 0.08526745634805626, 0.49937867034511746, 136403000000
-0.0070492901358639014, 0.16497670088507163, 0.4995843910943587, 136408000000
-0.10033249450788559, -0.019415712063371105, 0.4996447169790703, 136413000000
-0.024479405728944827, 0.0572906151828923, 0.49938716711544484, 136418000000
-0.013399062955616835, 0.15838897229788756, 0.49953244304711225, 136423000000
-0.09181958289173323, -0.03906372201964188, 0.49969953995377897, 136428000000
-0.06054521133985088, 0.08369212761271692, 0.4996107552624584, 136433000000
-0.008169585508444412, 0.17237856532820767, 0.4997418228221601, 136438000000
-0.11668366882069314, -0.03829772181460917, 0.499199503285218, 136443000000
0.0049139201081183775, 0.12254559774356454, 0.49942380490233257, 136448000000
-0.08364364549781668, -0.01939882895797723, 0.4997032326129687, 136453000000
-0.02962457702781338, 0.0565260281427406, 0.4998095349433298, 136458000000
-0.002836112573319993, 0.15796110859618503, 0.49940487840403297, 136463000000
-0.0938850716006051, -0.027857413678177973, 0.4995381482929844, 136468000000
-0.031865642440444014, 0.1130565688826778, 0.4996853272837362, 136473000000
-0.05496679245170114, 0.10900222703177123, 0.4994996724398706, 136478000000
-0.07083897222036509, 0.08843042549420845, 0.49940251828207416, 136483000000
0.015252803561778244, 0.18552847660863062, 0.49993238725492106, 136488000000
-0.13355992441195355, -0.042396573263504586, 0.49944858802507025, 136493000000
-0.06952633006218623, 0.05341754673050747, 0.5002256960973638, 136498000000
0.009534545915903142, 0.18042773323640118, 0.49974151386663745, 136503000000
-0.11770575799865046, -0.051789158547094476, 0.499828725709208, 136508000000
-0.047452281232312515, 0.16872664048912156, 0.49989646352300543, 136513000000
-0.1237765093115312, -0.0428832884939173, 0.4995636912817373, 136518000000
-0.06124589879288288, 0.061931956753020344, 0.499527235837538, 136523000000
-0.0061840649946534485, 0.15453431664649075, 0.4995701211848314, 136528000000
-0.11519884986697423, -0.00017110164827683141, 0.4993921159028998, 136533000000
-0.08213270087486767, 0.08588349313967411, 0.4995215507489123, 136538000000
-0.03541634090053343, 0.09756166022672796, 0.499861690420759, 136543000000
-0.06554442284575293, 0.06335479070959889, 0.49968690759587, 136548000000
0.021921823023808688, 0.19844604945970912, 0.49979368165804317, 136553000000
-0.11338652160618014, -0.017975739080447577, 0.49957754019291584, 136558000000
-0.046150464218765626, 0.09905272104695283, 0.49949704756336427, 136563000000
0.01383697140929914, 0.15159192097055824, 0.49947275859996143, 136568000000
-0.10183840984817606, -0.022423352284268238, 0.49950436357269506, 136573000000
-0.04442087613584017, 0.09141823981388715, 0.5001080842714538, 136578000000
-0.02606172117874463, 0.1542411441624088, 0.499709858674253, 136583000000
-0.07815742137941374, -0.029902931136803614, 0.4996214322380304, 136588000000
-0.044658842599012705, 0.05374200842742883, 0.5000085166316516, 136593000000
0.02073058452913152, 0.17432140568770751, 0.4993898364316394, 136598000000
-0.11675065261278665, -0.017197188538094495, 0.49936136527500385, 136603000000
-0.07117011933139405, 0.06506709774221153, 0.49978136044990806, 136608000000
0.01659022931750933, 0.16824528778833928, 0.49958915110523733, 136613000000
-0.11681607372790155, -0.029917213144700902, 0.4997439123400289, 136618000000
-0.0675666098807804, 0.072761197052866, 0.49978417012859766, 136623000000
0.0026874942768351506, 0.1814107155389672, 0.4995161313795236, 136628000000
-0.13977690309873544, -0.008273901979864842, 0.4996904574991472, 136633000000
-0.07007285357781319, 0.07597732482361305, 0.49975729035477, 136638000000
-0.00024674736341431813, 0.14476609174532762, 0.4994699196165617, 136643000000
-0.15127017526697273, -0.032234455676793616, 0.49979001731644224, 136648000000
0.01531872811910574, 0.17175163338644783, 0.5001560748688533, 136653000000
-0.09968362748589511, -0.0192879849602259, 0.49971359716081787, 136658000000
-0.04176549370178788, 0.06815105943089125, 0.49958000132777586, 136663000000
0.017168969105786507, 0.18916069028397942, 0.49957863502059296, 136668000000
-0.1323517887134566, -0.030930056333594136, 0.49982357059779914, 136673000000
-0.06670235561582497, 0.08108012447028579, 0.49938026973860733, 136678000000
-0.040442746225251264, 0.06427603211347915, 0.49962256639009245, 136683000000
-0.09480374209173922, 0.0685726713260555, 0.49967965248680396, 136688000000
0.05511764162179475, 0.188643626658462, 0.499763463506963, 136693000000
-0.13155971359912783, -0.030249511442405903, 0.4993937725653872, 136698000000
-0.043128386793319026, 0.03810397627450678, 0.4997166534863853, 136703000000
-0.003466141069247817, 0.14280879491701717, 0.4993922451734939, 136708000000
-0.13927886205460857, -0.04233472036384388, 0.4995478311840059, 136713000000
-0.0012276895759320023, 0.19172528015992543, 0.49958092077235494, 136718000000
-0.11162073562871515, 0.001320752039662084, 0.4995373904930376, 136723000000
-0.03987839245809942, 0.07997496734674256, 0.4999314774443248, 136728000000
0.004095965553152218, 0.18481317760514887, 0.4995245646402828, 136733000000
-0.0925705467187767, -0.05778663210558751, 0.49962025535966786, 136738000000
-0.033397424934347456, 0.05078476460210991, 0.4997738174946339, 136743000000
0.028754048751585583, 0.17102989274092292, 0.4998560070038043, 136748000000
-0.11111082686061875, -0.03111650298175014, 0.4994530762799093, 136753000000
-0.03913949718669868, 0.07345815574161382, 0.5000313610604661, 136758000000
-0.00363269559553931, 0.17729964409774462, 0.49933836634030554, 136763000000
-0.11144794191044392, -0.00510697602051843, 0.49941927257892005, 136768000000
-0.05309273855263788, 0.08551492304962048, 0.4999072878278992, 136773000000
0.01991431483029452, 0.18060512251472421, 0.49961281878698066, 136778000000
-0.10574726007336754, -0.002607747452950414, 0.49991888833080217, 136783000000
-0.043933350846908574, 0.16692351973458727, 0.499362003590787, 136788000000
-0.09684766705488664, 0.02578375493782378, 0.49948624205918457, 136793000000
-0.026972392142913602, 0.08152986998936576, 0.49949150704315365, 136798000000
-0.045367225226735225, 0.06931643999155833, 0.4994916283496116, 136803000000
0.009035920725034861, 0.15295250970589766, 0.49961673569447973, 136808000000
-0.11654852040761522, -0.010455834695858434, 0.4996541857040905, 136813000000
-0.06839626846540085, 0.07723513443459983, 0.5002194311609827, 136818000000
-0.09276113896136651, 0.0639416551088427, 0.49925516681508614, 136823000000
-0.06452327081002174, 0.07730482494367973, 0.49996838968490237, 136828000000
-0.023269571143305617, 0.14947336969258773, 0.49991262880212267, 136833000000
-0.1301079703223702, -0.04581945692054547, 0.4997987874605694, 136838000000
-0.053177337804571415, 0.09115119868445733, 0.49975618544494377, 136843000000
-0.006828545733789284, 0.17173173027717248, 0.49958796249716514, 136848000000
-0.12753403948963157, -0.01928502632031908, 0.49948679674775015, 136853000000
-0.03920300370120333, 0.18195830267450008, 0.4995401127934089, 136858000000
-0.08037111465221976, -0.023141067696042343, 0.4996457977661088, 136863000000
-0.04517156139583105, 0.09415448525680682, 0.49986382922697387, 136868000000
0.00037652801216051836, 0.1494079656196186, 0.4997026701965165, 136873000000
-0.12269411415783449, -0.03833398703032399, 0.4994894650344288, 136878000000
-0.038365200275931696, 0.0768039119291627, 0.49976873958995505, 136883000000
0.011453610850710623, 0.06524339677622157, 0.4994621162292011, 136888000000
-0.06137636682411838, 0.056773448013935274, 0.49969418129879406, 136893000000
0.029416891292008772, 0.17103005563965917, 0.4994731200456398, 136898000000
-0.11575500300808164, -0.039388573698978746, 0.49959896666648373, 136903000000
-0.0667278326037024, 0.08491423789172603, 0.4997885299212255, 136908000000
0.004760589008244061, 0.15383782046444658, 0.49956780775752635, 136913000000
-0.10420168459569508, 0.008347428463703236, 0.49961655821975165, 136918000000
0.004439235867809647, 0.15250707407659722, 0.49950884589624495, 136923000000
-0.09540760840711415, -0.034234301898531216, 0.49968742132463806, 136928000000
-0.06934088585886503, 0.06443562964443593, 0.49972788224613296, 136933000000
-0.027515506397090665, 0.16961287014581206, 0.49939437168781625, 136938000000
-0.08470380784019133, -0.03537033349673411, 0.49964785946122847, 136943000000
-0.03379603632938009, 0.0662580249460287, 0.4996179721695069, 136948000000
-0.03611794041168913, 0.09347144833603947, 0.4994625705690999, 136953000000
-0.032965659054859195, 0.062141408528109336, 0.4997929617514791, 136958000000
0.03543654657686326, 0.15715602914599622, 0.49984540851243714, 136963000000
-0.11278325106281295, -0.04771458512771652, 0.4995436284348047, 136968000000
-0.05818825665183263, 0.09631055589365599, 0.4994986368755609, 136973000000
-0.0018543432756401353, 0.1394949278641652, 0.49969931322795097, 136978000000
-0.12186237638655438, 0.005060478166708017, 0.49959599880139804, 136983000000
-0.04101422264815309, 0.08450023347803137, 0.4997202827129948, 136988000000
-0.009508693581809906, 0.14142042466982924, 0.4995668876428487, 136993000000
-0.1282708886309243, -0.060866757442636955, 0.49963401917781153, 136998000000
-0.04042236296769447, 0.08665671861677098, 0.499693459125597, 137003000000
-0.0339602560275152, 0.16805701638288736, 0.49947169666073116, 137008000000
-0.1070942157253836, -0.0340318476733211, 0.49946907670414636, 137013000000
-0.055328436626275374, 0.08011349471537123, 0.4993864643987438, 137018000000
-0.030443650773029372, 0.1732447859952851, 0.4998348356665638, 137023000000
-0.13334453157228238, -0.0007670615338777104, 0.49960480301294763, 137028000000
-0.04972501744132314, 0.0733738887073099, 0.4995748239828401, 137033000000
-0.0022844133374210914, 0.15108592147300648, 0.4999208278365341, 137038000000
-0.10051706051816167, -0.0003315066605319439, 0.49954259911259224, 137043000000
-0.03177057587258211, 0.09276722140844702, 0.5000813745746905, 137048000000
0.00645825665512992, 0.2054510376043756, 0.49942231094995404, 137053000000
-0.11033370638924381, -0.011041170333142171, 0.4994611953661179, 137058000000
-0.025844078703502152, 0.16319945865455604, 0.49967477855760983, 137063000000
-0.09369999279727359, -0.021341865021484392, 0.4995070725854968, 137068000000
-0.05002679595303606, 0.09007398940086266, 0.49959978562833435, 137073000000
-0.020944981942253384, 0.20117690904345006, 0.4993209592434061, 137078000000
-0.08806093539353121, -0.046327134698308806, 0.4996462935141957, 137083000000
-0.09406538551988214, 0.09146633503888595, 0.49997062408808696, 137088000000
-0.06484486241499568, 0.05519873338875414, 0.49988703929987544, 137093000000
-0.032244132418129, 0.06390052002092912, 0.49978541749270855, 137098000000
0.0020769391913575343, 0.18519009689630217, 0.4998342041905839, 137103000000
-0.10961543674591655, -0.033209234601854126, 0.4997562412916345, 137108000000
-0.03470566363586832, 0.09692629727106694, 0.4996197552271092, 137113000000
0.004980373229108325, 0.16612484626191282, 0.4994597004858845, 137118000000
-0.07358613981446574, 0.005509717335192883, 0.499596224636448, 137123000000
0.00907159318555329, 0.2168939953538364, 0.49987812341921506, 137128000000
-0.08000387485554254, -0.007297585847687639, 0.49944902475472713, 137133000000
-0.0636283775164074, 0.04714623243098311, 0.49984354355370286, 137138000000
-0.06848870489588135, 0.12676692527066413, 0.4999363482004657, 137143000000
-0.014926667214834346, 0.13457381047346748, 0.49926338862193076, 137148000000
-0.11918968832104493, -0.0008936557459286176, 0.4995751354790036, 137153000000
-0.060888300374502664, 0.07872990369836128, 0.4998602349066473, 137158000000
-0.07501328012928324, 0.06338284031530626, 0.4993839869906762, 137163000000
-0.07165724046847502, 0.052614948927454885, 0.4996600159051146, 137168000000
0.008428342329915177, 0.17926351844501925, 0.4997765181339242, 137173000000
-0.10014261121469943, -0.022305221863161886, 0.49968153214817695, 137178000000
-0.05002066310581743, 0.07911115649796828, 0.49993000239562807, 137183000000
-0.01210539004654368, 0.1808197988723036, 0.49955452048773913, 137188000000
-0.08755237838524675, -0.0074912282772364395, 0.4996118113717978, 137193000000
-0.03243433574730097, 0.08632895097157671, 0.49962152061839327, 137198000000
-0.05976707720100924, 0.06766410978548394, 0.49978580900521147, 137203000000
-0.08095914001948891, 0.0577022656554268, 0.4995949495239763, 137208000000
-0.049754421937814146, 0.09775122758720443, 0.4997445691101178, 137213000000
0.0016965012765878984, 0.14454447174689317, 0.4997541019336904, 137218000000
-0.10407746815756677, 0.003872017935808089, 0.49965136405281824, 137223000000
-0.056505586786000296, 0.06897773463563073, 0.499962971187275, 137228000000
-0.03303885253900305, 0.06859398320702323, 0.4997624271983106, 137233000000
-0.03931627230850443, 0.05643400334854387, 0.4997447491884153, 137238000000
-0.009273614405665286, 0.1804036652528819, 0.49967525972971477, 137243000000
-0.11715881012695926, -0.038938400178138884, 0.49973568541555635, 137248000000
-0.044300008490230434, 0.08060654487625696, 0.49941895663196806, 137253000000
-0.0011422012094842034, 0.17377941578281755, 0.49978569307187914, 137258000000
-0.10449446229251914, 0.004409385164169961, 0.499256472707132, 137263000000
-0.010668559950155053, 0.16154424092800532, 0.4993584885059092, 137268000000
-0.08569232099254737, 0.017067396945117455, 0.4997254086930984, 137273000000
-0.0445976358681864, 0.07829887285300462, 0.4999412056326151, 137278000000
0.04278956692515703, 0.20132236620155303, 0.4997299705171321, 137283000000
-0.11802166715902905, -0.06552356762411493, 0.4994959749323523, 137288000000
-0.07117097003502341, 0.061230704145968505, 0.4993090964381128, 137293000000
-0.05082272210142832, 0.048057457407540305, 0.4998466956202685, 137298000000
-0.1003701807445494, 0.05763772591104496, 0.4995531531973011, 137303000000
-0.005934308048149125, 0.1548820146760116, 0.4998244568478764, 137308000000
-0.12768172707900172, -0.005326277208982006, 0.4993977562834139, 137313000000
-0.0751113064419892, 0.06431056039162941, 0.4995939160787565, 137318000000
0.01704173341555165, 0.1462258697796967, 0.49957139817005997, 137323000000
-0.128802273509725, -0.0201860979977726, 0.5000731129369836, 137328000000
0.014719768669654413, 0.1599801140579743, 0.49946417923608666, 137333000000
-0.10837776602204298, 0.022174297048543606, 0.4993579962358753, 137338000000
-0.0183667478281209, 0.05900464686054421, 0.499616995768615, 137343000000
-0.07554831956700614, 0.09322323743880068, 0.4995503247526444, 137348000000
-0.03404834621209883, 0.0495388319758074, 0.4993566922675983, 137353000000
-0.06817426488566745, 0.07171382902020855, 0.5000251319483009, 137358000000
-0.05364050176885011, 0.08691812176539777, 0.4998922357757597, 137363000000
-0.03190684911683307, 0.06107072654527451, 0.499544386626848, 137368000000
-0.04347623345307218, 0.082461133944938, 0.49974984858638544, 137373000000
-0.020084697771477387, 0.18707863185655088, 0.4995131973028212, 137378000000
-0.12750391415224188, 0.0009523445930103257, 0.49979119088583945, 137383000000
-0.09463248550223083, 0.0352986022553142, 0.49970305257138814, 137388000000
0.0056434598173246385, 0.1509400931740049, 0.49969499901478814, 137393000000
-0.1183635080909085, -0.026804751949357383, 0.49960632515312003, 137398000000
-0.07773005871294336, 0.06403129879428239, 0.4997237190540198, 137403000000
0.0006598365523039834, 0.1883833550494917, 0.4996177414252526, 137408000000
-0.10796951744935745, -0.038721835033531465, 0.4995474330235369, 137413000000
-0.03669851289420217, 0.17826244696869592, 0.4999621837001357, 137418000000
-0.0885472539550297, 0.002939193915317285, 0.49963640688104943, 137423000000
-0.04397435855012671, 0.06300109859037702, 0.4993766312006051, 137428000000
-0.04783434816538167, 0.07362538814049244, 0.5000258324591627, 137433000000
-0.004569532685362967, 0.18147864374472356, 0.49932760207729765, 137438000000
-0.11957158655567462, -0.014220522223535616, 0.49949881688587805, 137443000000
-0.020466717619385004, 0.16777190236651512, 0.4999438540097592, 137448000000
-0.08978328100527581, -0.0261078192894351, 0.499427652777665, 137453000000
-0.030701403980830554, 0.04848155369429753, 0.4998256125129364, 137458000000
0.0038370772428669396, 0.18739552898450892, 0.49944572241907326, 137463000000
-0.11736315663287013, -0.004193863065192038, 0.4995703984044005, 137468000000
-0.046500234970065196, 0.08094817059148628, 0.49941117787572864, 137473000000
-0.007235760066973098, 0.16525455892330512, 0.49946020887614645, 137478000000
-0.10286490341227059, -0.012588248635345276, 0.49947870696051394, 137483000000
-0.009048329117173438, 0.15772884813242993, 0.5001425702078667, 137488000000
-0.0695525183528802, -0.014807188693668783, 0.499466783332114, 137493000000
-0.0707585698030094, 0.0857858359977234, 0.500031905710434, 137498000000
-0.012855445971186447, 0.15501541994715548, 0.49916636402827874, 137503000000
-0.11667400875656551, -0.0036379279648843764, 0.4997208021024416, 137508000000
-0.06226700482874496, 0.08953429920108737, 0.4996371874057006, 137513000000
-0.037379883330545635, 0.08012452949648914, 0.49963749916964606, 137518000000
-0.060378558834633764, 0.07967438039481392, 0.4997216250050593, 137523000000
-0.0018878084791440733, 0.1818064991962271, 0.499721838239842, 137528000000
-0.11118835619478279, -0.017486903997976245, 0.49957649150831585, 137533000000
-0.049063279198566664, 0.08617319816411409, 0.4994185247398624, 137538000000
0.004975258582339538, 0.19367566495337882, 0.49932743385005623, 137543000000
-0.11335325146566569, -0.05608017880929035, 0.4994262390162952, 137548000000
-0.0032259713638548362, 0.15953817427994263, 0.49975696063818803, 137553000000
-0.07913864035551499, -0.010103156860223745, 0.49952615022091906, 137558000000
-0.058392803155248266, 0.06267345012106372, 0.499937747657096, 137563000000
0.02513625766196908, 0.1578899434214091, 0.49936267983328975, 137568000000
-0.1369795898079309, -0.008569526689628956, 0.4995805517305808, 137573000000
-0.053006566619527046, 0.10320789905340205, 0.49966082643212006, 137578000000
-0.002057042108832907, 0.1535028353267751, 0.4995515791610237, 137583000000
-0.08695366277716421, -0.028517423604958226, 0.49970036259303335, 137588000000
-0.050387045141839004, 0.07075774524196998, 0.49983606090414606, 137593000000
0.01927859997900156, 0.14695025251947405, 0.4994497588258749, 137598000000
-0.1152566944028728, -0.031944504293129644, 0.499342935768267, 137603000000
-0.03585566203829037, 0.09707809712104885, 0.4996268859838705, 137608000000
0.0054249322064440835, 0.17307176792209128, 0.49931487651754275, 137613000000
-0.0809688134137843, 0.02793608939413849, 0.4998359166920957, 137618000000
-0.01668628398313904, 0.1702329165592184, 0.4994720328931612, 137623000000
-0.11604584643540095, 0.0009549559894960584, 0.49994799946409996, 137628000000
-0.06815142571245822, 0.062086639067063916, 0.4996200286887355, 137633000000
-0.06587459084167768, 0.07312732753038786, 0.499628628818459, 137638000000
0.013115205591070747, 0.13830290484813912, 0.4989655139744683, 137643000000
-0.0842262383237555, -0.044392673833519386, 0.4998030383250636, 137648000000
-0.050877918306379714, 0.07100958115137125, 0.49978783680200733, 137653000000
-0.029150209473360094, 0.05890495284602419, 0.49971257440767064, 137658000000
-0.08123432616496148, 0.05001085670936518, 0.4997446411609917, 137663000000
0.01916445712556217, 0.15526812971293596, 0.4998668660473987, 137668000000
-0.11873731448698457, 0.017668567243004273, 0.4998548738133599, 137673000000
-0.041819138772375405, 0.08260690468776667, 0.4998028699666638, 137678000000
-0.01655701747275143, 0.17073610068468306, 0.4995458647945134, 137683000000
-0.11634931994618693, -0.019726472592155975, 0.4997716661126151, 137688000000
-0.005210869186966768, 0.12124143194124333, 0.5000936205744827, 137693000000
-0.10532565113963782, -0.0009451297434284901, 0.49958855123064805, 137698000000
-0.037165416532322894, 0.08928246474884957, 0.4996553794547784, 137703000000
-0.0018332782688047175, 0.17292999566176823, 0.49953743656135063, 137708000000
-0.11617506103147231, -0.048728495293771434, 0.499463899203222, 137713000000
-0.03508555040691139, 0.08853287138741267, 0.5000604743823713, 137718000000
-0.038797870270157096, 0.05813280289877716, 0.4993288287675113, 137723000000
-0.06701181616940097, 0.05827483324614509, 0.4996901143972863, 137728000000
0.001256039051942998, 0.18051084175177087, 0.5000031210699752, 137733000000
-0.10262947018135732, -0.03887797163085305, 0.4997712282953972, 137738000000
-0.05520628258538605, 0.05681748927242326, 0.499761089636621, 137743000000
-0.00504614927489931, 0.15673598235118463, 0.49970209227908197, 137748000000
-0.12400201517590134, -0.03015703604769697, 0.4994686587080568, 137753000000
-0.034568889003193395, 0.07676210452503907, 0.49977529890385436, 137758000000
-0.015653271319874804, 0.16987023499324494, 0.499632734826728, 137763000000
-0.12330858248288344, -0.05235097212125811, 0.49989924150260995, 137768000000
-0.08755429516350621, 0.08072722038683595, 0.4996061321348359, 137773000000
-0.002814641602112048, 0.1642465005772654, 0.4994872522191606, 137778000000
-0.10667379010343254, -0.03845059313831299, 0.49974531445193277, 137783000000
-0.061405152834412044, 0.05082861700486288, 0.49929259227625633, 137788000000
0.02339124063561649, 0.16586308686931084, 0.4996118203849193, 137793000000
-0.09875013458114389, 0.008217818467058456, 0.4999120974932933, 137798000000
-0.07559032123878318, 0.08016522742792973, 0.499790534488912, 137803000000
-0.018826446646021542, 0.16787398374498363, 0.4996115334574186, 137808000000
-0.13151818308682955, -0.019469636114451763, 0.4996604206879239, 137813000000
-0.06408406637903821, 0.0957432365456975, 0.4995961004226928, 137818000000
0.015230288864194284, 0.21142349854158782, 0.49948229178581516, 137823000000
-0.07194340609707583, -0.013733926070650555, 0.49975143571943453, 137828000000
-0.020101754357114615, 0.17130552456315615, 0.4995445401381096, 137833000000
-0.1300543967094555, -0.028952262106311966, 0.49918297784702365, 137838000000
-0.058076047960154045, 0.08281855452593977, 0.5001327927546813, 137843000000
-0.0075631253441966004, 0.18745947681262448, 0.49977718978914315, 137848000000
-0.12090333962401213, -0.03787843686587338, 0.49944060315740696, 137853000000
-0.04209144468358232, 0.07979468179570959, 0.499471940662553, 137858000000
-0.054102413020149474, 0.05310410586911589, 0.4997468661252446, 137863000000
-0.08205072337933988, 0.07745155131683375, 0.49978358060292655, 137868000000
0.008666866371458519, 0.18073481225757496, 0.4993384616103682, 137873000000
-0.11489017730006017, -0.024747033058067493, 0.5000478784468098, 137878000000
-0.05117486879155144, 0.08451512301059265, 0.5002014993035672, 137883000000
-0.017226344209996546, 0.1426631342708001, 0.4994951143946908, 137888000000
-0.1232306072907126, -0.056017665927523934, 0.4998346188399613, 137893000000
-0.004309376394937442, 0.16956970900621804, 0.4994689270218512, 137898000000
-0.10138344135945138, -0.03499583190154175, 0.49951914810202297, 137903000000
-0.06946049829320743, 0.10000757131244298, 0.4997078508830432, 137908000000
-0.03245810676231327, 0.17565263269560324, 0.49963663609927866, 137913000000
-0.11357121418854921, -0.009440971234678394, 0.49961157655677874, 137918000000
-0.05074658537908298, 0.0708287719063102, 0.5001474897764003, 137923000000
-0.04610152510105588, 0.06720033675352452, 0.499727923861181, 137928000000
-0.04666460410636382, 0.0786385620460055, 0.4996798042026099, 137933000000
-0.021241684001402184, 0.18189838615536913, 0.49932556986290805, 137938000000
-0.09684978628116801, -0.024443897582036207, 0.49961876485046053, 137943000000
-0.05131506583168763, 0.0577519455469251, 0.49973400961126185, 137948000000
-0.004462796428321149, 0.17353957226620967, 0.4997394127671034, 137953000000
-0.1059761371477777, -0.037001159327057345, 0.4996537034330115, 137958000000
0.00671786273531861, 0.15712983724430235, 0.4996873698191761, 137963000000
-0.05177817396238953, 0.017712235240365123, 0.49956573229900453, 137968000000
-0.09994128301938597, 0.05705542477116721, 0.4995108637332015, 137973000000
-0.003931874228118414, 0.16506108661026367, 0.4996550695757876, 137978000000
-0.10253490384626666, -0.012623442502590919, 0.49937743136681756, 137983000000
-0.07383731723655135, 0.09250827212005816, 0.4999836499488196, 137988000000
-0.020685826359172845, 0.15434346920790223, 0.4994075305128716, 137993000000
-0.1076443456787313, -0.030462909405705847, 0.4995913381623133, 137998000000
-0.07379555852809798, 0.07130427590379315, 0.49990136850907674, 138003000000
-0.015430475309824178, 0.19992970817815214, 0.49913848701643887, 138008000000
-0.09996871527583781, -0.032434894981741534, 0.4996883947473666, 138013000000
-0.046644043882952096, 0.09475892175053383, 0.4996822155291929, 138018000000
-0.06574960148224435, 0.09186354992494888, 0.49963474121326806, 138023000000
-0.061427616185397334, 0.06691863800513427, 0.49987542610049296, 138028000000
-0.0024312668229108693, 0.17662199424268732, 0.49935552036115555, 138033000000
-0.11826066325393259, -0.04785931926334207, 0.49990500107943686, 138038000000
-0.05690086833547597, 0.09419329793860252, 0.4993511626336182, 138043000000
-0.0056789545147412955, 0.14489159898037107, 0.49970401798737146, 138048000000
-0.12409789914622936, -0.0017277821652444242, 0.4992281676227726, 138053000000
-0.09108077129396944, 0.07027239051149436, 0.4995789555361902, 138058000000
-0.0033965508780863865, 0.17009894251483648, 0.49945960062690276, 138063000000
-0.09236630057117971, -0.024913097945586972, 0.499394428690645, 138068000000
-0.04043412474730092, 0.07841971396433667, 0.4999217341609771, 138073000000
-0.008695002092101922, 0.1902456654970097, 0.4994811304074546, 138078000000
-0.14200091380962954, -0.04626248773402954, 0.4999096202182798, 138083000000
-0.06028993687907714, 0.06855807510258537, 0.4997224912911206, 138088000000
-0.05615991355029931, 0.09593833274128466, 0.49941420636365236, 138093000000
-0.09466639889621942, 0.09201983808232513, 0.499434438176538, 138098000000
-0.00842728335375612, 0.15150713265787935, 0.49934729337783335, 138103000000
-0.08105568831231015, -0.014631756680680402, 0.499282735060332, 138108000000
-0.0531578131729949, 0.06844469137794888, 0.49970444774062767, 138113000000
-0.017978724716463043, 0.16233423280228798, 0.49983002709291435, 138118000000
-0.10716288149709713, -0.045193245354973946, 0.49988318127906456, 138123000000
0.003320010272890009, 0.17312722913101036, 0.4994386960659129, 138128000000
-0.09340537337032924, -0.029838973368950424, 0.49948471866478406, 138133000000
-0.08614222151164735, 0.09143850967187565, 0.49965955825531205, 138138000000
-0.004982637077811096, 0.1709988621402065, 0.4995116071587804, 138143000000
-0.09569399875826315, -0.01338868843481561, 0.49951204149649275, 138148000000
-0.06050863990946109, 0.05799577710474215, 0.4996972707270677, 138153000000
-0.03643820671715582, 0.07395650472369193, 0.49960520240091955, 138158000000
-0.06848789947894597, 0.04444037617686877, 0.49966346289169394, 138163000000
0.012077193231063913, 0.15933675261693334, 0.49954204340006325, 138168000000
-0.11030776860599294, -0.02431902768083668, 0.49944816931903324, 138173000000
-0.05293980524218918, 0.054555374203337906, 0.49942740501067134, 138178000000
-0.006265132075459637, 0.18706262657705994, 0.49965764316344385, 138183000000
-0.13315626094548114, 0.0024353033543602284, 0.4994934874021562, 138188000000
-0.030951792159563722, 0.057542077265680516, 0.49940653633716064, 138193000000
-0.003689596465746801, 0.15486055047547093, 0.4997956622148054, 138198000000
-0.08944796284009017, -0.001149574601219219, 0.49946948852080275, 138203000000
-0.06135284659034711, 0.10305753305172818, 0.49955767462373785, 138208000000
0.02415919904807637, 0.16218603521101463, 0.4996047982107361, 138213000000
-0.11016735643563422, -0.0028583229247994557, 0.4995918243277886, 138218000000
-0.01891967102027141, 0.11180431921093564, 0.4994447401697247, 138223000000
-0.007535868086683812, 0.15653705403619517, 0.49968824719628924, 138228000000
-0.11408887418242705, -0.02499071231327229, 0.4996917782241676, 138233000000
-0.05993533584782591, 0.07643704182374829, 0.4998621547186686, 138238000000
0.006684366531828292, 0.13160193258687367, 0.49978854416465907, 138243000000
-0.1306484148984908, -0.004239299766870981, 0.4995667056811281, 138248000000
-0.07193637797571945, 0.0758378836461451, 0.49976405670560775, 138253000000
-0.015291270790936935, 0.17861921930678457, 0.4994675403522042, 138258000000
-0.11701294295517961, -0.0005273218980366423, 0.49981016962939795, 138263000000
0.015422123483235552, 0.16254052467386662, 0.4996233611089138, 138268000000
-0.07623008652210056, -0.015018361644663155, 0.4999265193793742, 138273000000
-0.058900555617772334, 0.08445453270910208, 0.49968350258283245, 138278000000
-0.029276397052777688, 0.15186198898350906, 0.499692985220186, 138283000000
-0.11711710012672409, -0.005007730536059223, 0.4995927334885858, 138288000000
-0.06036310111982504, 0.08352764063149042, 0.4996430509787397, 138293000000
0.0162727005205651, 0.20249295630835623, 0.49956681477490666, 138298000000
-0.08112572800889163, 0.0011836759789626084, 0.4994709193497185, 138303000000
0.0036781237071797264, 0.17950883845998275, 0.4997411697296199, 138308000000
-0.0981467759440942, -0.03250170918432582, 0.4994438139862012, 138313000000
-0.042203525637172154, 0.07635303518695855, 0.4998754855897987, 138318000000
-0.0018463759094415142, 0.14615503498013202, 0.49978817865570574, 138323000000
-0.11226627081196983, -0.016448900804994653, 0.4997444963864428, 138328000000
-8.168008642364677e-05, 0.18215964094952591, 0.4996612983131796, 138333000000
-0.08368161285506148, 0.010536539097636657, 0.49915779026975643, 138338000000
-0.032987020970518366, 0.08349552217924489, 0.4995114567804429, 138343000000
-0.0008157987339962082, 0.16626780768564597, 0.4995970135011059, 138348000000
-0.12099034761730194, -0.027188014122350865, 0.4994518566895134, 138353000000
-0.031673023877030596, 0.05555672464489757, 0.49971326778706004, 138358000000
-0.026237526175068488, 0.08625776539907175, 0.4994766537177031, 138363000000
-0.05621400578163142, 0.09182719921335483, 0.4998331971037211, 138368000000
0.0006478636722325164, 0.1781450711130387, 0.4994770775638436, 138373000000
-0.10508902814603543, -0.01806578856790284, 0.4995634422897154, 138378000000
-0.08003601444249321, 0.06317928524974599, 0.4994476457935537, 138383000000
0.011716697609511056, 0.17738341979348263, 0.49977396500291815, 138388000000
-0.10777443977567795, -0.030611420405111632, 0.4991471516884117, 138393000000
0.0032846821616991963, 0.16667552058819032, 0.4998873464346499, 138398000000
-0.11347934341015387, 0.013268149315769483, 0.49922547081828594, 138403000000
-0.04889124837042624, 0.06694596471292351, 0.49976165234844255, 138408000000
-0.009504980027854477, 0.17677633612253107, 0.4999150006300032, 138413000000
-0.09768889146421932, -0.03187426419715652, 0.49952898239475985, 138418000000
-0.057346766294346256, 0.06849707793002509, 0.4997122689449478, 138423000000
-0.013302925473210572, 0.16454984679144963, 0.49935622783964867, 138428000000
-0.13447804592797977, -0.00754632502139648, 0.49919539574881855, 138433000000
-0.06049744892975034, 0.11703495507233794, 0.49970258373064463, 138438000000
-0.04123314486601766, 0.06512475146071202, 0.49942293530463866, 138443000000
-0.08909618155056129, 0.0877722680887116, 0.49982943735663626, 138448000000
0.017663035319797758, 0.1431205104502721, 0.4992849385207286, 138453000000
-0.1303680726134595, -0.05863288267961239, 0.4994532726686267, 138458000000
-0.04364659000822272, 0.05919737060587042, 0.4995378204627228, 138463000000
1.7251453832222048e-05, 0.14923490381365964, 0.49969385375425773, 138468000000
-0.10239264688024291, -0.014890857435395992, 0.49956703301531974, 138473000000
-0.07443272879411118, 0.09098720000328385, 0.5001007092878712, 138478000000
-0.009015520406137562, 0.18859534447576695, 0.49921330309839557, 138483000000
-0.12298167760825846, -0.01374967980781124, 0.4996369136290647, 138488000000
-0.05531880276120743, 0.06235889761505123, 0.49980887686235786, 138493000000
0.004005553650640489, 0.17738588304742847, 0.49985531334419764, 138498000000
-0.13568725073427368, -0.023595731787271618, 0.4994234778874872, 138503000000
-0.01951107083957792, 0.05270496219343659, 0.4995123545208019, 138508000000
0.0020340827009793267, 0.15511451267201673, 0.4995102302314077, 138513000000
-0.11396886466819352, -0.04219970544475378, 0.49951766021037225, 138518000000
-0.03531901467156864, 0.06605648968210914, 0.49976084426737455, 138523000000
-0.031346853362178295, 0.09628764779668252, 0.4994956396798702, 138528000000
-0.06789529708203616, 0.030881861070093178, 0.4996083692829942, 138533000000
0.003211993706263081, 0.1549760308676655, 0.4993819723415361, 138538000000
-0.15550324304362712, -0.035863129860069586, 0.4997567843549399, 138543000000
-0.054239287177678244, 0.09509993752710723, 0.4999733010039703, 138548000000
-0.052599811640047095, 0.07812607505176124, 0.499678264796349, 138553000000
-0.08539983116960839, 0.021058004524195123, 0.49947114647393515, 138558000000
-0.029213208959387508, 0.13190157079704715, 0.4996251434885707, 138563000000
-0.09586223418218395, -0.023023313073736135, 0.49944773757003014, 138568000000
-0.04989323520783827, 0.09694200114935561, 0.49943353694919446, 138573000000
0.0273779282636966, 0.19594684720710936, 0.4994162361606397, 138578000000
-0.11116341602430271, 0.006380849202456691, 0.4994482291554044, 138583000000
-0.02739041040882197, 0.08447079813639918, 0.49995803392501653, 138588000000
-0.06254971238301639, 0.07787097648839904, 0.4994835128686551, 138593000000
-0.03540059388171016, 0.11430513558086428, 0.4997812772954078, 138598000000
0.02767293908381317, 0.17290463556871263, 0.4998238060555069, 138603000000
-0.11787159385725883, -0.02794265185011164, 0.4996370486015259, 138608000000
-0.029190154727681744, 0.05657258757978666, 0.49983387582687994, 138613000000
0.01568427176222335, 0.18342353339048748, 0.4997337429702433, 138618000000
-0.11542725637798464, -0.05135929907378164, 0.4997333425087497, 138623000000
-0.03589856830531893, 0.15190068561166856, 0.49968869229706453, 138628000000
-0.061447308475542695, -0.03306310398409276, 0.49984203764806906, 138633000000
-0.039592600862251186, 0.04573760398562687, 0.499526571495424, 138638000000
0.00963846726632631, 0.1541617000154883, 0.49945759529381445, 138643000000
-0.12584065379600232, -0.025342399834009943, 0.49976545682806056, 138648000000
-0.050979363751506586, 0.051419480016733674, 0.4995862176508443, 138653000000
0.005065155491400872, 0.1758447652843984, 0.4996064070019352, 138658000000
-0.09138082776173356, -0.024207776112496138, 0.49964281486684753, 138663000000
-0.0635240387535237, 0.06571367240818969, 0.5000723552522388, 138668000000
-0.014633506082442077, 0.17707383542775823, 0.4997001822180063, 138673000000
-0.11037999881526324, -0.05365460857811684, 0.4990686756676129, 138678000000
-0.03192725276230912, 0.038307344186426645, 0.49977424943162563, 138683000000
0.021825713367520462, 0.19605354018704696, 0.4994549522034516, 138688000000
-0.08399605044358294, -0.0510754222099874, 0.49955732677214665, 138693000000
-0.07130504389434611, 0.05575446649300991, 0.4997710058782076, 138698000000
-0.004722389504351402, 0.17171446153181946, 0.49960878809370457, 138703000000
-0.13606373867973118, -0.03674776156004406, 0.49973821646538696, 138708000000
-0.05755615150799511, 0.0921541730326474, 0.49987607073116896, 138713000000
-0.012240566552183692, 0.1793050042205829, 0.4994564039094875, 138718000000
-0.10196156529557257, -0.004670233201829764, 0.49953248204416756, 138723000000
-0.0838900472183626, 0.05029249622613531, 0.4997893375737558, 138728000000
-0.03536256416251749, 0.0661023894203828, 0.49963215175735126, 138733000000
-0.06619369952653169, 0.06985806613278367, 0.4995707810044908, 138738000000
-0.005805244946797242, 0.18612788354684245, 0.49997591226310534, 138743000000
-0.09249593456808063, -0.05369436885214712, 0.49927008057340366, 138748000000
-0.055589371113353304, 0.05406021630215846, 0.4996237813784847, 138753000000
-0.016031839056017086, 0.15267415605665302, 0.49940733801558057, 138758000000
-0.0915134297485126, -0.05269791743530058, 0.4993877697366196, 138763000000
-0.01230976375212205, 0.1513920891691856, 0.4997477739441177, 138768000000
-0.10950585423855905, -0.005902131697394982, 0.4996048631711906, 138773000000
-0.07539921005586128, 0.04887694383165357, 0.49979408151410143, 138778000000
0.007804368601665293, 0.16237620102868283, 0.4996173669182031, 138783000000
-0.12322059841207048, -0.04473030601936444, 0.4995592700378011, 138788000000
-0.04487232482710362, 0.05052597843851499, 0.5002051366920329, 138793000000
-0.05337186480972725, 0.09639100727170946, 0.49936894413958577, 138798000000
-0.08579657304114663, 0.07174995603079144, 0.49960283110727793, 138803000000
0.03284933238577992, 0.21379243674438597, 0.49978867367861396, 138808000000
-0.11822484202563655, -0.03473379374030189, 0.4989456768214201, 138813000000
-0.07064612692965935, 0.05932759814251131, 0.4996758151859193, 138818000000
-0.02321228082826026, 0.1354973642040028, 0.4997054155445055, 138823000000
-0.10434430419208832, -0.010788969531048374, 0.4995067968228195, 138828000000
-0.03470781356338621, 0.06478081505953677, 0.499341998721405, 138833000000
-0.008414373085054327, 0.1611743598616955, 0.4998384060972603, 138838000000
-0.11716126879120893, -0.03140938698843203, 0.49947385428785035, 138843000000
-0.0537422053228929, 0.043463511905565064, 0.49984985007337873, 138848000000
-0.018296656721277012, 0.1496343151951184, 0.4993200137538566, 138853000000
-0.11067298345463426, -0.0035445892114137, 0.4993676700254561, 138858000000
-0.06097025700333965, 0.09893014721472568, 0.5000059949622178, 138863000000
0.037253901826659205, 0.18114929510719394, 0.4999026738408968, 138868000000
-0.06993161025393796, -0.00955251301908891, 0.5000030890745829, 138873000000
-0.041824890833699106, 0.06719420356908269, 0.4994979812499956, 138878000000
-0.024854569746898914, 0.18161487594033607, 0.49967243741747636, 138883000000
-0.09242151248563195, -0.0056836312408813875, 0.49982671231510123, 138888000000
-0.07562463310151585, 0.09130420799937766, 0.4995453821416012, 138893000000
0.014298921251697343, 0.12495348556507396, 0.49976410120264897, 138898000000
-0.13812312957613396, -0.009686803426466769, 0.49967663527060074, 138903000000
-0.012222711611417634, 0.1717473971051272, 0.4996264576891046, 138908000000
-0.10249292471094178, -0.005892829978251243, 0.49955058633321386, 138913000000
-0.041327678051021756, 0.06453583023206098, 0.49945247709413326, 138918000000
-0.03619812175555383, 0.1759806094052832, 0.49979330773547576, 138923000000
-0.0727206506325009, -0.01273521833939213, 0.4996898048381235, 138928000000
-0.06663084092806226, 0.09552322413088372, 0.49991667069397855, 138933000000
-0.06255440332585313, 0.07288853356758036, 0.49930078884518986, 138938000000
-0.07407306436997439, 0.09038890602624287, 0.49947672297051227, 138943000000
0.013910733913028567, 0.1857294345823477, 0.4991251077120746, 138948000000
-0.08179023635692806, -0.03678247159311243, 0.49963079572288976, 138953000000
-0.08580380430232284, 0.06664493725965705, 0.49959250136262645, 138958000000
0.017430861327528607, 0.1552380107367507, 0.49932884736041605, 138963000000
-0.09023216359009399, 0.0005740731735319575, 0.499900083775855, 138968000000
-0.030440477727312953, 0.14006128526460548, 0.4992981256630071, 138973000000
-0.08005344350773905, -0.009690375503964135, 0.4996321451155661, 138978000000
-0.06483528495818125, 0.07306321472874183, 0.5001279492975854, 138983000000
0.01680741373396389, 0.19334120301587637, 0.4995587070970415, 138988000000
-0.10308332335500002, -0.0038484274060718825, 0.4996025026547463, 138993000000
-0.06565245530239787, 0.07084191171581598, 0.4996892578411046, 138998000000
-0.03481405911479951, 0.10412506180768925, 0.49999013920493457, 139003000000
-0.06714006518194977, 0.06238095616252043, 0.4995461616362719, 139008000000
-0.001488238911744903, 0.15872868932114506, 0.4997891961835946, 139013000000
-0.09186057571311834, 0.014449302793545296, 0.49970616666727496, 139018000000
-0.0413090145294381, 0.06701853516192015, 0.4995821232416752, 139023000000
-0.008835087115101515, 0.16931509880082743, 0.49969748424539384, 139028000000
-0.14119914641044098, -0.04660515261150659, 0.4993044112338775, 139033000000
-0.05511506890207332, 0.09057533383728382, 0.4999737999854543, 139038000000
0.010391407972325411, 0.19807562665852663, 0.49938799815482987, 139043000000
-0.09494990947933468, -0.012620208215285204, 0.4995125694159478, 139048000000
-0.06191544688223981, 0.08826424863046449, 0.49954775310140886, 139053000000
0.0014044451537095926, 0.17388534343111584, 0.49994035928320274, 139058000000
-0.12517724934974642, -0.029391573745928816, 0.49999285648510183, 139063000000
-0.01375921437073608, 0.12657675301204202, 0.4996176373553497, 139068000000
-0.019387408931205816, 0.09102820285310641, 0.4997479567708047, 139073000000
-0.0802357957949339, -0.020504898188942126, 0.49968234088376556, 139078000000
-0.05913154651800505, 0.07183034971285589, 0.49999012971167295, 139083000000
-0.02623497942001708, 0.05351409096404056, 0.49955527077589396, 139088000000
-0.06196852906203252, 0.048561063333730295, 0.4998505957676738, 139093000000
-0.019432988135614084, 0.20370248703288618, 0.4996080692426542, 139098000000
-0.1019557799907818, -0.010745243724182365, 0.4998067467829455, 139103000000
-0.04942231631110052, 0.06924641122783494, 0.4996086869860319, 139108000000
0.011526924434813826, 0.17350847544287576, 0.49932298557749144, 139113000000
-0.08527515459665437, -0.03477994102683041, 0.4997279794535126, 139118000000
-0.05020202728349059, 0.09427091267854347, 0.49972152214469207, 139123000000
0.020700984089679898, 0.1670242658039447, 0.499437287836906, 139128000000
-0.08678689804083412, -0.012620471310293441, 0.4994895111738404, 139133000000
-0.035859440098714446, 0.12864162352791295, 0.5000757913394281, 139138000000
-0.01978689058716709, 0.1605745913243726, 0.49964697755461845, 139143000000
-0.12290614591369962, 0.002765354986906058, 0.49950343597316066, 139148000000
-0.023817610097191768, 0.06902955846739066, 0.49979751000669737, 139153000000
-0.06330108896033375, 0.08309963214512515, 0.49920690925577565, 139158000000
-0.056205009549775045, 0.06324569507197561, 0.4997112934345612, 139163000000
-0.036229703924555864, 0.1689216399926705, 0.49974755294075407, 139168000000
-0.07430624268178049, -0.0006393743665118364, 0.49947760174250183, 139173000000
-0.07395595944838781, 0.049036652971256894, 0.49958524343302774, 139178000000
-0.031072849827775646, 0.16158391967525718, 0.4995189295736925, 139183000000
-0.11390495052460642, -0.005111580989673743, 0.49969955700364327, 139188000000
0.000498425539102761, 0.15347367675026252, 0.499452006528248, 139193000000
-0.09260995977550703, -0.0017260692773079372, 0.49959229171179836, 139198000000
-0.06041198885044635, 0.08686600029306686, 0.49995110253312985, 139203000000
-0.005863939144297437, 0.15525398448987793, 0.49902375456178466, 139208000000
-0.1296561253151781, -0.04893664442059409, 0.4999041703134003, 139213000000
-0.052576508303908476, 0.06087896782125358, 0.4999769765816593, 139218000000
-0.04830975935119998, 0.08680675206185987, 0.49940265316735744, 139223000000
-0.0765663181500887, 0.03178282063015662, 0.4998401603759511, 139228000000
0.01574473808556821, 0.15566493350515662, 0.4996361090717245, 139233000000
-0.11792684534220597, -0.031007019327519397, 0.4998769131143474, 139238000000
-0.048478641738272446, 0.08206559162671069, 0.4995643394215057, 139243000000
0.02499942930991863, 0.18773082799782226, 0.4991914063324623, 139248000000
-0.12272204888452068, -0.016581368881972626, 0.4996399981713896, 139253000000
-0.031665494599411474, 0.14400640814086177, 0.4996739025728468, 139258000000
-0.09238007233474323, -0.016808051064282972, 0.49940670785277735, 139263000000
-0.05727816317623626, 0.07083767080552691, 0.49961255972085505, 139268000000
-0.05368480623591785, 0.04089159429815565, 0.4995596241253355, 139273000000
0.005151090647026441, 0.16118866060555123, 0.4992219505567171, 139278000000
-0.11006828531099536, -0.02204948050441913, 0.4997252001296833, 139283000000
-0.024795614215703875, 0.07016166749530275, 0.49969426692008434, 139288000000
-0.07214372724978615, 0.07744689978422906, 0.49964385222999025, 139293000000
-0.07621621365626324, 0.06889120511709591, 0.4996883824404578, 139298000000
0.006788010381533158, 0.1920492438022739, 0.4996871674456942, 139303000000
-0.13370715833076846, -0.026635574461050235, 0.4994183548121632, 139308000000
-0.030268453082180513, 0.05457711315322195, 0.4997304919498428, 139313000000
-0.01761875039726727, 0.13121918052275658, 0.4996148745834344, 139318000000
-0.10240524440013583, -0.021847128369986094, 0.49946539324522166, 139323000000
-0.05524936758149581, 0.08019129336834027, 0.4996683331062609, 139328000000
-0.0359518965695183, 0.16270320943235692, 0.49944908941732385, 139333000000
-0.1272612597404486, -0.014599636406266494, 0.49970515053614123, 139338000000
-0.059209795621665715, 0.10271238749943985, 0.4997353866976201, 139343000000
-0.010758720028147985, 0.15756262057812342, 0.49968705315942274, 139348000000
-0.1244169072055759, -0.00615090509307498, 0.49948560492626903, 139353000000
-0.07569286542465424, 0.07800349526477403, 0.499955304360342, 139358000000
-0.013823166576661671, 0.15867572734526814, 0.4998577859234177, 139363000000
-0.10403100290962197, -0.02989246424732387, 0.4994021098742777, 139368000000
-0.055860940022391, 0.09026010812375133, 0.4997856076502072, 139373000000
-0.007701150719913756, 0.15024653082425954, 0.49969897175124567, 139378000000
-0.11251800290781673, -0.02820243819009123, 0.4994653135369571, 139383000000
-0.023603840140187498, 0.08778439214323608, 0.49967153314619234, 139388000000
-0.0005529763133406641, 0.17115133922298642, 0.4996241414428847, 139393000000
-0.10466616294879826, -0.02995271225080749, 0.4995971242009086, 139398000000
0.018550059249749052, 0.18079617785283697, 0.49975016128017014, 139403000000
-0.11522777187169936, -0.03411634737889029, 0.49944261019569136, 139408000000
-0.06225949040503853, 0.07114759153692507, 0.4997100945156233, 139413000000
0.01540563065420144, 0.17136679354887935, 0.49921344715336746, 139418000000
-0.11017418013946075, -0.027672258326836563, 0.4998536933618645, 139423000000
-0.06014007500902905, 0.07524461887592203, 0.49962193658418896, 139428000000
-0.061435912986482176, 0.06890953303855404, 0.4996215597082078, 139433000000
-0.08347300058941043, 0.05859902703230394, 0.4998925360107687, 139438000000
-0.023987551284725087, 0.18917408525899515, 0.4994543550152155, 139443000000
-0.12595620262136945, -0.023355509832858532, 0.49969435792569644, 139448000000
-0.0610718934787912, 0.06624827350427184, 0.4995404160387726, 139453000000
0.024139115322290197, 0.142168880591025, 0.49945574453517677, 139458000000
-0.13019995563016123, -0.012989504424965723, 0.4996016022258516, 139463000000
0.0018033591188289927, 0.1878324046941499, 0.49966145784620863, 139468000000
-0.11219536127752229, 0.001456513075132889, 0.49941964452063314, 139473000000
-0.06253674326966054, 0.096461263283775, 0.49968140668489186, 139478000000
-0.025023814876600006, 0.1847794645131553, 0.4994904341644002, 139483000000
-0.09765638025923638, -0.04389537755770569, 0.4990161038663248, 139488000000
-0.043426690846870314, 0.07727966772062746, 0.5001479161804574, 139493000000
-0.06914100385139814, 0.08335438874001498, 0.499823889232644, 139498000000
-0.10789968394129872, 0.038482828453606344, 0.4995365665569191, 139503000000
-0.008487139047395847, 0.15333114439237716, 0.4996094004933024, 139508000000
-0.10440993615111789, -0.018958387199156768, 0.4992778509280185, 139513000000
-0.07244513014500001, 0.10075567217195645, 0.49996657021475777, 139518000000
-0.013250196988581526, 0.18125074648476233, 0.49958130431835773, 139523000000
-0.13041548432475222, -0.03459443403645429, 0.49970349420883564, 139528000000
-0.033477796375385935, 0.15010208213048137, 0.4996165987235229, 139533000000
-0.11045781707090889, 0.013277346889821427, 0.4996901800380937, 139538000000
-0.029382031308178312, 0.04037575157977052, 0.4995901510549849, 139543000000
-0.01952115425705605, 0.13645143519661374, 0.49981975258626504, 139548000000
-0.1123430116646193, -0.03706184266084957, 0.4996477766000157, 139553000000
-0.059144566713291435, 0.07008179949068885, 0.49967509111354746, 139558000000
-0.018794453657678855, 0.16761478397733606, 0.4995703572044901, 139563000000
-0.10739943034044906, -0.024011331680286727, 0.4996363862328055, 139568000000
-0.07909102313510623, 0.06774617363375911, 0.4994824661640526, 139573000000
-0.054743788798250884, 0.10165410201881721, 0.4990539541541034, 139578000000
-0.0506745907104418, 0.08585963872735458, 0.49920694074891997, 139583000000
-0.0025253969178952685, 0.19085219547267676, 0.4992085283562437, 139588000000
-0.07460008481927533, -0.03923065151810513, 0.4998802035582817, 139593000000
-0.054015916862077074, 0.09218765914035355, 0.4997333878717126, 139598000000
-0.027677200567672474, 0.17468116996546057, 0.49952354497006035, 139603000000
-0.1154582468145691, -0.017858099899279084, 0.499532683407354, 139608000000
-0.0403093870719619, 0.0993463444973572, 0.5001161871759593, 139613000000
-0.00936151244518375, 0.14263790921944103, 0.49953110558258057, 139618000000
-0.07595972506291529, -0.05371668477768472, 0.500155909327896, 139623000000
-0.03502352390764942, 0.05530950434458661, 0.49997602618724785, 139628000000
0.012408088541520016, 0.15275348603106595, 0.49971578128999894, 139633000000
-0.11588028815619793, -0.03523587375010354, 0.4995600100403226, 139638000000
-0.018890148814175788, 0.1672238802663829, 0.4993086699582347, 139643000000
-0.10843027069660409, 0.011079367984497697, 0.4996644977343126, 139648000000
-0.09256325771099033, 0.08023427207083013, 0.499927702503743, 139653000000
-0.01830728616380966, 0.15452202849825883, 0.49993618705308324, 139658000000
-0.06844897788457957, 0.09302849778589316, 0.4994907692335561, 139663000000
-0.12729413012860558, 0.012997783087866751, 0.4998951876846499, 139668000000
-0.05303324240151164, 0.07587279637862292, 0.49944526466872935, 139673000000
-0.046504719181450244, 0.07082755159208404, 0.49932243348197203, 139678000000
-0.06350915031545482, 0.07196311385394091, 0.49953268353616653, 139683000000
-0.0013703657883436043, 0.176684138466206, 0.49968085268198414, 139688000000
-0.12257517346795518, -0.045518996753326754, 0.49927365045183764, 139693000000
-0.04487972986242632, 0.082115339921143, 0.4997588486141566, 139698000000
-0.01754779411292286, 0.13878458213942554, 0.49967221187765853, 139703000000
-0.08588052410170526, -0.00866515816312463, 0.49984053420920777, 139708000000
-0.015103309157674116, 0.1649785214071283, 0.49960044061484365, 139713000000
-0.11483377271799719, -0.01694968533069605, 0.49964786410755574, 139718000000
-0.04889576947926259, 0.07700258266765417, 0.4993811692764677, 139723000000
-0.009098624539704203, 0.17682125127822582, 0.4995052152999313, 139728000000
-0.13082313956328787, -0.02622179034096963, 0.4997938748933525, 139733000000
-0.059932391585834, 0.07916468760466715, 0.49962946899073585, 139738000000
-0.04884810225604863, 0.0759800688765125, 0.4995477187033095, 139743000000
-0.05885846527645701, 0.06936260145351703, 0.49983706010434287, 139748000000
-0.017054140921592707, 0.15733014096148965, 0.49984622784738825, 139753000000
-0.11032963731036727, -0.04177365724810041, 0.49938283186492227, 139758000000
-0.044863134359633294, 0.08521833325499883, 0.4997074642488327, 139763000000
-0.010509769970148046, 0.1554041122905018, 0.4997840257020792, 139768000000
-0.12694820039363888, -0.01880614767542165, 0.49987755421036917, 139773000000
0.0043764814014380475, 0.13417011858484776, 0.49994244152864376, 139778000000
-0.08369496514315639, 0.00023287645053107417, 0.4994286674285088, 139783000000
-0.01705546956721664, 0.08154603625070456, 0.4999958301672975, 139788000000
-0.005888748634143212, 0.1948123974488971, 0.4995413311403598, 139793000000
-0.1307916184084702, -0.0355473830195382, 0.4996705741942815, 139798000000
-0.05055440891404087, 0.09215109711296172, 0.4997822866721477, 139803000000
-0.03111318269668208, 0.06325600718470224, 0.49952346260038555, 139808000000
-0.050061451117109204, 0.09660244046045768, 0.4995120928431419, 139813000000
-0.009032147562509047, 0.19999821587172406, 0.49953378755963296, 139818000000
-0.11499715723878462, -0.017448851251838066, 0.4998744719321409, 139823000000
-0.07348394388380428, 0.10418948135244345, 0.49979615724614707, 139828000000
0.021376343417302848, 0.18224241534206362, 0.4996914040358431, 139833000000
-0.09386154464800249, -0.041199189346900235, 0.49965691776092536, 139838000000
-0.014810137225074738, 0.16199210653132334, 0.49973201529104977, 139843000000
-0.0784695462209796, -0.020808598612673628, 0.49949953736045394, 139848000000
-0.02690049483811704, 0.07415391993579584, 0.4994424119314956, 139853000000
-0.013863458904905245, 0.15065390449640292, 0.4996749253643415, 139858000000
-0.1008804883944782, -0.04946573277420365, 0.49995282533971147, 139863000000
-0.04510619212082857, 0.09702756402494868, 0.5001660556085201, 139868000000
-0.0011152684741861348, 0.15483733077512132, 0.49954505742107547, 139873000000
-0.09525416127027961, -0.03996124585084441, 0.49973863355252107, 139878000000
-0.09069546123137813, 0.0995559574381291, 0.49985920396701583, 139883000000
-0.044308966832346613, 0.07076873033646573, 0.49957706551092174, 139888000000
-0.09089955881750197, 0.08503215028367123, 0.4995531254487573, 139893000000
0.04549996754214876, 0.17388816913741942, 0.49960204171735784, 139898000000
-0.08770827266861835, -0.010213620262576939, 0.49958341258248046, 139903000000
-0.08270924779803489, 0.070628231173213, 0.49942682737043453, 139908000000
0.017313276284953636, 0.1788049063445638, 0.4999199885539519, 139913000000
-0.11899800827366613, -0.018991770293502838, 0.49978384342065907, 139918000000
-0.05267817011695498, 0.0901515667944462, 0.4995312647152502, 139923000000
-0.008355045170703342, 0.154977352666934, 0.4994482236034777, 139928000000
-0.12427730446139978, -0.043020926312635335, 0.4994798235347354, 139933000000
-0.05281561243993069, 0.08363422561705793, 0.4999128369041465, 139938000000
0.011766739328687464, 0.1484413310935091, 0.4995004802075444, 139943000000
-0.15714145502270543, -0.01531388168732511, 0.4995658025856136, 139948000000
-0.021711343146825074, 0.11328926660118674, 0.49968310117874526, 139953000000
0.015140933500264964, 0.16566988977139052, 0.4994078876692631, 139958000000
-0.09870928308067835, -0.03253990917598788, 0.5000002689024022, 139963000000
-0.05626692630169194, 0.09567560855094892, 0.4999062843448034, 139968000000
-0.051381343849411405, 0.08583074161896823, 0.49974266282048047, 139973000000
-0.06330567409361124, 0.05668654264416959, 0.4998238478367272, 139978000000
-0.016528954506311942, 0.19379422476336544, 0.4997218627820312, 139983000000
-0.1216096540319514, -0.025365254248212905, 0.49975983506179833, 139988000000
-0.05495744761041398, 0.07580635964782406, 0.4994730677683384, 139993000000
0.015563876556931894, 0.20097732261336865, 0.4993365549105312, 139998000000
-0.13094969111448945, -0.04431120290113902, 0.4994458903514791, 140003000000
0.008594362784996111, 0.14205667612776457, 0.49891464360911064, 140008000000
-0.10341381434455374, -0.03973913961665053, 0.4992404719373587, 140013000000
-0.08222613958274325, 0.08175388801332446, 0.49950075517086207, 140018000000
0.011347010377507015, 0.1647682385057759, 0.49947309680065693, 140023000000
-0.11170477970155669, -0.03468607982618195, 0.49948660013190155, 140028000000
-0.05582097737846775, 0.08810901849851127, 0.4995585520689759, 140033000000
-0.05698451369100359, 0.08582947720926046, 0.499497781609057, 140038000000
-0.06952532829621663, 0.03007023711736978, 0.499544971866422, 140043000000
-0.01794778704464262, 0.1741285692892712, 0.4999458240181175, 140048000000
-0.10851118072179743, -0.0388468961902074, 0.49959319480438447, 140053000000
-0.041674164104568964, 0.10765083149791868, 0.4995675067567015, 140058000000
0.017594375201786142, 0.17203688361244426, 0.4992463499429344, 140063000000
-0.10131550799678568, -0.029041838483434057, 0.4999046099973371, 140068000000
-0.013464334654582336, 0.1509167732103774, 0.4999035771106897, 140073000000
-0.08181765619482674, -0.036583301049630534, 0.4995797248836745, 140078000000
-0.04356823088923008, 0.07594910896966589, 0.5002349592593219, 140083000000
-0.0003435116004302987, 0.15292350798690646, 0.4995312585520644, 140088000000
-0.11396243606814477, -0.021467341887510833, 0.4994642161377763, 140093000000
-0.035331197950929386, 0.07101996624957321, 0.49957464506613375, 140098000000
-0.007313316421660045, 0.16700987140103915, 0.4990275240781879, 140103000000
-0.10644183530353293, -0.042232074977305634, 0.4993950128618683, 140108000000
-0.05554310139360044, 0.09999151269109186, 0.499833313152824, 140113000000
-0.0058450101437927445, 0.17793999275914313, 0.49910249156165676, 140118000000
-0.1108422998185698, -0.01596414959486021, 0.4998155812295345, 140123000000
-0.05200515610111418, 0.061415467037179663, 0.4999676374486391, 140128000000
-0.00900697856518434, 0.16618591584197068, 0.4997416594364439, 140133000000
-0.12640221793048953, -0.027457054497434297, 0.4998372986193601, 140138000000
0.003760767908532848, 0.15764383006550525, 0.4996769564680423, 140143000000
-0.1332415766386381, -0.05079943530220718, 0.49979055810346434, 140148000000
-0.04457979761646415, 0.04702609214507844, 0.49963180353923825, 140153000000
-0.002979647701612821, 0.15792918945153447, 0.49960164558925174, 140158000000
-0.09083891920836268, 0.001117018188308061, 0.49942422369345146, 140163000000
-0.06004894605645944, 0.10555417367368927, 0.4996374725119368, 140168000000
0.0004936210713437879, 0.17973026097849457, 0.49918593984573656, 140173000000
-0.09561107524633808, -0.009341099514581851, 0.4996096692314424, 140178000000
-0.05994119735803261, 0.07908818372121118, 0.49997811900500216, 140183000000
0.004728629686352169, 0.17943353121341868, 0.49933881708311856, 140188000000
-0.10432055412679489, -0.035161879898824355, 0.4994486177970475, 140193000000
-0.02758631145427156, 0.11455720023681924, 0.49960711818339665, 140198000000
-0.023184889366179257, 0.17252867915963188, 0.49933285179638537, 140203000000
-0.12796266447978003, -0.03488767019822429, 0.49976908270407394, 140208000000
-0.06108975170730985, 0.08973039413918335, 0.500062263594349, 140213000000
-0.025991465793272113, 0.1513402358687429, 0.499348428237836, 140218000000
-0.12994890672397574, -0.039981889989008014, 0.49990050071535513, 140223000000
-0.010475335915947001, 0.14632208746438694, 0.49978760290847374, 140228000000
-0.10485944721226859, -0.04844865198845147, 0.49984530428843016, 140233000000
-0.049256902384855264, 0.10643723294825116, 0.5001483284136985, 140238000000
0.0008105238014677592, 0.19834666957657085, 0.4993259439249452, 140243000000
-0.0954230788828773, -0.043531658604542126, 0.49960443571333185, 140248000000
-0.06882768201268874, 0.060624761605131736, 0.49927136613594947, 140253000000
-0.002115514841519145, 0.07443052559683776, 0.49940961781696025, 140258000000
-0.05971492217936522, 0.08997396596924498, 0.4997982581396301, 140263000000
0.0014339100214737195, 0.1430413173307737, 0.49975038479302886, 140268000000
-0.13109893205089473, -0.04876033193899535, 0.4999987809904372, 140273000000
-0.05969054891709792, 0.08195677314322382, 0.4999745533885559, 140278000000
-0.024917121348234563, 0.16050274358476818, 0.4991469249049897, 140283000000
-0.12068387212388063, -0.008540507770088988, 0.499684035025182, 140288000000
0.02624716574181033, 0.17834978470325616, 0.49938672569712855, 140293000000
-0.14801662539987426, 0.003448718008064431, 0.49949452165090424, 140298000000
-0.06496576012899467, 0.09074362176598705, 0.49980316626533583, 140303000000
0.03680588158230842, 0.20697973011668788, 0.49979552568475877, 140308000000
-0.09852929079848867, -0.031140796438928087, 0.4996777167286989, 140313000000
-0.06693893597032347, 0.09078390350940638, 0.49980518474301117, 140318000000
-0.06180130814739486, 0.06534521213304546, 0.49959509450829287, 140323000000
-0.051602394478959424, 0.08100009495414079, 0.49949841650136834, 140328000000
-0.01792194517987062, 0.18184905735789986, 0.4998297725858796, 140333000000
-0.11996076094617336, 0.010790155963182259, 0.4994210177038307, 140338000000
-0.06738722152821625, 0.09579291754322666, 0.4997860884776519, 140343000000
-0.05843565151039086, 0.06725425113808677, 0.49937717596612724, 140348000000
-0.07812024277501414, 0.031662656349395996, 0.49992635059803536, 140353000000
