x, y, th, stamp, 
-2.376464605331421, -3.2812817096710205, -0.12860636002560102, 1791555258526050921
-2.376464366912842, -3.2812819480895996, -0.12860452227107336, 1791555258576239916
-2.3764641284942627, -3.2812821865081787, -0.12860266152503222, 1791555258622452790
-2.3764641284942627, -3.2812821865081787, -0.1286027065016384, 1791555258666015536
-2.3764638900756836, -3.281282424926758, -0.12860079495615145, 1791555258716647892
-2.3764636516571045, -3.281282663345337, -0.12859909372718056, 1791555258782091017
-2.3764636516571045, -3.281282663345337, -0.12859904874247388, 1791555258825977483
-2.3764634132385254, -3.281282901763916, -0.12859737970267138, 1791555258876582183
-2.3764634132385254, -3.281282901763916, -0.12859737970267138, 1791555258926147100
-2.3764634132385254, -3.281283140182495, -0.12859592154323987, 1791555258976250623
-2.3764634132385254, -3.281283378601074, -0.1285943995106147, 1791555259022314632
-2.3764634132385254, -3.281283378601074, -0.12859430955470427, 1791555259066369788
-2.3764634132385254, -3.2812836170196533, -0.1285928898831188, 1791555259115871312
-2.3764634132385254, -3.2812838554382324, -0.12859143603336434, 1791555259182378357
-2.3764634132385254, -3.2812838554382324, -0.12859143603336434, 1791555259226453033
-2.3764634132385254, -3.2812840938568115, -0.12859030132176064, 1791555259276139881
-2.3764634132385254, -3.2812840938568115, -0.1285903463033033, 1791555259326763889
-2.3764634132385254, -3.2812843322753906, -0.1285891881418416, 1791555259377376102
-2.3764634132385254, -3.2812843322753906, -0.12858827812986884, 1791555259423229082
-2.3764634132385254, -3.2812843322753906, -0.12858827812986884, 1791555259466533371
-2.3764634132385254, -3.2812845706939697, -0.12858708293870427, 1791555259515954735
-2.3764634132385254, -3.2812845706939697, -0.12858611886381102, 1791555259583187346
-2.3764634132385254, -3.2812845706939697, -0.12858611886381102, 1791555259626152601
-2.3764634132385254, -3.2812845706939697, -0.1285851496797869, 1791555259676761209
-2.3764634132385254, -3.2812845706939697, -0.1285851496797869, 1791555259726529844
-2.3764634132385254, -3.2812845706939697, -0.12858434508736788, 1791555259777630660
-2.3764634132385254, -3.2812845706939697, -0.1285835613513242, 1791555259823644633
-2.3764634132385254, -3.2812845706939697, -0.1285835613513242, 1791555259866390443
-2.3764634132385254, -3.2812845706939697, -0.12858281273328953, 1791555259916047513
-2.3764634132385254, -3.2812845706939697, -0.12858275275766073, 1791555259966597341
-2.3764634132385254, -3.2812845706939697, -0.1285821179577239, 1791555260026602698
-2.3764634132385254, -3.2812845706939697, -0.1285816450030935, 1791555260076073693
-2.3764634132385254, -3.2812845706939697, -0.1285816450030935, 1791555260125230159
-2.3764634132385254, -3.2812845706939697, -0.12858120098730177, 1791555260177521521
-2.3764634132385254, -3.2812845706939697, -0.1285807221736955, 1791555260223175514
-2.3764634132385254, -3.2812845706939697, -0.12858046222890832, 1791555260266783828
-2.3764634132385254, -3.2812845706939697, -0.1285802786895217, 1791555260316129384
-2.3764634132385254, -3.2812845706939697, -0.12858031638953216, 1791555260365679741
-2.3764634132385254, -3.2812845706939697, -0.12857981291925774, 1791555260426610905
-2.3764634132385254, -3.2812845706939697, -0.12857956447689203, 1791555260477318896
-2.3764634132385254, -3.2812845706939697, -0.12857956949299335, 1791555260526497022
-2.3764634132385254, -3.2812845706939697, -0.12857936540001466, 1791555260573354130
-2.3764634132385254, -3.2812845706939697, -0.12857916195450034, 1791555260624188892
-2.37646746635437, -3.281278610229492, -0.12863350617576083, 1791555260666531390
-2.37559175491333, -3.281670331954956, -0.12041847696158545, 1791555260716167386
-2.372715473175049, -3.2821412086486816, -0.09821865298290412, 1791555260766213899
-2.369239091873169, -3.2825052738189697, -0.06762348406825891, 1791555260812989087
-2.3636832237243652, -3.282893419265747, -0.008945919257971493, 1791555260876615937
-2.3581290245056152, -3.2827184200286865, 0.0504600266340396, 1791555260926499252
-2.351501703262329, -3.2823374271392822, 0.11477916197535222, 1791555260973327678
-2.3433985710144043, -3.2813010215759277, 0.1915928003098504, 1791555261024340410
-2.3356809616088867, -3.279792070388794, 0.2652851457255365, 1791555261067039714
-2.325580358505249, -3.276728630065918, 0.35345678211234816, 1791555261116080060
-2.312246799468994, -3.2709600925445557, 0.4725961787582786, 1791555261184286876
-2.3068017959594727, -3.2680160999298096, 0.5254548010628017, 1791555261214805188
-2.2978641986846924, -3.2622873783111572, 0.6150434460209532, 1791555261264710347
-2.287381410598755, -3.2543463706970215, 0.7259014672116937, 1791555261326307275
-2.2796950340270996, -3.2471725940704346, 0.8119416223211, 1791555261374231511
-2.2726705074310303, -3.2392640113830566, 0.9008293615628709, 1791555261424896927
-2.2671964168548584, -3.232386350631714, 0.9788987082859592, 1791555261467199739
-2.2617788314819336, -3.223335027694702, 1.065361615366474, 1791555261515996673
-2.2570550441741943, -3.213890790939331, 1.1552996297157636, 1791555261566401418
-2.2532825469970703, -3.20444917678833, 1.2426977637584786, 1791555261614406960
-2.249656915664673, -3.191650629043579, 1.3542043515247153, 1791555261676409726
-2.247666120529175, -3.181147813796997, 1.4453655001099712, 1791555261726077164
-2.246777057647705, -3.1709561347961426, 1.530899197772452, 1791555261774417352
-2.2468326091766357, -3.160205125808716, 1.621844020373067, 1791555261824066453
-2.2475194931030273, -3.151303768157959, 1.6968666789761335, 1791555261866135356
-2.249356508255005, -3.1406946182250977, 1.7877561203376802, 1791555261916226356
-2.2522037029266357, -3.1301963329315186, 1.8770814545132757, 1791555261966038113
-2.256476879119873, -3.1176114082336426, 1.980700951676444, 1791555262025848209
-2.261202096939087, -3.107205629348755, 2.0649280481412373, 1791555262076050210
-2.266538381576538, -3.097501039505005, 2.150170466028914, 1791555262126109358
-2.2725963592529297, -3.088467597961426, 2.231805376497549, 1791555262174123945
-2.2797904014587402, -3.079202890396118, 2.316275981414055, 1791555262224063868
-2.2862842082977295, -3.071898937225342, 2.386762446294255, 1791555262266119597
-2.2948570251464844, -3.063920259475708, 2.4693753655036343, 1791555262316181027
-2.30385422706604, -3.056821346282959, 2.5520871418146505, 1791555262366943815
-2.3131768703460693, -3.0507519245147705, 2.631419166820253, 1791555262414372472
-2.323213577270508, -3.0450732707977295, 2.713857093548257, 1791555262463945939
-2.336352586746216, -3.039340019226074, 2.819672100756437, 1791555262527070722
-2.346778154373169, -3.035857915878296, 2.8970785083737236, 1791555262574132333
-2.3580117225646973, -3.0331010818481445, 2.977829205876216, 1791555262625070625
-2.367727279663086, -3.0315513610839844, 3.045387746595577, 1791555262667079195
-2.3794004917144775, -3.030532121658325, 3.127249243785162, 1791555262717274863
-2.391366720199585, -3.030200719833374, -3.072178127873515, 1791555262768624295
-2.4024386405944824, -3.0309462547302246, -2.995323648021153, 1791555262815476648
-2.4169414043426514, -3.033304452896118, -2.8961660902670907, 1791555262877209776
-2.428575038909912, -3.036141872406006, -2.815840010201179, 1791555262928078042
-2.439034938812256, -3.0397660732269287, -2.7400756321511626, 1791555262975064880
-2.4497032165527344, -3.044358730316162, -2.659286572827882, 1791555263025160473
-2.458616018295288, -3.0488572120666504, -2.59179063872359, 1791555263067084269
-2.469231605529785, -3.05550479888916, -2.514684409227913, 1791555263118128646
-2.4787726402282715, -3.0623972415924072, -2.4362439691212865, 1791555263168413957
-2.489039182662964, -3.071838855743408, -2.3438346340547347, 1791555263227106117
-2.497636556625366, -3.08066725730896, -2.2650041340304203, 1791555263278492603
-2.505270481109619, -3.0900630950927734, -2.188369515716335, 1791555263328126226
-2.5115931034088135, -3.0996971130371094, -2.115878907160801, 1791555263375089392
-2.5177395343780518, -3.1103529930114746, -2.038506958910446, 1791555263425075617
-2.5221450328826904, -3.119340181350708, -1.9752852374829335, 1791555263467089824
-2.52669095993042, -3.1303067207336426, -1.8973415323395622, 1791555263517254129
-2.5314033031463623, -3.1466763019561768, -1.7902151766108456, 1791555263585868107
-2.5333750247955322, -3.1565825939178467, -1.7320195102601779, 1791555263626019075
-2.5347087383270264, -3.1666457653045654, -1.6722538693961455, 1791555263666114248
-2.535788059234619, -3.1814663410186768, -1.5819712690395245, 1791555263726744835
-2.5355188846588135, -3.1942338943481445, -1.5067067779858747, 1791555263776090780
-2.534372329711914, -3.206390619277954, -1.432728189579632, 1791555263826084587
-2.532893419265747, -3.2161734104156494, -1.3728409060732996, 1791555263866087072
-2.5300843715667725, -3.228768825531006, -1.298912214531631, 1791555263917197893
-2.526453733444214, -3.2406303882598877, -1.226082572697043, 1791555263966210188
-2.521672248840332, -3.2524209022521973, -1.1522092014457184, 1791555264016581526
-2.5163378715515137, -3.263772487640381, -1.0804773343848537, 1791555264066241238
-2.5088608264923096, -3.2767839431762695, -0.993470538363127, 1791555264126001548
-2.50154185295105, -3.2872207164764404, -0.9232143726908572, 1791555264176084142
-2.49373197555542, -3.29719877243042, -0.8515313100949162, 1791555264226085732
-2.4869704246520996, -3.3047518730163574, -0.793772707354259, 1791555264266094612
-2.47778582572937, -3.3138678073883057, -0.721884337737288, 1791555264317353929
-2.4680747985839844, -3.321826934814453, -0.6525631316323753, 1791555264366700649
-2.4558448791503906, -3.3310470581054688, -0.5678907949124838, 1791555264426779352
-2.4448323249816895, -3.337813138961792, -0.4953392132135604, 1791555264477219508
-2.4334490299224854, -3.343606472015381, -0.4264951868135471, 1791555264526050690
-2.4215033054351807, -3.3487045764923096, -0.35641807742682846, 1791555264576081821
-2.4092671871185303, -3.352935791015625, -0.28618146713734827, 1791555264626078892
-2.3991100788116455, -3.3560428619384766, -0.2316398955217458, 1791555264666229944
-2.386223316192627, -3.358755588531494, -0.16414584555668102, 1791555264717343420
-2.3685121536254883, -3.3611180782318115, -0.07044294860591237, 1791555264786380556
-2.358069896697998, -3.361649751663208, -0.01541015251626982, 1791555264826204989
-2.344811201095581, -3.3619508743286133, 0.05425028239989807, 1791555264877109689
-2.3315794467926025, -3.360934257507324, 0.12127931035289566, 1791555264926199403
-2.31850004196167, -3.3590826988220215, 0.1864585593779899, 1791555264976246318
-2.3053572177886963, -3.3564374446868896, 0.25283565216669646, 1791555265026095356
-2.294818162918091, -3.3534069061279297, 0.30507218031710537, 1791555265066098301
-2.2820916175842285, -3.3493735790252686, 0.3751145761766291, 1791555265117172916
-2.265188455581665, -3.3421688079833984, 0.47048493209351117, 1791555265186017837
-2.2559823989868164, -3.3373334407806396, 0.5247332334287879, 1791555265225913823
-2.2444076538085938, -3.3304646015167236, 0.5934740555640257, 1791555265277062831
-2.233523368835449, -3.322789430618286, 0.658264458794305, 1791555265326248230
-2.22310733795166, -3.314051389694214, 0.726827030601844, 1791555265376241151
-2.2132110595703125, -3.3050737380981445, 0.7948520380133649, 1791555265426092553
-2.2057337760925293, -3.2974040508270264, 0.8504706510958224, 1791555265467259204
-2.1971893310546875, -3.2876431941986084, 0.9178091089462572, 1791555265517362665
-2.1904456615448, -3.2785263061523438, 0.9780075958563484, 1791555265566481630
-2.185103416442871, -3.2704405784606934, 1.0309594294983226, 1791555265616675020
-2.1800737380981445, -3.2622084617614746, 1.083631885746946, 1791555265677156330
-2.178312063217163, -3.2588136196136475, 1.1053805140348818, 1791555265707725509
-2.1750805377960205, -3.252378225326538, 1.1457714692981025, 1791555265776163993
-2.17336106300354, -3.249007225036621, 1.1663715511445671, 1791555265826092151
-2.1725566387176514, -3.246992826461792, 1.1775614182614722, 1791555265866110338
-2.1711299419403076, -3.243736982345581, 1.1964520828663894, 1791555265917370113
-2.1682231426239014, -3.234966278076172, 1.2430911072743935, 1791555265986536997
-2.1660683155059814, -3.22816801071167, 1.2787839810218786, 1791555266025848369
-2.1632423400878906, -3.218569755554199, 1.3273850719737224, 1791555266077812319
-2.1618127822875977, -3.2123756408691406, 1.3566191278221047, 1791555266106584763
-2.1588046550750732, -3.1958189010620117, 1.4391308784072228, 1791555266176375684
-2.156970500946045, -3.1822621822357178, 1.5023575500949562, 1791555266227118903
-2.156407594680786, -3.171203374862671, 1.551799831325167, 1791555266266334544
-2.156135082244873, -3.1571831703186035, 1.614164580892307, 1791555266317312545
-2.1567842960357666, -3.1432135105133057, 1.6755718902007326, 1791555266365844851
-2.1589865684509277, -3.1267755031585693, 1.748165874668102, 1791555266426071101
-2.160853624343872, -3.115784168243408, 1.7970113247913928, 1791555266466154082
-2.1650140285491943, -3.099602460861206, 1.8708989445029331, 1791555266526254756
-2.1690866947174072, -3.0864365100860596, 1.9327142854916903, 1791555266576209355
-2.174165725708008, -3.073474645614624, 1.9935297679259976, 1791555266626090405
-2.178783416748047, -3.063447952270508, 2.0423556463711687, 1791555266666170661
-2.185122489929199, -3.051194667816162, 2.104073031201852, 1791555266717282555
-2.1953868865966797, -3.0349369049072266, 2.187133370679592, 1791555266786344754
-2.2018368244171143, -3.0261096954345703, 2.234136104527752, 1791555266826034668
-2.210590362548828, -3.014885663986206, 2.296649581334691, 1791555266878400122
-2.2198517322540283, -3.0049140453338623, 2.3547527454998183, 1791555266926103047
-2.229956865310669, -2.9952452182769775, 2.4143716271320916, 1791555266976110843
-2.240389108657837, -2.9859390258789062, 2.474522532292546, 1791555267027154001
-2.2493538856506348, -2.9792776107788086, 2.5208502478907278, 1791555267066113349
-2.2609975337982178, -2.971384048461914, 2.5781824827579305, 1791555267116098354
-2.272977828979492, -2.9639952182769775, 2.637548974024861, 1791555267166261621
-2.28781795501709, -2.956308364868164, 2.7072377406273542, 1791555267226778269
-2.297909736633301, -2.951728343963623, 2.752909880230342, 1791555267266118643
-2.3136143684387207, -2.9459855556488037, 2.8198501941605723, 1791555267326009306
-2.3273041248321533, -2.9417173862457275, 2.8767473598605773, 1791555267376158793
-2.341230869293213, -2.938326835632324, 2.9337954630071996, 1791555267426124076
-2.3522629737854004, -2.936248540878296, 2.9796242676918223, 1791555267466179321
-2.366178274154663, -2.934316635131836, 3.0378491978872293, 1791555267516463156
-2.3802762031555176, -2.933192253112793, 3.0950884779600747, 1791555267566318726
-2.394500970840454, -2.932810068130493, -3.1314320544535548, 1791555267616441512
-2.408698797225952, -2.933488607406616, -3.0753505078841963, 1791555267666025333
-2.425576686859131, -2.9350874423980713, -3.0063042459061227, 1791555267726362166
-2.439607620239258, -2.937563896179199, -2.9499819470586104, 1791555267776126221
-2.4536211490631104, -2.9406673908233643, -2.8934047501302955, 1791555267826113389
-2.4646687507629395, -2.943800449371338, -2.848605833399836, 1791555267866177131
-2.478062868118286, -2.948242425918579, -2.792731951086259, 1791555267916169026
-2.4914700984954834, -2.9534685611724854, -2.7366385023684363, 1791555267966405231
-2.5047359466552734, -2.9596030712127686, -2.680978000386649, 1791555268016135185
-2.520191192626953, -2.9679131507873535, -2.614296483763947, 1791555268076516476
-2.532593250274658, -2.9756510257720947, -2.5598947526821996, 1791555268126324141
-2.544163465499878, -2.983659505844116, -2.5051845391273853, 1791555268176228343
-2.555510997772217, -2.9925057888031006, -2.4509729816818844, 1791555268226103147
-2.5644242763519287, -3.000061273574829, -2.40752580726719, 1791555268266254137
-2.574916362762451, -3.010063886642456, -2.352701273707217, 1791555268316458127
-2.588667869567871, -3.0248465538024902, -2.275853353445172, 1791555268386275738
-2.5960092544555664, -3.033658027648926, -2.2323964160513494, 1791555268426807344
-2.604858636856079, -3.0455658435821533, -2.1780361744513552, 1791555268477250879
-2.6127662658691406, -3.0577187538146973, -2.1259398460143126, 1791555268526525062
-2.6201250553131104, -3.070502758026123, -2.073322263032358, 1791555268576378378
-2.62717604637146, -3.0837230682373047, -2.0180952521233473, 1791555268627295243
-2.6322712898254395, -3.094592571258545, -1.9741738894278864, 1791555268667141212
-2.6376230716705322, -3.1082723140716553, -1.9232334618914897, 1791555268716187297
-2.642275810241699, -3.1223063468933105, -1.872956937645999, 1791555268766418299
-2.6471354961395264, -3.1392691135406494, -1.8086986158389247, 1791555268827475037
-2.6500775814056396, -3.153707265853882, -1.75580739280825, 1791555268876703150
-2.6523776054382324, -3.168316125869751, -1.7041338666050105, 1791555268926597126
-2.6540260314941406, -3.1830835342407227, -1.6516392384589087, 1791555268976193833
-2.6548960208892822, -3.197640895843506, -1.5981557584689587, 1791555269027109328
-2.6549832820892334, -3.209402322769165, -1.5560096805266463, 1791555269067400137
-2.6541125774383545, -3.224273681640625, -1.5037711375079617, 1791555269116195520
-2.652663230895996, -3.2389118671417236, -1.4503385033882557, 1791555269166617295
-2.6500275135040283, -3.256631374359131, -1.3850705465409905, 1791555269227611564
-2.6468393802642822, -3.2708094120025635, -1.3342416084233293, 1791555269276686688
-2.64302921295166, -3.2853145599365234, -1.2844018445208352, 1791555269326614083
-2.6383488178253174, -3.2999041080474854, -1.2336399108202376, 1791555269376137596
-2.632875442504883, -3.314255714416504, -1.1813872760491515, 1791555269427133533
-2.6280815601348877, -3.325343370437622, -1.1404883177158112, 1791555269467202459
-2.6214399337768555, -3.3385679721832275, -1.092256891913416, 1791555269516665423
-2.614145040512085, -3.3517873287200928, -1.0415521990681635, 1791555269565910466
-2.6044442653656006, -3.3671767711639404, -0.98073636985061, 1791555269627911088
-2.595752000808716, -3.379040479660034, -0.9329269873438661, 1791555269676623213
-2.5863187313079834, -3.3911375999450684, -0.8840213117424001, 1791555269726630097
-2.5764267444610596, -3.4025039672851562, -0.8349339222599558, 1791555269776242647
-2.5660452842712402, -3.41326904296875, -0.7863966841282463, 1791555269826130927
-2.5572967529296875, -3.4217498302459717, -0.7457399664858684, 1791555269867134698
-2.5459587574005127, -3.431527614593506, -0.6987554309084179, 1791555269916195752
-2.5341856479644775, -3.440849781036377, -0.6503825325228066, 1791555269966502333
-2.5219528675079346, -3.449664354324341, -0.6009840285620479, 1791555270016536729
-2.506662368774414, -3.4596757888793945, -0.5417087668639131, 1791555270077165518
-2.49344801902771, -3.4670538902282715, -0.4945019551407359, 1791555270126398204
-2.479820489883423, -3.4737942218780518, -0.44650708719122373, 1791555270176143819
-2.4658408164978027, -3.4802908897399902, -0.39655107061693784, 1791555270228256966
-2.454655647277832, -3.484612464904785, -0.35844508256786406, 1791555270268125826
-2.440397024154663, -3.489287853240967, -0.3131256064514307, 1791555270316242862
-2.426706552505493, -3.4934372901916504, -0.2680947368768859, 1791555270362218154
-2.406187057495117, -3.4985530376434326, -0.2003223402367227, 1791555270433142925
-2.392662525177002, -3.500976800918579, -0.16031985122916542, 1791555270476762925
-2.3776047229766846, -3.5029263496398926, -0.11430057664692511, 1791555270526412837
-2.3624980449676514, -3.50429368019104, -0.06741532133332279, 1791555270576344226
-2.34704327583313, -3.505054235458374, -0.01797943955790841, 1791555270627384114
-2.334618091583252, -3.505182981491089, 0.020056390520135123, 1791555270667216535
-2.3180267810821533, -3.504361867904663, 0.07075912278638924, 1791555270720200700
-2.305002212524414, -3.5031278133392334, 0.11055983513028807, 1791555270762374787
-2.284619092941284, -3.500126361846924, 0.17488697758940389, 1791555270830620203
-2.2732465267181396, -3.4979050159454346, 0.20898116096536729, 1791555270867295673
-2.255143642425537, -3.4933292865753174, 0.26504043178285663, 1791555270926105309
-2.240154981613159, -3.488978385925293, 0.31222487082104816, 1791555270976304436
-2.2251687049865723, -3.4838621616363525, 0.3599925221731708, 1791555271027179083
-2.213407039642334, -3.479236602783203, 0.3979905675642074, 1791555271067286712
-2.1993143558502197, -3.4726595878601074, 0.4425916023212301, 1791555271116230883
-2.1851084232330322, -3.465616464614868, 0.48885646437112007, 1791555271165978920
-2.1684651374816895, -3.4561734199523926, 0.5457731996860439, 1791555271226822291
-2.1575818061828613, -3.449310779571533, 0.5821685212274554, 1791555271267721619
-2.142035484313965, -3.4384067058563232, 0.6355371621335738, 1791555271326753940
-2.127074718475342, -3.426745653152466, 0.6909497755098742, 1791555271387751674
-2.1175642013549805, -3.4186851978302, 0.7277216892445495, 1791555271427314716
-2.1084961891174316, -3.4104104042053223, 0.7649298461972842, 1791555271467201655
-2.096609354019165, -3.3985042572021484, 0.8139539597700938, 1791555271520350384
-2.087486505508423, -3.3886349201202393, 0.8503068542757263, 1791555271562119179
-2.0774314403533936, -3.3768999576568604, 0.8956643508947919, 1791555271612288639
-2.0646660327911377, -3.3597259521484375, 0.9564721847322207, 1791555271680192396
-2.0569725036621094, -3.3487143516540527, 0.9939938612137196, 1791555271722570033
-2.048569440841675, -3.335163116455078, 1.0384422943113614, 1791555271772296525
-2.040475606918335, -3.321058750152588, 1.0842623993208802, 1791555271823207422
-2.03369402885437, -3.3076226711273193, 1.126339100881943, 1791555271870168292
-2.026930570602417, -3.2926559448242188, 1.1695929647616883, 1791555271920258665
-2.0218265056610107, -3.280128002166748, 1.2058259714191537, 1791555271962182568
-2.0159425735473633, -3.263881206512451, 1.254065761383256, 1791555272016105287
-2.010173797607422, -3.245541572570801, 1.306157811301269, 1791555272075953669
-2.006246566772461, -3.229969024658203, 1.3494916562935333, 1791555272126128155
-2.0030605792999268, -3.2143285274505615, 1.393901739070627, 1791555272176153545
-2.0002338886260986, -3.1983237266540527, 1.4388559238283258, 1791555272227146062
-1.998660683631897, -3.1856250762939453, 1.4734829463099572, 1791555272267121828
-1.997565746307373, -3.167850971221924, 1.5207719430693527, 1791555272321241682
-1.997039794921875, -3.1545791625976562, 1.5571003433231911, 1791555272362243135
-1.9969857931137085, -3.1384899616241455, 1.6019232701818453, 1791555272412751767
-1.9983999729156494, -3.1158618927001953, 1.6604348372351274, 1791555272481217449
-1.9995570182800293, -3.1033923625946045, 1.6943982587025403, 1791555272521309579
-2.0017457008361816, -3.0876927375793457, 1.7372812343536312, 1791555272571119583
-2.0044960975646973, -3.0715394020080566, 1.7804698684636668, 1791555272622119328
-2.0078608989715576, -3.0563278198242188, 1.8227351626852677, 1791555272671150548
-2.0131723880767822, -3.037304162979126, 1.8752855622349622, 1791555272731015829
-2.0161640644073486, -3.027916669845581, 1.9007474509209836, 1791555272761174255
-2.022277355194092, -3.0110015869140625, 1.9476758968164543, 1791555272816627952
-2.029700994491577, -2.993074417114258, 1.9977035036338182, 1791555272876698741
-2.0366241931915283, -2.978320837020874, 2.0394205557969127, 1791555272926127392
-2.0440754890441895, -2.9640302658081055, 2.0807748688813663, 1791555272976159927
-2.0520060062408447, -2.9498488903045654, 2.1229836811878426, 1791555273027139076
-2.0587661266326904, -2.9390788078308105, 2.156346216787742, 1791555273067171346
-2.0716872215270996, -2.9206128120422363, 2.213144286357582, 1791555273136018630
-2.077695846557617, -2.9128527641296387, 2.2380728885758563, 1791555273166212601
-2.0876624584198, -2.900139093399048, 2.2797855619328673, 1791555273216764097
-2.1006126403808594, -2.885648012161255, 2.330137893168497, 1791555273276437951
-2.1120829582214355, -2.87398099899292, 2.371276747115513, 1791555273326237022
-2.123929977416992, -2.8627028465270996, 2.412731274168648, 1791555273376131398
-2.136326551437378, -2.8518033027648926, 2.4541293375136495, 1791555273428162470
-2.1465282440185547, -2.8437814712524414, 2.486051575054568, 1791555273467132649
-2.1594512462615967, -2.834277391433716, 2.526670167521406, 1791555273517121811
-2.1729400157928467, -2.82490873336792, 2.567079568614079, 1791555273566374166
-2.1866681575775146, -2.8161990642547607, 2.607118573360561, 1791555273616752232
-2.2007381916046143, -2.807781934738159, 2.6489424616180988, 1791555273668177551
-2.2183682918548584, -2.79874849319458, 2.6958947076100976, 1791555273727307745
-2.233006715774536, -2.791945695877075, 2.735004648150353, 1791555273776203717
-2.24821138381958, -2.7852988243103027, 2.777298447260581, 1791555273828139537
-2.2603588104248047, -2.780778646469116, 2.8070580419706235, 1791555273866262770
-2.2761552333831787, -2.7755072116851807, 2.8460560138607605, 1791555273916213860
-2.2920477390289307, -2.7708537578582764, 2.885213385855891, 1791555273966344735
-2.307753562927246, -2.7667126655578613, 2.9249808428831057, 1791555274016117566
-2.327439308166504, -2.7627792358398438, 2.97173003087422, 1791555274076465317
-2.343762159347534, -2.760117292404175, 3.011557350183267, 1791555274126148461
-2.360095500946045, -2.75830340385437, 3.0510036967546057, 1791555274176148659
-2.3750598430633545, -2.7568650245666504, 3.0871660713754374, 1791555274222137779
-2.389697790145874, -2.756211280822754, 3.1212124839329665, 1791555274266164715
-2.406169891357422, -2.7559595108032227, -3.122580290047604, 1791555274316633814
-2.42291522026062, -2.756267547607422, -3.084042073307437, 1791555274366177838
-2.4395194053649902, -2.757431983947754, -3.0442159087117635, 1791555274416252318
-2.4546124935150146, -2.7589757442474365, -3.0071949739346886, 1791555274462569538
-2.4756200313568115, -2.762162685394287, -2.958664900875441, 1791555274526219992
-2.4916491508483887, -2.7651407718658447, -2.920710060395947, 1791555274577476476
-2.506103754043579, -2.768441677093506, -2.8865182246887615, 1791555274622278321
-2.52059006690979, -2.77215313911438, -2.8523218342542007, 1791555274666929245
-2.536337375640869, -2.776951313018799, -2.8140165323445383, 1791555274717486296
-2.5566422939300537, -2.7841238975524902, -2.764378233986452, 1791555274782735527
-2.567347288131714, -2.78825044631958, -2.738539520174748, 1791555274816870868
-2.5854597091674805, -2.796522617340088, -2.695074033184406, 1791555274875975256
-2.6004621982574463, -2.803737163543701, -2.6572241408030735, 1791555274926103012
-2.615431785583496, -2.8117051124572754, -2.619105748321679, 1791555274977492864
-2.6287193298339844, -2.819716215133667, -2.585485862292232, 1791555275023290655
-2.641160249710083, -2.8277251720428467, -2.5509104960086413, 1791555275067405712
-2.6546952724456787, -2.8371329307556152, -2.5147252143570027, 1791555275116406931
-2.6721386909484863, -2.850104570388794, -2.4650907343781374, 1791555275183451516
-2.683561325073242, -2.8593790531158447, -2.4323046363013585, 1791555275227699807
-2.6926565170288086, -2.8671889305114746, -2.405454206277228, 1791555275263284901
-2.7080349922180176, -2.8816909790039062, -2.3579499790093528, 1791555275326079702
-2.7197985649108887, -2.893430471420288, -2.319180486033807, 1791555275376978455
-2.730079174041748, -2.9044899940490723, -2.285349426982357, 1791555275423410364
-2.7397615909576416, -2.915748357772827, -2.2537468485231735, 1791555275467623989
-2.750126838684082, -2.9288389682769775, -2.2171611916549563, 1791555275517604057
-2.7634520530700684, -2.946852922439575, -2.1684714204563953, 1791555275583376788
-2.7697947025299072, -2.956106185913086, -2.142808547259516, 1791555275617427656
-2.7803900241851807, -2.973372220993042, -2.0992469845431447, 1791555275677112889
-2.7887532711029053, -2.987835168838501, -2.063683478694128, 1791555275727231852
-2.7965214252471924, -3.0026800632476807, -2.0282643370532294, 1791555275777793608
-2.803389310836792, -3.0165810585021973, -1.9949938507475116, 1791555275823589855
-2.8095078468322754, -3.03002667427063, -1.962824074739488, 1791555275866856463
-2.8157973289489746, -3.0456457138061523, -1.9274573689569772, 1791555275917746530
-2.821539878845215, -3.0613796710968018, -1.8902849010571876, 1791555275967403432
-2.8274850845336914, -3.0804240703582764, -1.848698008550663, 1791555276027784428
-2.8318917751312256, -3.0966227054595947, -1.813676232225463, 1791555276077132472
-2.8359174728393555, -3.1131644248962402, -1.7772873748531417, 1791555276127354641
-2.8393492698669434, -3.1294167041778564, -1.7403774702917212, 1791555276178034183
-2.8417415618896484, -3.1443264484405518, -1.7084670085767169, 1791555276221905125
-2.843702554702759, -3.1592302322387695, -1.677124718641236, 1791555276267408430
-2.845341682434082, -3.175795078277588, -1.6417201591237354, 1791555276317801252
-2.8464887142181396, -3.1978087425231934, -1.5950570268803326, 1791555276383568271
-2.846980571746826, -3.209348201751709, -1.5697433639312266, 1791555276418377533
-2.8466079235076904, -3.229564905166626, -1.5288062442441681, 1791555276477081400
-2.8458917140960693, -3.2452783584594727, -1.4938781927722542, 1791555276527374710
-2.844932794570923, -3.2593038082122803, -1.4589104480976587, 1791555276578666863
-2.843719244003296, -3.2701473236083984, -1.432243292598516, 1791555276623362280
-2.842557907104492, -3.279226303100586, -1.4112390976786873, 1791555276667132544
-2.841334819793701, -3.287651777267456, -1.390132756352576, 1791555276718666132
-2.8394830226898193, -3.29658579826355, -1.3690657828129382, 1791555276784437647
-2.8378498554229736, -3.304266929626465, -1.34813885911012, 1791555276827077855
-2.83579421043396, -3.312643527984619, -1.3258755032566727, 1791555276864574137
-2.831576347351074, -3.329277515411377, -1.2867477403176732, 1791555276926787967
-2.827000379562378, -3.3445379734039307, -1.2502551222239264, 1791555276978500012
-2.8219499588012695, -3.3590705394744873, -1.216959285261086, 1791555277023844936
-2.8168792724609375, -3.3726561069488525, -1.189328600986785, 1791555277067244473
-2.8102309703826904, -3.388400077819824, -1.1569798495751435, 1791555277117654060
-2.8030850887298584, -3.4039218425750732, -1.122703278288136, 1791555277167155263
-2.7940874099731445, -3.4223320484161377, -1.0816299320310294, 1791555277228607148
-2.786027193069458, -3.4369711875915527, -1.0482273874055485, 1791555277277373346
-2.7773656845092773, -3.451507806777954, -1.0151184398775586, 1791555277327665395
-2.768907070159912, -3.4649102687835693, -0.983635628033295, 1791555277374180727
-2.7593283653259277, -3.478773593902588, -0.9503003201283582, 1791555277424337562
-2.750784158706665, -3.4907474517822266, -0.9209063583038326, 1791555277467467635
-2.740333318710327, -3.5041322708129883, -0.8888036413761596, 1791555277517264175
-2.729602098464966, -3.517049789428711, -0.8565008649862154, 1791555277567290785
-2.7161405086517334, -3.5319998264312744, -0.8187275156471735, 1791555277627057469
-2.7044622898101807, -3.5440638065338135, -0.7864509727764157, 1791555277677157536
-2.6923961639404297, -3.555903434753418, -0.7539990302910571, 1791555277727520479
-2.6805310249328613, -3.5667924880981445, -0.7233231346016711, 1791555277774242246
-2.6677370071411133, -3.577768564224243, -0.6907317562871048, 1791555277824218600
-2.6563560962677, -3.587087631225586, -0.6620464348135129, 1791555277867210675
-2.643050193786621, -3.5971202850341797, -0.6306519069125648, 1791555277917299767
-2.62915301322937, -3.6066784858703613, -0.599071696390378, 1791555277966635606
-2.615866184234619, -3.6156585216522217, -0.5681473540804252, 1791555278014616339
-2.597477674484253, -3.627049684524536, -0.5272903723404551, 1791555278077467293
-2.5827763080596924, -3.6352734565734863, -0.49483965545727054, 1791555278127377304
-2.568617343902588, -3.642796754837036, -0.4639665107831385, 1791555278174216114
-2.5530142784118652, -3.6502015590667725, -0.4331846333852188, 1791555278225315626
-2.540147066116333, -3.656066417694092, -0.4051521231036209, 1791555278267346872
-2.524256706237793, -3.66269850730896, -0.37294822460166643, 1791555278317279335
-2.508362293243408, -3.6686105728149414, -0.34124622506265806, 1791555278367158348
-2.4887936115264893, -3.6751582622528076, -0.3022555018740311, 1791555278427816445
-2.4722402095794678, -3.679945707321167, -0.27275071145202345, 1791555278477784872
-2.455990791320801, -3.6842944622039795, -0.24162639487613408, 1791555278527260943
-2.440044403076172, -3.687924861907959, -0.21054293129873514, 1791555278575264986
-2.4231786727905273, -3.6914258003234863, -0.17768731766558174, 1791555278625207244
-2.409040689468384, -3.693676233291626, -0.15034637466701165, 1791555278667219913
-2.3920435905456543, -3.6960039138793945, -0.11758439500466757, 1791555278717262495
-2.3747458457946777, -3.6977455615997314, -0.08501561806587257, 1791555278767217489
-2.3584580421447754, -3.698777437210083, -0.05503031472193846, 1791555278815733360
-2.337181329727173, -3.699535846710205, -0.015489686128894743, 1791555278877303177
-2.319823980331421, -3.6994550228118896, 0.016300444695075224, 1791555278927444157
-2.3032290935516357, -3.699002742767334, 0.04656808855776094, 1791555278975235234
-2.28605580329895, -3.697817325592041, 0.0770305370383963, 1791555279025358727
-2.271728515625, -3.696610689163208, 0.10345255440207764, 1791555279067271091
-2.2545881271362305, -3.694575786590576, 0.13467745332404002, 1791555279117217557
-2.2375271320343018, -3.691950559616089, 0.1656909530024793, 1791555279167017214
-2.221083879470825, -3.6889431476593018, 0.19696872528257542, 1791555279215420679
-2.1999447345733643, -3.6842362880706787, 0.23461011555718553, 1791555279277208498
-2.1832218170166016, -3.6799111366271973, 0.26586933990128936, 1791555279327561683
-2.167306900024414, -3.675327777862549, 0.2954633803783169, 1791555279375335434
-2.1509146690368652, -3.6699883937835693, 0.32656958871312425, 1791555279425235043
-2.137247085571289, -3.665041208267212, 0.35220779084292997, 1791555279467229881
-2.1211767196655273, -3.658864974975586, 0.3841861413693583, 1791555279517310435
-2.1051862239837646, -3.6521170139312744, 0.41663536089170045, 1791555279568361014
-2.086496114730835, -3.643230676651001, 0.4534548693340288, 1791555279626943617
-2.07120680809021, -3.635234832763672, 0.4821942665351867, 1791555279677407922
-2.0560460090637207, -3.6269032955169678, 0.5132948203824602, 1791555279728968568
-2.0420236587524414, -3.6187586784362793, 0.5418106917040482, 1791555279775230078
-2.027104616165161, -3.609261989593506, 0.5721497586283854, 1791555279826298154
-2.0149357318878174, -3.60099196434021, 0.5979210043191453, 1791555279868229500
-2.000793218612671, -3.590977907180786, 0.6285627104501926, 1791555279918397977
-1.987069010734558, -3.5806052684783936, 0.6582987621304724, 1791555279969092720
-1.9710873365402222, -3.567782402038574, 0.6938322634387135, 1791555280028554185
-1.9581233263015747, -3.5563437938690186, 0.7226247872035494, 1791555280078655202
-1.9450669288635254, -3.544574737548828, 0.7526965357978211, 1791555280129574996
-1.933199405670166, -3.5330822467803955, 0.7804079392555, 1791555280176520726
-1.9211325645446777, -3.520705461502075, 0.8099756683386308, 1791555280226234764
-1.9112979173660278, -3.5100033283233643, 0.8349193449894114, 1791555280268250466
-1.8998571634292603, -3.497056245803833, 0.8650591821160747, 1791555280318323276
-1.8848897218704224, -3.478428840637207, 0.9067280849712985, 1791555280386428619
-1.8760896921157837, -3.4668467044830322, 0.9315641424188602, 1791555280428449910
-1.8661346435546875, -3.452899217605591, 0.9610977313426768, 1791555280478584749
-1.8564077615737915, -3.4382872581481934, 0.9900942921480186, 1791555280528195337
-1.8473278284072876, -3.4238829612731934, 1.018217765364658, 1791555280577312286
-1.8384755849838257, -3.4086623191833496, 1.0467234830816488, 1791555280627372379
-1.831705927848816, -3.396549940109253, 1.070504051337517, 1791555280667239628
-1.8236485719680786, -3.381051778793335, 1.1002355658481393, 1791555280718320726
-1.8161789178848267, -3.3656208515167236, 1.1276699155144037, 1791555280767770558
-1.8076380491256714, -3.3468546867370605, 1.162286058339572, 1791555280827384038
-1.8010516166687012, -3.330782413482666, 1.1913172261478928, 1791555280878272909
-1.7947944402694702, -3.3145294189453125, 1.219138325828753, 1791555280927444427
-1.78910493850708, -3.29795241355896, 1.2485156908734334, 1791555280977241903
-1.7839510440826416, -3.2813942432403564, 1.2773526010968599, 1791555281027215657
-1.7800872325897217, -3.2678003311157227, 1.3003301399329454, 1791555281067221873
-1.7757110595703125, -3.251316785812378, 1.3288880375436605, 1791555281117323898
-1.7706681489944458, -3.2277603149414062, 1.368433738359107, 1791555281187729003
-1.7680613994598389, -3.2142333984375, 1.3919650015555176, 1791555281226906179
-1.765868067741394, -3.200479030609131, 1.4157872860702758, 1791555281267372251
-1.7631200551986694, -3.179969549179077, 1.4500547051133221, 1791555281327049797
-1.7612522840499878, -3.162875175476074, 1.4788838883364723, 1791555281377248060
-1.7600502967834473, -3.145573377609253, 1.507283985307688, 1791555281427236516
-1.7593313455581665, -3.1317036151885986, 1.5300617460121961, 1791555281467374232
-1.7590687274932861, -3.1140782833099365, 1.5577571612986616, 1791555281517451805
-1.7593340873718262, -3.089550495147705, 1.5977156709208844, 1791555281587344980
-1.7597432136535645, -3.0757925510406494, 1.621775593258078, 1791555281627319104
-1.7611072063446045, -3.0584099292755127, 1.6504494354716617, 1791555281678231302
-1.7627198696136475, -3.041421413421631, 1.6781913375520878, 1791555281727635883
-1.7650519609451294, -3.0242276191711426, 1.7077232667249478, 1791555281777361448
-1.7676382064819336, -3.007072687149048, 1.7375477642123356, 1791555281827243966
-1.770053744316101, -2.993365526199341, 1.7612337493849521, 1791555281867393289
-1.7735110521316528, -2.9765734672546387, 1.7912951823164787, 1791555281918332805
-1.7777739763259888, -2.959970235824585, 1.81995952650218, 1791555281967203149
-1.7823476791381836, -2.943249464035034, 1.8479136136444958, 1791555282017611325
-1.788413643836975, -2.923229217529297, 1.8841146261948436, 1791555282078461862
-1.7917157411575317, -2.9133973121643066, 1.902151189086992, 1791555282107934735
-1.799989104270935, -2.8907618522644043, 1.9430641806507578, 1791555282177258280
-1.8068262338638306, -2.874783992767334, 1.9710584160896905, 1791555282227248992
-1.8121905326843262, -2.8620071411132812, 1.9941035849595736, 1791555282267316570
-1.8195345401763916, -2.846437931060791, 2.0226997043453316, 1791555282318508230
-1.8274214267730713, -2.831190586090088, 2.049813128437471, 1791555282367303278
-1.837350606918335, -2.8127455711364746, 2.084494180191126, 1791555282427023029
-1.8462402820587158, -2.7977113723754883, 2.112111166669045, 1791555282478315010
-1.855345368385315, -2.7832069396972656, 2.140689975093829, 1791555282527294129
-1.8649989366531372, -2.7689907550811768, 2.1680039547112546, 1791555282577439786
-1.8750277757644653, -2.7548654079437256, 2.19673547731447, 1791555282627242462
-1.883222222328186, -2.743802547454834, 2.219819643198197, 1791555282667301487
-1.8938490152359009, -2.730360269546509, 2.2485385236043864, 1791555282717330927
-1.9050922393798828, -2.7170987129211426, 2.277651571571549, 1791555282767217958
-1.9187228679656982, -2.701641798019409, 2.3121985308130424, 1791555282827304326
-1.930677056312561, -2.6892971992492676, 2.341247833910729, 1791555282878101424
-1.9430193901062012, -2.6769161224365234, 2.3705580920603806, 1791555282927014783
-1.9555408954620361, -2.665189504623413, 2.399963509919214, 1791555282977322974
-1.9685988426208496, -2.6538612842559814, 2.4286183954720992, 1791555283027388638
-1.9791896343231201, -2.644667148590088, 2.4516811291526235, 1791555283067213354
-1.9927030801773071, -2.6340737342834473, 2.481155891898459, 1791555283118219707
-2.0066118240356445, -2.62365984916687, 2.5092119995602524, 1791555283167197329
-2.0236995220184326, -2.6116137504577637, 2.5442392597449826, 1791555283227539653
-2.038234233856201, -2.6022536754608154, 2.5733579117315983, 1791555283278697794
-2.0529260635375977, -2.593186140060425, 2.6028747369277188, 1791555283327544601
-2.0680012702941895, -2.584698438644409, 2.6304020924536453, 1791555283377201027
-2.083057403564453, -2.576683759689331, 2.6587513239870657, 1791555283427211769
-2.095358371734619, -2.5704946517944336, 2.682336607856584, 1791555283467192782
-2.1109604835510254, -2.562979221343994, 2.7113232083653833, 1791555283518381046
-2.1267735958099365, -2.5561423301696777, 2.740187459880827, 1791555283567230347
-2.1459672451019287, -2.5484673976898193, 2.7747870074033707, 1791555283626933884
-2.1623265743255615, -2.5425209999084473, 2.804938100778118, 1791555283677972310
-2.172149419784546, -2.5393319129943848, 2.821320567703559, 1791555283707249783
-2.195129871368408, -2.5322773456573486, 2.8601444114800794, 1791555283777270873
-2.2118189334869385, -2.5280215740203857, 2.8890768963192017, 1791555283827315156
-2.2253739833831787, -2.5243988037109375, 2.912858923121641, 1791555283868502550
-2.242356300354004, -2.5206642150878906, 2.942771401254958, 1791555283919534141
-2.259157419204712, -2.517754316329956, 2.9707188596626333, 1791555283967301580
-2.279709815979004, -2.5146031379699707, 3.0038571216127607, 1791555284027081938
-2.2934539318084717, -2.512995958328247, 3.025806404398204, 1791555284067165692
-2.314074993133545, -2.511047124862671, 3.0595088149616534, 1791555284127713700
-2.331315755844116, -2.5099878311157227, 3.088813302374798, 1791555284177257242
-2.3484809398651123, -2.5093343257904053, 3.118230817809348, 1791555284227272897
-2.362534523010254, -2.509300708770752, 3.141336917878741, 1791555284267256372
-2.3796987533569336, -2.5096042156219482, -3.113468884728466, 1791555284317463803
-2.397054433822632, -2.510549783706665, -3.085223680470414, 1791555284367215570
-2.4176604747772217, -2.5121405124664307, -3.051276427010503, 1791555284427804584
-2.4313859939575195, -2.5136477947235107, -3.027252423352469, 1791555284467440073
-2.452165365219116, -2.5165343284606934, -2.9929778505582156, 1791555284527328971
-2.4692513942718506, -2.519357204437256, -2.964443910344718, 1791555284577315282
-2.4862446784973145, -2.522714853286743, -2.935531113760808, 1791555284628378281
-2.499662399291992, -2.525773286819458, -2.913096160748606, 1791555284667323042
-2.5165727138519287, -2.5300192832946777, -2.883066172935375, 1791555284717308645
-2.5333690643310547, -2.5346930027008057, -2.853975968814705, 1791555284767351949
-2.549971342086792, -2.5400071144104004, -2.8259300777817105, 1791555284817620307
-2.566287040710449, -2.5455901622772217, -2.7976836992668273, 1791555284867348025
-2.5854969024658203, -2.5530121326446533, -2.76389697894782, 1791555284927402453
-2.601494789123535, -2.5598397254943848, -2.735839308042738, 1791555284977315896
-2.617191791534424, -2.5669620037078857, -2.70605876726054, 1791555285027313209
-2.6297447681427, -2.5730137825012207, -2.6829570544670656, 1791555285067442290
-2.645082950592041, -2.5811960697174072, -2.654324969748827, 1791555285117611789
-2.660381555557251, -2.589548349380493, -2.6242350749762093, 1791555285167346074
-2.6780025959014893, -2.600353240966797, -2.5906972493684437, 1791555285227599145
-2.692481756210327, -2.609635591506958, -2.5611172159377036, 1791555285277139507
-2.7068045139312744, -2.619396209716797, -2.532511290726683, 1791555285327313731
-2.7207088470458984, -2.6296913623809814, -2.5036020678079822, 1791555285377443397
-2.734732151031494, -2.6405560970306396, -2.474260636159039, 1791555285427408581
-2.745479106903076, -2.649226665496826, -2.451283694760597, 1791555285467271281
-2.7585437297821045, -2.6605868339538574, -2.4224543679146286, 1791555285517336469
-2.771463632583618, -2.6722168922424316, -2.393630480030207, 1791555285567332099
-2.784003257751465, -2.684373140335083, -2.3645167486794456, 1791555285617362007
-2.7984085083007812, -2.699328660964966, -2.3299784619608626, 1791555285677515930
-2.81013822555542, -2.7120511531829834, -2.3005585800240285, 1791555285727510416
-2.821298122406006, -2.725234031677246, -2.2727776308866168, 1791555285777275633
-2.8322739601135254, -2.7385895252227783, -2.2435841852587117, 1791555285828312832
-2.8408050537109375, -2.7498579025268555, -2.2208179369308816, 1791555285868283237
-2.850883960723877, -2.763728618621826, -2.1927043311930223, 1791555285917340300
-2.860861301422119, -2.7782232761383057, -2.1629494020143034, 1791555285967353878
-2.872061014175415, -2.7955565452575684, -2.1276263736399064, 1791555286028087808
-2.8791728019714355, -2.80727481842041, -2.104682220769015, 1791555286067663255
-2.8893191814422607, -2.8252737522125244, -2.0706654629433863, 1791555286127668637
-2.8971166610717773, -2.840553045272827, -2.0422037590925712, 1791555286177477954
-2.904920816421509, -2.8563127517700195, -2.013870719870891, 1791555286227453293
-2.910783290863037, -2.868974208831787, -1.9907019709718388, 1791555286268302221
-2.917536973953247, -2.8851161003112793, -1.9617879761680859, 1791555286317669289
-2.923889398574829, -2.9012820720672607, -1.9327638101880245, 1791555286367302052
-2.9308383464813232, -2.9208102226257324, -1.8990424509019668, 1791555286427876210
-2.9360947608947754, -2.937150478363037, -1.8705572924618177, 1791555286477663035
-2.940850019454956, -2.9540748596191406, -1.8413533436611833, 1791555286527602301
-2.945164203643799, -2.970856189727783, -1.8123518885071388, 1791555286577285786
-2.9474377632141113, -2.980884552001953, -1.7950978132015056, 1791555286607461812
-2.9515621662139893, -3.001210927963257, -1.760725553473674, 1791555286668294914
-2.9544754028320312, -3.0181078910827637, -1.732026263392449, 1791555286717393663
-2.956951856613159, -3.035398483276367, -1.7034531543131899, 1791555286767301910
-2.959378480911255, -3.055995464324951, -1.6672902419051203, 1791555286828375731
-2.9604883193969727, -3.06984543800354, -1.6444599569699658, 1791555286867585071
-2.961458206176758, -3.083850860595703, -1.6205271366021348, 1791555286908367752
-2.9619157314300537, -3.1079134941101074, -1.5807418228248358, 1791555286977439217
-2.9617347717285156, -3.125199794769287, -1.552071166183792, 1791555287027271674
-2.9614057540893555, -3.1392247676849365, -1.5281488768762348, 1791555287069274766
-2.9602465629577637, -3.156461477279663, -1.5002298476981866, 1791555287117431164
-2.9586095809936523, -3.173798084259033, -1.4721710478804109, 1791555287167413697
-2.9565041065216064, -3.191023349761963, -1.443336810918786, 1791555287217755619
-2.9541513919830322, -3.2080512046813965, -1.4142325714051658, 1791555287268814123
-2.950336456298828, -3.2284817695617676, -1.38017956644319, 1791555287327801921
-2.946727991104126, -3.2454094886779785, -1.3499020146749352, 1791555287377295342
-2.9425907135009766, -3.2622809410095215, -1.3201569306114531, 1791555287427444000
-2.938889980316162, -3.2758772373199463, -1.2954787363310982, 1791555287469346763
-2.9338834285736084, -3.2922885417938232, -1.2672171373147327, 1791555287517126292
-2.9259512424468994, -3.3151814937591553, -1.2276589413097914, 1791555287587660052
-2.9225549697875977, -3.3249926567077637, -1.2102268862903156, 1791555287617091519
-2.9161150455474854, -3.3411734104156494, -1.1806461733309686, 1791555287668740436
-2.9077346324920654, -3.360090970993042, -1.146975610480874, 1791555287727289774
-2.9004342555999756, -3.3756775856018066, -1.1172530845745952, 1791555287777486140
-2.892454147338867, -3.3909788131713867, -1.0893952901556019, 1791555287827571806
-2.886012554168701, -3.402754306793213, -1.066439519441082, 1791555287867290158
-2.877387762069702, -3.417843818664551, -1.0377439008618585, 1791555287917287896
-2.864368438720703, -3.4383182525634766, -0.9974268058708256, 1791555287988624403
-2.8567280769348145, -3.4496471881866455, -0.9741799113621756, 1791555288027804600
-2.848906993865967, -3.4609334468841553, -0.9504909476532997, 1791555288068119797
-2.836461305618286, -3.4773120880126953, -0.916526297549009, 1791555288127280586
-2.826035976409912, -3.4903504848480225, -0.8874413203367102, 1791555288177342875
-2.815751791000366, -3.5024585723876953, -0.86035914520714, 1791555288224427958
-2.805049419403076, -3.5145456790924072, -0.8328067751228128, 1791555288271430614
-2.7931551933288574, -3.527158737182617, -0.8035940489554089, 1791555288321445958
-2.782780170440674, -3.53737211227417, -0.7797476068482754, 1791555288363369499
-2.765906572341919, -3.5532963275909424, -0.7419898292918033, 1791555288431184493
-2.7576329708099365, -3.5606987476348877, -0.7232154779141075, 1791555288464656774
-2.7416300773620605, -3.5739221572875977, -0.6887464175670417, 1791555288523462735
-2.7282068729400635, -3.584550380706787, -0.6585855980957892, 1791555288573424044
-2.714402198791504, -3.594825267791748, -0.6295775616484828, 1791555288624669884
-2.7011332511901855, -3.6040523052215576, -0.6021695723613483, 1791555288671467668
-2.686635732650757, -3.6136484146118164, -0.5749136492375359, 1791555288721429596
-2.674227237701416, -3.6212966442108154, -0.5515642098773194, 1791555288763698893
-2.6540045738220215, -3.6330208778381348, -0.511986056524004, 1791555288831521958
-2.6443753242492676, -3.6383414268493652, -0.4933618995921007, 1791555288864560895
-2.6297125816345215, -3.645690679550171, -0.4663623482379537, 1791555288911619790
-2.610283136367798, -3.654836654663086, -0.42926068637009474, 1791555288973634084
-2.5939078330993652, -3.661904811859131, -0.3974122520555407, 1791555289028474309
-2.5816001892089844, -3.6668684482574463, -0.3724410240723536, 1791555289071913881
-2.5672976970672607, -3.6722424030303955, -0.3411772614090663, 1791555289122433387
-2.554063558578491, -3.6767425537109375, -0.3191846836484471, 1791555289163671907
-2.531475305557251, -3.6835365295410156, -0.28270388692644216, 1791555289232316333
-2.514763832092285, -3.6878771781921387, -0.25673528207483204, 1791555289282298194
-2.5012874603271484, -3.6911184787750244, -0.23418372415430855, 1791555289322593562
-2.4842369556427, -3.694838047027588, -0.20603973670552697, 1791555289372591812
-2.4673728942871094, -3.698079824447632, -0.17701594401136253, 1791555289423267775
-2.4501633644104004, -3.700685501098633, -0.14801993271680874, 1791555289472269274
-2.434932231903076, -3.7027969360351562, -0.12243297490284125, 1791555289517707500
-2.417625904083252, -3.704409122467041, -0.09382459077800802, 1791555289567289114
-2.3971126079559326, -3.7059576511383057, -0.06007113725267204, 1791555289627602867
-2.383070945739746, -3.7065985202789307, -0.0366067360018342, 1791555289668363547
-2.369419574737549, -3.706679105758667, -0.014773349211533688, 1791555289707378474
-2.344996690750122, -3.706470012664795, 0.02726170551816371, 1791555289777295145
-2.3276143074035645, -3.705526828765869, 0.056081255344587626, 1791555289827713646
-2.3137240409851074, -3.704693078994751, 0.07947724150276601, 1791555289868292752
-2.2964799404144287, -3.7028660774230957, 0.10792957382774605, 1791555289917523362
-2.2724244594573975, -3.6996147632598877, 0.1483620127483655, 1791555289987180806
-2.2586991786956787, -3.6974117755889893, 0.17288444951164397, 1791555290028814973
-2.2450504302978516, -3.6947124004364014, 0.19548230500312969, 1791555290068522050
-2.224709987640381, -3.690093517303467, 0.23072553763196313, 1791555290127529845
-2.207758903503418, -3.685760974884033, 0.2595130337060002, 1791555290178293731
-2.1912901401519775, -3.681061029434204, 0.288447275847425, 1791555290228895567
-2.1780130863189697, -3.676736354827881, 0.31185539239136195, 1791555290268358688
-2.161450147628784, -3.671051502227783, 0.34058791266083455, 1791555290318546372
-2.145112991333008, -3.664734125137329, 0.36916013230494865, 1791555290367774900
-2.1260035037994385, -3.656930923461914, 0.4045554107401698, 1791555290427693498
-2.113297939300537, -3.6512858867645264, 0.42852605670234023, 1791555290468936406
-2.094851493835449, -3.642141580581665, 0.4619958455813651, 1791555290527557572
-2.0792956352233887, -3.6341285705566406, 0.49125045020082786, 1791555290577392339
-2.064060926437378, -3.6255040168762207, 0.5213170982162828, 1791555290628493421
-2.052013874053955, -3.6183154582977295, 0.5442301221792734, 1791555290668772963
-2.0373029708862305, -3.6088507175445557, 0.5732120082402732, 1791555290717538883
-2.023134708404541, -3.5992395877838135, 0.6021127526228133, 1791555290767686647
-2.006196975708008, -3.587125301361084, 0.6383280409962641, 1791555290828871306
-1.9925388097763062, -3.5762970447540283, 0.665665573738081, 1791555290877581458
-1.9791597127914429, -3.565521478652954, 0.6954380617224785, 1791555290927333753
-1.966051697731018, -3.554152488708496, 0.7242639788962408, 1791555290977417442
-1.9531934261322021, -3.542407274246216, 0.7538392565072646, 1791555291029682102
-1.9433495998382568, -3.5327820777893066, 0.7762143730112265, 1791555291068588561
-1.9310588836669922, -3.5201940536499023, 0.8040775135447845, 1791555291118500767
-1.919313669204712, -3.507411003112793, 0.8331030086447944, 1791555291167591352
-1.9057356119155884, -3.4916577339172363, 0.8686227953088298, 1791555291226940517
-1.897735834121704, -3.4819509983062744, 0.8895073060062826, 1791555291263636137
-1.8840464353561401, -3.464167594909668, 0.9272500979706457, 1791555291327982377
-1.8739888668060303, -3.450409412384033, 0.9562286187796271, 1791555291378747423
-1.8657304048538208, -3.438136100769043, 0.9829442596130469, 1791555291423617419
-1.8583998680114746, -3.4272847175598145, 1.0091489787410852, 1791555291468551332
-1.8517353534698486, -3.4167675971984863, 1.0347258466368625, 1791555291518133294
-1.8464205265045166, -3.407667636871338, 1.055313666554856, 1791555291567576329
-1.839485764503479, -3.3950629234313965, 1.0843930843192393, 1791555291627648403
-1.832428216934204, -3.3817038536071777, 1.11487700431673, 1791555291677089988
-1.8253856897354126, -3.366468906402588, 1.142361062363352, 1791555291727405928
-1.8184247016906738, -3.350149154663086, 1.1694276498000131, 1791555291777731220
-1.812309980392456, -3.335099458694458, 1.1955285998240883, 1791555291823794129
-1.8067588806152344, -3.3205673694610596, 1.2226313145166852, 1791555291868325034
-1.801293969154358, -3.3040268421173096, 1.2499516672396735, 1791555291917078434
-1.7960779666900635, -3.287527084350586, 1.2787979470546602, 1791555291967383332
-1.7905521392822266, -3.2675631046295166, 1.313188857277817, 1791555292027056191
-1.787451982498169, -3.2556028366088867, 1.3338551627331297, 1791555292063574411
-1.7826454639434814, -3.2333791255950928, 1.371825720492652, 1791555292127518665
-1.7795156240463257, -3.216510057449341, 1.402065395501401, 1791555292178489113
-1.7771058082580566, -3.2016806602478027, 1.4300647503304893, 1791555292223028159
-1.7754225730895996, -3.18902325630188, 1.4551603776055775, 1791555292267520272
-1.7739487886428833, -3.1764838695526123, 1.4831284059668117, 1791555292319063356
-1.773064374923706, -3.166132926940918, 1.5037993324047783, 1791555292367528243
-1.7724381685256958, -3.1515815258026123, 1.5348909173862593, 1791555292428135612
-1.772057056427002, -3.13631272315979, 1.5662096283558797, 1791555292477659016
-1.7723489999771118, -3.1190617084503174, 1.5967941301750679, 1791555292527261590
-1.7730706930160522, -3.1011788845062256, 1.6265759531899942, 1791555292578668677
-1.7745251655578613, -3.08432936668396, 1.6510339841987471, 1791555292624437710
-1.775766134262085, -3.069549322128296, 1.675388936437272, 1791555292667893309
-1.777902364730835, -3.0524778366088867, 1.7025995385765726, 1791555292717855270
-1.7803514003753662, -3.0352628231048584, 1.7324261105657464, 1791555292767487978
-1.7840694189071655, -3.0143909454345703, 1.7681359505388945, 1791555292828419606
-1.7878493070602417, -2.997260808944702, 1.7971099882236106, 1791555292878364071
-1.7920223474502563, -2.980323076248169, 1.8266703418985732, 1791555292928230526
-1.7967513799667358, -2.9635095596313477, 1.8545131494609957, 1791555292978320871
-1.8016380071640015, -2.9482219219207764, 1.8806238563206952, 1791555293023926135
-1.8064521551132202, -2.9339113235473633, 1.9071126699651832, 1791555293068033226
-1.8123221397399902, -2.917884349822998, 1.9357306469136573, 1791555293117399827
-1.8187958002090454, -2.901886224746704, 1.9649541904096253, 1791555293168512191
-1.8271327018737793, -2.882979154586792, 1.999578443318221, 1791555293228415973
-1.8345037698745728, -2.867469310760498, 2.029288258044478, 1791555293278671354
-1.8425217866897583, -2.8521132469177246, 2.057546279789115, 1791555293327192793
-1.8508632183074951, -2.836883544921875, 2.0872149006331626, 1791555293378703685
-1.8590779304504395, -2.823118209838867, 2.114014969747905, 1791555293424595448
-1.8669694662094116, -2.810215711593628, 2.1398668526549924, 1791555293468490183
-1.87675142288208, -2.795701742172241, 2.167470114356692, 1791555293518343401
-1.8867121934890747, -2.7816905975341797, 2.1960333744084335, 1791555293567615794
-1.899190068244934, -2.7649011611938477, 2.23118107812702, 1791555293627951736
-1.9072414636611938, -2.7550604343414307, 2.252055726045163, 1791555293664367180
-1.9212372303009033, -2.738168239593506, 2.2890997682436396, 1791555293727783967
-1.9328899383544922, -2.7254505157470703, 2.317877462604791, 1791555293779353823
-1.9439994096755981, -2.713991403579712, 2.3440949620607046, 1791555293825355890
-1.9544883966445923, -2.703617811203003, 2.369060447195736, 1791555293868350946
-1.9669710397720337, -2.6921236515045166, 2.3975561780727612, 1791555293917345309
-1.9800502061843872, -2.6805460453033447, 2.4286823581226935, 1791555293967289390
-1.9960660934448242, -2.667250871658325, 2.4631299483982287, 1791555294028771115
-2.0094003677368164, -2.6568186283111572, 2.4920788933601066, 1791555294078257163
-2.023362874984741, -2.646803140640259, 2.518814862161275, 1791555294127648977
-2.037562608718872, -2.6368730068206787, 2.548846001487752, 1791555294179552131
-2.050548553466797, -2.628563404083252, 2.576649256747403, 1791555294225371288
-2.0608632564544678, -2.6218984127044678, 2.6023941522084573, 1791555294268664244
-2.0716874599456787, -2.6155476570129395, 2.628711692924896, 1791555294318338885
-2.0808839797973633, -2.610379934310913, 2.650689614096873, 1791555294368551172
-2.093690872192383, -2.603774070739746, 2.6798290094257857, 1791555294428794416
-2.1073784828186035, -2.5971474647521973, 2.7080572024042264, 1791555294476889333
-2.1227331161499023, -2.590385675430298, 2.735357031106433, 1791555294526976031
-2.1380951404571533, -2.583986759185791, 2.762041835720402, 1791555294575511284
-2.154893636703491, -2.577772855758667, 2.7895954173205992, 1791555294625363882
-2.168841600418091, -2.572859525680542, 2.8151851006571085, 1791555294668328511
-2.185574531555176, -2.5675883293151855, 2.8441898545060758, 1791555294718341579
-2.2020506858825684, -2.562908411026001, 2.8723480671859725, 1791555294767612532
-2.2223150730133057, -2.557934045791626, 2.908178593488551, 1791555294827959490
-2.238980770111084, -2.5541305541992188, 2.937655918345927, 1791555294878746122
-2.2560105323791504, -2.551013469696045, 2.966949687326982, 1791555294927464945
-2.2721056938171387, -2.5483672618865967, 2.9945108850629687, 1791555294975631851
-2.2893197536468506, -2.5460705757141113, 3.0234982929224072, 1791555295025347500
-2.3040947914123535, -2.544689655303955, 3.048093313723488, 1791555295068346779
-2.321498155593872, -2.5433871746063232, 3.076472991328881, 1791555295117332879
-2.339179754257202, -2.542626142501831, 3.1062645975650405, 1791555295167329212
-2.359927177429199, -2.5422141551971436, -3.1413059234986083, 1791555295228298843
-2.377279281616211, -2.542757987976074, -3.1132998429227876, 1791555295277815479
-2.394353151321411, -2.5435638427734375, -3.0847339731103167, 1791555295328511593
-2.4110286235809326, -2.544848918914795, -3.0566763779592687, 1791555295376415393
-2.428248882293701, -2.546726703643799, -3.027591224092395, 1791555295426500039
-2.4427874088287354, -2.548581123352051, -3.0018005395607745, 1791555295468354068
-2.4599716663360596, -2.5514678955078125, -2.9731681234240206, 1791555295518357493
-2.4768309593200684, -2.554873466491699, -2.9446289476949907, 1791555295568626368
-2.4970667362213135, -2.559471607208252, -2.9095668511169657, 1791555295628569745
-2.513822317123413, -2.5638325214385986, -2.8812913350766536, 1791555295677539775
-2.5304617881774902, -2.568382501602173, -2.8503501276748002, 1791555295728373364
-2.5465292930603027, -2.5734806060791016, -2.8228318887661503, 1791555295776437315
-2.563152551651001, -2.5793960094451904, -2.79356024896641, 1791555295826397227
-2.576641798019409, -2.5846493244171143, -2.7691976547484694, 1791555295868429643
-2.5927228927612305, -2.591506004333496, -2.7409105122055664, 1791555295918352918
-2.608502149581909, -2.598743200302124, -2.7117633225074442, 1791555295968662332
-2.6272172927856445, -2.607700824737549, -2.6773316684175077, 1791555296028448265
-2.6429331302642822, -2.616072416305542, -2.6483562502055733, 1791555296078321550
-2.6581737995147705, -2.6244773864746094, -2.618699309943931, 1791555296128067226
-2.6723344326019287, -2.6329662799835205, -2.5899543780363166, 1791555296176563306
-2.6868059635162354, -2.642479181289673, -2.5617522814725553, 1791555296226529919
-2.698740243911743, -2.6505138874053955, -2.536947763187655, 1791555296268520741
-2.7127647399902344, -2.660813570022583, -2.508458504912064, 1791555296317365152
-2.726621627807617, -2.671466827392578, -2.4787072745087295, 1791555296368456889
-2.743164539337158, -2.6848628520965576, -2.442910112475208, 1791555296428016899
-2.756065845489502, -2.6963653564453125, -2.414171408073212, 1791555296478712428
-2.7688534259796143, -2.7081503868103027, -2.3846705615839108, 1791555296528347855
-2.7806167602539062, -2.7194771766662598, -2.35757590504356, 1791555296576449214
-2.7925729751586914, -2.732085943222046, -2.327886621615947, 1791555296626381666
-2.8027000427246094, -2.7430663108825684, -2.303206862866567, 1791555296668526361
-2.814077377319336, -2.7563071250915527, -2.2735957050078475, 1791555296719425937
-2.824982166290283, -2.76979923248291, -2.2443418508298882, 1791555296770397249
-2.837761163711548, -2.786290407180786, -2.211346540542295, 1791555296829476606
-2.8452746868133545, -2.7970848083496094, -2.1901861270981113, 1791555296866728291
-2.8575212955474854, -2.8147850036621094, -2.1519825458987123, 1791555296930647593
-2.866183280944824, -2.8286306858062744, -2.12440355860999, 1791555296976467578
-2.874823570251465, -2.8434460163116455, -2.095264813213816, 1791555297026060456
-2.8819897174835205, -2.8564581871032715, -2.0700320171204796, 1791555297069357090
-2.889970064163208, -2.872176170349121, -2.041633430751061, 1791555297119363660
-2.8975396156311035, -2.887744903564453, -2.0125098152654886, 1791555297170413452
-2.9059934616088867, -2.906939744949341, -1.9771302112222935, 1791555297229535222
-2.910971164703369, -2.919372320175171, -1.9550913677182906, 1791555297267609877
-2.918849229812622, -2.939310073852539, -1.9172397522586453, 1791555297329864555
-2.92409610748291, -2.9550299644470215, -1.8912172874532411, 1791555297377353704
-2.929126501083374, -2.9715912342071533, -1.8624501649633902, 1791555297427507187
-2.9332168102264404, -2.985445976257324, -1.8373102955056844, 1791555297468401531
-2.9374258518218994, -3.0021281242370605, -1.8085876944429744, 1791555297518363868
-2.9411606788635254, -3.019049644470215, -1.7788925874148156, 1791555297569709905
-2.944992780685425, -3.039346218109131, -1.7462415158226536, 1791555297628587076
-2.947045087814331, -3.0527729988098145, -1.7235826060035069, 1791555297667461663
-2.9500057697296143, -3.0735154151916504, -1.6893017828134556, 1791555297727264559
-2.951610565185547, -3.0908291339874268, -1.6594734189455949, 1791555297777666388
-2.9526686668395996, -3.1082983016967773, -1.6304945034698506, 1791555297828448024
-2.9534413814544678, -3.1221916675567627, -1.6060714491372328, 1791555297868547058
-2.9536139965057373, -3.1393203735351562, -1.578232960872753, 1791555297918380548
-2.9534664154052734, -3.1563827991485596, -1.5493614663319002, 1791555297968744461
-2.952622175216675, -3.17386531829834, -1.520365556097418, 1791555298018687171
-2.951378583908081, -3.191164016723633, -1.4914004180147322, 1791555298068620516
-2.949376106262207, -3.211900234222412, -1.4563315611647356, 1791555298127906395
-2.9469687938690186, -3.2291526794433594, -1.4280754651765142, 1791555298178546927
-2.9442484378814697, -3.246060371398926, -1.3990379930394266, 1791555298228424931
-2.9417474269866943, -3.259491205215454, -1.3765116060807074, 1791555298268388390
-2.9379794597625732, -3.276338815689087, -1.3475639350045083, 1791555298318385321
-2.9337244033813477, -3.293219566345215, -1.3173656028938872, 1791555298368444635
-2.928025722503662, -3.313202142715454, -1.2827705457528298, 1791555298428302889
-2.9237635135650635, -3.3263022899627686, -1.2599421532605375, 1791555298468181146
-2.9170360565185547, -3.345629930496216, -1.226616075227229, 1791555298527903488
-2.910818338394165, -3.361854076385498, -1.19762487337007, 1791555298578390423
-2.9041855335235596, -3.3778557777404785, -1.167526725267278, 1791555298628483181
-2.898667335510254, -3.3904788494110107, -1.1434358144172372, 1791555298668440720
-2.8909780979156494, -3.4060795307159424, -1.1142325959976944, 1791555298718436691
-2.8831284046173096, -3.421600818634033, -1.0844724735643323, 1791555298768551302
-2.872982978820801, -3.439758539199829, -1.049984933387136, 1791555298828807783
-2.8640754222869873, -3.454432249069214, -1.0209131657227979, 1791555298877993703
-2.8546924591064453, -3.469191551208496, -0.9919876198004056, 1791555298928521333
-2.8448703289031982, -3.483462333679199, -0.9638161032566642, 1791555298978390002
-2.834817886352539, -3.4976251125335693, -0.9332278389422319, 1791555299028384865
-2.8263497352600098, -3.5085930824279785, -0.9105849263178336, 1791555299068400010
-2.8154592514038086, -3.5219886302948, -0.8819861166406836, 1791555299118525462
-2.804382801055908, -3.535142421722412, -0.8516452677645168, 1791555299168479320
-2.7902636528015137, -3.5503201484680176, -0.8162573064015679, 1791555299228681180
-2.7805874347686768, -3.5603599548339844, -0.7922714211407237, 1791555299268227700
-2.7658498287200928, -3.5745699405670166, -0.7585128382761829, 1791555299328804116
-2.752971649169922, -3.5861003398895264, -0.7298797443122595, 1791555299378432495
-2.739943265914917, -3.597154140472412, -0.7016287263236437, 1791555299428384363
-2.7293713092803955, -3.605897903442383, -0.678426187592593, 1791555299468565301
-2.7155418395996094, -3.6163926124572754, -0.6496006452154914, 1791555299518389697
-2.7017688751220703, -3.6265547275543213, -0.6203305123576606, 1791555299568447542
-2.684709072113037, -3.637908935546875, -0.585757458065948, 1791555299628747183
-2.6702353954315186, -3.6470582485198975, -0.5577601483603839, 1791555299678067740
-2.6554269790649414, -3.656031370162964, -0.5290448641546797, 1791555299728696290
-2.6404595375061035, -3.6641438007354736, -0.5014066749998122, 1791555299778623786
-2.625, -3.6722583770751953, -0.47236771339654016, 1791555299828483198
-2.612514019012451, -3.6783838272094727, -0.4501751067007366, 1791555299868507105
-2.5968868732452393, -3.6855099201202393, -0.4203138499310015, 1791555299919531186
-2.5808863639831543, -3.6921591758728027, -0.39293443572291337, 1791555299968351122
-2.5618526935577393, -3.6995348930358887, -0.3591963550096302, 1791555300028366643
-2.545525312423706, -3.7053542137145996, -0.32943845302714936, 1791555300079131515
-2.52911114692688, -3.710627317428589, -0.30146490591004543, 1791555300128406716
-2.512498378753662, -3.715298891067505, -0.27235035532255675, 1791555300178411034
-2.495704174041748, -3.7197251319885254, -0.2439233644082795, 1791555300228638569
-2.4821693897247314, -3.7227420806884766, -0.2212865661921811, 1791555300268452470
-2.465284585952759, -3.7262227535247803, -0.19194459465417726, 1791555300319386357
-2.448438882827759, -3.729128122329712, -0.16395747479947254, 1791555300368808746
-2.4278411865234375, -3.7320668697357178, -0.12718876448223174, 1791555300427875010
-2.4105396270751953, -3.7340211868286133, -0.09721968330805537, 1791555300479025410
-2.3931586742401123, -3.735307216644287, -0.06876449164466539, 1791555300527962287
-2.3761024475097656, -3.7360708713531494, -0.040648327385789766, 1791555300578556401
-2.358820915222168, -3.7365260124206543, -0.011902928196573985, 1791555300628407648
-2.344668388366699, -3.7364742755889893, 0.010746353626918417, 1791555300668385637
-2.327183246612549, -3.7360894680023193, 0.040928957579998836, 1791555300719555589
-2.3099253177642822, -3.734935760498047, 0.06864916031564135, 1791555300768373472
-2.289228677749634, -3.7330446243286133, 0.10291776463636003, 1791555300828560531
-2.272024393081665, -3.7310283184051514, 0.13311727105952031, 1791555300878829474
-2.261723756790161, -3.7295403480529785, 0.15032288480273295, 1791555300908227690
-2.237764358520508, -3.7250876426696777, 0.19153106789428764, 1791555300978440278
-2.220536947250366, -3.7215025424957275, 0.22125862817497488, 1791555301028553790
-2.2069060802459717, -3.7180304527282715, 0.24439052498443153, 1791555301068409339
-2.190129041671753, -3.713430643081665, 0.2729580921432821, 1791555301118396825
-2.1735446453094482, -3.7084550857543945, 0.30180265897052716, 1791555301168514557
-2.1538031101226807, -3.7017879486083984, 0.33776202954488227, 1791555301228159387
-2.137403726577759, -3.695723056793213, 0.3673417309667069, 1791555301278410294
-2.1213834285736084, -3.6891987323760986, 0.39647681478012686, 1791555301327561864
-2.1052920818328857, -3.682238817214966, 0.4263642993453091, 1791555301378579148
-2.089538335800171, -3.674635410308838, 0.4545306621022635, 1791555301428404495
-2.0772805213928223, -3.6683349609375, 0.4775628831607804, 1791555301468415835
-2.061922788619995, -3.6600444316864014, 0.5067618570717993, 1791555301518539960
-2.0466997623443604, -3.651193618774414, 0.5353960915107244, 1791555301568767021
-2.029059648513794, -3.640183448791504, 0.5699147272880244, 1791555301628279951
-2.017437696456909, -3.632345199584961, 0.5942228235916187, 1791555301668677460
-2.0006284713745117, -3.6203455924987793, 0.6290552433822827, 1791555301728144313
-1.9869716167449951, -3.6100103855133057, 0.6586974904092336, 1791555301778587913
-1.9732717275619507, -3.599060535430908, 0.6885648689997989, 1791555301828549779
-1.962580680847168, -3.5898475646972656, 0.7124818270418343, 1791555301868418176
-1.9495235681533813, -3.578303813934326, 0.7420799694234588, 1791555301918380076
-1.9368016719818115, -3.566152572631836, 0.7717579432046494, 1791555301968496134
-1.9246731996536255, -3.5538129806518555, 0.801386396943594, 1791555302017977439
-1.912929654121399, -3.5411155223846436, 0.8303663890227365, 1791555302067991291
-1.9035884141921997, -3.530463218688965, 0.8538888036997017, 1791555302107909590
-1.8880646228790283, -3.5118446350097656, 0.8967218645829231, 1791555302178460922
-1.8774819374084473, -3.4980666637420654, 0.9267208231154783, 1791555302228479288
-1.869232416152954, -3.486797571182251, 0.950752563315249, 1791555302268414314
-1.8593668937683105, -3.472360610961914, 0.9788389357320194, 1791555302318529741
-1.8499164581298828, -3.4576900005340576, 1.0076708301974027, 1791555302368521056
-1.8391122817993164, -3.439838409423828, 1.043498779033444, 1791555302428491813
-1.8303214311599731, -3.424257755279541, 1.0735528829195096, 1791555302477820870
-1.822418451309204, -3.4087719917297363, 1.1030376363659185, 1791555302528732516
-1.8148891925811768, -3.393097400665283, 1.1339258114732038, 1791555302578410584
-1.8077648878097534, -3.3770790100097656, 1.163485830562089, 1791555302628622965
-1.8025412559509277, -3.3645660877227783, 1.1869889937887306, 1791555302668578357
-1.7963123321533203, -3.347886323928833, 1.215836353563957, 1791555302718422829
-1.7905094623565674, -3.3314499855041504, 1.2462786706958657, 1791555302768430165
-1.7841609716415405, -3.3114211559295654, 1.2827565451288665, 1791555302828725331
-1.780441403388977, -3.2980098724365234, 1.306205565947575, 1791555302868270556
-1.77541983127594, -3.2776386737823486, 1.3409445856452336, 1791555302928479937
-1.771675944328308, -3.2605574131011963, 1.3706636131021304, 1791555302978708878
-1.7684298753738403, -3.243457555770874, 1.4015990272625993, 1791555303028407689
-1.7661875486373901, -3.2295241355895996, 1.4264078855962774, 1791555303069530475
-1.764124870300293, -3.213092565536499, 1.4551651119552382, 1791555303118421754
-1.762586236000061, -3.1986169815063477, 1.4829087019252303, 1791555303168493263
-1.7612639665603638, -3.1841492652893066, 1.5134825856977931, 1791555303229221957
-1.7609670162200928, -3.1758291721343994, 1.5292084346251704, 1791555303268462605
-1.7606431245803833, -3.1688144207000732, 1.5432261231513604, 1791555303309443640
-1.7603185176849365, -3.1590211391448975, 1.5629497066315599, 1791555303378432789
-1.7602992057800293, -3.1544461250305176, 1.5724809396836064, 1791555303428542699
-1.7602289915084839, -3.1518962383270264, 1.578294295071216, 1791555303469466774
-1.760504961013794, -3.1472649574279785, 1.5870514424664925, 1791555303518580944
-1.7607131004333496, -3.1390511989593506, 1.6055407141824607, 1791555303568466553
-1.7611585855484009, -3.126519203186035, 1.6313604545661202, 1791555303629196360
-1.762189507484436, -3.1135613918304443, 1.6554738853894853, 1791555303678657018
-1.7635772228240967, -3.099745750427246, 1.683070903541017, 1791555303728757190
-1.7653684616088867, -3.084263324737549, 1.7142191536713705, 1791555303778547573
-1.768140435218811, -3.067322254180908, 1.744124595627297, 1791555303828419853
-1.7706931829452515, -3.0536763668060303, 1.767284111188353, 1791555303869424433
-1.7745624780654907, -3.0359809398651123, 1.7968570001721083, 1791555303918333130
-1.7789020538330078, -3.018590211868286, 1.8266510159596856, 1791555303968386392
-1.783690094947815, -3.001642942428589, 1.8558455985404048, 1791555304018678818
-1.7890069484710693, -2.9850006103515625, 1.8848240220979704, 1791555304068024661
-1.7932190895080566, -2.9719860553741455, 1.9085556947493574, 1791555304108391514
-1.8011473417282104, -2.9509642124176025, 1.9474987443246035, 1791555304173647009
-1.8078484535217285, -2.934865951538086, 1.9757182587615285, 1791555304223531774
-1.8151168823242188, -2.918717622756958, 2.005490837069613, 1791555304274556482
-1.821798324584961, -2.9048056602478027, 2.0309326966735237, 1791555304318413046
-1.8298441171646118, -2.88961124420166, 2.059524025890525, 1791555304368491197
-1.8382790088653564, -2.874471664428711, 2.0888034021689554, 1791555304418211750
-1.847217082977295, -2.8595199584960938, 2.1194720180603643, 1791555304468203433
-1.8586061000823975, -2.8420932292938232, 2.153840967822783, 1791555304528493555
-1.8681927919387817, -2.827996015548706, 2.1832689185020024, 1791555304578585182
-1.878360390663147, -2.8139395713806152, 2.2118008808151988, 1791555304628424108
-1.8866349458694458, -2.8029892444610596, 2.236206493019821, 1791555304670571748
-1.8976577520370483, -2.7895395755767822, 2.264424597251745, 1791555304718741375
-1.9089475870132446, -2.7764785289764404, 2.2935151415810977, 1791555304768684569
-1.9206067323684692, -2.7637152671813965, 2.3228420713809586, 1791555304818785915
-1.9327391386032104, -2.751112937927246, 2.3513582791282426, 1791555304869554936
-1.9424965381622314, -2.7414560317993164, 2.3744274179173477, 1791555304908357897
-1.9590423107147217, -2.7265071868896484, 2.4120850412580386, 1791555304974413463
-1.9721862077713013, -2.7152442932128906, 2.4411204235520048, 1791555305024430302
-1.9852162599563599, -2.7047412395477295, 2.470560524734474, 1791555305071485433
-1.9985347986221313, -2.6944985389709473, 2.4990540630256914, 1791555305121660576
-2.0108001232147217, -2.6856822967529297, 2.5236584798244155, 1791555305164084954
-2.030029296875, -2.672670602798462, 2.5622091006182828, 1791555305231915093
-2.0392937660217285, -2.6666555404663086, 2.5806574397671094, 1791555305264785131
-2.0538501739501953, -2.6580305099487305, 2.607879259286335, 1791555305311953152
-2.0723977088928223, -2.647559404373169, 2.644754787389032, 1791555305374512220
-2.0878853797912598, -2.6396188735961914, 2.674205122605528, 1791555305424430334
-2.102574110031128, -2.6325252056121826, 2.7020149004205622, 1791555305472447889
-2.118403911590576, -2.6254453659057617, 2.7316386719469348, 1791555305522687926
-2.131913185119629, -2.6198556423187256, 2.7558534088721074, 1791555305564419283
-2.1479408740997314, -2.613617420196533, 2.7859837988821408, 1791555305614030233
-2.170304298400879, -2.6060867309570312, 2.8237891357070604, 1791555305682542676
-2.1801538467407227, -2.60294508934021, 2.841216575012483, 1791555305712584285
-2.2006137371063232, -2.5972237586975098, 2.8762123862556037, 1791555305774780389
-2.2170944213867188, -2.5931947231292725, 2.9032838852810214, 1791555305824260098
-2.233311653137207, -2.5895822048187256, 2.9315318706434867, 1791555305872623721
-2.2502574920654297, -2.5862345695495605, 2.9610645657935417, 1791555305922367764
-2.2647199630737305, -2.583953857421875, 2.985523669173461, 1791555305964437839
-2.2882888317108154, -2.5809223651885986, 3.0256192779987665, 1791555306032889142
-2.298862934112549, -2.5797412395477295, 3.043469429173921, 1791555306064028501
-2.319706439971924, -2.5782434940338135, 3.0769975087796317, 1791555306123098427
-2.3367812633514404, -2.577341318130493, 3.105730058864377, 1791555306173685174
-2.3562729358673096, -2.5771243572235107, 3.1384751801033244, 1791555306227996140
-2.3700978755950928, -2.5772008895874023, -3.1212945014713913, 1791555306268527901
-2.387277603149414, -2.5779428482055664, -3.0919988120421444, 1791555306318735769
-2.404400110244751, -2.5793166160583496, -3.0641727458594006, 1791555306368089190
-2.4251813888549805, -2.5812532901763916, -3.0296967040325313, 1791555306428457036
-2.439105272293091, -2.5832364559173584, -3.0067072211626518, 1791555306469581664
-2.4598300457000732, -2.5864646434783936, -2.9714934696324113, 1791555306528610780
-2.4769744873046875, -2.5897722244262695, -2.943000790224986, 1791555306578589933
-2.4937877655029297, -2.593777894973755, -2.9146222859810074, 1791555306628595090
-2.5074005126953125, -2.597162961959839, -2.8912608665539374, 1791555306668694675
-2.524094820022583, -2.6017351150512695, -2.862800864268979, 1791555306718455354
-2.5407779216766357, -2.6069998741149902, -2.8330991280310696, 1791555306767898964
-2.557283401489258, -2.6123924255371094, -2.802870494301766, 1791555306818591668
-2.5737173557281494, -2.6184940338134766, -2.7726280619251615, 1791555306869166434
-2.5930240154266357, -2.626786470413208, -2.737873546118887, 1791555306928232409
-2.6088690757751465, -2.6338093280792236, -2.709748174363892, 1791555306978682414
-2.6244144439697266, -2.6412343978881836, -2.6800882565866715, 1791555307029695205
-2.6366915702819824, -2.6476595401763916, -2.657225068082086, 1791555307068757638
-2.6520514488220215, -2.6562066078186035, -2.627230883145346, 1791555307118650811
-2.666779041290283, -2.6650443077087402, -2.5978126835951665, 1791555307168248967
-2.684544801712036, -2.676037549972534, -2.5621767579367867, 1791555307228719887
-2.698945999145508, -2.686041831970215, -2.5341858015841736, 1791555307278017340
-2.7130370140075684, -2.696092367172241, -2.5048522356451666, 1791555307328146566
-2.7268123626708984, -2.7068068981170654, -2.476338294826356, 1791555307377898080
-2.740201473236084, -2.7178850173950195, -2.4471956292357717, 1791555307428695269
-2.7507286071777344, -2.7270267009735107, -2.42285044902099, 1791555307468626823
-2.7633843421936035, -2.738621234893799, -2.394366119625117, 1791555307518344289
-2.7758214473724365, -2.7505481243133545, -2.364756229090152, 1791555307567946496
-2.790295124053955, -2.7654836177825928, -2.3295961793581212, 1791555307628337684
-2.799844741821289, -2.7759673595428467, -2.3047751959653193, 1791555307669612165
-2.813464403152466, -2.7918360233306885, -2.2701388253800174, 1791555307728167349
-2.8241963386535645, -2.805055618286133, -2.241888264849099, 1791555307778146508
-2.834688901901245, -2.8188862800598145, -2.2123954300019717, 1791555307829176085
-2.842802047729492, -2.8299431800842285, -2.189955335215042, 1791555307868462616
-2.852617025375366, -2.8443984985351562, -2.160387323501336, 1791555307918056564
-2.862112045288086, -2.859051465988159, -2.1309923330468727, 1791555307968596449
-2.8728532791137695, -2.877119779586792, -2.0955353922449045, 1791555308027921730
-2.8796908855438232, -2.8894851207733154, -2.070846202973756, 1791555308070318208
-2.886129856109619, -2.9018614292144775, -2.04907569290664, 1791555308108317568
-2.8967976570129395, -2.923832893371582, -2.009608676755346, 1791555308178317543
-2.9033870697021484, -2.9383645057678223, -1.9829876362524461, 1791555308224434618
-2.9094831943511963, -2.9527812004089355, -1.9563548982329997, 1791555308267894560
-2.9155850410461426, -2.9688494205474854, -1.92770490294516, 1791555308317843974
-2.9212684631347656, -2.98508620262146, -1.8986667669298785, 1791555308368218509
-2.9275567531585693, -3.0049479007720947, -1.864820585940859, 1791555308427847303
-2.930882453918457, -3.01698637008667, -1.8437092435210682, 1791555308464685561
-2.936462163925171, -3.038332939147949, -1.8055776474624636, 1791555308528611808
-2.940117597579956, -3.055474042892456, -1.776877881513412, 1791555308578577067
-2.943204164505005, -3.0710971355438232, -1.7495842863378144, 1791555308624638142
-2.945728302001953, -3.086153268814087, -1.7248290460800733, 1791555308668022719
-2.9479825496673584, -3.103389263153076, -1.6972542087051465, 1791555308718105042
-2.949962854385376, -3.1206130981445312, -1.6683815068078465, 1791555308767894713
-2.9514729976654053, -3.1379897594451904, -1.6393217577229884, 1791555308818733688
-2.9522769451141357, -3.153958559036255, -1.6120695754861443, 1791555308864724372
-2.9526638984680176, -3.176119804382324, -1.5755295441947608, 1791555308928702448
-2.9522030353546143, -3.193228006362915, -1.5476362016766068, 1791555308978040072
-2.9516379833221436, -3.209157705307007, -1.5219089920968119, 1791555309024608908
-2.950678586959839, -3.224238634109497, -1.496661732641777, 1791555309068552843
-2.948989152908325, -3.2415966987609863, -1.4685298283933779, 1791555309118577081
-2.946852445602417, -3.2588493824005127, -1.438966586720636, 1791555309168497500
-2.9436283111572266, -3.2794058322906494, -1.4040367935858769, 1791555309228482935
-2.941289186477661, -3.2917938232421875, -1.382937408634788, 1791555309264610135
-2.9366681575775146, -3.3136870861053467, -1.345178654297365, 1791555309328651438
-2.932698965072632, -3.3304529190063477, -1.3148146150295474, 1791555309379618031
-2.928212881088257, -3.34587025642395, -1.287356283203417, 1791555309424423965
-2.9237725734710693, -3.3606772422790527, -1.262102167886545, 1791555309468430653
-2.9180808067321777, -3.3768727779388428, -1.233373779038236, 1791555309518411802
-2.9121041297912598, -3.3932106494903564, -1.2052921243892725, 1791555309568498664
-2.904261350631714, -3.412562370300293, -1.1710295336988337, 1791555309627886540
-2.8972320556640625, -3.4283366203308105, -1.1410982971890742, 1791555309678549386
-2.889725685119629, -3.443932056427002, -1.1120842904472517, 1791555309728517714
-2.881617784500122, -3.459446430206299, -1.082386083276602, 1791555309779442602
-2.8739449977874756, -3.4733264446258545, -1.0556220362599167, 1791555309824432170
-2.8660621643066406, -3.4863100051879883, -1.0308411617953608, 1791555309868419041
-2.857046365737915, -3.5006957054138184, -1.0021411923413395, 1791555309918394236
-2.847445249557495, -3.515058755874634, -0.9731591122914663, 1791555309968483088
-2.837460994720459, -3.529266595840454, -0.9433745089918321, 1791555310019053454
-2.8276255130767822, -3.5421812534332275, -0.9161473472269537, 1791555310065197881
-2.813912868499756, -3.5592055320739746, -0.8797230325016737, 1791555310128436940
-2.8027844429016113, -3.572364568710327, -0.849439371801904, 1791555310179467627
-2.7919912338256836, -3.5840961933135986, -0.8226399555831011, 1791555310224433871
-2.7813286781311035, -3.5951802730560303, -0.7978087250179267, 1791555310269438431
-2.7691473960876465, -3.6070499420166016, -0.7680545674711022, 1791555310318449695
-2.75646710395813, -3.6188738346099854, -0.7396176570030779, 1791555310368484350
-2.740834951400757, -3.632493019104004, -0.7052554375920943, 1791555310428777692
-2.731034517288208, -3.6403865814208984, -0.6852222845575919, 1791555310465650339
-2.713862419128418, -3.653696298599243, -0.6496843346283198, 1791555310528555810
-2.699941873550415, -3.663799285888672, -0.619408305757395, 1791555310579454287
-2.686751127243042, -3.672694206237793, -0.5934404450190518, 1791555310625438176
-2.674077272415161, -3.680925130844116, -0.5682871761170777, 1791555310668428424
-2.6595308780670166, -3.689828395843506, -0.539835578508914, 1791555310718445559
-2.6445419788360596, -3.69840669631958, -0.5110459109459985, 1791555310768525981
-2.629290819168091, -3.7065916061401367, -0.4817995483484879, 1791555310820663711
-2.6149189472198486, -3.713737964630127, -0.4549969596354238, 1791555310865280355
-2.594794988632202, -3.7228288650512695, -0.417897625069795, 1791555310928548572
-2.5789709091186523, -3.7296853065490723, -0.3872226011406181, 1791555310980482154
-2.5642545223236084, -3.73535418510437, -0.36105008747700096, 1791555311025792738
-2.5500221252441406, -3.7404189109802246, -0.3361930125533265, 1791555311068082481
-2.533486843109131, -3.7458879947662354, -0.30628174350430454, 1791555311118464035
-2.516857147216797, -3.7508060932159424, -0.2778989517861717, 1791555311168311269
-2.4969911575317383, -3.7558956146240234, -0.2433851218197847, 1791555311228777490
-2.4843220710754395, -3.75884747505188, -0.22159399194260787, 1791555311264958059
-2.46298885345459, -3.762927293777466, -0.18739292563199225, 1791555311328054158
-2.446535110473633, -3.765664577484131, -0.15893822808839633, 1791555311375941296
-2.4294309616088867, -3.76810359954834, -0.13005655316996323, 1791555311426545939
-2.4148905277252197, -3.769723892211914, -0.10353539384301302, 1791555311469475271
-2.397716999053955, -3.771164655685425, -0.07447844777305732, 1791555311518486004
-2.380366563796997, -3.7720067501068115, -0.04622518136031812, 1791555311568553462
-2.359729290008545, -3.7724766731262207, -0.011532431363183993, 1791555311627900459
-2.3424735069274902, -3.7723615169525146, 0.017664084400226508, 1791555311679530635
-2.3251800537109375, -3.7715015411376953, 0.04676568505388287, 1791555311728584591
-2.3086040019989014, -3.7705636024475098, 0.07497035455164164, 1791555311776500110
-2.2909786701202393, -3.7688701152801514, 0.10416371708042219, 1791555311826554600
-2.2766175270080566, -3.76714825630188, 0.12941362911647233, 1791555311869631797
-2.2596049308776855, -3.7645485401153564, 0.1581992650089875, 1791555311918492376
-2.242493152618408, -3.7615091800689697, 0.18691856172832572, 1791555311968558081
-2.22198486328125, -3.7571170330047607, 0.22225645872375105, 1791555312029328413
-2.204998254776001, -3.752708911895752, 0.24993749920283745, 1791555312078125408
-2.1884472370147705, -3.7481658458709717, 0.27919032173879654, 1791555312128488209
-2.1723997592926025, -3.7432422637939453, 0.30748545114830117, 1791555312176723658
-2.156064033508301, -3.7376139163970947, 0.33578550394968987, 1791555312226566414
-2.142338514328003, -3.73262882232666, 0.36081855764609827, 1791555312269494478
-2.1262805461883545, -3.726222515106201, 0.38970314071248163, 1791555312318478274
-2.11024808883667, -3.7192137241363525, 0.4193395329548381, 1791555312368564183
-2.0913596153259277, -3.7103888988494873, 0.4555357463838768, 1791555312429169612
-2.0798451900482178, -3.7043631076812744, 0.47648468618702494, 1791555312466503814
-2.06105637550354, -3.6940953731536865, 0.5127243775256995, 1791555312529048290
-2.047091484069824, -3.685875415802002, 0.5399617064912167, 1791555312576555735
-2.0316450595855713, -3.6758921146392822, 0.5698235158350587, 1791555312627579837
-2.0195891857147217, -3.668203830718994, 0.5955138993559812, 1791555312669624629
-2.0053622722625732, -3.6582329273223877, 0.6234312542728674, 1791555312718499416
-1.9916990995407104, -3.6479766368865967, 0.6521303297889991, 1791555312769352266
-1.9754904508590698, -3.634942054748535, 0.6873959837825502, 1791555312829133840
-1.962255597114563, -3.623386859893799, 0.7154290292634489, 1791555312878741731
-1.949361801147461, -3.611713171005249, 0.7449653958119833, 1791555312928967160
-1.9371929168701172, -3.600163221359253, 0.7732770990679585, 1791555312977649719
-1.9247562885284424, -3.587352991104126, 0.8021305151136482, 1791555313027493885
-1.9149049520492554, -3.5768260955810547, 0.8263654943715361, 1791555313069630760
-1.90350341796875, -3.564176082611084, 0.8554512570484331, 1791555313119503567
-1.8925678730010986, -3.5506811141967773, 0.8840147535749765, 1791555313168897737
-1.8795111179351807, -3.534519910812378, 0.920340677934061, 1791555313228843793
-1.8717554807662964, -3.523669719696045, 0.942055836965679, 1791555313267039541
-1.859423041343689, -3.5060319900512695, 0.9788604974073355, 1791555313330422428
-1.8505240678787231, -3.492347478866577, 1.0048463278008855, 1791555313377785092
-1.8415038585662842, -3.4773201942443848, 1.03377002788368, 1791555313427627029
-1.834261417388916, -3.464952230453491, 1.0582674188389387, 1791555313469512903
-1.8259937763214111, -3.4494614601135254, 1.087678565699729, 1791555313519443202
-1.8181546926498413, -3.4338479042053223, 1.1176695882922894, 1791555313570770500
-1.8092454671859741, -3.4148917198181152, 1.1525395078218028, 1791555313628375020
-1.8042761087417603, -3.403064250946045, 1.1727957935898878, 1791555313666118368
-1.7963439226150513, -3.382761240005493, 1.2080917985787556, 1791555313730558167
-1.7905933856964111, -3.3669230937957764, 1.2371355287263497, 1791555313777514191
-1.78538978099823, -3.350665330886841, 1.2657836230296469, 1791555313827501923
-1.7809579372406006, -3.336118221282959, 1.2911945541113055, 1791555313870650572
-1.7764437198638916, -3.3192667961120605, 1.3204342196743373, 1791555313920496067
-1.7725690603256226, -3.30239200592041, 1.349970862552922, 1791555313970736076
-1.768268346786499, -3.2820749282836914, 1.3856650297761368, 1791555314030153658
-1.7662352323532104, -3.2688984870910645, 1.4069877252463538, 1791555314067724584
-1.764107346534729, -3.254511833190918, 1.4320352591922902, 1791555314108899662
-1.7612338066101074, -3.2310469150543213, 1.472967862877166, 1791555314177483805
-1.7601438760757446, -3.2135987281799316, 1.5007901101414485, 1791555314227501098
-1.7591103315353394, -3.1991617679595947, 1.526224983233143, 1791555314270510701
-1.7587560415267944, -3.1817002296447754, 1.5553522121352084, 1791555314320496098
-1.7586907148361206, -3.1640465259552, 1.5863181539551103, 1791555314371743171
-1.7594988346099854, -3.143216848373413, 1.6195777292255507, 1791555314430060766
-1.7607390880584717, -3.1261987686157227, 1.6481453050663972, 1791555314479582375
-1.7617002725601196, -3.1158454418182373, 1.665361536166051, 1791555314508101103
-1.764655351638794, -3.0916194915771484, 1.706000137324073, 1791555314578556722
-1.7671866416931152, -3.074803113937378, 1.7361977382459224, 1791555314628532533
-1.7697908878326416, -3.060429096221924, 1.7609546347904337, 1791555314669689080
-1.773363709449768, -3.0433127880096436, 1.790220617158199, 1791555314719518094
-1.777400016784668, -3.0266294479370117, 1.8186680384405807, 1791555314768643840
-1.7829385995864868, -3.0065054893493652, 1.854015135182063, 1791555314828769322
-1.7870831489562988, -2.9933197498321533, 1.8776218101862319, 1791555314868330412
-1.7937393188476562, -2.9735183715820312, 1.9146679494223726, 1791555314928680641
-1.7972652912139893, -2.9636049270629883, 1.9336388713115873, 1791555314959512021
-1.8066039085388184, -2.941179037094116, 1.974509951907927, 1791555315028568698
-1.8120139837265015, -2.928313732147217, 1.9991631840815913, 1791555315070684548
-1.8197089433670044, -2.912778854370117, 2.025935382621517, 1791555315119501362
-1.8274860382080078, -2.897536277770996, 2.054468103661745, 1791555315168611639
-1.8359421491622925, -2.8822290897369385, 2.0833958443553704, 1791555315218512966
-1.8445873260498047, -2.8674516677856445, 2.112965442537053, 1791555315268062832
-1.855525016784668, -2.8498013019561768, 2.148596486568401, 1791555315328537636
-1.865538477897644, -2.8353281021118164, 2.1766657123095383, 1791555315379645939
-1.87525475025177, -2.821817636489868, 2.2047543958373437, 1791555315428528847
-1.883868932723999, -2.810513734817505, 2.2285529479922594, 1791555315469654833
-1.8947046995162964, -2.7972326278686523, 2.2561631164705975, 1791555315519583175
-1.9059556722640991, -2.7840487957000732, 2.2848755694324816, 1791555315568665977
-1.919893741607666, -2.7686569690704346, 2.320111101938934, 1791555315629203369
-1.9319562911987305, -2.7563793659210205, 2.347848977282795, 1791555315678060012
-1.9443103075027466, -2.7442140579223633, 2.377226940208419, 1791555315729741686
-1.9570353031158447, -2.7325453758239746, 2.406556363716037, 1791555315779668724
-1.9701558351516724, -2.7211709022521973, 2.436444341862795, 1791555315828633769
-1.9806110858917236, -2.7123773097991943, 2.460114985923285, 1791555315869669503
-1.9943366050720215, -2.701882839202881, 2.4880733244277926, 1791555315919515243
-2.0081684589385986, -2.691809892654419, 2.5160510361284256, 1791555315968763758
-2.0253396034240723, -2.679867744445801, 2.5504827026396812, 1791555316029405827
-2.036956310272217, -2.672314167022705, 2.5739102996563217, 1791555316069713366
-2.0547409057617188, -2.6614673137664795, 2.608404622433263, 1791555316128284537
-2.0700016021728516, -2.653038501739502, 2.6375218570523127, 1791555316178715659
-2.085143804550171, -2.645073890686035, 2.6673176748573524, 1791555316228680699
-2.097553253173828, -2.638923406600952, 2.690563377608862, 1791555316269501161
-2.113121509552002, -2.631753444671631, 2.719100010850591, 1791555316319517822
-2.129150390625, -2.6249988079071045, 2.7467116886352634, 1791555316368749254
-2.1485180854797363, -2.6172943115234375, 2.7822863558097835, 1791555316429282256
-2.1648001670837402, -2.6114771366119385, 2.8111722314959957, 1791555316479182686
-2.181098222732544, -2.6060378551483154, 2.839365519488414, 1791555316528661112
-2.1976537704467773, -2.601257801055908, 2.8678240718785766, 1791555316579106636
-2.2144243717193604, -2.5967910289764404, 2.8973660791491747, 1791555316629625412
-2.2278549671173096, -2.5936741828918457, 2.9196451215820987, 1791555316669156154
-2.244802474975586, -2.590229034423828, 2.9489447972521696, 1791555316719577684
-2.26177978515625, -2.5871846675872803, 2.978521110087563, 1791555316769597159
-2.282531499862671, -2.584392786026001, 3.0119769711443616, 1791555316829358907
-2.299497127532959, -2.5824925899505615, 3.0400490748525373, 1791555316879335651
-2.3166563510894775, -2.581064224243164, 3.0688037991255626, 1791555316929630470
-2.334012985229492, -2.5803284645080566, 3.0983364599735634, 1791555316979678588
-2.351318836212158, -2.5797808170318604, 3.1278762795577606, 1791555317029578562
-2.3654935359954834, -2.5798821449279785, -3.132738115483552, 1791555317069586009
-2.3825645446777344, -2.5803606510162354, -3.103211165266858, 1791555317120535806
-2.3996853828430176, -2.5815203189849854, -3.075713166402249, 1791555317168785390
-2.4203224182128906, -2.5832622051239014, -3.041223048935181, 1791555317229696834
-2.434049367904663, -2.584970235824585, -3.017716397988406, 1791555317269313460
-2.4479939937591553, -2.5869505405426025, -2.99459768486794, 1791555317309683881
-2.472043514251709, -2.5912604331970215, -2.9543044331854973, 1791555317379402310
-2.488919973373413, -2.594836711883545, -2.926634502936222, 1791555317429535937
-2.502241611480713, -2.597952365875244, -2.903287602413998, 1791555317469547157
-2.5189712047576904, -2.6027112007141113, -2.87482049168792, 1791555317520521765
-2.5356485843658447, -2.607891798019409, -2.847244725930011, 1791555317568493190
-2.5555083751678467, -2.614638566970825, -2.8127787151484824, 1791555317629696338
-2.5685534477233887, -2.619257688522339, -2.7891077920057876, 1791555317668950292
-2.587939739227295, -2.6269454956054688, -2.7559361852313833, 1791555317728984515
-2.6038777828216553, -2.6339528560638428, -2.726661627258529, 1791555317779710573
-2.6196765899658203, -2.6412675380706787, -2.6977432231725675, 1791555317829708729
-2.6322460174560547, -2.6476669311523438, -2.6749638815114447, 1791555317869532146
-2.6474897861480713, -2.655628204345703, -2.645308505910576, 1791555317920625962
-2.662482261657715, -2.6643624305725098, -2.616957165584736, 1791555317969539167
-2.68013072013855, -2.675081253051758, -2.581944189039359, 1791555318029603565
-2.6918535232543945, -2.6826674938201904, -2.5591017815579, 1791555318069513183
-2.7089290618896484, -2.6946845054626465, -2.5245851439769518, 1791555318129559845
-2.7228329181671143, -2.7048280239105225, -2.4954777319186507, 1791555318179738222
-2.736607074737549, -2.7155613899230957, -2.4672098260460835, 1791555318229539627
-2.747293710708618, -2.724439859390259, -2.443335457559895, 1791555318269596318
-2.7602016925811768, -2.7357630729675293, -2.413743516482127, 1791555318320530973
-2.7729785442352295, -2.747558116912842, -2.384947807934919, 1791555318369512936
-2.787069797515869, -2.7615163326263428, -2.349134395966094, 1791555318429814626
-2.7951810359954834, -2.7695651054382324, -2.326136196738011, 1791555318469718124
-2.80291748046875, -2.77799654006958, -2.3034576814856353, 1791555318509391330
-2.8180031776428223, -2.7956631183624268, -2.2628034242326436, 1791555318580718593
-2.828939199447632, -2.8093762397766113, -2.2378038304948413, 1791555318629699335
-2.8370895385742188, -2.8202528953552246, -2.2163214882636773, 1791555318669688822
-2.847285747528076, -2.834303617477417, -2.186844830172373, 1791555318719592061
-2.857182264328003, -2.848757266998291, -2.1571193589373245, 1791555318768227090
-2.8683207035064697, -2.866481065750122, -2.1208427890235906, 1791555318829235923
-2.875502347946167, -2.878499984741211, -2.097222459158829, 1791555318869491489
-2.882228374481201, -2.890657901763916, -2.0745022508943007, 1791555318909544668
-2.8931760787963867, -2.912431240081787, -2.0344341798178744, 1791555318978575835
-2.9007444381713867, -2.928192615509033, -2.0058903189451853, 1791555319029550712
-2.9063971042633057, -2.941047430038452, -1.9823509464762799, 1791555319069668446
-2.9130892753601074, -2.957028388977051, -1.9534865437245956, 1791555319119538010
-2.91933536529541, -2.9733314514160156, -1.9239925417166914, 1791555319169734343
-2.926023006439209, -2.993032217025757, -1.8902639781414048, 1791555319229031778
-2.9302351474761963, -3.006187677383423, -1.86700667332448, 1791555319269707596
-2.9341375827789307, -3.0196754932403564, -1.8438244717103722, 1791555319309017380
-2.940063953399658, -3.0430636405944824, -1.8028175669311544, 1791555319379558082
-2.943789482116699, -3.060149908065796, -1.7730984924497561, 1791555319429198470
-2.9463951587677, -3.074075698852539, -1.7506230972107941, 1791555319469550350
-2.949202537536621, -3.0910632610321045, -1.7215347936980205, 1791555319519619635
-2.9514846801757812, -3.1081981658935547, -1.693469370885316, 1791555319568898037
-2.9535868167877197, -3.128737211227417, -1.658054555643488, 1791555319629776363
-2.9546959400177, -3.142667531967163, -1.6342970421253564, 1791555319668980335
-2.9553325176239014, -3.15634822845459, -1.6116050285885721, 1791555319709208632
-2.9557790756225586, -3.1805038452148438, -1.5710463903883478, 1791555319779546930
-2.955472707748413, -3.19773530960083, -1.543602901383351, 1791555319829709683
-2.9548184871673584, -3.211517810821533, -1.520040539699036, 1791555319869600211
-2.9536077976226807, -3.2290127277374268, -1.4912234874603025, 1791555319919233649
-2.9518206119537354, -3.246443271636963, -1.4621230976047523, 1791555319969526855
-2.9490602016448975, -3.267117977142334, -1.4274211265165744, 1791555320029362123
-2.9469990730285645, -3.2806153297424316, -1.404185692052874, 1791555320069508791
-2.944383382797241, -3.2943949699401855, -1.3809561490863462, 1791555320110710569
-2.9392831325531006, -3.318004846572876, -1.3402391583358857, 1791555320179575725
-2.934980630874634, -3.334876298904419, -1.3098895495322593, 1791555320229521859
-2.9310998916625977, -3.3483242988586426, -1.2865325967700412, 1791555320270539824
-2.9259965419769287, -3.364905595779419, -1.2576469871305753, 1791555320319553420
-2.920344352722168, -3.381321668624878, -1.2292677321330374, 1791555320369875300
-2.9129624366760254, -3.4007201194763184, -1.192904119197037, 1791555320430494019
-2.907721519470215, -3.413313627243042, -1.1702727263303099, 1791555320469101217
-2.9019906520843506, -3.4261488914489746, -1.1461104159883442, 1791555320510011792
-2.8913726806640625, -3.448124885559082, -1.1040316873591143, 1791555320579547642
-2.8833847045898438, -3.463163137435913, -1.0767870103796757, 1791555320629641993
-2.8764231204986572, -3.475144863128662, -1.0547446662114164, 1791555320670704278
-2.86765718460083, -3.4902684688568115, -1.0259325303477782, 1791555320719797627
-2.858299970626831, -3.5047390460968018, -0.9975813943835984, 1791555320769627069
-2.8468122482299805, -3.521914005279541, -0.9623328352951034, 1791555320830146313
-2.8388118743896484, -3.53303599357605, -0.9397001987176167, 1791555320870964640
-2.830484628677368, -3.5440573692321777, -0.9158562553728095, 1791555320910555685
-2.8154101371765137, -3.5625534057617188, -0.8764624057500325, 1791555320979568129
-2.8038768768310547, -3.575852155685425, -0.8469827993461314, 1791555321029116187
-2.794642686843872, -3.5859639644622803, -0.8233897874390866, 1791555321070584230
-2.782501220703125, -3.5985124111175537, -0.7951399631392669, 1791555321118948533
-2.770148992538452, -3.6105101108551025, -0.7667977471179662, 1791555321169622550
-2.7552239894866943, -3.624476671218872, -0.7306935752697936, 1791555321229827662
-2.7448906898498535, -3.6334829330444336, -0.7089102034460212, 1791555321269310079
-2.728926181793213, -3.646435499191284, -0.6744891508536802, 1791555321328833580
-2.7152111530303955, -3.6568820476531982, -0.6448820402373048, 1791555321379016433
-2.7013070583343506, -3.666861057281494, -0.6166330378271162, 1791555321429652025
-2.6899662017822266, -3.674633741378784, -0.592162438230684, 1791555321470635776
-2.676327705383301, -3.6834793090820312, -0.5639729268336672, 1791555321519680293
-2.66389536857605, -3.6910512447357178, -0.5368073868456712, 1791555321569185981
-2.650552988052368, -3.6990349292755127, -0.5035850912914667, 1791555321635223670
-2.6451125144958496, -3.7019894123077393, -0.4911250111593376, 1791555321664635197
-2.632953643798828, -3.7083191871643066, -0.4637627728014189, 1791555321725424617
-2.619870185852051, -3.714508533477783, -0.4354862633013253, 1791555321773986807
-2.6035027503967285, -3.721830129623413, -0.4038968082284828, 1791555321829543462
-2.590273380279541, -3.727076530456543, -0.38298937821513446, 1791555321868909237
-2.5741257667541504, -3.7330167293548584, -0.3564639036874596, 1791555321919468616
-2.557816743850708, -3.7387301921844482, -0.3275309674659589, 1791555321969390889
-2.5413365364074707, -3.7440590858459473, -0.29861534306982895, 1791555322019223336
-2.5244972705841064, -3.7487525939941406, -0.26931981410481526, 1791555322069270486
-2.5043346881866455, -3.7538740634918213, -0.234791603874131, 1791555322128897833
-2.487365484237671, -3.7574806213378906, -0.20506999143301397, 1791555322179552821
-2.4704504013061523, -3.760658025741577, -0.17686131803335506, 1791555322229108695
-2.4570376873016357, -3.762852907180786, -0.15435254268524506, 1791555322269746979
-2.439671516418457, -3.7649917602539062, -0.12517493276440714, 1791555322319022518
-2.4223766326904297, -3.766948938369751, -0.09608836251021026, 1791555322369065652
-2.4017341136932373, -3.7683191299438477, -0.062458499981496385, 1791555322429631777
-2.3879406452178955, -3.7689194679260254, -0.039728177132165476, 1791555322468953028
-2.3685719966888428, -3.769402027130127, -0.008633183074106645, 1791555322525076518
-2.3514537811279297, -3.769199848175049, 0.020127705633294163, 1791555322575724067
-2.3340389728546143, -3.7685179710388184, 0.05077161637979887, 1791555322625611721
-2.3173317909240723, -3.7672245502471924, 0.0781759082868011, 1791555322673295280
-2.299938201904297, -3.7655270099639893, 0.10752664353537787, 1791555322723596045
-2.2853846549987793, -3.7636804580688477, 0.1312857387146435, 1791555322765059742
-2.268439292907715, -3.761157989501953, 0.16018272722031976, 1791555322815606016
-2.251526355743408, -3.757894277572632, 0.18901537764511853, 1791555322864958526
-2.2310473918914795, -3.753537893295288, 0.22417142098701964, 1791555322924934995
-2.218385696411133, -3.7503628730773926, 0.24568518454601745, 1791555322963307475
-2.197765827178955, -3.744706153869629, 0.2802795475861449, 1791555323024770552
-2.18131947517395, -3.7397117614746094, 0.3086790379622874, 1791555323074260695
-2.164907932281494, -3.7340753078460693, 0.3373925485483347, 1791555323123841354
-2.1515843868255615, -3.729238271713257, 0.3606333034170136, 1791555323165053089
-2.135617733001709, -3.7226481437683105, 0.38807895329667935, 1791555323214247753
-2.1196420192718506, -3.715820550918579, 0.41761081263943495, 1791555323265723996
-2.103734016418457, -3.7083613872528076, 0.4461173986129134, 1791555323313978399
-2.0852713584899902, -3.6988980770111084, 0.4795306548053924, 1791555323374204315
-2.0698697566986084, -3.6907312870025635, 0.5091425866734839, 1791555323426291666
-2.055180311203003, -3.681938409805298, 0.5361682094490037, 1791555323474447867
-2.0403366088867188, -3.6727521419525146, 0.5660950735081145, 1791555323524436113
-2.028719186782837, -3.6650986671447754, 0.5893736188111285, 1791555323564957547
-2.00907301902771, -3.6512625217437744, 0.6295605848897451, 1791555323634320926
-2.000650405883789, -3.6449451446533203, 0.6466846978215055, 1791555323664773979
-1.9844049215316772, -3.631988286972046, 0.6806010189520313, 1791555323724419567
-1.9712635278701782, -3.6207430362701416, 0.7101424897801979, 1791555323774666923
-1.956720232963562, -3.6077864170074463, 0.742822761615872, 1791555323830136652
-1.946539044380188, -3.598224401473999, 0.7659278664690969, 1791555323869610199
-1.934564232826233, -3.5858612060546875, 0.7938076025357101, 1791555323919738688
-1.9226280450820923, -3.5731201171875, 0.8222846958398353, 1791555323969755808
-1.9088726043701172, -3.5573883056640625, 0.8568608237647799, 1791555324029805006
-1.8998383283615112, -3.546844244003296, 0.8804905010437457, 1791555324070628157
-1.8869552612304688, -3.5303263664245605, 0.9143861470892296, 1791555324129461028
-1.8766403198242188, -3.5163209438323975, 0.9437150993101215, 1791555324179655770
-1.866775393486023, -3.5020511150360107, 0.973073488747351, 1791555324229428108
-1.8592586517333984, -3.4903438091278076, 0.995440703717428, 1791555324268894102
-1.8500109910964966, -3.4755263328552246, 1.0255138051665875, 1791555324319765291
-1.841392159461975, -3.4602839946746826, 1.0547200570217927, 1791555324369326166
-1.8331570625305176, -3.4450385570526123, 1.084753164799179, 1791555324419050869
-1.8252806663513184, -3.4294774532318115, 1.114614886397005, 1791555324470162375
-1.816689133644104, -3.4105687141418457, 1.1482694607070574, 1791555324529538885
-1.8096383810043335, -3.394411087036133, 1.1776738007855674, 1791555324579774399
-1.8032363653182983, -3.378113031387329, 1.2060623924825022, 1791555324630556808
-1.7984884977340698, -3.364926338195801, 1.2288135766903885, 1791555324669489424
-1.792644739151001, -3.3481228351593018, 1.2586189592358596, 1791555324720453730
-1.787753701210022, -3.3318026065826416, 1.2868690007851142, 1791555324769560944
-1.783211588859558, -3.314913272857666, 1.3151194971199067, 1791555324819716818
-1.7790178060531616, -3.297973155975342, 1.3459060362104303, 1791555324869948763
-1.7749232053756714, -3.2774572372436523, 1.3806366792782914, 1791555324929156496
-1.7720239162445068, -3.2605764865875244, 1.4102015742408147, 1791555324979704254
-1.7694441080093384, -3.2432284355163574, 1.4406238910221285, 1791555325030432309
-1.7680176496505737, -3.2294249534606934, 1.4624465225333818, 1791555325069753164
-1.7663782835006714, -3.212127923965454, 1.491893534465214, 1791555325119726373
-1.765348196029663, -3.1948256492614746, 1.5214278961386845, 1791555325169796140
-1.7647584676742554, -3.177546739578247, 1.5511328953302306, 1791555325218997449
-1.7646695375442505, -3.1615426540374756, 1.577515560627449, 1791555325263860190
-1.7651269435882568, -3.145728349685669, 1.6027819859140906, 1791555325309372057
-1.7664909362792969, -3.12148118019104, 1.6448436446868562, 1791555325378950756
-1.7678779363632202, -3.1058402061462402, 1.6712658238670859, 1791555325424636786
-1.769767165184021, -3.0902130603790283, 1.696522035234394, 1791555325468895449
-1.7722584009170532, -3.0728015899658203, 1.7258489286631473, 1791555325519609920
-1.7753239870071411, -3.0556180477142334, 1.7555425006687646, 1791555325569693642
-1.7795510292053223, -3.035001516342163, 1.7905896374032373, 1791555325628990497
-1.7823004722595215, -3.0229156017303467, 1.8116054081591377, 1791555325665233689
-1.7881426811218262, -3.0014779567718506, 1.8488977149236536, 1791555325729109936
-1.7931458950042725, -2.9849801063537598, 1.8790626252924358, 1791555325779711676
-1.798264980316162, -2.9696614742279053, 1.9065910471975052, 1791555325824887632
-1.8034744262695312, -2.95515775680542, 1.9324437948143873, 1791555325869620051
-1.8099603652954102, -2.938997983932495, 1.9627986254076528, 1791555325919677400
-1.81693696975708, -2.9231793880462646, 1.9916027289078173, 1791555325969135666
-1.824115514755249, -2.907576084136963, 2.0208889510408423, 1791555326019575491
-1.8315523862838745, -2.893160581588745, 2.047281829931388, 1791555326065688999
-1.8421423435211182, -2.873660087585449, 2.085498818424982, 1791555326128923117
-1.8509750366210938, -2.858456611633301, 2.115886923598571, 1791555326178989299
-1.8594659566879272, -2.845065116882324, 2.1414642781038724, 1791555326225675225
-1.8676921129226685, -2.832444190979004, 2.16705303953399, 1791555326270616185
-1.8777141571044922, -2.8183751106262207, 2.1941667623710917, 1791555326319623096
-1.888054609298706, -2.804539918899536, 2.223206610632712, 1791555326369704276
-1.8988184928894043, -2.7909903526306152, 2.2524121532069197, 1791555326418919375
-1.909231424331665, -2.7787840366363525, 2.279159714566268, 1791555326465621102
-1.9241468906402588, -2.7621631622314453, 2.3175328863654108, 1791555326529274774
-1.935866355895996, -2.749743700027466, 2.3465513775570037, 1791555326580764291
-1.9471309185028076, -2.7388534545898438, 2.3718690704136227, 1791555326625786027
-1.9582867622375488, -2.7284200191497803, 2.397885205305238, 1791555326669764611
-1.971190094947815, -2.7170815467834473, 2.427227983066738, 1791555326719613242
-1.9843982458114624, -2.7061147689819336, 2.4562148521607376, 1791555326769095906
-1.9978185892105103, -2.6952998638153076, 2.4853588873466896, 1791555326819934373
-2.0103919506073, -2.6860191822052, 2.5107784969058784, 1791555326865552159
-2.028613805770874, -2.6733975410461426, 2.548241369092396, 1791555326929558876
-2.0432965755462646, -2.6637330055236816, 2.577972997317145, 1791555326980626835
-2.0567517280578613, -2.655599355697632, 2.6046301194486774, 1791555327025686350
-2.070080041885376, -2.6479923725128174, 2.6305646565544687, 1791555327068904375
-2.085289478302002, -2.639958620071411, 2.657531585835983, 1791555327119615078
-2.100663900375366, -2.6323883533477783, 2.6856837122017816, 1791555327169071033
-2.1196608543395996, -2.6233983039855957, 2.720988069713908, 1791555327228829938
-2.1310346126556396, -2.618496894836426, 2.742138457365878, 1791555327265165924
-2.1514952182769775, -2.6104063987731934, 2.7791891122458665, 1791555327328853810
-2.167755365371704, -2.604386806488037, 2.808304003192978, 1791555327380751524
-2.183180332183838, -2.5994486808776855, 2.835322350952576, 1791555327426777967
-2.19712495803833, -2.5953304767608643, 2.8595325860927248, 1791555327469779054
-2.213146686553955, -2.590897798538208, 2.888335715415452, 1791555327519702577
-2.2272329330444336, -2.5872488021850586, 2.9188442214928845, 1791555327569655607
-2.2415099143981934, -2.584096670150757, 2.9492740829171327, 1791555327629594417
-2.2517006397247314, -2.5822365283966064, 2.9692740325561098, 1791555327679496341
-2.2633438110351562, -2.5804636478424072, 2.993824963866611, 1791555327729323237
-2.278167724609375, -2.578249216079712, 3.0248429882673675, 1791555327781641452
-2.293365716934204, -2.5767858028411865, 3.0505502187415448, 1791555327826770923
-2.3088595867156982, -2.575803279876709, 3.0734925292676176, 1791555327869648251
-2.3262083530426025, -2.574920654296875, 3.101026056655206, 1791555327919779342
-2.344034194946289, -2.574403762817383, 3.128232956533889, 1791555327969062937
-2.3650333881378174, -2.574693441390991, -3.122052670397068, 1791555328028885326
-2.377795934677124, -2.575071096420288, -3.100442173918412, 1791555328066761956
-2.3995933532714844, -2.5766048431396484, -3.0639846300525115, 1791555328129145119
