x, y, th, stamp, 
-1.99993734855737, -0.5000010019344597, 2.794921392337263e-06, 87562000000
-1.9999373297945053, -0.5000010018848762, 2.795942081225077e-06, 87596000000
-1.999937314309227, -0.5000010019749492, 2.796965909121371e-06, 87630000000
-1.9999373190610819, -0.5000010019407483, 2.7978129313838793e-06, 87664000000
-1.9987827657865038, -0.5000010038736128, 3.9499847524127465e-06, 87698000000
-1.9966099447501457, -0.5000003319740511, 0.0009166231760806506, 87732000000
-1.9938729429780304, -0.49999137748444616, 0.007389966451904788, 87766000000
-1.9905860334639927, -0.4999443877206088, 0.02421047792407004, 87800000000
-1.9872284622970655, -0.49982973098993316, 0.044941115595033075, 87834000000
-1.9838647272101235, -0.49965132467264434, 0.060922923960402324, 87868000000
-1.9805017887422758, -0.4994224517784872, 0.07608882917086793, 87902000000
-1.9771479692722842, -0.4991384076009157, 0.09410455273913075, 87936000000
-1.9737992348974893, -0.49879352933081983, 0.11186549000211635, 87970000000
-1.9704536541645365, -0.4983914483315077, 0.12812329298632708, 88004000000
-1.9671155470912653, -0.4979347688780564, 0.14488791982666652, 88038000000
-1.963786723066499, -0.4974211799203441, 0.16234974703362365, 88072000000
-1.9604661285420795, -0.4968500542177302, 0.1793601611245757, 88106000000
-1.957154697468508, -0.496223118899288, 0.1960982283830346, 88140000000
-1.9538545434713042, -0.4955406788801981, 0.2131496988971364, 88174000000
-1.950566577851632, -0.4948020691355771, 0.23027150079053121, 88208000000
-1.947291489770664, -0.4940076924870638, 0.24720237078412663, 88242000000
-1.9440307647432362, -0.4931583368716777, 0.26414124069521316, 88276000000
-1.9407858303919043, -0.4922541367766905, 0.281184336613943, 88310000000
-1.9375573818667502, -0.49129506107383203, 0.2981973581658902, 88344000000
-1.9343459854186589, -0.49028126844007763, 0.3151607439593991, 88378000000
-1.931153093842626, -0.4892135031151167, 0.332155282169126, 88412000000
-1.9279795933646657, -0.48809201647308675, 0.3491714965714099, 88446000000
-1.9248253716788415, -0.4869162662810621, 0.36616567042689324, 88480000000
-1.9216918239558398, -0.48568726099366594, 0.38315304254759236, 88514000000
-1.9185794271899361, -0.48440498038785446, 0.40015215765927004, 88548000000
-1.9154887947516677, -0.4830697492395316, 0.4171485175672227, 88582000000
-1.9124208330508699, -0.48168201640169295, 0.43414246383350724, 88616000000
-1.9093765677041816, -0.48024218888278725, 0.4511412819620624, 88650000000
-1.9063568549312349, -0.4787506750596899, 0.4681401752985748, 88684000000
-1.9033625443120292, -0.4772079145339544, 0.4851362734932146, 88718000000
-1.9003944857887416, -0.4756143593190123, 0.5021328858162734, 88752000000
-1.8974535275700801, -0.47397046905706036, 0.519130754159579, 88786000000
-1.8945405403364248, -0.47227673841179296, 0.5361267387603175, 88820000000
-1.891656554333047, -0.4705336186283187, 0.5531180714813378, 88854000000
-1.8888026012505414, -0.4687420399395169, 0.5701118368819332, 88888000000
-1.8859797276426231, -0.46690245236410743, 0.5871074204741482, 88922000000
-1.8831888604322595, -0.46501556220096646, 0.6041017542496537, 88956000000
-1.88043085898419, -0.4630815655608177, 0.6210970659246764, 88990000000
-1.877706568925915, -0.4611015307816787, 0.6380935977143593, 89024000000
-1.8750168038196633, -0.45907556132197885, 0.655092006018924, 89058000000
-1.8723621535111894, -0.4570047425796689, 0.6720918008268009, 89092000000
-1.8697433554709788, -0.45488877281989976, 0.689092899881454, 89126000000
-1.8671609515728, -0.45272862719358803, 0.7060927019983211, 89160000000
-1.8646156165876764, -0.45052475001094583, 0.7230927356994332, 89194000000
-1.862107878035219, -0.4482777481005667, 0.7400924151156169, 89228000000
-1.8596383873346116, -0.4459879630683513, 0.7570883002911635, 89262000000
-1.85720784373955, -0.44365621145266554, 0.7740812826981729, 89296000000
-1.8548169497229197, -0.4412831840726174, 0.7910776459888195, 89330000000
-1.8524664497894259, -0.43886954432867786, 0.8080728869650848, 89364000000
-1.850157109702517, -0.4364162008893872, 0.8250652663982264, 89398000000
-1.847889693927015, -0.43392400208616305, 0.8420595440586388, 89432000000
-1.8456650000933066, -0.4313935554753417, 0.8590551769581926, 89466000000
-1.8434837513647317, -0.42882577983437686, 0.8760498035869362, 89500000000
-1.8413465310841537, -0.42622175613362795, 0.8930441538382711, 89534000000
-1.8392541925457773, -0.4235817890347884, 0.9100406016544402, 89568000000
-1.8372072465028058, -0.42090694294193576, 0.9270376952817665, 89602000000
-1.8352061438938032, -0.41819817081323785, 0.9440351227533477, 89636000000
-1.8332516844461961, -0.41545564145660663, 0.9610332138092044, 89670000000
-1.8313441429810164, -0.4126805520491142, 0.9780323492029529, 89704000000
-1.8294842446980062, -0.4098731367261481, 0.9950306270741242, 89738000000
-1.8276722686233213, -0.40703448896341987, 1.0120289018484427, 89772000000
-1.825908675138602, -0.4041653864139871, 1.0290266077404433, 89806000000
-1.8241940700590298, -0.40126630704683475, 1.0460232100485558, 89840000000
-1.82252885586108, -0.39833822042382055, 1.06301856178909, 89874000000
-1.8209135208224168, -0.3953819951615096, 1.080013344987398, 89908000000
-1.8193485648914236, -0.39239854238457433, 1.0970083051995096, 89942000000
-1.8178344613164514, -0.3893888222857968, 1.1140032353008071, 89976000000
-1.8163716812086945, -0.3863537816353644, 1.1309982005917116, 90010000000
-1.8149607919167299, -0.3832942511982427, 1.1479927707123945, 90044000000
-1.8136021039118249, -0.38021135352326774, 1.1649882392586473, 90078000000
-1.8122960463701696, -0.37710602714246866, 1.1819831774798573, 90112000000
-1.8110431236119198, -0.3739790406704846, 1.1989789269039093, 90146000000
-1.80984358888129, -0.3708314315527473, 1.2159756069153027, 90180000000
-1.8086977338601058, -0.3676641527923204, 1.2329713984116741, 90214000000
-1.8076061168883, -0.36447776437020063, 1.2499686155744327, 90248000000
-1.8065686395841218, -0.3612735758653567, 1.2669649473596305, 90282000000
-1.8055859932618128, -0.3580519849552476, 1.2839621912998507, 90316000000
-1.80465824369852, -0.3548140911730144, 1.3009584946446306, 90350000000
-1.8037854802015132, -0.35156091435457854, 1.3179545456005923, 90384000000
-1.8029681638793353, -0.34829312585282024, 1.3349501797450836, 90418000000
-1.8022064773156317, -0.3450117107251263, 1.3519450992916389, 90452000000
-1.8015006224304624, -0.34171764335269744, 1.3689402976121994, 90486000000
-1.8008509139857383, -0.33841183524106133, 1.3859350052561712, 90520000000
-1.8002573674257594, -0.33509546784326233, 1.4029290703905308, 90554000000
-1.7997201589637495, -0.3317695164871223, 1.4199243632865057, 90588000000
-1.7992396926824061, -0.3284348506984195, 1.4369186239066594, 90622000000
-1.7988160394568462, -0.32509253122224113, 1.4539136360646314, 90656000000
-1.7984490596244085, -0.32174377433802137, 1.4709088245577597, 90690000000
-1.7981392737729858, -0.3183892672573813, 1.487904390863883, 90724000000
-1.7978865730701223, -0.3150301503492404, 1.5048997025464979, 90758000000
-1.797690865746794, -0.3116674272396703, 1.5218962689992586, 90792000000
-1.7975525618275312, -0.3083018730444877, 1.538891635358899, 90826000000
-1.797471341066345, -0.30493458728713885, 1.5558879003134256, 90860000000
-1.7974474567109655, -0.3015663725389592, 1.5728846586681338, 90894000000
-1.797481034597851, -0.2981980921311083, 1.5898808749349869, 90928000000
-1.797571692299767, -0.2948308968333082, 1.6068759453359684, 90962000000
-1.7977195760071518, -0.29146560903538005, 1.6238714173884996, 90996000000
-1.7979246308933612, -0.2881032102944021, 1.6408666862946408, 91030000000
-1.7981867553279383, -0.2847446931388848, 1.6578613701906737, 91064000000
-1.7985058926783568, -0.281391027377074, 1.674856002481172, 91098000000
-1.7988819599664538, -0.2780431983900304, 1.6918510415758405, 91132000000
-1.799315045229278, -0.27470215327769437, 1.70884545836935, 91166000000
-1.79980464330585, -0.2713689977039766, 1.7258398115722764, 91200000000
-1.8003507589930305, -0.26804473708160553, 1.7428335948839158, 91234000000
-1.8009534602055406, -0.26473024296276754, 1.7598292215199034, 91268000000
-1.8016121483519982, -0.26142666279702864, 1.77682395093063, 91302000000
-1.8023271209509066, -0.2581347611966956, 1.7938193391982435, 91336000000
-1.8030976911727274, -0.25485567069913195, 1.8108139471005362, 91370000000
-1.8039240068009852, -0.2515901754012072, 1.8278101613752802, 91404000000
-1.8048058326970304, -0.24833924633755977, 1.8448058009554293, 91438000000
-1.8057425186973368, -0.2451038019942949, 1.8618016084403126, 91472000000
-1.8067344240641916, -0.24188468938478128, 1.878796716272012, 91506000000
-1.8077806293115415, -0.23868287501065863, 1.8957919772782883, 91540000000
-1.8088811986015532, -0.2354992296297217, 1.9127873022470092, 91574000000
-1.8100358923200668, -0.23233466956277088, 1.9297823294504457, 91608000000
-1.8112440935432217, -0.2291901857851445, 1.9467770270037814, 91642000000
-1.8125054666688958, -0.22606659327225187, 1.9637721247152202, 91676000000
-1.8138199118930631, -0.22296483495112393, 1.980766726275487, 91710000000
-1.8151866977366522, -0.2198858831495482, 1.9977608321508102, 91744000000
-1.8166058238504177, -0.21683055115211985, 2.0147555543106073, 91778000000
-1.818076339307749, -0.2137998643160131, 2.03174922186758, 91812000000
-1.8195981740292086, -0.21079459582321552, 2.048744625322862, 91846000000
-1.821170986746081, -0.2078156937237464, 2.065738903631982, 91880000000
-1.8227938306462304, -0.20486400925913031, 2.082733597978372, 91914000000
-1.82446692955449, -0.20194037353229682, 2.099728537388486, 91948000000
-1.8261892937515125, -0.19904567155821506, 2.116723888505572, 91982000000
-1.8279604409431591, -0.1961806424131923, 2.133718158786615, 92016000000
-1.829780108143538, -0.19334617461148, 2.1507132898473045, 92050000000
-1.8316479219609814, -0.19054306807837967, 2.167709050300008, 92084000000
-1.8335628133595132, -0.18777204698896804, 2.1847040033010225, 92118000000
-1.8355246949060984, -0.18503397502301497, 2.2016991414858937, 92152000000
-1.8375329160257925, -0.18232959252978895, 2.2186940377042603, 92186000000
-1.83958665068282, -0.17965970727999514, 2.235689049606954, 92220000000
-1.8416857996961964, -0.1770251077113939, 2.252684120065133, 92254000000
-1.8438290688373349, -0.1744264853016998, 2.2696792274499065, 92288000000
-1.8460165552643388, -0.1718646948980162, 2.286674104821574, 92322000000
-1.8482468839157962, -0.169340376100636, 2.3036686163173354, 92356000000
-1.8505201291223325, -0.16685439668795424, 2.320663470402617, 92390000000
-1.8528349528424046, -0.16440736173471548, 2.3376583775696025, 92424000000
-1.855191361257171, -0.1620001329044163, 2.354652842808528, 92458000000
-1.857588026655645, -0.15963325021857855, 2.371648098496703, 92492000000
-1.8600245029461642, -0.1573074395588437, 2.388642826221784, 92526000000
-1.8625003170426013, -0.15502345481938984, 2.405636953868106, 92560000000
-1.8650144891055485, -0.15278187115560696, 2.422632263522412, 92594000000
-1.8675663814362164, -0.15058333833555393, 2.439627382711752, 92628000000
-1.870155454225071, -0.14842855103954783, 2.4566222706367618, 92662000000
-1.8727804529574525, -0.14631793567265255, 2.4736168763169593, 92696000000
-1.8754413012417588, -0.1442523537579026, 2.490612498343207, 92730000000
-1.8781366353996425, -0.1422321482524783, 2.5076071401909474, 92764000000
-1.8808661389466417, -0.1402581148556053, 2.524602006889111, 92798000000
-1.8836286694415483, -0.13833067694635426, 2.541596230077442, 92832000000
-1.8864237652372622, -0.13645056123566243, 2.558591740835134, 92866000000
-1.889250154472104, -0.1346180855361274, 2.575586261966568, 92900000000
-1.892107571754979, -0.13283407381780285, 2.592580963409532, 92934000000
-1.894994564012122, -0.13109872904694556, 2.6095758059585656, 92968000000
-1.8979108561244775, -0.12941286613544875, 2.6265704765107003, 93002000000
-1.9008551995047656, -0.12777673520429986, 2.6435652538055807, 93036000000
-1.9038271072651345, -0.12619103161844, 2.6605601583392215, 93070000000
-1.906825254426711, -0.12465590140696346, 2.6775552753906546, 93104000000
-1.9098493274271564, -0.12317213888866298, 2.6945502395249656, 93138000000
-1.9128979108661872, -0.12173978138431911, 2.711544962811979, 93172000000
-1.915970618996303, -0.12035958884022183, 2.728539845432669, 93206000000
-1.919066213933985, -0.11903168960123062, 2.745534600966247, 93240000000
-1.9221841166897327, -0.11775669537752215, 2.7625296668766834, 93274000000
-1.9253230523950844, -0.11653467104993956, 2.779524191379629, 93308000000
-1.92848253283747, -0.11536631093343823, 2.7965192000178187, 93342000000
-1.9316612178814763, -0.11425159532406319, 2.813513777836441, 93376000000
-1.9348586051926608, -0.1131912270960182, 2.8305084559919758, 93410000000
-1.9380733401207864, -0.11218512026248917, 2.8475037550936992, 93444000000
-1.941304876704799, -0.11123394648268231, 2.8644986232881036, 93478000000
-1.944552100045229, -0.11033781549192662, 2.881493200166434, 93512000000
-1.9478139432081247, -0.109496874560845, 2.898487950593069, 93546000000
-1.9510897603036639, -0.10871169371225649, 2.9154828763190324, 93580000000
-1.9543782722587928, -0.10798210931823976, 2.9324781232249775, 93614000000
-1.9576787775832944, -0.1073086404119528, 2.9494721328760165, 93648000000
-1.9609901745645648, -0.10669128500252315, 2.9664666177613137, 93682000000
-1.9643117176162106, -0.10613047621411532, 2.9834619396597137, 93716000000
-1.967642135682844, -0.10562594518097874, 3.000456532139975, 93750000000
-1.9709808680438343, -0.10517839078099912, 3.017450369895416, 93784000000
-1.9743265194987292, -0.10478730475421376, 3.0344451742645306, 93818000000
-1.977678539987672, -0.10445339623533038, 3.051439545156335, 93852000000
-1.9810356160288132, -0.10417621754889868, 3.068433457432886, 93886000000
-1.9843971342561753, -0.10395642999379896, 3.0854276865468497, 93920000000
-1.9877616890642829, -0.10379339391755554, 3.102421867092031, 93954000000
-1.9911287025293152, -0.10368782143891714, 3.1194161365886806, 93988000000
-1.994496892069542, -0.10363917938624638, 3.136410494592325, 94022000000
-1.997865522591809, -0.10364796334021271, -3.129780752543375, 94056000000
-2.0012334809623127, -0.10371388848905266, -3.112786523345074, 94090000000
-2.004599799033417, -0.10383703081386206, -3.0957927208593983, 94124000000
-2.0079635284608623, -0.10401732092319356, -3.0787977164594262, 94158000000
-2.0113236728751103, -0.10425472815230216, -3.0618036942237823, 94192000000
-2.014679356578097, -0.10454935871853936, -3.0448092161286606, 94226000000
-2.0180294198487134, -0.10490069435786191, -3.0278144418661412, 94260000000
-2.0213731242776265, -0.10530917760058901, -3.0108202670414372, 94294000000
-2.024709366639197, -0.10577427429451512, -2.9938258283432098, 94328000000
-2.028037218785898, -0.10629607371133039, -2.976831557978468, 94362000000
-2.0313557825522204, -0.10687454242391181, -2.959836706185024, 94396000000
-2.0346639390637224, -0.1075089942702083, -2.942842231465867, 94430000000
-2.037960901172138, -0.10819987380134982, -2.9258478497054248, 94464000000
-2.0412456552683227, -0.10894664247549858, -2.908852756562331, 94498000000
-2.0445171935036357, -0.10974901780602808, -2.891858396333009, 94532000000
-2.0477746749925188, -0.11060710736484992, -2.8748637290480756, 94566000000
-2.051017066736857, -0.11152012503973552, -2.857868901644772, 94600000000
-2.0542434958692026, -0.11248834573995865, -2.840874666585734, 94634000000
-2.057453036111334, -0.11351128287423867, -2.8238799410716715, 94668000000
-2.0606446657470947, -0.11458833277295712, -2.8068858432361234, 94702000000
-2.0638175627103177, -0.1157197173993096, -2.789891740389669, 94736000000
-2.0669707710984615, -0.11690460148546547, -2.772898010120437, 94770000000
-2.070103402102578, -0.11814322336197039, -2.7559039716237814, 94804000000
-2.073214447019288, -0.11943453247462527, -2.7389102004932098, 94838000000
-2.0763031587961605, -0.12077867179633571, -2.721915590271221, 94872000000
-2.079368540917896, -0.1221749736018885, -2.7049225903725547, 94906000000
-2.0824097593408464, -0.12362339576511637, -2.6879291030174173, 94940000000
-2.085425962933194, -0.12512297452606325, -2.6709349586208573, 94974000000
-2.088416221278179, -0.1266738418513737, -2.653941477625273, 95008000000
-2.0913796984639768, -0.1282753452446716, -2.6369474740460213, 95042000000
-2.094315535547229, -0.12992671173107243, -2.6199537561006725, 95076000000
-2.09722289304537, -0.13162807509174174, -2.6029599788792974, 95110000000
-2.100100860926348, -0.13337827188997833, -2.5859664028944147, 95144000000
-2.1029486866766427, -0.13517744365952647, -2.5689713599228576, 95178000000
-2.105765512930023, -0.13702438663302666, -2.5519772721791787, 95212000000
-2.1085505538625293, -0.1389192259719764, -2.5349837017631036, 95246000000
-2.111302970351592, -0.14086106002068732, -2.517988944310357, 95280000000
-2.114022016012117, -0.14284936409062723, -2.5009953493461707, 95314000000
-2.1167068523161108, -0.14488341373949537, -2.484000578539737, 95348000000
-2.119356724892442, -0.14696300466319073, -2.467006354182889, 95382000000
-2.121970856602279, -0.14908735877148757, -2.450012274016893, 95416000000
-2.124548576412708, -0.151255552053436, -2.433018590750915, 95450000000
-2.127089032668576, -0.1534674976250916, -2.4160244988113124, 95484000000
-2.12959155654321, -0.15572211741206723, -2.399030231469679, 95518000000
-2.1320554104153615, -0.1580189876071989, -2.3820368028084222, 95552000000
-2.134479840521062, -0.16035756904168424, -2.365042696577279, 95586000000
-2.136864266087325, -0.16273666577460194, -2.348049289200039, 95620000000
-2.1392078346370775, -0.16515621855996485, -2.331054975255243, 95654000000
-2.1415099617091005, -0.16761517895258896, -2.3140611232533868, 95688000000
-2.1437700234768053, -0.17011271418967885, -2.2970663402171505, 95722000000
-2.1459872432337876, -0.17264853644789502, -2.280072909986692, 95756000000
-2.1481610273130305, -0.1752217214991453, -2.2630788641095023, 95790000000
-2.1502908716430316, -0.17783123018358374, -2.246084870448915, 95824000000
-2.1523759573187156, -0.180476820589541, -2.229090908823397, 95858000000
-2.1544158362253074, -0.18315731274277353, -2.2120968265389367, 95892000000
-2.156409847143102, -0.1858721382443736, -2.195103352489231, 95926000000
-2.158357356630279, -0.18862062867860863, -2.1781093012379396, 95960000000
-2.160258031938489, -0.1914014949756238, -2.161115570265743, 95994000000
-2.162111046619211, -0.1942145232400283, -2.1441221250391984, 96028000000
-2.163916012037092, -0.19705859340277745, -2.127128120165073, 96062000000
-2.165672405099875, -0.1999328612806527, -2.110135599978248, 96096000000
-2.1673797259424084, -0.20283649526038994, -2.093141407593398, 96130000000
-2.169037388371298, -0.20576882461276894, -2.0761474764826486, 96164000000
-2.170645009033783, -0.20872886092928722, -2.0591539445262677, 96198000000
-2.172202011682174, -0.211715945121733, -2.0421601751188936, 96232000000
-2.1737082419211173, -0.2147287601138336, -2.025166569909824, 96266000000
-2.1751629019837893, -0.21776697942596712, -2.008172856258127, 96300000000
-2.1765657619902763, -0.22082944792095666, -1.9911785089911789, 96334000000
-2.177916462551268, -0.2239152162090908, -1.9741848489377738, 96368000000
-2.179214395035071, -0.22702368464330253, -1.9571906954434617, 96402000000
-2.1804595095711585, -0.23015353268245684, -1.940196276843687, 96436000000
-2.181651099255774, -0.23330427286300356, -1.923202381153685, 96470000000
-2.1827889416214648, -0.23647484993670742, -1.9062078819161543, 96504000000
-2.183872915252841, -0.23966410301056526, -1.8892138746924787, 96538000000
-2.1849023402953387, -0.24287151795999187, -1.8722197838421581, 96572000000
-2.185877218943726, -0.2460958508900831, -1.8552253707427084, 96606000000
-2.186797114264758, -0.249336317870622, -1.8382316979885962, 96640000000
-2.187661732820218, -0.252592007996886, -1.8212378749063323, 96674000000
-2.1884709553118413, -0.25586182257082063, -1.8042444458328417, 96708000000
-2.189224539388842, -0.25914487159734184, -1.7872499073355193, 96742000000
-2.18992207200475, -0.2624403822697908, -1.7702559108188132, 96776000000
-2.1905636426202038, -0.2657471771158348, -1.7532623123314572, 96810000000
-2.191148895839925, -0.2690644247490322, -1.736269107208513, 96844000000
-2.1916775708698797, -0.2723912572179916, -1.7192750684541274, 96878000000
-2.192149948677435, -0.2757263857224764, -1.7022814968158582, 96912000000
-2.1925653721268645, -0.27906922854712546, -1.6852882702962246, 96946000000
-2.1929240034378648, -0.28241863479628776, -1.6682943408072062, 96980000000
-2.1932257947408305, -0.2857735764067615, -1.651301084507512, 97014000000
-2.193470364312951, -0.28913329355023865, -1.6343075786107988, 97048000000
-2.193658095497511, -0.29249653828321553, -1.6173139256710372, 97082000000
-2.1937884610155653, -0.2958626012906057, -1.600320761293003, 97116000000
-2.193861593823296, -0.2992304299826127, -1.5833270062843088, 97150000000
-2.193877711289558, -0.3025988739874906, -1.5663344168813478, 97184000000
-2.1938364108063704, -0.30596719689853025, -1.5493405713668658, 97218000000
-2.193737929645803, -0.30933426959556787, -1.532347090979521, 97252000000
-2.1935823886063774, -0.3126991354494467, -1.515353226970227, 97286000000
-2.193369485315359, -0.316060945860691, -1.4983600514877227, 97320000000
-2.193099442323924, -0.3194186865950761, -1.4813663839885765, 97354000000
-2.192772622046999, -0.3227712374118985, -1.464373018329601, 97388000000
-2.192388619282264, -0.3261178484528105, -1.4473794233983215, 97422000000
-2.191947963944908, -0.32945741428121766, -1.43038547921847, 97456000000
-2.191450567863951, -0.3327890089894938, -1.4133921856102827, 97490000000
-2.1908964640057556, -0.33611173291012075, -1.3963982670287947, 97524000000
-2.1902863328991633, -0.3394244620320273, -1.3794045242276687, 97558000000
-2.189619725843971, -0.34272641211542965, -1.3624110345332683, 97592000000
-2.188897173871013, -0.3460165654556306, -1.3454170196375057, 97626000000
-2.1881189163052186, -0.3492939048183047, -1.3284243175888935, 97660000000
-2.1872850537637927, -0.35255755771835107, -1.3114303891387074, 97694000000
-2.186395729274545, -0.3558065497588339, -1.29443680872179, 97728000000
-2.185451645408206, -0.3590399287671084, -1.2774432387648074, 97762000000
-2.184452493050476, -0.3622568177899608, -1.260450122408809, 97796000000
-2.1833988856113886, -0.36545628222157117, -1.2434567057037653, 97830000000
-2.182291188240825, -0.36863733555238115, -1.2264638638011667, 97864000000
-2.1811293619275456, -0.37179913103776857, -1.2094706008594518, 97898000000
-2.179914282473237, -0.37494072836956094, -1.1924772842874864, 97932000000
-2.1786457411327103, -0.37806121204583815, -1.175484494043239, 97966000000
-2.1773243065003762, -0.3811597240653818, -1.158490977207894, 98000000000
-2.175950667748538, -0.38423528569790444, -1.1414979364872704, 98034000000
-2.1745246125972835, -0.38728706026126014, -1.1245049526875042, 98068000000
-2.1730472222772392, -0.3903141835903205, -1.1075119838481884, 98102000000
-2.1715183732397834, -0.39331574459606505, -1.0905179304793096, 98136000000
-2.1699388976630902, -0.3962908799073308, -1.073524197120178, 98170000000
-2.1683088458824313, -0.39923876012096826, -1.0565309938757075, 98204000000
-2.166629246621524, -0.4021584944620101, -1.0395376178250848, 98238000000
-2.164899989854502, -0.40504928230461085, -1.0225446771478677, 98272000000
-2.1631220743787485, -0.40791022710692254, -1.0055513317234281, 98306000000
-2.1612955994550918, -0.410740565591507, -0.9885576047575974, 98340000000
-2.1594214776826983, -0.41353943155182343, -0.9715643409928739, 98374000000
-2.1575000201140995, -0.4163060700637247, -0.954571965167788, 98408000000
-2.1555316588084383, -0.41903963905264513, -0.9375786834490092, 98442000000
-2.153517506965937, -0.42173939811147015, -0.9205856810653837, 98476000000
-2.151457486494201, -0.4244045201248569, -0.9035931401294827, 98510000000
-2.14935265471766, -0.42703425449966176, -0.8866008913327621, 98544000000
-2.147203226057914, -0.4296278165462807, -0.8696072280457826, 98578000000
-2.145010353006607, -0.4321845238999845, -0.8526137608655223, 98612000000
-2.142774111261035, -0.4347035643210223, -0.835621557959801, 98646000000
-2.1404953464351704, -0.43718422278024205, -0.8186282389850517, 98680000000
-2.1381749289983123, -0.4396258402940539, -0.8016356270418663, 98714000000
-2.135813361669878, -0.44202765665696814, -0.7846413956779166, 98748000000
-2.133411261766295, -0.4443889867916929, -0.7676486341161118, 98782000000
-2.1309692033904537, -0.4467091035212433, -0.7506555901866652, 98816000000
-2.1284884165461, -0.4489874902450379, -0.7336621865031071, 98850000000
-2.125968944103792, -0.45122328849283294, -0.7166692161358473, 98884000000
-2.1234120849381823, -0.4534160044182967, -0.6996763458016315, 98918000000
-2.1208180901476843, -0.4555648782048976, -0.6826824423241081, 98952000000
-2.1181882356297703, -0.45766946855213103, -0.6656891458930349, 98986000000
-2.115522770668749, -0.4597289820679451, -0.6486968508409763, 99020000000
-2.11282265146638, -0.4617428897269962, -0.6317035267883714, 99054000000
-2.110088867224262, -0.463710698870808, -0.6147112848073233, 99088000000
-2.1073220420596064, -0.46563177601009975, -0.597717505502877, 99122000000
-2.1045229214720194, -0.46750555327075977, -0.5807251501618206, 99156000000
-2.101692199702785, -0.469331431853561, -0.56373259550464, 99190000000
-2.098831177338393, -0.4711091373818805, -0.5467397324220087, 99224000000
-2.0959401021642807, -0.47283784783730687, -0.5297469767479032, 99258000000
-2.0930202130109987, -0.47451727179143655, -0.5127548279294664, 99292000000
-2.0900720638456898, -0.4761467570139079, -0.495761386797106, 99326000000
-2.0870967867336767, -0.4777259943030804, -0.4787683024945432, 99360000000
-2.084094949853384, -0.4792543602194757, -0.4617748301819487, 99394000000
-2.0810677940553473, -0.48073165992618977, -0.4447824519830493, 99428000000
-2.078015743914943, -0.4821571465498829, -0.4277894900657056, 99462000000
-2.074940038643491, -0.483530656761341, -0.4107959141752424, 99496000000
-2.0718413934899593, -0.4848516599614716, -0.39380334945777096, 99530000000
-2.068720599575128, -0.4861196948151597, -0.3768103274560519, 99564000000
-2.065578982108882, -0.4873347333969589, -0.35981733009104, 99598000000
-2.062416948714442, -0.48849600927213876, -0.3428245901873756, 99632000000
-2.059235764361461, -0.4896034741350832, -0.3258323639910319, 99666000000
-2.056036060586896, -0.49065654989769136, -0.3088391757478688, 99700000000
-2.052819157073816, -0.49165531060590756, -0.29184579074071487, 99734000000
-2.0495855480630887, -0.492599071560182, -0.2748530972361091, 99768000000
-2.046336475430293, -0.49348787831723034, -0.25786041060054926, 99802000000
-2.043072723345984, -0.49432129277890624, -0.24086822400929375, 99836000000
-2.0397953391492645, -0.4950992040540777, -0.2238750381623631, 99870000000
-2.036505107996896, -0.4958212063531103, -0.20688172821358933, 99904000000
-2.033203101325775, -0.49648725752480316, -0.18988867650605343, 99938000000
-2.029890336395739, -0.4970972212616581, -0.17289635407153608, 99972000000
-2.0265675352565617, -0.49765064509472057, -0.15590314331552987, 100006000000
-2.0232359793271386, -0.49814779258625, -0.13890983537811982, 100040000000
-2.0198963038974127, -0.4985880463505222, -0.12191761142487238, 100074000000
-2.0165497435364714, -0.49897166426267847, -0.10492469332176033, 100108000000
-2.01319709370788, -0.49929825926253923, -0.08793125057575664, 100142000000
-2.009839409998643, -0.49956787304812594, -0.07093807472420112, 100176000000
-2.006477527221607, -0.49978024205947735, -0.05394525832327733, 100210000000
-2.0031127003425007, -0.49993576075971, -0.03695271144175406, 100244000000
-1.99974557709717, -0.5000338176853034, -0.019959917989150873, 100278000000
-1.9963772813388785, -0.5000746837546621, -0.002966696203466876, 100312000000
-1.9930088454522126, -0.500058406840019, 0.014025576961592902, 100346000000
-1.9896410625825312, -0.49998468152498765, 0.0310183097459133, 100380000000
-1.9862751328851536, -0.49985401665071905, 0.048011288524647255, 100414000000
-1.9829118187438748, -0.499665956928544, 0.06500364030351556, 100448000000
-1.9795521495520787, -0.4994207489173688, 0.08199656697835053, 100482000000
-1.9761972578722071, -0.4991186997249623, 0.09898813834055316, 100516000000
-1.97284796093993, -0.4987596845589236, 0.11598156205130163, 100550000000
-1.9695052049510922, -0.49834368341199187, 0.13297459886753196, 100584000000
-1.966169994520801, -0.49787102779938736, 0.14996700490093717, 100618000000
-1.9628433537762229, -0.49734191929335625, 0.16695891263619303, 100652000000
-1.9595261124227032, -0.49675617298019453, 0.18395171956777204, 100686000000
-1.9562193683870943, -0.4961144751826129, 0.20094436812857136, 100720000000
-1.9529239391935886, -0.4954163789230728, 0.21793592532937248, 100754000000
-1.9496409450981476, -0.4946627395323127, 0.2349288152711348, 100788000000
-1.9463711696373445, -0.49385318082884827, 0.2519212950173445, 100822000000
-1.9431156310650461, -0.49298836790724293, 0.26891345601134536, 100856000000
-1.9398752645490582, -0.4920681624860751, 0.2859050435097687, 100890000000
-1.936651050028521, -0.49109337563835787, 0.3028984852658459, 100924000000
-1.9334438339928606, -0.49006364622579074, 0.31989081490977295, 100958000000
-1.9302545578451946, -0.4889796154729865, 0.33688315858909174, 100992000000
-1.9270842170683913, -0.487841635614195, 0.353875157082076, 101026000000
-1.9239336555752315, -0.48664992546758834, 0.3708685043540245, 101060000000
-1.9208038070622622, -0.4854046040150885, 0.3878613422258618, 101094000000
-1.9176956161976986, -0.4841065991576231, 0.4048545136412454, 101128000000
-1.914609926323389, -0.4827556792189647, 0.42184726281306034, 101162000000
-1.911547588904335, -0.4813526903954878, 0.43884027154613936, 101196000000
-1.9085095782557961, -0.4798978067854466, 0.4558330076755844, 101230000000
-1.9054966994666704, -0.47839132885345825, 0.472826248766572, 101264000000
-1.9025098575225485, -0.47683424630328536, 0.4898190298952863, 101298000000
-1.8995498976169887, -0.47522634620611137, 0.5068115994265691, 101332000000
-1.8966177099283497, -0.47356844816272226, 0.5238046753853018, 101366000000
-1.8937140938492933, -0.47186109759393263, 0.5407968444287818, 101400000000
-1.89083994298302, -0.4701044274313285, 0.5577888995540087, 101434000000
-1.887996035806576, -0.4682994681959612, 0.5747808424676801, 101468000000
-1.885183248610711, -0.46644637686830404, 0.5917736377160205, 101502000000
-1.882402354798359, -0.4645456171806426, 0.6087661588223219, 101536000000
-1.8796541755683442, -0.4625979404063502, 0.6257584344706889, 101570000000
-1.8769394521677172, -0.4606039692246671, 0.6427501004816069, 101604000000
-1.874259026024912, -0.4585639167735101, 0.6597425967739815, 101638000000
-1.8716136301155233, -0.456478915212208, 0.6767351537276014, 101672000000
-1.8690040707632072, -0.45434901253365134, 0.6937270334997108, 101706000000
-1.8664311025789675, -0.4521750259501234, 0.7107197020112705, 101740000000
-1.8638954026537955, -0.44995781328612555, 0.7277113219709939, 101774000000
-1.8613977762070746, -0.44769786771641945, 0.7447039684846769, 101808000000
-1.8589389881138376, -0.4453954975004931, 0.761696971494099, 101842000000
-1.8565195879319654, -0.4430520742566586, 0.7786897347394135, 101876000000
-1.8541404264653458, -0.4406675889780112, 0.7956816290544035, 101910000000
-1.8518021220201697, -0.4382430727223972, 0.8126743722734006, 101944000000
-1.8495053071436358, -0.4357792938811536, 0.8296667122421377, 101978000000
-1.8472507552829451, -0.4332766183187755, 0.8466591431077082, 102012000000
-1.8450389595793115, -0.43073629000305413, 0.8636515854965865, 102046000000
-1.8428707205257282, -0.42815852012049715, 0.880643632827434, 102080000000
-1.840746537529078, -0.42554442612510485, 0.8976359434557508, 102114000000
-1.8386671853560876, -0.4228943674830337, 0.9146278546617611, 102148000000
-1.836633041088132, -0.42020969304613315, 0.9316204086798301, 102182000000
-1.8346449152162563, -0.41749055066425167, 0.9486134224605043, 102216000000
-1.8327031139984276, -0.4147383457365061, 0.9656054824146414, 102250000000
-1.8308084691664073, -0.4119532753666021, 0.9825975198204099, 102284000000
-1.828961390542263, -0.4091364529841343, 0.9995905826396554, 102318000000
-1.8271623696906132, -0.40628875628808236, 1.0165828353674276, 102352000000
-1.8254121001060184, -0.4034106862876751, 1.033575277202431, 102386000000
-1.8237108345394781, -0.4005035480405797, 1.0505679908408874, 102420000000
-1.822059356546047, -0.39756767961173656, 1.0675598883187627, 102454000000
-1.820457910635472, -0.3946043441362106, 1.0845522145519766, 102488000000
-1.818907130328814, -0.3916141244383538, 1.1015448714527138, 102522000000
-1.8174073668776323, -0.3885980209161599, 1.1185373388762927, 102556000000
-1.815959171802968, -0.3855567128009078, 1.135529419207389, 102590000000
-1.8145626493854892, -0.38249152338931214, 1.15252108737148, 102624000000
-1.8132185858231327, -0.3794028103741789, 1.1695129521323187, 102658000000
-1.8119271637617564, -0.3762917349557421, 1.186505242198434, 102692000000
-1.8106887761357533, -0.37315918984419943, 1.2034960019315992, 102726000000
-1.8095037022098317, -0.37000616858179936, 1.2204877219960153, 102760000000
-1.8083725666272934, -0.3668332428770563, 1.2374802699313818, 102794000000
-1.8072952712889854, -0.3636417950777672, 1.2544720895259875, 102828000000
-1.806272528700354, -0.360432295201033, 1.2714633254976067, 102862000000
-1.8053043302392393, -0.3572059900879438, 1.288455384238978, 102896000000
-1.8043911138757405, -0.3539636629296536, 1.3054471458558732, 102930000000
-1.803533231742363, -0.3507061519673184, 1.3224392377048118, 102964000000
-1.8027305399208104, -0.3474347723118406, 1.3394311308907711, 102998000000
-1.8019837536466936, -0.34415003151171497, 1.3564230771026071, 103032000000
-1.801292836748868, -0.34085309580883183, 1.3734156467926226, 103066000000
-1.8006580044381064, -0.33754496067401896, 1.3904066976718799, 103100000000
-1.800079455754623, -0.33422652537165, 1.4073999205995484, 103134000000
-1.7995575485491437, -0.330898647556539, 1.4243919713240971, 103168000000
-1.7990919944689607, -0.3275625769060001, 1.4413844093361416, 103202000000
-1.7986834456783223, -0.32421891070176845, 1.4583763202144775, 103236000000
-1.798331740167817, -0.320868800015369, 1.4753687404670104, 103270000000
-1.7980369242579586, -0.31751327361618237, 1.492360645078554, 103304000000
-1.7977993776796963, -0.3141530914017453, 1.5093528662541897, 103338000000
-1.7976187083452013, -0.3107895005182621, 1.5263451252588007, 103372000000
-1.7974955842329836, -0.30742313714495095, 1.543336604321265, 103406000000
-1.7974292937295402, -0.3040553937927106, 1.5603283795942888, 103440000000
-1.797420434054225, -0.30068690203815795, 1.5773212937091596, 103474000000
-1.7974687765516129, -0.2973187702006884, 1.594313226437079, 103508000000
-1.7975744869720054, -0.2939518555886903, 1.6113049322566573, 103542000000
-1.7977370411841436, -0.2905873689829617, 1.6282966776128616, 103576000000
-1.7979569857876867, -0.28722601749811455, 1.6452884756180246, 103610000000
-1.7982339374679632, -0.28386888806466165, 1.6622805213800922, 103644000000
-1.798567754912928, -0.28051700924771233, 1.6792716968865153, 103678000000
-1.798958670604458, -0.2771711991286088, 1.6962633337732085, 103712000000
-1.7994060656498165, -0.2738325984611074, 1.7132550906945825, 103746000000
-1.7999104324027422, -0.2705019940428298, 1.7302459004862478, 103780000000
-1.8004710647232303, -0.2671805514798221, 1.747237150165823, 103814000000
-1.8010880630535409, -0.26386908214484495, 1.7642295652758901, 103848000000
-1.8017612688837914, -0.2605685847992099, 1.7812206100584989, 103882000000
-1.8024906264674596, -0.2572799482477082, 1.7982118336245594, 103916000000
-1.8032754011723993, -0.25400425847472646, 1.8152034330134166, 103950000000
-1.8041160115341233, -0.25074232546360964, 1.832195005229286, 103984000000
-1.8050117436250033, -0.2474951699864832, 1.849186392866983, 104018000000
-1.8059628660391012, -0.24426367669455695, 1.8661779506021443, 104052000000
-1.8069683408583013, -0.24104888809658087, 1.8831699849761974, 104086000000
-1.8080285839826595, -0.23785158981708765, 1.9001627391480764, 104120000000
-1.8091427323918992, -0.23467282600955536, 1.917154160223516, 104154000000
-1.8103109990515613, -0.23151342449533266, 1.9341458968461795, 104188000000
-1.811532594594424, -0.2283743109824313, 1.9511384917773837, 104222000000
-1.8128073978815458, -0.22525643822677188, 1.968130166921993, 104256000000
-1.8141351598934685, -0.22216066445557744, 1.9851221262354999, 104290000000
-1.8155149478823764, -0.2190878875271836, 2.0021139636769556, 104324000000
-1.816947027608287, -0.2160390222906172, 2.019105573053772, 104358000000
-1.818430521092316, -0.21301491813145954, 2.0360966973789814, 104392000000
-1.8199653411160812, -0.210016471203717, 2.0530889284502463, 104426000000
-1.8215507257838233, -0.20704455419186715, 2.070080610854936, 104460000000
-1.8231865400448544, -0.20410001529025293, 2.087072673674397, 104494000000
-1.8248718755048923, -0.20118367172643722, 2.104063582152127, 104528000000
-1.8266067960279122, -0.19829638170942748, 2.121054977999145, 104562000000
-1.8283903160542665, -0.19543902629058524, 2.1380460939286046, 104596000000
-1.8302222423724428, -0.1926124002577687, 2.155038237547221, 104630000000
-1.8321019643961305, -0.1898173067708185, 2.1720297710621557, 104664000000
-1.8340289126417684, -0.18705458362311858, 2.189021987328316, 104698000000
-1.8360024170772542, -0.18432496835217693, 2.2060130613111895, 104732000000
-1.8380222669172055, -0.1816293054455455, 2.223004820830057, 104766000000
-1.8400873317078825, -0.1789683346805592, 2.239996976927503, 104800000000
-1.8421975679084, -0.17634286154349807, 2.2569884233314133, 104834000000
-1.8443521605666184, -0.1737536448457847, 2.2739804259300445, 104868000000
-1.8465502542538206, -0.17120136497710742, 2.2909713712871724, 104902000000
-1.8487913592474716, -0.16868683154429404, 2.3079633633926644, 104936000000
-1.8510751728582522, -0.16621081172420907, 2.3249555812400575, 104970000000
-1.8534003269490769, -0.16377386243064024, 2.3419474404762894, 105004000000
-1.855766837692811, -0.16137683622263962, 2.3589383999291633, 105038000000
-1.8581736801975595, -0.1590203579395711, 2.375930181110611, 105072000000
-1.8606200934392367, -0.15670506496954106, 2.3929215336365988, 105106000000
-1.8631056648804523, -0.15443173301530186, 2.4099129276672224, 105140000000
-1.86562939238808, -0.15220092758638296, 2.426903709943142, 105174000000
-1.8681905786184247, -0.15001331324909067, 2.443895838996429, 105208000000
-1.8707887599685922, -0.1478695869697107, 2.4608878258787548, 105242000000
-1.873422834167534, -0.145770253494813, 2.477879409619792, 105276000000
-1.8760922506108715, -0.14371598866783955, 2.4948706078918637, 105310000000
-1.8787963574669067, -0.14170744644151106, 2.511862831368324, 105344000000
-1.8815338751568909, -0.13974499017532155, 2.528854690130137, 105378000000
-1.884304612163419, -0.13782945752628997, 2.545846182819366, 105412000000
-1.8871074568777337, -0.13596126586463483, 2.5628383864253292, 105446000000
-1.889941549133541, -0.13414092639035988, 2.5798294913798463, 105480000000
-1.892806174559931, -0.13236902624527028, 2.596821516164952, 105514000000
-1.8957006416876903, -0.13064616748260577, 2.6138131940409135, 105548000000
-1.898623772286294, -0.12897264358070817, 2.630804684541688, 105582000000
-1.9015751488249992, -0.12734917278414856, 2.647796662603425, 105616000000
-1.904553372788756, -0.125775878482861, 2.6647882765380713, 105650000000
-1.9075581465009936, -0.12425356878567219, 2.681779272558888, 105684000000
-1.9105883171460782, -0.12278249259401085, 2.6987709091011056, 105718000000
-1.9136429449772763, -0.1213630237120655, 2.715761982872659, 105752000000
-1.9167214457985435, -0.11999577832686123, 2.7327532784254585, 105786000000
-1.9198225005663907, -0.11868082585233956, 2.7497446572897224, 105820000000
-1.922945640225207, -0.11741887767217186, 2.766735597065451, 105854000000
-1.926089815825185, -0.1162101735616374, 2.783727186254635, 105888000000
-1.929253877169629, -0.11505486915249263, 2.8007177347936936, 105922000000
-1.9324372387225415, -0.11395357685360459, 2.817709418799353, 105956000000
-1.9356388393629171, -0.11290652159765763, 2.8347007034924636, 105990000000
-1.9388576920458735, -0.11191392336387261, 2.8516919644284835, 106024000000
-1.9420931036307594, -0.11097630038222484, 2.868683631584021, 106058000000
-1.9453437728030645, -0.11009354757203278, 2.8856753420652423, 106092000000
-1.9486091372074856, -0.10926632944424142, 2.902666162257131, 106126000000
-1.951888128024701, -0.10849474441004049, 2.919657717399771, 106160000000
-1.9551795758108308, -0.10777878576980268, 2.9366488972628657, 106194000000
-1.9584828939178536, -0.10711907392540093, 2.9536400481226117, 106228000000
-1.9617968043487644, -0.10651541576058896, 2.9706308721306063, 106262000000
-1.9651206947448436, -0.10596844107693366, 2.9876221912460403, 106296000000
-1.9684531294461907, -0.10547770623474534, 3.004613542917302, 106330000000
-1.9717936267282303, -0.10504394170904884, 3.0216051354233366, 106364000000
-1.9751408536656834, -0.10466674730837178, 3.038596070411579, 106398000000
-1.9784942179058316, -0.10434682364773712, 3.0555865469041055, 106432000000
-1.981852282425936, -0.10408352743916335, 3.072578231275923, 106466000000
-1.9852145112613784, -0.1038775977735174, 3.089569887990716, 106500000000
-1.988579686961181, -0.10372865679933933, 3.106560902826158, 106534000000
-1.9919469238754486, -0.10363694241529406, 3.123551596377773, 106568000000
-1.9953152129856984, -0.10360240116542792, 3.1405427113669724, 106602000000
-1.9986836585323347, -0.1036252014805937, -3.1256508995200334, 106636000000
-2.002051223961782, -0.10370515520431167, -3.108659280201779, 106670000000
-2.0054169056503044, -0.10384228556618494, -3.091669403046297, 106704000000
-2.0087797258377815, -0.10403641810364825, -3.0746775252370484, 106738000000
-2.01213883433462, -0.10428785301244974, -3.057686072203199, 106772000000
-2.0154932229835283, -0.10459635832288014, -3.0406951951013164, 106806000000
-2.018841773638006, -0.1049615629002745, -3.0237046146979494, 106840000000
-2.022183700029563, -0.10538380128035875, -3.006713609074202, 106874000000
-2.0255179674611297, -0.1058628666485261, -2.9897225760982273, 106908000000
-2.0288435357506005, -0.10639823080961475, -2.972731075397008, 106942000000
-2.0321595935054657, -0.10699030155020538, -2.955740172972347, 106976000000
-2.0354651227316958, -0.10763858966170521, -2.9387490483642456, 107010000000
-2.038759108931444, -0.10834284281738189, -2.9217582630023813, 107044000000
-2.0420407153465687, -0.10910319837277457, -2.904766966536687, 107078000000
-2.0453088848790517, -0.10991890101345465, -2.8877757082806546, 107112000000
-2.0485627575262404, -0.11079025077195474, -2.870784998213589, 107146000000
-2.051801389477093, -0.11171678753977561, -2.8537935670916843, 107180000000
-2.055023732424252, -0.11269795821437392, -2.836803342835683, 107214000000
-2.0582289525843853, -0.11373379133984128, -2.819812280060481, 107248000000
-2.0614161391910524, -0.11482416865280128, -2.8028207931149653, 107282000000
-2.064584254874087, -0.11596810821251882, -2.785830124996373, 107316000000
-2.067732517259456, -0.1171660139583787, -2.7688393263417064, 107350000000
-2.070859981067578, -0.11841689812753588, -2.751848676843205, 107384000000
-2.0739657257365356, -0.11972096026664897, -2.7348584023605356, 107418000000
-2.077048904980342, -0.12107762108026777, -2.7178674316176816, 107452000000
-2.080108546489561, -0.12248618174105462, -2.7008771437883845, 107486000000
-2.0831438207028987, -0.12394678629705501, -2.6838866671830974, 107520000000
-2.0861538837199927, -0.12545856497024546, -2.6668956229993728, 107554000000
-2.0891378025743466, -0.1270213224713108, -2.649905199945554, 107588000000
-2.0920947457395744, -0.12863473583123552, -2.6329141545551633, 107622000000
-2.095023841705796, -0.1302978022155188, -2.615923799310561, 107656000000
-2.097924218765405, -0.13201074270849167, -2.598932852154279, 107690000000
-2.1007950862692035, -0.13377243043994688, -2.5819416394905317, 107724000000
-2.1036355621291096, -0.135582729233038, -2.5649501345852084, 107758000000
-2.106444870090746, -0.13744118314168471, -2.5479588073262778, 107792000000
-2.109222173264209, -0.1393470482319869, -2.5309673488129287, 107826000000
-2.11196672846303, -0.14129970993489507, -2.513976544226577, 107860000000
-2.1146776905721083, -0.14329896294599045, -2.4969851356518764, 107894000000
-2.1173543096919416, -0.14534367936608533, -2.4799936969754266, 107928000000
-2.1199957842217207, -0.14743382205528474, -2.46300297873176, 107962000000
-2.1226013472437515, -0.14956858229274464, -2.44601165972716, 107996000000
-2.125170331867153, -0.15174703400987227, -2.4290208714236132, 108030000000
-2.1277018758211064, -0.15396914957268804, -2.412030251013963, 108064000000
-2.130195334013752, -0.15623362686111422, -2.395039842686474, 108098000000
-2.1326499069749154, -0.15854035400803992, -2.3780484390924235, 108132000000
-2.1350649419823453, -0.16088840778245186, -2.361057881577206, 108166000000
-2.1374397801545744, -0.16327695580794158, -2.344066446010136, 108200000000
-2.13977363699911, -0.16570575205641613, -2.327076117871074, 108234000000
-2.1420658741622236, -0.16817389983340253, -2.3100851298127396, 108268000000
-2.144315942682356, -0.17068038624875825, -2.293094226363077, 108302000000
-2.146523010216971, -0.17322501061023787, -2.276103235621836, 108336000000
-2.1486865860662805, -0.17580654981890734, -2.2591126338341274, 108370000000
-2.150805844313656, -0.17842480135433195, -2.242121487805056, 108404000000
-2.15288043257395, -0.18107835031130692, -2.2251304227867474, 108438000000
-2.154909551830699, -0.18376692898230734, -2.208138537606856, 108472000000
-2.156892746999614, -0.1864894894615145, -2.191148189265854, 108506000000
-2.158829295046186, -0.1892455747637202, -2.174157366759331, 108540000000
-2.160718860126706, -0.1920338943118709, -2.157165989875538, 108574000000
-2.1625605816918227, -0.1948542802046408, -2.140175618269424, 108608000000
-2.1643543145421833, -0.19770514503715342, -2.1231851856138335, 108642000000
-2.166099237069186, -0.20058627416659514, -2.1061934255641748, 108676000000
-2.167794976299477, -0.2034966043174047, -2.089202529575811, 108710000000
-2.1694409404692445, -0.20643548797660083, -2.0722119232342022, 108744000000
-2.171036940105032, -0.20940160733311655, -2.055221208637807, 108778000000
-2.1725821687337326, -0.21239466365615184, -2.0382302650781257, 108812000000
-2.1740763644339824, -0.21541350861811545, -2.021238964536133, 108846000000
-2.175519144228686, -0.2184572057439036, -2.0042484286461812, 108880000000
-2.1769098374198506, -0.22152523297321314, -1.9872573683514687, 108914000000
-2.1782484416981633, -0.2246161278729572, -1.97026672105928, 108948000000
-2.179534274088735, -0.2277294075180173, -1.9532753269773884, 108982000000
-2.1807669212372955, -0.23086422423917272, -1.9362835947100616, 109016000000
-2.1819462507600997, -0.23401940953317113, -1.9192922040373452, 109050000000
-2.183071770516529, -0.237194218391818, -1.9023017566451497, 109084000000
-2.1841430678479297, -0.24038783432333172, -1.8853103721331925, 109118000000
-2.1851601441699997, -0.24359896627918332, -1.8683200430480964, 109152000000
-2.186122471236272, -0.2468269520038244, -1.8513288778301034, 109186000000
-2.1870296189032072, -0.25007098939947964, -1.8343377522204656, 109220000000
-2.18788176264787, -0.25332975275422076, -1.8173465432717646, 109254000000
-2.188678234171634, -0.25660268952950577, -1.8003566631485557, 109288000000
-2.1894189554691557, -0.2598887294111457, -1.7833659335503684, 109322000000
-2.1901039527514765, -0.2631867031008913, -1.766375451578514, 109356000000
-2.1907326195661185, -0.266496020067058, -1.7493851492282433, 109390000000
-2.1913051230784584, -0.26981545199509005, -1.7323946002808637, 109424000000
-2.1918210971767653, -0.27314417154575205, -1.7154049739910862, 109458000000
-2.192280535588898, -0.2764811295639916, -1.6984144520338789, 109492000000
-2.192683080687473, -0.2798255028122057, -1.6814238515424638, 109526000000
-2.193028937370888, -0.2831761156987453, -1.6644332592698312, 109560000000
-2.1933176495429834, -0.2865322574290152, -1.647443058902646, 109594000000
-2.193549585965108, -0.2898926736622711, -1.6304527860541678, 109628000000
-2.1937240608230892, -0.293256740136748, -1.613462833248822, 109662000000
-2.1938417722328265, -0.29662305259210503, -1.5964721004973355, 109696000000
-2.193901993739275, -0.299991039490001, -1.5794813588206296, 109730000000
-2.19390519931862, -0.3033594636026692, -1.5624916586561033, 109764000000
-2.193850875706483, -0.3067275866023465, -1.545501210465437, 109798000000
-2.1937396979544403, -0.310094128700102, -1.528509795306714, 109832000000
-2.193571016121519, -0.3134584265115938, -1.5115199830244617, 109866000000
-2.1933454144401585, -0.316819277305171, -1.4945301265328388, 109900000000
-2.193062491243277, -0.32017589467692825, -1.4775385044190514, 109934000000
-2.1927228474834837, -0.3235271274205675, -1.4605475850191918, 109968000000
-2.192325910656942, -0.3268722297910431, -1.4435581500848274, 110002000000
-2.1918726230651338, -0.330209949966535, -1.4265671970985754, 110036000000
-2.1913623625164336, -0.33353958751810464, -1.40957577430655, 110070000000
-2.190795767010526, -0.3368600513657156, -1.3925852970437405, 110104000000
-2.1901726506219092, -0.34017042677004955, -1.375595787831766, 110138000000
-2.189493677986688, -0.3434696681053206, -1.3586049885797378, 110172000000
-2.188758492999248, -0.346756956845208, -1.3416135265699545, 110206000000
-2.1879677632494103, -0.35003121888807937, -1.3246233735542756, 110240000000
-2.187121302668642, -0.3532916286879465, -1.3076334557778468, 110274000000
-2.1862198926135616, -0.3565371499920735, -1.2906430784529495, 110308000000
-2.1852632445770825, -0.3597669119302892, -1.2736531751593518, 110342000000
-2.1842518372895245, -0.3629799876993357, -1.2566630168232737, 110376000000
-2.183186268343888, -0.36617535513764826, -1.2396734693015738, 110410000000
-2.1820663050848017, -0.36935219190720614, -1.2226837079940271, 110444000000
-2.1808927780890395, -0.37250953962300964, -1.205694248678448, 110478000000
-2.179665494341717, -0.3756464715595715, -1.1887049043115696, 110512000000
-2.178385421565893, -0.37876208699865116, -1.1717147089799365, 110546000000
-2.177052327828353, -0.3818554808452365, -1.1547242953736225, 110580000000
-2.175667042189133, -0.38492582677090176, -1.137734511616259, 110614000000
-2.1742297295501682, -0.3879721542876229, -1.1207452752514309, 110648000000
-2.172740670394756, -0.39099365578644124, -1.1037547564007892, 110682000000
-2.1712007972796643, -0.3939893774510465, -1.086765209182228, 110716000000
-2.1696100821563626, -0.3969585223584341, -1.0697739888010707, 110750000000
-2.1679692701589652, -0.3999002129425973, -1.0527839598355122, 110784000000
-2.166278477757251, -0.40281361259309373, -1.0357938836491283, 110818000000
-2.164538701970129, -0.405697826764238, -1.018804208104395, 110852000000
-2.1627501370086, -0.408552054701551, -1.0018130987834957, 110886000000
-2.160913140183434, -0.4113754849212296, -0.9848226413585379, 110920000000
-2.159028654310066, -0.41416727276575904, -0.967832031718266, 110954000000
-2.157096962181086, -0.4169266645880659, -0.9508425223281428, 110988000000
-2.1551184979463596, -0.4196528207156072, -0.9338521324929789, 111022000000
-2.1530943783717857, -0.42234500561912464, -0.9168618684382173, 111056000000
-2.151024524848675, -0.42500239202384904, -0.8998720794250987, 111090000000
-2.1489098824600847, -0.4276242264249319, -0.8828817391216895, 111124000000
-2.146751125995195, -0.43020979808915305, -0.8658919214900668, 111158000000
-2.1445485754167164, -0.4327582782536888, -0.8489018263712853, 111192000000
-2.142303153451837, -0.43526899407969916, -0.8319123097474863, 111226000000
-2.140015498547009, -0.437741190650728, -0.8149218147819449, 111260000000
-2.137685857531229, -0.44017408799989655, -0.7979311999340497, 111294000000
-2.135315607887494, -0.442567153786665, -0.78094075494914, 111328000000
-2.132904745120306, -0.44491952990723194, -0.7639510544181095, 111362000000
-2.1304543039952692, -0.4472306093592286, -0.7469605572156669, 111396000000
-2.1279650581263843, -0.44949976529269664, -0.7299704967495232, 111430000000
-2.1254373129022737, -0.45172619686498505, -0.7129803695374853, 111464000000
-2.1228724764604308, -0.4539094705014782, -0.6959908740324182, 111498000000
-2.1202708079898165, -0.4560487987843111, -0.6790004781449405, 111532000000
-2.1176329955359434, -0.4581435487167532, -0.6620098005809054, 111566000000
-2.1149601325486227, -0.4601932423630121, -0.6450196385542986, 111600000000
-2.1122527779978406, -0.46219721507706746, -0.6280303923894122, 111634000000
-2.10951159818617, -0.46415483101119703, -0.6110401085685996, 111668000000
-2.1067378322908263, -0.4660657188877288, -0.5940508444925974, 111702000000
-2.1039319591553127, -0.46792918139912354, -0.5770606692032824, 111736000000
-2.101094610580465, -0.4697445868711357, -0.5600703755771542, 111770000000
-2.09822712025423, -0.47151169750016464, -0.5430798362944591, 111804000000
-2.0953298045105013, -0.47322972884619136, -0.5260904652590033, 111838000000
-2.0924036724624027, -0.4748982776023399, -0.509100068665991, 111872000000
-2.0894498418578205, -0.4765170333949897, -0.49210974256396817, 111906000000
-2.086468697536118, -0.4780852337960222, -0.47511945246138826, 111940000000
-2.083461531433303, -0.4796026891631675, -0.4581294450394301, 111974000000
-2.0804287928970204, -0.4810686619004771, -0.44113923708569, 112008000000
-2.077371851161721, -0.48248307290086156, -0.42414812894568815, 112042000000
-2.0742910565181956, -0.483845128629027, -0.40715729155668146, 112076000000
-2.0711878211402044, -0.48515483950060295, -0.39016690041347823, 112110000000
-2.0680625602484146, -0.4864114520393144, -0.37317665223810104, 112144000000
-2.0649165199468094, -0.48761488065846276, -0.3561860043629321, 112178000000
-2.061750446216215, -0.4887646360473793, -0.339195997005857, 112212000000
-2.0585651515931622, -0.4898603062626973, -0.3222055796799803, 112246000000
-2.055361927898749, -0.49090189183814364, -0.30521625629889043, 112280000000
-2.0521414343411033, -0.49188886488620587, -0.28822576665301125, 112314000000
-2.048904468844468, -0.4928207949021747, -0.2712353181148913, 112348000000
-2.0456523575232617, -0.49369785419962753, -0.2542448824859079, 112382000000
-2.042385647960283, -0.4945193734689188, -0.23725564786515776, 112416000000
-2.0391054093267122, -0.4952852689204003, -0.2202654318487192, 112450000000
-2.035812809928666, -0.4959955587982016, -0.20327545998251959, 112484000000
-2.0325083991181354, -0.4966495804032598, -0.18628581193060229, 112518000000
-2.0291935556790333, -0.4972476438112259, -0.16929639083361092, 112552000000
-2.0258689799077203, -0.49778925940402136, -0.15230609228089564, 112586000000
-2.022535600745668, -0.49827423031545043, -0.13531569813161567, 112620000000
-2.019194478536817, -0.49870258109240007, -0.118325653135861, 112654000000
-2.0158466369834644, -0.4990742359169021, -0.1013364483053705, 112688000000
-2.01249282804195, -0.4993887881756804, -0.08434635587192195, 112722000000
-2.0091343079149366, -0.49964659055388116, -0.06735618001338907, 112756000000
-2.005771693949736, -0.4998469497165745, -0.050367099434922034, 112790000000
-2.002406397672226, -0.49999053418587486, -0.03337764870552677, 112824000000
-1.9990390352576801, -0.5000767207945027, -0.016386866197024477, 112858000000
-1.9956707193565772, -0.5001057041277828, 0.0006029097851909477, 112892000000
-1.9923023029729394, -0.5000772922637455, 0.01759245464950113, 112926000000
-1.9889350097101257, -0.49999197827957764, 0.03458218270592843, 112960000000
-1.9855694778674167, -0.49984908740126033, 0.05157196234040588, 112994000000
-1.9822070463996044, -0.4996493763892014, 0.06856136032324785, 113028000000
-1.9788484388387215, -0.4993924737925173, 0.08555198732595436, 113062000000
-1.9754946409228848, -0.4990784294765646, 0.10254201490102212, 113096000000
-1.972146625148343, -0.4987074274093114, 0.11953195241806064, 113130000000
-1.9688055023689344, -0.49827986994672796, 0.13652152682111576, 113164000000
-1.9654720340090226, -0.4977953739620265, 0.15351156619744852, 113198000000
-1.962147306815936, -0.49725450492839923, 0.1705017941734008, 113232000000
-1.9588322504502866, -0.49665716891930195, 0.18749073913591205, 113266000000
-1.9555278366309752, -0.4960037108873277, 0.20448065158492032, 113300000000
-1.9522349787796174, -0.4952940008117098, 0.22147061027412956, 113334000000
-1.9489547184328582, -0.4945287365245989, 0.23846003715011602, 113368000000
-1.945687870737075, -0.4937076286604336, 0.25545015045386416, 113402000000
-1.942435524078019, -0.49283142167547817, 0.2724397254374444, 113436000000
-1.9391984799276645, -0.49189981641353675, 0.28942903387828495, 113470000000
-1.9359777301368761, -0.4909135205932628, 0.3064188466783828, 113504000000
-1.9327742189557233, -0.489872581044713, 0.3234081812147339, 113538000000
-1.9295888367429155, -0.48877733541010016, 0.34039782841428323, 113572000000
-1.9264225689448877, -0.48762802898098395, 0.35738692808829653, 113606000000
-1.923276268651581, -0.4864253185819067, 0.37437750540692893, 113640000000
-1.9201508767032425, -0.48516891598015627, 0.39136702463020123, 113674000000
-1.9170472858394478, -0.4838600516917299, 0.4083566137032135, 113708000000
-1.9139663973035406, -0.4824982944409227, 0.42534683077670815, 113742000000
-1.910909038652507, -0.4810845597876583, 0.44233684163710063, 113776000000
-1.90787617864807, -0.4796190269826162, 0.4593260964595976, 113810000000
-1.904868624165068, -0.47810200110388573, 0.47631622428913406, 113844000000
-1.9018872765921166, -0.4765344764517119, 0.4933060857375243, 113878000000
-1.8989330068196424, -0.4749161229896392, 0.5102953654995501, 113912000000
-1.896006648941905, -0.4732482139851717, 0.5272844046921571, 113946000000
-1.893109084205085, -0.4715307417602575, 0.5442747255200037, 113980000000
-1.8902410984850313, -0.46976417120326075, 0.5612640840533191, 114014000000
-1.8874035682772894, -0.46794910411022517, 0.5782532543277287, 114048000000
-1.8845972319227147, -0.46608637827099714, 0.5952420989373924, 114082000000
-1.8818229918297749, -0.4641759392762066, 0.6122314518024478, 114116000000
-1.8790815726321095, -0.4622189446079636, 0.6292206059231974, 114150000000
-1.8763738300069706, -0.4602153653393767, 0.6462105421057897, 114184000000
-1.873700483904621, -0.4581664331638822, 0.6631990101293938, 114218000000
-1.8710623835566438, -0.4560720912625026, 0.6801887067273815, 114252000000
-1.8684602070029686, -0.45393342438405415, 0.6971788801717484, 114286000000
-1.86589477893451, -0.45175061368729164, 0.7141683782554532, 114320000000
-1.8633667839511598, -0.4495247894622681, 0.7311568533576944, 114354000000
-1.8608770325207236, -0.4472560943355669, 0.7481477004259844, 114388000000
-1.8584261075463344, -0.4449456960800912, 0.7651378635971459, 114422000000
-1.856014869002742, -0.4425936537395404, 0.782126796283755, 114456000000
-1.8536438876099446, -0.44020130566804233, 0.799116007434561, 114490000000
-1.8513139693367406, -0.43776871245805155, 0.8161070661464218, 114524000000
-1.8490256077640823, -0.43529723195694725, 0.8330967111637758, 114558000000
-1.8467796564087553, -0.4327869037125988, 0.8500852733155912, 114592000000
-1.84457661748662, -0.4302390297823455, 0.8670748010378186, 114626000000
-1.8424172507499659, -0.4276538506710479, 0.8840653971357584, 114660000000
-1.8403020021112046, -0.42503264161864296, 0.9010547694525569, 114694000000
-1.8382317252969018, -0.42237556066786375, 0.9180430220835948, 114728000000
-1.836206735535214, -0.41968399886594876, 0.9350332044589864, 114762000000
-1.834227863482218, -0.41695816373905886, 0.9520228535849556, 114796000000
-1.83229550432497, -0.41419924956228715, 0.9690119091991841, 114830000000
-1.8304103855011913, -0.41140772290388655, 0.9860005644910259, 114864000000
-1.8285728354191735, -0.40858482620619774, 1.0029903773358138, 114898000000
-1.82678359636394, -0.405730945528308, 1.019980872057812, 114932000000
-1.8250430221126483, -0.4028471940237033, 1.0369699185676082, 114966000000
-1.823351806406272, -0.3999340718137553, 1.0539592871407728, 115000000000
-1.8217101746473459, -0.3969928906449132, 1.07094927634365, 115034000000
-1.820118885157854, -0.39402403088229754, 1.0879386487117302, 115068000000
-1.8185781904126068, -0.3910286835388628, 1.1049280240233186, 115102000000
-1.8170887885012925, -0.3880073711007177, 1.121917161609544, 115136000000
-1.8156507314396182, -0.38496150756494113, 1.138907322484007, 115170000000
-1.8142648798889212, -0.38189133048577595, 1.1558967453930225, 115204000000
-1.8129311532254855, -0.3787983789067631, 1.172885641409039, 115238000000
-1.8116503751061015, -0.37568294541734765, 1.189875526934206, 115272000000
-1.810422517670444, -0.37254642820408734, 1.2068649689924758, 115306000000
-1.8092482785367385, -0.3693893162578789, 1.2238537213462397, 115340000000
-1.8081278653785875, -0.36621266622166765, 1.2408434731440878, 115374000000
-1.807061400184445, -0.36301763340310933, 1.2578322324727567, 115408000000
-1.8060494747275346, -0.35980481773927986, 1.2748219307782502, 115442000000
-1.80509228014097, -0.356575287830444, 1.2918112722488873, 115476000000
-1.804190073109718, -0.35332994146156954, 1.308801663494044, 115510000000
-1.80334302404017, -0.3500698195768747, 1.3257905101056338, 115544000000
-1.8025515082253636, -0.3467957419765534, 1.342779545965762, 115578000000
-1.8018158070627572, -0.343508616514585, 1.359769822515822, 115612000000
-1.8011360732655588, -0.3402094240420658, 1.3767600648614602, 115646000000
-1.8005122658914878, -0.33689933134825084, 1.3937489220825459, 115680000000
-1.7999449371571699, -0.3335790000943798, 1.4107382073787382, 115714000000
-1.7994340675095497, -0.3302495430938724, 1.427728515924395, 115748000000
-1.7989799816170966, -0.3269117711945567, 1.444718382031658, 115782000000
-1.7985824327242952, -0.3235669476804778, 1.4617064630100927, 115816000000
-1.7982419255753463, -0.3202157414774326, 1.4786969170893605, 115850000000
-1.797958296102543, -0.31685931724525745, 1.495686732260379, 115884000000
-1.7977318903997555, -0.3134984485268472, 1.5126754940691747, 115918000000
-1.7975625025877835, -0.3101343140719162, 1.5296642422676143, 115952000000
-1.7974504332095669, -0.3067676814624871, 1.546654772013893, 115986000000
-1.7973953341950852, -0.3033997653323366, 1.5636435180259651, 116020000000
-1.797397744080185, -0.3000312398163578, 1.5806319834307208, 116054000000
-1.7974570788512192, -0.29666338515867646, 1.597621017911332, 116088000000
-1.7975736885388724, -0.2932969950553421, 1.6146106612980435, 116122000000
-1.7977475796227307, -0.28993301975510305, 1.6315999749413943, 116156000000
-1.797978510302965, -0.2865724856353934, 1.6485891397904602, 116190000000
-1.798266357467759, -0.28321642047558643, 1.6655775934688957, 116224000000
-1.798611367064652, -0.2798656386238369, 1.6825667502033046, 116258000000
-1.7990129348001986, -0.2765212899301972, 1.6995559358159096, 116292000000
-1.799471466931372, -0.2731841773169445, 1.7165443929303437, 116326000000
-1.7999866408404623, -0.2698553027387595, 1.7335335640149403, 116360000000
-1.8005580728894657, -0.2665357744712375, 1.750521414357055, 116394000000
-1.8011858177188216, -0.2632264201299768, 1.7675108647921207, 116428000000
-1.801869943756857, -0.25992817248515565, 1.7845002406644985, 116462000000
-1.80260967066944, -0.2566420822029276, 1.8014895520271104, 116496000000
-1.8034053653251845, -0.25336899355698, 1.8184778620421338, 116530000000
-1.8042566001534703, -0.25010986382402156, 1.8354673208411996, 116564000000
-1.805162914337078, -0.24686574867453448, 1.8524558763594272, 116598000000
-1.8061241889805322, -0.24363748476609673, 1.869445326787381, 116632000000
-1.8071404984520285, -0.24042599707786053, 1.8864351743401353, 116666000000
-1.8082108243567283, -0.2372322819759252, 1.9034249517734474, 116700000000
-1.8093355579106565, -0.23405718796361757, 1.9204138699393685, 116734000000
-1.8105140179581372, -0.23090163294947044, 1.9374036137764055, 116768000000
-1.8117457963387127, -0.22776659400623428, 1.9543929754171387, 116802000000
-1.8130309648146155, -0.22465291785773925, 1.971382344272395, 116836000000
-1.8143684070923025, -0.2215615398999949, 1.9883707129294832, 116870000000
-1.8157583972582432, -0.21849332531690832, 2.0053608926994504, 116904000000
-1.8172004258399785, -0.21544921396978636, 2.0223498779893454, 116938000000
-1.8186935997621712, -0.2124300209831717, 2.0393390849954542, 116972000000
-1.8202381403316596, -0.20943663342640348, 2.056327584923602, 117006000000
-1.8218332473408982, -0.20646990619650243, 2.0733166571221227, 117040000000
-1.823478396165411, -0.2035307012426866, 2.090305186095588, 117074000000
-1.8251734765105636, -0.20061985690837564, 2.107293912327971, 117108000000
-1.8269174474056409, -0.19773825657859662, 2.1242826500078817, 117142000000
-1.8287104235343608, -0.19488667833653067, 2.141270541367514, 117176000000
-1.8305513250127623, -0.19206601525837633, 2.158259384760606, 117210000000
-1.8324401161466257, -0.18927705363672837, 2.175248541739111, 117244000000
-1.8343758207744458, -0.1865205560354664, 2.1922375305394017, 117278000000
-1.836358322559774, -0.1837973602047443, 2.2092261577575734, 117312000000
-1.8383864999264896, -0.18110822397681786, 2.226215017804544, 117346000000
-1.8404603242999837, -0.17845395190893165, 2.2432038411937625, 117380000000
-1.8425788114285748, -0.17583529490244043, 2.260192400447247, 117414000000
-1.8447417021465518, -0.17325306129505538, 2.2771818157190498, 117448000000
-1.8469478565588353, -0.1707078895268432, 2.294170952951411, 117482000000
-1.8491972279384348, -0.16820062873720748, 2.311160354083521, 117516000000
-1.851488508146454, -0.16573186341472904, 2.328148935528201, 117550000000
-1.8538216819168352, -0.16330243971880679, 2.3451376811942755, 117584000000
-1.8561957342401234, -0.16091299721827268, 2.3621271806922652, 117618000000
-1.858609913112446, -0.1585641804468348, 2.3791156978747274, 117652000000
-1.8610639389527879, -0.15625679886788424, 2.3961044215427276, 117686000000
-1.8635563864269227, -0.1539913243610294, 2.413092542567957, 117720000000
-1.8660871754748145, -0.1517685901375101, 2.430082498447965, 117754000000
-1.86865546335343, -0.1495892168800788, 2.447071230643182, 117788000000
-1.8712600807795192, -0.14745365397496935, 2.4640604463782942, 117822000000
-1.873900879642063, -0.14536273982057288, 2.481049200895989, 117856000000
-1.8765767756337168, -0.14331696414723355, 2.4980385139774723, 117890000000
-1.8792869309041418, -0.14131687745373162, 2.515027378122827, 117924000000
-1.8820308981355531, -0.1393632116423087, 2.5320165989825805, 117958000000
-1.8848073915982433, -0.13745631228614624, 2.5490058532776088, 117992000000
-1.8876161362534634, -0.13559698307433848, 2.5659942682426022, 118026000000
-1.8904558856919522, -0.13378556104258177, 2.5829832661034104, 118060000000
-1.8933262538576945, -0.13202280550002457, 2.599972536820512, 118094000000
-1.8962258562787169, -0.13030890751373392, 2.6169611918568334, 118128000000
-1.8991543140643923, -0.12864461038496194, 2.633950710252448, 118162000000
-1.90211052434455, -0.12703023440933825, 2.6509388381333725, 118196000000
-1.905093942464447, -0.12546643533738594, 2.6679272658744737, 118230000000
-1.9081032510127738, -0.12395336998463803, 2.6849161239053188, 118264000000
-1.9111381641011773, -0.12249187953994106, 2.7019040534184984, 118298000000
-1.9141970973130613, -0.12108189219119139, 2.7188920825446963, 118332000000
-1.9172797280224585, -0.11972420008827597, 2.7358814124335544, 118366000000
-1.9203849528551342, -0.11841903623679566, 2.752869916144741, 118400000000
-1.9235120540149124, -0.1171669037003008, 2.7698582078390785, 118434000000
-1.9266597033086337, -0.1159678179312213, 2.7868466500121145, 118468000000
-1.929827493499184, -0.11482254826372551, 2.8038353543705985, 118502000000
-1.9330141516992647, -0.113731115146793, 2.8208239315865096, 118536000000
-1.9362191319704674, -0.11269420270158784, 2.8378125152197575, 118570000000
-1.939440920880693, -0.11171155098276493, 2.854801846372249, 118604000000
-1.9426791201525717, -0.11078395779939686, 2.871790904174213, 118638000000
-1.9459325774646592, -0.10991147942232869, 2.888779815308177, 118672000000
-1.9492005181202263, -0.10909453124053263, 2.90576909200552, 118706000000
-1.9524816313787638, -0.10833295677172065, 2.922757948285052, 118740000000
-1.9557754016807511, -0.1076274710101584, 2.9397467558270267, 118774000000
-1.9590806636973426, -0.10697801965730601, 2.9567361833255292, 118808000000
-1.9623964606160798, -0.1063848490190323, 2.9737242841345046, 118842000000
-1.9657217604753856, -0.10584799396022294, 2.9907131759371253, 118876000000
-1.9690558524991995, -0.10536792154080284, 3.0077030524424364, 118910000000
-1.9723974514326221, -0.10494434061163892, 3.0246916641909007, 118944000000
-1.9757459267862725, -0.10457781919696825, 3.0416800129229506, 118978000000
-1.9791000327070518, -0.10426806951236163, 3.058668244994859, 119012000000
-1.9824590594334424, -0.10401556533750504, 3.0756579827496533, 119046000000
-1.9858217059657208, -0.10381982646755782, 3.0926469625386437, 119080000000
-1.9891873585970852, -0.10368151399178417, 3.1096346952790057, 119114000000
-1.992554757781161, -0.10360015505924995, 3.1266231183633018, 119148000000
-1.9959230732819875, -0.10357605235537846, -3.1395728968577754, 119182000000
-1.9992913607527156, -0.10360925337825676, -3.1225841132797223, 119216000000
-2.0026586368300436, -0.10369967138836426, -3.105595646476375, 119250000000
-2.0060237668073415, -0.10384700432739748, -3.088607663390096, 119284000000
-2.0093860246271467, -0.1040517034220998, -3.071619133043777, 119318000000
-2.012744275506597, -0.10431330489728934, -3.0546304048325004, 119352000000
-2.016097605478396, -0.10463195218572645, -3.0376426146333535, 119386000000
-2.019445126371355, -0.10500768134816965, -3.020654161246035, 119420000000
-2.0227856197557945, -0.10543989441294513, -3.0036667779522954, 119454000000
-2.0261183510258314, -0.10592895004265883, -2.986677831730841, 119488000000
-2.0294422685276152, -0.10647455102474454, -2.9696890550968984, 119522000000
-2.0327565004213297, -0.10707671597594047, -2.9527005542246574, 119556000000
-2.0360599257495675, -0.1077347611880698, -2.9357131111135315, 119590000000
-2.0393517693797603, -0.10844911726339591, -2.918724050954809, 119624000000
-2.0426309380497085, -0.10921910891090349, -2.9017348432601366, 119658000000
-2.0458966118593196, -0.11004492803765623, -2.884746447288029, 119692000000
-2.049147748523049, -0.11092579299094722, -2.86775793708909, 119726000000
-2.052383497806736, -0.11186215862903989, -2.8507694777590977, 119760000000
-2.055602792775435, -0.11285289598383688, -2.833780853893835, 119794000000
-2.0588048286165628, -0.11389838615793696, -2.8167914118077855, 119828000000
-2.061988616678501, -0.11499806779701661, -2.7998027897731896, 119862000000
-2.065153295994219, -0.11615183397801233, -2.7828142627913293, 119896000000
-2.0682978960357254, -0.11735880466616609, -2.765825829148229, 119930000000
-2.071421542693654, -0.11861929675959264, -2.748837384073236, 119964000000
-2.0745233612221163, -0.11993259720510607, -2.731848583989893, 119998000000
-2.0776023461651727, -0.12129833254727321, -2.7148614454143463, 120032000000
-2.080657735268024, -0.12271613239263655, -2.697872057942555, 120066000000
-2.083688547638713, -0.1241858251005049, -2.6808838419730545, 120100000000
-2.086693971903102, -0.12570644092744782, -2.663895263107028, 120134000000
-2.0896731359335696, -0.12727819892285472, -2.6469071081804265, 120168000000
-2.092625158384754, -0.1289002945173755, -2.6299183222933076, 120202000000
-2.0955492100279756, -0.1305722182398665, -2.6129305221680377, 120236000000
-2.098444401836531, -0.13229359868917223, -2.5959416318565154, 120270000000
-2.101309900600448, -0.13406416399887108, -2.578952950657869, 120304000000
-2.1041449390033176, -0.13588283399210302, -2.561963907894171, 120338000000
-2.1069486602954433, -0.13774969642679424, -2.5449755441534436, 120372000000
-2.109720241240389, -0.13966375456396307, -2.5279867424063442, 120406000000
-2.1124588945489946, -0.14162483812787743, -2.5109985329477222, 120440000000
-2.1151638468149887, -0.14363187944634426, -2.4940097732019217, 120474000000
-2.1178342714458056, -0.14568476853873943, -2.4770202111551862, 120508000000
-2.120469476842916, -0.14778258833322228, -2.4600319654224365, 120542000000
-2.123068634268542, -0.1499251063596637, -2.4430436760178162, 120576000000
-2.125631061819133, -0.15211115725101693, -2.4260549297783047, 120610000000
-2.128155950920526, -0.15434066179727088, -2.409066725849108, 120644000000
-2.130642587924474, -0.15661277568738058, -2.392078162605123, 120678000000
-2.1330903362159863, -0.15892655462980748, -2.3750907080695285, 120712000000
-2.135498355509897, -0.1612817736283219, -2.358101882742704, 120746000000
-2.137866026764792, -0.1636775127701023, -2.3411134038874444, 120780000000
-2.140192710921276, -0.1661129284670859, -2.3241243233864983, 120814000000
-2.1424776266588577, -0.16858775818597066, -2.307136501459418, 120848000000
-2.14472015445606, -0.1711010926867543, -2.290147788380327, 120882000000
-2.146919765010266, -0.17365190800951474, -2.2731591099619313, 120916000000
-2.149075598333223, -0.17624002675247322, -2.2561705399008756, 120950000000
-2.1511872382841486, -0.17886414793876368, -2.2391825333847, 120984000000
-2.1532539623068696, -0.18152378963620194, -2.2221930890063297, 121018000000
-2.155275137902875, -0.18421831430572536, -2.205204114567556, 121052000000
-2.1572502587682725, -0.1869467477385407, -2.1882154811608743, 121086000000
-2.159178799801378, -0.18970823242939786, -2.1712273317142716, 121120000000
-2.1610600097122856, -0.19250236512336938, -2.1542385207149293, 121154000000
-2.1628936450437233, -0.19532769692576143, -2.137250512415718, 121188000000
-2.164678960105642, -0.19818386873359103, -2.1202619317849174, 121222000000
-2.1664154158481854, -0.2010701152057896, -2.103272925322607, 121256000000
-2.1681026867892195, -0.20398529813097743, -2.0862843089408623, 121290000000
-2.1697401807321124, -0.20692877356092731, -2.0692967262774014, 121324000000
-2.171327357441629, -0.2098998031078279, -2.052308141179807, 121358000000
-2.1728640533516215, -0.21289706971785538, -2.0353196869869037, 121392000000
-2.1743494418693867, -0.21592029437035554, -2.018331948001537, 121426000000
-2.17578342015523, -0.21896809048553226, -2.0013441595368047, 121460000000
-2.1771652493472984, -0.22204005878661434, -1.984355116546612, 121494000000
-2.178494895657087, -0.22513479759789234, -1.967366761521522, 121528000000
-2.179771606128075, -0.22825193527705007, -1.950378055754323, 121562000000
-2.1809954271347967, -0.2313900409696983, -1.9333897485283575, 121596000000
-2.18216558357405, -0.23454871454201667, -1.9164016075376857, 121630000000
-2.1832819531521914, -0.23772678647194687, -1.8994128096089544, 121664000000
-2.184344180635344, -0.24092334069293594, -1.8824253157822313, 121698000000
-2.185352039221922, -0.24413737363646762, -1.86543702500622, 121732000000
-2.1863049270628125, -0.24736827670392425, -1.848448031529857, 121766000000
-2.1872030168692183, -0.25061467371866913, -1.831459737606125, 121800000000
-2.1880456197044915, -0.25387605611131286, -1.8144720990401513, 121834000000
-2.1888328314040173, -0.2571511425097964, -1.79748477453259, 121868000000
-2.1895642022418556, -0.26043919842245666, -1.7804958764746657, 121902000000
-2.1902395772860834, -0.2637392031321351, -1.7635077915546342, 121936000000
-2.1908588037956265, -0.2670502226573625, -1.7465193755473907, 121970000000
-2.1914217966104976, -0.2703712046742422, -1.729532051237926, 122004000000
-2.191928116378546, -0.27370142206141285, -1.7125439199815398, 122038000000
-2.1923780524067005, -0.27703959580795284, -1.695555482088314, 122072000000
-2.1927710299252134, -0.28038506914266376, -1.6785678091865468, 122106000000
-2.193107243769815, -0.2837366608318369, -1.661580307572701, 122140000000
-2.193386269831424, -0.28709360747959395, -1.6445919206641846, 122174000000
-2.193608523069961, -0.2904546172864775, -1.6276038409297116, 122208000000
-2.193773506932678, -0.2938190248097724, -1.610614905814352, 122242000000
-2.1938814471341272, -0.2971856721705807, -1.5936271172526795, 122276000000
-2.1939319868390754, -0.30055378890460965, -1.5766392471128452, 122310000000
-2.1939255844995325, -0.30392215240306913, -1.5596509085154568, 122344000000
-2.193861708877769, -0.30729003200002963, -1.5426633517151098, 122378000000
-2.193740808592661, -0.31065625858049156, -1.5256754082647537, 122412000000
-2.1935626144202987, -0.3140199817295208, -1.508687034865516, 122446000000
-2.1933273295259488, -0.3173801656230672, -1.491698710022359, 122480000000
-2.193034820654661, -0.32073594817744855, -1.474710697909022, 122514000000
-2.192685675428989, -0.32408615378741923, -1.4577230208213903, 122548000000
-2.1922792681268835, -0.327430088677097, -1.440735161745605, 122582000000
-2.191816458798348, -0.3307664778094318, -1.423747480341408, 122616000000
-2.1912969343123807, -0.3340945738494049, -1.4067587442995892, 122650000000
-2.190720819996746, -0.3374133937074548, -1.3897707357286533, 122684000000
-2.1900883788086967, -0.3407219856526779, -1.3727827480962587, 122718000000
-2.1894000987686972, -0.3440192703057018, -1.3557951337413097, 122752000000
-2.1886556581094823, -0.3473044571842152, -1.3388071544905904, 122786000000
-2.187855712571498, -0.35057651298939163, -1.3218190204001918, 122820000000
-2.187000130084477, -0.35383450532104443, -1.304832186239311, 122854000000
-2.186089651548747, -0.35707745047340034, -1.2878446590137886, 122888000000
-2.185123970864173, -0.3603044983897087, -1.2708561576071498, 122922000000
-2.184103825523993, -0.3635146256454075, -1.2538686715553395, 122956000000
-2.1830290825429883, -0.3667069966307002, -1.2368815653092957, 122990000000
-2.1819005446453033, -0.3698806204405977, -1.2198949147350462, 123024000000
-2.1807180320299993, -0.3730346486174303, -1.2029063052331461, 123058000000
-2.179482403852185, -0.37616808117497436, -1.1859186403832347, 123092000000
-2.178193412516384, -0.37928011287836855, -1.1689317816685385, 123126000000
-2.176852003906247, -0.3823697227789733, -1.1519447825136269, 123160000000
-2.1754582774108773, -0.38543613602287546, -1.1349560624728001, 123194000000
-2.1740124856265637, -0.38847840058520416, -1.1179680635750182, 123228000000
-2.1725152676512804, -0.39149570838493386, -1.1009802472622914, 123262000000
-2.1709671221877795, -0.3944871207424251, -1.0839925694344041, 123296000000
-2.1693681323352507, -0.39745182048646815, -1.0670040036908721, 123330000000
-2.1677193143452, -0.40038891564632767, -1.0500155693242925, 123364000000
-2.1660205304366267, -0.40329758685813033, -1.0330282648114837, 123398000000
-2.164272841144019, -0.4061769341382254, -1.0160398419900851, 123432000000
-2.1624762584670294, -0.4090261586050951, -0.9990510091683743, 123466000000
-2.160631738153433, -0.4118444772324519, -0.9820627002445195, 123500000000
-2.1587393725495154, -0.4146310480124973, -0.9650749604938748, 123534000000
-2.156800261154254, -0.4173850698043767, -0.9480869286645589, 123568000000
-2.1548143648714873, -0.42010575098470676, -0.9310994129212181, 123602000000
-2.1527827512977757, -0.4227922949394225, -0.9141116107536932, 123636000000
-2.1507056737356964, -0.4254439205328335, -0.8971235981569896, 123670000000
-2.1485838978653735, -0.42805989243610765, -0.8801355918590237, 123704000000
-2.146417809848864, -0.43063941832209923, -0.8631478178896985, 123738000000
-2.1442085756690266, -0.43318184703761203, -0.8461604118828274, 123772000000
-2.141956176257755, -0.43568633309784965, -0.8291726912235733, 123806000000
-2.1396617380794587, -0.438152226952785, -0.8121849133506447, 123840000000
-2.13732540150296, -0.4405786993708809, -0.7951972849537556, 123874000000
-2.1349486441265397, -0.44296523276687516, -0.7782090505888049, 123908000000
-2.132531426967194, -0.44531096143675925, -0.7612210314569315, 123942000000
-2.1300747442905195, -0.44761529558263924, -0.7442331367617887, 123976000000
-2.127579087044228, -0.44987750280207894, -0.7272449347715925, 124010000000
-2.12504569755704, -0.452097099359933, -0.7102571480612926, 124044000000
-2.1224746374764787, -0.4542732238267878, -0.6932696010187245, 124078000000
-2.1198672196812227, -0.4564054162481645, -0.6762817459692009, 124112000000
-2.1172238905403633, -0.4584929732210372, -0.6592934280814681, 124146000000
-2.1145453702426487, -0.46053527226842844, -0.6423052564223439, 124180000000
-2.1118324999829112, -0.4625317570608967, -0.6253172200401595, 124214000000
-2.1090863516603497, -0.46448199955614217, -0.6083298485228984, 124248000000
-2.1063072201773707, -0.46638519860736316, -0.591341920440177, 124282000000
-2.1034963095979826, -0.46824099571812156, -0.574353621831487, 124316000000
-2.100654105817743, -0.4700486781375791, -0.557366605376245, 124350000000
-2.097781899856775, -0.4718079825418723, -0.5403786430230155, 124384000000
-2.0948799391992696, -0.4735180998900899, -0.5233898453644534, 124418000000
-2.0919496003954126, -0.4751788352094114, -0.5064024631872226, 124452000000
-2.088991196084821, -0.47678938963732426, -0.4894144307634956, 124486000000
-2.0860061335618765, -0.47834965690091485, -0.47242553304887, 124520000000
-2.082994758748092, -0.47985885134057404, -0.45543745495047583, 124554000000
-2.0799583109335704, -0.4813167816853535, -0.43844937784678467, 124588000000
-2.0768973866311646, -0.4827228096375688, -0.42146175063709557, 124622000000
-2.073813259448728, -0.4840768030044275, -0.4044734643943385, 124656000000
-2.070706358218885, -0.4853780346981967, -0.38748461980588045, 124690000000
-2.0675779491789656, -0.4866264186235944, -0.3704966811794219, 124724000000
-2.064428591679526, -0.48782132337805045, -0.353508992381846, 124758000000
-2.0612596082417194, -0.4889627541217048, -0.3365210379227691, 124792000000
-2.0580713924184746, -0.49004990131440784, -0.31953374272148527, 124826000000
-2.054865501192618, -0.49108303128562286, -0.30254643211006776, 124860000000
-2.0516423540404185, -0.49206139593427345, -0.28555808497287477, 124894000000
-2.048403076051298, -0.49298489874324464, -0.2685706095861453, 124928000000
-2.045148439533767, -0.49385313142115156, -0.2515833579482374, 124962000000
-2.041879761921367, -0.49466624481536187, -0.2345960996921237, 124996000000
-2.038597545463359, -0.4954235243114965, -0.21760870431133575, 125030000000
-2.0353030449195684, -0.49612508829972085, -0.2006218837425819, 125064000000
-2.0319969938158757, -0.49677048434143317, -0.18363398639193, 125098000000
-2.0286805673356025, -0.4973597682514916, -0.1666464757655198, 125132000000
-2.025354484564944, -0.4978925329773891, -0.1496584910846328, 125166000000
-2.0220199942367985, -0.4983689702901605, -0.13267162374933558, 125200000000
-2.018677779655226, -0.49878855868833344, -0.1156844686434684, 125234000000
-2.0153289518132746, -0.49915136726784753, -0.09869630438209864, 125268000000
-2.011974323256536, -0.49945709419667356, -0.08170838709878127, 125302000000
-2.008615178591472, -0.4997060529240624, -0.06472207045809354, 125336000000
-2.0052522608701735, -0.49989786295756417, -0.04773419923168769, 125370000000
-2.0018864635622626, -0.5000323107648841, -0.03074553710949779, 125404000000
-1.9985190042130383, -0.5001098241053915, -0.01375788643618815, 125438000000
-1.9951506050783083, -0.5001298856524204, 0.0032289767591550506, 125472000000
-1.9917823142608306, -0.500092667516602, 0.020217216269900064, 125506000000
-1.9884152719597974, -0.49999843989644693, 0.037204427451800935, 125540000000
-1.9850502357055326, -0.4998468603549275, 0.05419236855096379, 125574000000
-1.9816882414413155, -0.49963800635480454, 0.07118003073158151, 125608000000
-1.978330396467622, -0.4993723196947637, 0.08816768196095023, 125642000000
-1.9749774645701648, -0.4990494590951012, 0.10515611774199773, 125676000000
-1.9716305634402171, -0.4986698211517058, 0.12214361491227273, 125710000000
-1.968290505437766, -0.4982331734756519, 0.13913113553768475, 125744000000
-1.964958423902778, -0.49774016225374434, 0.15611895192801478, 125778000000
-1.9616351341478706, -0.4971904046438401, 0.1731062741744505, 125812000000
-1.958321625956653, -0.49658425779163995, 0.19009399081968817, 125846000000
-1.955018985911696, -0.49592217815459166, 0.20708055210491924, 125880000000
-1.9517280031713393, -0.49520389890623384, 0.22406784843239497, 125914000000
-1.9484497693348044, -0.4944299765511426, 0.2410550641896466, 125948000000
-1.9451851463520151, -0.49360052427456685, 0.2580428082936609, 125982000000
-1.941935071215077, -0.49271552991111145, 0.27502931723410373, 126016000000
-1.9387005002983235, -0.4917756681263109, 0.292016921802869, 126050000000
-1.9354823738251692, -0.4907809428552687, 0.30900346165955395, 126084000000
-1.9322815702372194, -0.4897315165456508, 0.32599044856081383, 126118000000
-1.9290990923525067, -0.48862823152283374, 0.3429775449394729, 126152000000
-1.925935796715142, -0.4874707428750479, 0.3599645108028124, 126186000000
-1.922792591586902, -0.48625973475535694, 0.37695198878700875, 126220000000
-1.91967048569106, -0.4849955535752181, 0.3939381192938878, 126254000000
-1.916570278543564, -0.4836786107377715, 0.4109259084056006, 126288000000
-1.9134929208569638, -0.48230886812728585, 0.42791400870950735, 126322000000
-1.9104392531871828, -0.4808874627830057, 0.4449016320198485, 126356000000
-1.9074101904083185, -0.47941409522760725, 0.4618885869662276, 126390000000
-1.9044065540189847, -0.47788955249153536, 0.4788765807231463, 126424000000
-1.9014292629338563, -0.47631434321285415, 0.49586411777950734, 126458000000
-1.8984791723995298, -0.4746887526927896, 0.5128513000734565, 126492000000
-1.8955571309974801, -0.47301301613508356, 0.5298387879188268, 126526000000
-1.8926639835127173, -0.4712883830861074, 0.5468267221444305, 126560000000
-1.8898005300821774, -0.4695145252654092, 0.5638141055278574, 126594000000
-1.8869676556301356, -0.467692475334704, 0.5808012660081048, 126628000000
-1.8841661054306869, -0.46582252220207687, 0.597788153312688, 126662000000
-1.8813967407220804, -0.46390529995933055, 0.6147752737040559, 126696000000
-1.8786603834284135, -0.4619410561250817, 0.6317628834439407, 126730000000
-1.8759577277597785, -0.4599310260780167, 0.6487503302102196, 126764000000
-1.873289642896457, -0.45787503769233245, 0.6657379059985781, 126798000000
-1.8706568390438352, -0.45577432652431693, 0.6827251745243623, 126832000000
-1.8680601252071334, -0.4536289407885655, 0.6997122985983366, 126866000000
-1.8655002257562419, -0.4514398800124462, 0.7166994737606887, 126900000000
-1.8629779435784244, -0.44920742018647053, 0.7336874794648867, 126934000000
-1.8604938971256828, -0.44693268956474347, 0.7506746548888271, 126968000000
-1.8580488837379765, -0.444616054489575, 0.7676625089278318, 127002000000
-1.8556436129963931, -0.4422580469782867, 0.7846502314084725, 127036000000
-1.853278744053522, -0.43985955976362956, 0.801637957069752, 127070000000
-1.8509549149656397, -0.43742135609268645, 0.8186249434547865, 127104000000
-1.848672905989135, -0.4349437925943748, 0.8356125723728, 127138000000
-1.846433223123622, -0.43242811070135134, 0.8526002552116553, 127172000000
-1.8442366815762998, -0.4298744765241247, 0.8695869047241703, 127206000000
-1.8420837788844544, -0.4272840945891989, 0.8865741860625294, 127240000000
-1.8399753074361338, -0.4246572475887835, 0.9035618922162367, 127274000000
-1.8379116283106225, -0.42199528473856346, 0.9205490254927905, 127308000000
-1.8358935324244592, -0.41929849052691553, 0.9375370871799776, 127342000000
-1.8339214701872595, -0.416567913081969, 0.9545239254953323, 127376000000
-1.831996163631512, -0.41380400776438503, 0.9715112319569522, 127410000000
-1.8301179785098203, -0.4110080312343582, 0.9884981618081214, 127444000000
-1.8282875762385322, -0.408180508716222, 1.0054863668971306, 127478000000
-1.826505571530078, -0.4053221236832875, 1.0224741528333239, 127512000000
-1.8247722794721017, -0.40243404288656903, 1.0394624345287546, 127546000000
-1.8230883215145934, -0.3995168818080273, 1.0564495273889516, 127580000000
-1.8214542561662665, -0.3965713718033369, 1.0734374928390962, 127614000000
-1.8198702851569548, -0.3935988268239954, 1.0904249137046667, 127648000000
-1.8183372152619086, -0.39059955605149166, 1.1074130418817623, 127682000000
-1.8168553016311177, -0.3875747435957207, 1.1244005704275208, 127716000000
-1.8154248754872346, -0.38452535088467116, 1.1413890521921155, 127750000000
-1.8140466101099146, -0.38145189771384896, 1.1583761159433135, 127784000000
-1.8127206639182134, -0.3783555889431906, 1.1753633310826022, 127818000000
-1.8114476554788428, -0.37523704368386823, 1.192350816421398, 127852000000
-1.8102276748023662, -0.3720974638686922, 1.2093393153415202, 127886000000
-1.8090613240890325, -0.36893747385501985, 1.2263255012358163, 127920000000
-1.807948607278621, -0.365758353402765, 1.2433130090050633, 127954000000
-1.8068902210336595, -0.3625605853610788, 1.2603009585602527, 127988000000
-1.8058862496875547, -0.3593453199041803, 1.2772883349493687, 128022000000
-1.8049370077471658, -0.35611348842045004, 1.2942744132588664, 128056000000
-1.8040426792338855, -0.3528660985882151, 1.3112620400223585, 128090000000
-1.8032038425681003, -0.3496037787283037, 1.3282502767076427, 128124000000
-1.8024202727958223, -0.34632789657704893, 1.3452375327951651, 128158000000
-1.8016926419625148, -0.3430389848735161, 1.3622243640157696, 128192000000
-1.8010208269325456, -0.33973828074916407, 1.3792120524231664, 128226000000
-1.8004052017829897, -0.3364266080096867, 1.396199239944448, 128260000000
-1.7998459185345215, -0.3331049320463048, 1.41318646911987, 128294000000
-1.7993432065729662, -0.3297742099260215, 1.4301731232377157, 128328000000
-1.7988969539467228, -0.3264355552433048, 1.4471612555109226, 128362000000
-1.7985077553605784, -0.3230896319932194, 1.4641481836830983, 128396000000
-1.798175174716244, -0.31973776827137107, 1.4811353900593849, 128430000000
-1.7978998150629366, -0.31638058376164274, 1.4981224880381412, 128464000000
-1.7976813801363998, -0.31301927653008527, 1.5151097271077243, 128498000000
-1.7975201286902018, -0.30965472293653457, 1.532096443075684, 128532000000
-1.7974160259786767, -0.3062879332934734, 1.549083180710163, 128566000000
-1.7973693639361745, -0.3029197402600879, 1.5660705912654755, 128600000000
-1.7973795615943302, -0.2995514488429934, 1.5830578838412181, 128634000000
-1.7974472599819207, -0.29618365535322705, 1.600045147617729, 128668000000
-1.7975718613571972, -0.29281760987393324, 1.6170320468262203, 128702000000
-1.7977539848910449, -0.2894540147382859, 1.6340185405396421, 128736000000
-1.7979927901942034, -0.28609418610987236, 1.651005489784242, 128770000000
-1.7982888264385162, -0.28273880951177943, 1.6679933525595794, 128804000000
-1.7986417698350392, -0.2793889692806257, 1.6849802174951254, 128838000000
-1.7990517147932898, -0.2760455330501482, 1.7019670075675204, 128872000000
-1.7995180313470536, -0.2727096559927108, 1.7189538433755602, 128906000000
-1.800041258737196, -0.26938209094256865, 1.7359404588761416, 128940000000
-1.800620683130462, -0.26606395809497263, 1.7529270760227669, 128974000000
-1.80125645400446, -0.2627561462460266, 1.7699141979192874, 129008000000
-1.8019486033568197, -0.25945955984237823, 1.7869010744375668, 129042000000
-1.8026961988106944, -0.2561753177599274, 1.8038879876399705, 129076000000
-1.803499817146544, -0.25290418044837204, 1.8208749267995008, 129110000000
-1.8043587266533774, -0.24964717195490674, 1.8378618874856751, 129144000000
-1.8052729110935328, -0.24640523346148407, 1.854848381763798, 129178000000
-1.8062422273643677, -0.24317924830557475, 1.8718356557567546, 129212000000
-1.8072658650243112, -0.2399702481570647, 1.888822061002469, 129246000000
-1.8083442157028269, -0.23677905498439222, 1.9058089796678312, 129280000000
-1.8094763993023135, -0.23360672119256853, 1.9227961461148433, 129314000000
-1.8106623356340408, -0.23045403040505752, 1.9397842499792266, 129348000000
-1.811901692126215, -0.2273219633188319, 1.9567707440057929, 129382000000
-1.8131942467657138, -0.2242113780424084, 1.9737574958118305, 129416000000
-1.8145390708880202, -0.2211231931977303, 1.990744531250771, 129450000000
-1.8159365621004948, -0.2180582894242693, 2.007731072374541, 129484000000
-1.817385512368766, -0.2150176249124741, 2.0247170885020136, 129518000000
-1.8188859923933114, -0.2120019798489206, 2.0417044569225817, 129552000000
-1.8204376011554044, -0.20901226917268645, 2.0586910964169283, 129586000000
-1.8220397986464123, -0.20604933754919771, 2.075677500096794, 129620000000
-1.8236918073118396, -0.20311403510713952, 2.092663541037713, 129654000000
-1.825393768496567, -0.20020720525234456, 2.1096499099871657, 129688000000
-1.8271445164029694, -0.1973297549221961, 2.126635923507162, 129722000000
-1.8289439785011379, -0.1944824596177216, 2.1436226209634235, 129756000000
-1.8307916889271973, -0.1916661364959925, 2.160609571384148, 129790000000
-1.83268691243161, -0.1888816289775658, 2.177596375027617, 129824000000
-1.8346290424079235, -0.18612967896083005, 2.194582464216399, 129858000000
-1.836617691901748, -0.18341114423393742, 2.211569088623041, 129892000000
-1.8386525224382853, -0.1807268257368558, 2.2285562266360412, 129926000000
-1.8407321903814111, -0.17807742308681027, 2.2455435368935626, 129960000000
-1.842856910906301, -0.17546376232542868, 2.2625305272056386, 129994000000
-1.8450255551328207, -0.17288655829909086, 2.27951759378603, 130028000000
-1.8472377246633993, -0.1703465601678685, 2.29650437243975, 130062000000
-1.8494929128405966, -0.1678445567965486, 2.313491773249454, 130096000000
-1.85178996683873, -0.1653811438737159, 2.3304780213945944, 130130000000
-1.8541285783294796, -0.1629571405185983, 2.34746511118391, 130164000000
-1.8565082465908391, -0.16057325956089583, 2.364452782931792, 130198000000
-1.858927758580443, -0.15823005909661142, 2.3814397314517706, 130232000000
-1.8613869605529927, -0.15592834975972994, 2.3984257995313105, 130266000000
-1.8638847715822149, -0.15366870685045708, 2.4154121701307485, 130300000000
-1.8664208142284437, -0.1514518941343052, 2.432399596630199, 130334000000
-1.868993865004295, -0.14927836796440735, 2.449386325166914, 130368000000
-1.871603753914126, -0.14714895622031696, 2.466373328578169, 130402000000
-1.874249102970366, -0.14506403398345208, 2.4833598196315565, 130436000000
-1.876929764987946, -0.14302444701836298, 2.5003465174925728, 130470000000
-1.8796446470021313, -0.14103066513844228, 2.5173339343823784, 130504000000
-1.8823929483324766, -0.13908326849051666, 2.5343197005406415, 130538000000
-1.885173851483258, -0.13718281838427465, 2.551306962454073, 130572000000
-1.8879869232100444, -0.13533003867563106, 2.568294641206784, 130606000000
-1.8908307110598992, -0.13352512676269215, 2.5852817403918027, 130640000000
-1.89370501783708, -0.13176893178019963, 2.6022679778548015, 130674000000
-1.8966087082782128, -0.1300618018768771, 2.61925521661582, 130708000000
-1.8995409754150256, -0.1284042654062663, 2.6362414801705394, 130742000000
-1.9025008413327344, -0.12679671723398456, 2.6532282391452444, 130776000000
-1.9054877991770351, -0.12523982356320798, 2.6702158671516765, 130810000000
-1.9085005406355635, -0.12373372857045112, 2.687202437082691, 130844000000
-1.911538663723734, -0.12227918167998204, 2.7041887887017952, 130878000000
-1.914600926423016, -0.12087634494968308, 2.7211759276916925, 130912000000
-1.9176867302191507, -0.11952585685425499, 2.738162109331009, 130946000000
-1.9207948014963085, -0.11822779902612458, 2.755148798536571, 130980000000
-1.9239246244662342, -0.1169828278491349, 2.772136630615713, 131014000000
-1.9270750380100614, -0.11579108971758817, 2.7891232738817386, 131048000000
-1.9302454282664538, -0.1146531697188569, 2.80610997601692, 131082000000
-1.93343449653324, -0.11356908408762172, 2.823096381989761, 131116000000
-1.9366415546924747, -0.11253934078404086, 2.840084241256713, 131150000000
-1.9398657770119698, -0.11156436042805296, 2.857071543098299, 131184000000
-1.9431059733037914, -0.11064412973969368, 2.8740592149002797, 131218000000
-1.9463613715189592, -0.10977910265996717, 2.8910457294322938, 131252000000
-1.9496311267573168, -0.10896962508882457, 2.9080331040937373, 131286000000
-1.9529139272588047, -0.10821553525140065, 2.9250204416610437, 131320000000
-1.9562092609694743, -0.10751757140680263, 2.94200704273353, 131354000000
-1.9595158964255444, -0.10687562588784245, 2.9589938363575903, 131388000000
-1.9628328717744243, -0.10628984155799234, 2.9759810362723793, 131422000000
-1.9661595004619057, -0.10576073952754099, 2.992968241121045, 131456000000
-1.9694944411652575, -0.10528796344098257, 3.0099551035719494, 131490000000
-1.972837099841405, -0.10487212963263638, 3.026941580308514, 131524000000
-1.9761862629810625, -0.104512985558579, 3.0439284364097303, 131558000000
-1.979541068948526, -0.10421081920541307, 3.060914801583856, 131592000000
-1.982900633245481, -0.10396581216037677, 3.0779015942803096, 131626000000
-1.9862636931601858, -0.10377757946486568, 3.0948874798840973, 131660000000
-1.9896296146686185, -0.10364672012564248, 3.111874376056461, 131694000000
-1.9929971664343924, -0.10357288317293431, 3.128860832282463, 131728000000
-1.996365491663595, -0.10355621993140439, -3.1373380724579274, 131762000000
-1.9997336893116784, -0.10359689600834412, -3.120351463324511, 131796000000
-2.0031006536047946, -0.10369457616446999, -3.1033645764976407, 131830000000
-2.0064654864618126, -0.10384944977682532, -3.0863787270751657, 131864000000
-2.0098273004624327, -0.10406159521438269, -3.069392208244555, 131898000000
-2.013184868778855, -0.10433050783308534, -3.052406432138446, 131932000000
-2.016537410186533, -0.10465644297946582, -3.035419857517671, 131966000000
-2.019884001557943, -0.10503947853633958, -3.0184327916813145, 132000000000
-2.0232235165629655, -0.10547900037357216, -3.001446229647362, 132034000000
-2.026555194070396, -0.105975583439983, -2.984460646179538, 132068000000
-2.0298778134779236, -0.10652825236972387, -2.967473729930275, 132102000000
-2.0331906552107752, -0.10713762103496087, -2.950486493771993, 132136000000
-2.036492616545124, -0.1078029953312866, -2.933500921721396, 132170000000
-2.0397828209138464, -0.10852448202503291, -2.9165137585554977, 132204000000
-2.043060264951732, -0.1093017982454036, -2.899526480151395, 132238000000
-2.04632406497467, -0.11013467931580795, -2.882538952907835, 132272000000
-2.049573203558672, -0.11102276915229915, -2.865552917344058, 132306000000
-2.0528068361739384, -0.11196615617782567, -2.8485658897344717, 132340000000
-2.0560239534987836, -0.11296402276601132, -2.831578410348275, 132374000000
-2.059223660373241, -0.11401674617205482, -2.8145924991152906, 132408000000
-2.0624049983749875, -0.11512331028889904, -2.7976055761467156, 132442000000
-2.065567072075073, -0.11628383730815933, -2.7806184589893004, 132476000000
-2.068708972991156, -0.11749803913051858, -2.7636317419699834, 132510000000
-2.0718298290490726, -0.11876535793843014, -2.746645044995202, 132544000000
-2.0749286707489203, -0.12008536876819022, -2.7296591680029283, 132578000000
-2.078004653362036, -0.1214580536780583, -2.7126727392869237, 132612000000
-2.0810569070086653, -0.12288247525184597, -2.695686951820774, 132646000000
-2.0840845131493766, -0.1243588607947856, -2.6787005254647127, 132680000000
-2.087086562550367, -0.12588622885583398, -2.6617144448422505, 132714000000
-2.0900622520548273, -0.12746432807265926, -2.644728289812879, 132748000000
-2.093010693436835, -0.12909302761766261, -2.627741516647681, 132782000000
-2.0959310471431607, -0.13077120213271157, -2.6107551326065104, 132816000000
-2.0988224810816845, -0.13249905242757695, -2.5937692677832342, 132850000000
-2.1016841167206883, -0.13427572313057265, -2.5767825546910355, 132884000000
-2.1045151952196375, -0.1361006353278513, -2.559796301443804, 132918000000
-2.107314838962024, -0.13797343203478646, -2.542810270960544, 132952000000
-2.1100822527844487, -0.13989368977609473, -2.5258238538365214, 132986000000
-2.112816639799231, -0.14186041409359842, -2.508836759138767, 133020000000
-2.1155171954339096, -0.1438736395758171, -2.491850123433355, 133054000000
-2.118183208579394, -0.14593202992722373, -2.4748632636650023, 133088000000
-2.120813847140108, -0.14803569895847427, -2.457876973402408, 133122000000
-2.1234083711625336, -0.15018368529794382, -2.440890203070955, 133156000000
-2.125966078126365, -0.15237530084349868, -2.4239039417166466, 133190000000
-2.128486145784706, -0.1546102151123404, -2.4069174544046166, 133224000000
-2.130967914831549, -0.15688749343594927, -2.389931636547695, 133258000000
-2.1334106332491953, -0.15920655289410565, -2.3729442265729683, 133292000000
-2.1358135620062724, -0.1615669475854741, -2.3559582074930128, 133326000000
-2.1381761487763415, -0.16396747753187033, -2.338971386337699, 133360000000
-2.14049755273446, -0.16640807840530797, -2.3219849858564836, 133394000000
-2.1427771825548967, -0.16888771088511118, -2.30499820996936, 133428000000
-2.145014420930552, -0.17140559375461484, -2.288011835413914, 133462000000
-2.147208497933484, -0.17396134883622266, -2.271024972346605, 133496000000
-2.1493589300063123, -0.17655372798736677, -2.2540388020416686, 133530000000
-2.151464871031217, -0.17918259169738876, -2.2370519324108806, 133564000000
-2.153525977236371, -0.18184653377638765, -2.2200650591442934, 133598000000
-2.1555414557617336, -0.1845452706739362, -2.20307761916713, 133632000000
-2.1575108572644104, -0.18727775191931073, -2.1860917658244516, 133666000000
-2.1594334598112486, -0.19004351905217506, -2.1691053600546204, 133700000000
-2.161308900448443, -0.19284131362724213, -2.152119410230195, 133734000000
-2.1631365217063805, -0.19567060853558615, -2.1351325015602294, 133768000000
-2.1649157145052165, -0.1985307180510866, -2.1181461842205334, 133802000000
-2.1666461714729035, -0.20142047397786753, -2.1011594228193755, 133836000000
-2.1683272782450342, -0.2043392602643746, -2.0841739588465327, 133870000000
-2.1699584835935406, -0.20728634527400291, -2.067187704694374, 133904000000
-2.1715395929675965, -0.2102604149305787, -2.0502019702287737, 133938000000
-2.1730698031433087, -0.2132611605372716, -2.0332154587317484, 133972000000
-2.1745489189862037, -0.21628731806804372, -2.0162294399328076, 134006000000
-2.175976446695903, -0.21933815837607293, -1.9992427418046794, 134040000000
-2.177351821082379, -0.22241297728608314, -1.9822569472921032, 134074000000
-2.1786749058620374, -0.2255105707154056, -1.9652697378225967, 134108000000
-2.179945162509513, -0.22863023937325314, -1.9482836362849079, 134142000000
-2.1811621313850926, -0.23177119691736, -1.9312971125377199, 134176000000
-2.1823257727963346, -0.23493212238401642, -1.9143110786226105, 134210000000
-2.1834355073239813, -0.23811239879971585, -1.897324087058187, 134244000000
-2.184490900772874, -0.24131123409182367, -1.8803367527726764, 134278000000
-2.185492014339082, -0.2445273200408717, -1.8633500170166255, 134312000000
-2.186438140349204, -0.24776014363094861, -1.8463642981596653, 134346000000
-2.1873293402789877, -0.2510084314050781, -1.8293775743117726, 134380000000
-2.1881651200933367, -0.25427146599883294, -1.8123904887440216, 134414000000
-2.188945368587944, -0.2575481951420944, -1.7954038369807626, 134448000000
-2.1896697043280358, -0.26083783414127826, -1.778417433508035, 134482000000
-2.1903383339003883, -0.26413907603756576, -1.7614312418834013, 134516000000
-2.1909505268099387, -0.26745141006248724, -1.7444451121338889, 134550000000
-2.1915065650711396, -0.2707735142903173, -1.727458878614429, 134584000000
-2.1920060436952973, -0.2741046190843276, -1.7104722494515092, 134618000000
-2.1924487838205464, -0.27744379466564334, -1.6934856353046086, 134652000000
-2.1928347307389116, -0.2807900517140048, -1.6764991419926547, 134686000000
-2.1931640317802894, -0.2841422289408457, -1.6595133941230207, 134720000000
-2.1934360864411246, -0.2874997023973187, -1.6425272547966316, 134754000000
-2.1936513654775607, -0.2908611452155542, -1.6255412762486368, 134788000000
-2.1938094558477372, -0.2942258005394783, -1.6085548701466872, 134822000000
-2.1939102684377105, -0.2975927218795249, -1.5915683366704982, 134856000000
-2.1939539528579477, -0.30096086360183133, -1.5745819556844447, 134890000000
-2.193940547488577, -0.3043291961307156, -1.5575965223922483, 134924000000
-2.193869896334981, -0.3076968384157546, -1.5406107133583204, 134958000000
-2.193741797504066, -0.3110628987050308, -1.5236244347372907, 134992000000
-2.1935569704551816, -0.3144261047582461, -1.50663806190657, 135026000000
-2.193314731979187, -0.31778581895694885, -1.4896521041760222, 135060000000
-2.1930156203326296, -0.32114089257599254, -1.4726660843380968, 135094000000
-2.1926595038686507, -0.3244904081191949, -1.4556803245447243, 135128000000
-2.192246524250836, -0.3278334115780344, -1.4386940571851203, 135162000000
-2.191776733277107, -0.3311689074733792, -1.4217085019746596, 135196000000
-2.191250581922128, -0.3344958919480218, -1.404721542025267, 135230000000
-2.1906676205017472, -0.33781354897040733, -1.3877355401309717, 135264000000
-2.1900288487531836, -0.3411207008413571, -1.370749476119636, 135298000000
-2.1893336805181574, -0.34441660636453886, -1.3537628737373284, 135332000000
-2.188582817528749, -0.34770021502183296, -1.3367764453041289, 135366000000
-2.1877762520829225, -0.3509705889003645, -1.3197908250839228, 135400000000
-2.1869142591803152, -0.35422680861225553, -1.302804557482194, 135434000000
-2.1859970172958283, -0.3574678839956475, -1.2858189033076366, 135468000000
-2.1850250821009425, -0.360692898179113, -1.2688325458388696, 135502000000
-2.1839982671467872, -0.36390095633572095, -1.251846102163271, 135536000000
-2.182917434164015, -0.3670910973187796, -1.234860267629847, 135570000000
-2.181782236073416, -0.3702624357488789, -1.2178751521777778, 135604000000
-2.180593678620602, -0.3734139824003859, -1.200888533165768, 135638000000
-2.1793514454122564, -0.37654493078004847, -1.1839026204558252, 135672000000
-2.178056497570224, -0.3796542659902104, -1.1669174910543676, 135706000000
-2.1767086065955317, -0.3827412122806866, -1.149930768697396, 135740000000
-2.1753087754193596, -0.3858047428943389, -1.1329456067503765, 135774000000
-2.1738569317891905, -0.38884411354263443, -1.1159587811646472, 135808000000
-2.172353754834401, -0.39185834317887625, -1.0989732984923757, 135842000000
-2.1707995695872104, -0.3948466221639469, -1.0819870573045471, 135876000000
-2.1691946004037357, -0.3978080362996824, -1.065000625952605, 135910000000
-2.1675398837209063, -0.40074177692078233, -1.0480137653154296, 135944000000
-2.165835282999936, -0.4036469960054407, -1.0310278193484403, 135978000000
-2.164081753223627, -0.40652280900854887, -1.014041598706716, 136012000000
-2.1622795676600024, -0.4093684548105944, -0.9970554308979874, 136046000000
-2.1604292213524032, -0.41218304572644315, -0.9800693344003436, 136080000000
-2.1585314779360667, -0.4149658191229703, -0.9630839417137926, 136114000000
-2.1565867612436342, -0.4177159269689643, -0.9460974197978425, 136148000000
-2.154595436220042, -0.42043260007253425, -0.929110835921516, 136182000000
-2.1525584421934503, -0.4231150617424613, -0.9121249598659625, 136216000000
-2.1504761283484473, -0.42576255372257, -0.8951398692008898, 136250000000
-2.1483489706498897, -0.4283742713222223, -0.8781536746288597, 136284000000
-2.146178066976454, -0.4309495280283881, -0.8611685689176647, 136318000000
-2.1439636947182215, -0.4334875212493259, -0.844182534133887, 136352000000
-2.1417063764626847, -0.4359875061076522, -0.8271962767378018, 136386000000
-2.139407072533217, -0.4384488218367959, -0.8102102445346362, 136420000000
-2.1370660815573963, -0.44087067182208184, -0.793224888526209, 136454000000
-2.1346844834756507, -0.4432524499004508, -0.7762378553082466, 136488000000
-2.1322627098898344, -0.4455934236087305, -0.7592521743711574, 136522000000
-2.1298013292956877, -0.447892855043459, -0.7422662176483033, 136556000000
-2.127301544524163, -0.45015023927076137, -0.7252806327451065, 136590000000
-2.1247637249470075, -0.4523647902079278, -0.7082940834182928, 136624000000
-2.1221884345206465, -0.45453583572134937, -0.6913072820993291, 136658000000
-2.1195769281259507, -0.45666292972852507, -0.6743210682603438, 136692000000
-2.116929434607519, -0.45874527078941163, -0.6573355006517666, 136726000000
-2.114247090902579, -0.4607824014421988, -0.6403492691897024, 136760000000
-2.1115302814713925, -0.4627735554684856, -0.6233634352859154, 136794000000
-2.10878036957385, -0.4647184109532072, -0.6063772518485989, 136828000000
-2.10599753039114, -0.4666161578455597, -0.5893906426312463, 136862000000
-2.103183180885721, -0.4684665458138416, -0.5724049460919935, 136896000000
-2.1003375439618526, -0.4702687474001471, -0.5554193925264391, 136930000000
-2.097461745566319, -0.47202239844546456, -0.5384329133240009, 136964000000
-2.094556580714921, -0.47372696126169156, -0.5214477253488893, 136998000000
-2.09162302011101, -0.4753820237979957, -0.5044618294506292, 137032000000
-2.088661556520501, -0.4769869089150436, -0.48747483311351236, 137066000000
-2.0856734928375933, -0.4785414467375124, -0.4704889592428193, 137100000000
-2.082659166786644, -0.48004483716051893, -0.45350348772281285, 137134000000
-2.0796200069922217, -0.4814969950759284, -0.43651767744024716, 137168000000
-2.0765565425765784, -0.4828972685150939, -0.4195310635436836, 137202000000
-2.073469616664489, -0.48424521737844367, -0.4025446632437053, 137236000000
-2.0703602695119274, -0.48554057241480614, -0.3855585437514129, 137270000000
-2.0672294602032317, -0.48678300100653615, -0.36857317669699924, 137304000000
-2.0640777523297653, -0.48797186138727106, -0.35158714343095077, 137338000000
-2.060906604941696, -0.4891072520565028, -0.33460178207279595, 137372000000
-2.0577165042367103, -0.49018848791812625, -0.31761551545567474, 137406000000
-2.0545084098389164, -0.49121527094405265, -0.3006299645226546, 137440000000
-2.051283550306142, -0.492187619934012, -0.28364403256384424, 137474000000
-2.0480424445010104, -0.4931048587784376, -0.2666583433484956, 137508000000
-2.0447862462384845, -0.49396695824864995, -0.24967251681605881, 137542000000
-2.041515959445666, -0.4947737271257529, -0.23268720915963126, 137576000000
-2.0382324055349366, -0.49552480282543115, -0.2157016905386428, 137610000000
-2.03493639462036, -0.4962197884367243, -0.19871578082353258, 137644000000
-2.0316293513153783, -0.49685906818463, -0.18172955653375805, 137678000000
-2.0283117115851748, -0.4974418442858561, -0.16474366245303526, 137712000000
-2.0249847373605165, -0.4979683470441788, -0.14775778066589457, 137746000000
-2.0216491986771414, -0.4984381066097351, -0.13077253746759163, 137780000000
-2.0183063314306917, -0.4988513889423801, -0.11378640996632834, 137814000000
-2.014956810388912, -0.49920769496637674, -0.09679944062563978, 137848000000
-2.0116018022390714, -0.4995071837077913, -0.07981387004502712, 137882000000
-2.008242056342431, -0.4997494508454242, -0.06282813468500113, 137916000000
-2.00487882275229, -0.4999348799964349, -0.045841808097549584, 137950000000
-2.0015127925355727, -0.5000628828507622, -0.028856513516713565, 137984000000
-1.9981451955077998, -0.5001338982984452, -0.011870557785059894, 138018000000
-1.9947767290621778, -0.5001473872754694, 0.005115928017740288, 138052000000
-1.991408720227926, -0.5001039934988997, 0.02210168863463563, 138086000000
-1.9880417757604802, -0.5000030838873878, 0.0390876719617653, 138120000000
-1.9846771393720872, -0.49984526789258754, 0.05607352506012339, 138154000000
-1.981315518749903, -0.49962993386204024, 0.07305875543628984, 138188000000
-1.9779582210888906, -0.4993579430271846, 0.09004436141418717, 138222000000
-1.9746059375252945, -0.49902875902421623, 0.10703102677300334, 138256000000
-1.9712597490312935, -0.49864272518683483, 0.12401670784662447, 138290000000
-1.967920523599361, -0.4981997643239772, 0.1410022256262886, 138324000000
-1.9645894102461918, -0.4977005270181972, 0.15798778166275074, 138358000000
-1.9612671722579118, -0.4971445331772323, 0.17497336484869686, 138392000000
-1.957954845662998, -0.4965322804067281, 0.191959212784801, 138426000000
-1.9546534575353345, -0.4958639390792128, 0.2089434178935987, 138460000000
-1.9513639068122361, -0.49513974651700904, 0.22592921521743797, 138494000000
-1.9480870795313816, -0.4943595037316377, 0.24291527525512224, 138528000000
-1.9448240520745035, -0.49352414888662305, 0.2599006775326821, 138562000000
-1.941575632360931, -0.4926332263759822, 0.2768852953164735, 138596000000
-1.9383427952496806, -0.4916873346292742, 0.29387097902574694, 138630000000
-1.9351265430900024, -0.49068669435292844, 0.31085566743513116, 138664000000
-1.931927746324278, -0.48963173019441786, 0.3278410173595825, 138698000000
-1.9287473052316797, -0.4885222830650457, 0.3448271486523638, 138732000000
-1.9255862250070863, -0.48735929527276045, 0.3618128959202088, 138766000000
-1.9224453291335089, -0.48614249651441244, 0.378798150126749, 138800000000
-1.91932556116638, -0.48487272263980574, 0.3957831689225864, 138834000000
-1.9162278097338457, -0.48355002235178307, 0.41276993102505455, 138868000000
-1.913153024603403, -0.4821748587857519, 0.42975599911591345, 138902000000
-1.9101019844188953, -0.48074766598662905, 0.44674247999545574, 138936000000
-1.9070756621020877, -0.4792689741188421, 0.46372792866546897, 138970000000
-1.9040748692620637, -0.47773885126097615, 0.48071420490096195, 139004000000
-1.9011004963507199, -0.47615828921450887, 0.49770012493430255, 139038000000
-1.8981534218788618, -0.47452710991166014, 0.5146864606583287, 139072000000
-1.8952344721755388, -0.4728464293105492, 0.5316723432982912, 139106000000
-1.892344523578886, -0.4711163377105982, 0.5486582226248303, 139140000000
-1.889484357969684, -0.46933727193065555, 0.5656441328079691, 139174000000
-1.8866548570813884, -0.4675099507199366, 0.5826302635220978, 139208000000
-1.883856755636123, -0.4656349613969753, 0.5996152723595902, 139242000000
-1.881090935511446, -0.4637125375606378, 0.6166008758298058, 139276000000
-1.8783581447898037, -0.46174352317322065, 0.6335860556968494, 139310000000
-1.8756592222103252, -0.4597284593070714, 0.6505721674047632, 139344000000
-1.8729949324559585, -0.4576677148242956, 0.6675577871624475, 139378000000
-1.8703660187583089, -0.45556205232026625, 0.6845435051556826, 139412000000
-1.867773279461002, -0.4534118510386566, 0.7015294668234308, 139446000000
-1.8652173760232005, -0.45121827332205583, 0.7185149628295734, 139480000000
-1.8626991514792195, -0.4489812935892378, 0.7355005794041857, 139514000000
-1.8602192914371904, -0.44670190319888337, 0.7524868999488755, 139548000000
-1.8577784856101027, -0.4443808003545139, 0.7694718126604583, 139582000000
-1.8553774946208148, -0.44201852586084245, 0.7864580327060186, 139616000000
-1.8530170105831059, -0.4396157266048583, 0.8034438419525815, 139650000000
-1.8506976570490177, -0.4371733700394728, 0.8204299403670404, 139684000000
-1.8484201843653032, -0.43469171416750657, 0.8374160972127422, 139718000000
-1.846185100867633, -0.4321720242260633, 0.8544019318678743, 139752000000
-1.8439932093624292, -0.4296144997740199, 0.8713873108077258, 139786000000
-1.8418450891909168, -0.42702007170938433, 0.8883735183158447, 139820000000
-1.8397412263592172, -0.424389785545303, 0.9053591136235437, 139854000000
-1.8376824790842126, -0.4217238196889871, 0.9223443623753007, 139888000000
-1.8356691662865707, -0.4190236295185951, 0.9393299338172363, 139922000000
-1.8337020639668566, -0.41628951174098583, 0.9563164298434019, 139956000000
-1.8317817291415874, -0.4135222688381859, 0.9733025708064472, 139990000000
-1.829908680178206, -0.41072276303039157, 0.9902885268784427, 140024000000
-1.828083302581514, -0.4078920847844766, 1.0072741178588778, 140058000000
-1.8263063866886526, -0.40503056030185364, 1.0242603786701843, 140092000000
-1.8245782369707977, -0.40213944682929204, 1.0412459600025006, 140126000000
-1.822899534711998, -0.3992192429053734, 1.058232463860694, 140160000000
-1.8212705986890214, -0.3962710850890319, 1.0752185976961102, 140194000000
-1.8196919878462117, -0.393295668942164, 1.0922051077449855, 140228000000
-1.8181642237826285, -0.39029375331701704, 1.1091911480495287, 140262000000
-1.8166876998518506, -0.38726626959385696, 1.1261773264334531, 140296000000
-1.815262651965488, -0.3842143581664278, 1.143162856511015, 140330000000
