x, y, th, stamp, 
0.5306883441287396, -0.4999946573559076, 8.02711954768348e-06, 216450000000
0.5340883465075832, -0.49999464739654986, 8.027908710362716e-06, 216484000000
0.5374883408737274, -0.49999463761122326, 8.028460589738499e-06, 216518000000
0.5408883319534918, -0.4999946277924178, 8.029011579885936e-06, 216552000000
0.5442883071339152, -0.4999946179342988, 8.02943992580333e-06, 216586000000
0.5476882952831313, -0.4999946080888093, 8.029940972787577e-06, 216620000000
0.5510882941288293, -0.49999459838730814, 8.03057125804764e-06, 216654000000
0.5499362199355545, -0.4999946021640318, 8.201378744372544e-06, 216688000000
0.54993806497583, -0.4999946025327844, 8.13669129729102e-06, 216722000000
0.5500072167455562, -0.49999460287713016, 7.8291791910553e-06, 216756000000
0.5501434112859355, -0.49999460340660357, 7.986257207630946e-06, 216790000000
0.5502787576538551, -0.499994604123511, 8.035676387880965e-06, 216824000000
0.5504133107130093, -0.4999946049143945, 7.774193311658177e-06, 216858000000
0.5506155200323065, -0.49999460562799175, 7.5791592365475316e-06, 216892000000
0.5508173580591277, -0.49999460622248904, 7.399520572130705e-06, 216926000000
0.5510194759710738, -0.49999460689471426, 7.167897166312635e-06, 216960000000
0.5512898771088565, -0.49999460727270534, 6.99145292302833e-06, 216994000000
0.5515608945861034, -0.4999946070334049, 6.802550455694159e-06, 217028000000
0.551832556673593, -0.49999460657765005, 6.738726843217134e-06, 217062000000
0.5521728111562754, -0.4999946069947024, 6.732763739453498e-06, 217096000000
0.5525137104750202, -0.4999946064141845, 6.6059821269639545e-06, 217130000000
0.552855104390778, -0.49999460552828134, 6.579729127128781e-06, 217164000000
0.5532647998132058, -0.4999946049727644, 6.78203294675757e-06, 217198000000
0.55367438005615, -0.4999946043265826, 6.818185471259103e-06, 217232000000
0.554084049013974, -0.4999946036992578, 6.830102947336115e-06, 217266000000
0.5545608820912905, -0.49999460315855365, 6.932408208585522e-06, 217300000000
0.5550373911375963, -0.4999946027299691, 6.9277847663552126e-06, 217334000000
0.5555136344828977, -0.49999460239801224, 6.868150056933741e-06, 217368000000
0.5560568599132097, -0.49999460215746716, 6.831575946457893e-06, 217402000000
0.5566000603273491, -0.4999946019588817, 6.702740714214401e-06, 217436000000
0.5571428150286801, -0.4999946017950028, 6.513373911960728e-06, 217470000000
0.5577534799784575, -0.49999460145305386, 6.429232475867827e-06, 217504000000
0.558364671227084, -0.49999460119569467, 6.261163011098e-06, 217538000000
0.5590436273539844, -0.4999946006538445, 6.261086665969832e-06, 217572000000
0.5597229318574263, -0.4999945998890626, 6.3723160986560166e-06, 217606000000
0.5604029108146842, -0.49999459894642745, 6.383644484649751e-06, 217640000000
0.5611510732910574, -0.4999945975301782, 6.489946897872257e-06, 217674000000
0.5618996735362248, -0.4999945962322192, 6.579806696139608e-06, 217708000000
0.5626485170718449, -0.49999459481734865, 6.56470179854299e-06, 217742000000
0.5634653379507054, -0.499994593362958, 6.658329220011806e-06, 217776000000
0.5642821729115866, -0.49999459177269795, 6.706536474616448e-06, 217810000000
0.5650988529256206, -0.49999459034112936, 6.663704727101018e-06, 217844000000
0.5659831618951942, -0.49999458879437, 6.734927989917671e-06, 217878000000
0.566867286644912, -0.49999458743575803, 6.762089035529829e-06, 217912000000
0.5677511605418002, -0.4999945860383602, 6.714942732640534e-06, 217946000000
0.5687026190672014, -0.4999945845231397, 6.785736455197303e-06, 217980000000
0.5696540180286077, -0.49999458291527116, 6.802276586756502e-06, 218014000000
0.570605297304958, -0.49999458136466457, 6.7498560338156855e-06, 218048000000
0.5716245083247073, -0.49999457950442716, 6.828006397670103e-06, 218082000000
0.5726438884233824, -0.4999945775011279, 6.860468456963157e-06, 218116000000
0.5736634288469973, -0.4999945752588105, 6.798725025885455e-06, 218150000000
0.5747511189554715, -0.4999945729370087, 6.8798233108646206e-06, 218184000000
0.5758391062983805, -0.4999945703788587, 6.9081665880165295e-06, 218218000000
0.5769273677730419, -0.4999945677397448, 6.835330673853928e-06, 218252000000
0.578083700190077, -0.49999456498964834, 6.908159574649393e-06, 218286000000
0.5792403041773663, -0.4999945621213768, 6.9521106140748824e-06, 218320000000
0.5803968709555177, -0.4999945593955006, 6.881437848173625e-06, 218354000000
0.5816213758965814, -0.49999455648645963, 6.943035194450632e-06, 218388000000
0.5828458495194173, -0.4999945538468901, 6.984828093438286e-06, 218422000000
0.584070126719413, -0.49999455116785807, 6.92910859665503e-06, 218456000000
0.5853621974215872, -0.4999945483996276, 6.990219775409742e-06, 218490000000
0.5866540574908281, -0.4999945457784875, 7.019628147113688e-06, 218524000000
0.5879458595509405, -0.49999454301090973, 6.971364092640846e-06, 218558000000
0.5893054240620968, -0.4999945403101069, 7.043663660747006e-06, 218592000000
0.5906649603216605, -0.49999453739881133, 7.0703484639150955e-06, 218626000000
0.592092407809169, -0.49999453417196554, 7.101012863693678e-06, 218660000000
0.5935199750996006, -0.4999945310340263, 7.094649941320029e-06, 218694000000
0.5949477138424817, -0.4999945277249324, 7.065406465745767e-06, 218728000000
0.5964434740400268, -0.49999452403884564, 7.156395500148688e-06, 218762000000
0.597939477365742, -0.4999945205132593, 7.162966489286662e-06, 218796000000
0.5994357094445474, -0.49999451687012153, 7.087329457332127e-06, 218830000000
0.600999937404683, -0.49999451312592, 7.176440095943334e-06, 218864000000
0.602564244292489, -0.4999945092782723, 7.20420258945908e-06, 218898000000
0.6041286824862974, -0.4999945055586665, 7.128972089562057e-06, 218932000000
0.605760957045181, -0.4999945016884387, 7.200665679385427e-06, 218966000000
0.6073932027956063, -0.49999449803858553, 7.236548436796709e-06, 219000000000
0.6090254245906769, -0.4999944942864841, 7.173533652521942e-06, 219034000000
0.6107254606930436, -0.49999449060700035, 7.243025563044987e-06, 219068000000
0.6124253503231696, -0.49999448680901, 7.273893358496976e-06, 219102000000
0.6141252761575289, -0.4999944829872482, 7.220924830827542e-06, 219136000000
0.6158928892169973, -0.4999944791543, 7.289372321700238e-06, 219170000000
0.6176606271477854, -0.4999944750591672, 7.31941274448764e-06, 219204000000
0.6194284095056309, -0.4999944710199959, 7.264365941245614e-06, 219238000000
0.6212640257094229, -0.4999944666790858, 7.339667383247008e-06, 219272000000
0.6230998306661298, -0.49999446231929984, 7.3656101538250534e-06, 219306000000
0.624935749445404, -0.4999944578596737, 7.300146947828402e-06, 219340000000
0.6268397077691984, -0.4999944532276447, 7.378542347607599e-06, 219374000000
0.6287437888111369, -0.49999444837848545, 7.411471579871065e-06, 219408000000
0.6306479340204423, -0.499994443679249, 7.33903500903147e-06, 219442000000
0.6326200616203367, -0.49999443889210277, 7.411635273843682e-06, 219476000000
0.6345923308120458, -0.49999443395470256, 7.445820523715439e-06, 219510000000
0.6365646000994973, -0.49999442917938125, 7.38231620686457e-06, 219544000000
0.6386047185618854, -0.499994424253922, 7.44872990139932e-06, 219578000000
0.6406448568267881, -0.49999441937524935, 7.482305040454748e-06, 219612000000
0.6426849475665607, -0.4999944144293144, 7.42545371565983e-06, 219646000000
0.644792917008632, -0.49999440952643465, 7.4974265134813616e-06, 219680000000
0.6469007558814205, -0.49999440453226307, 7.520959604636061e-06, 219714000000
0.6490086948376544, -0.49999439948671376, 7.467182995586558e-06, 219748000000
0.6511843857430872, -0.49999439432553616, 7.541918424300099e-06, 219782000000
0.6533602279328292, -0.499994389031738, 7.570653279371417e-06, 219816000000
0.6556039378530917, -0.4999943833500754, 7.59620916689093e-06, 219850000000
0.6578477822347603, -0.499994377786983, 7.585323037401514e-06, 219884000000
0.6600917948433742, -0.499994372136396, 7.558020058541806e-06, 219918000000
0.6624036739818505, -0.4999943660826471, 7.646789021610334e-06, 219952000000
0.6647157201556557, -0.4999943601712735, 7.649666496275133e-06, 219986000000
0.6670279033637848, -0.4999943542094425, 7.581274500461221e-06, 220020000000
0.6694079639038951, -0.4999943479698452, 7.671032059355968e-06, 220054000000
0.6717881975519104, -0.4999943418190744, 7.698604971028432e-06, 220088000000
0.6741683386759814, -0.49999433561635254, 7.6205735187549675e-06, 220122000000
0.67661637582135, -0.4999943293611403, 7.695782572708111e-06, 220156000000
0.6790645232274655, -0.4999943228731025, 7.736617450911325e-06, 220190000000
0.681512527265401, -0.4999943165950985, 7.669430654664613e-06, 220224000000
0.6840284774474222, -0.49999431002270533, 7.734975007218648e-06, 220258000000
0.6865443474355742, -0.4999943034635531, 7.775276095189111e-06, 220292000000
0.6890602849934627, -0.4999942967982238, 7.719369416246896e-06, 220326000000
0.6916441180046814, -0.49999429005792717, 7.78663757065417e-06, 220360000000
0.6942279650661333, -0.49999428308412774, 7.815155087467002e-06, 220394000000
0.6968119431934674, -0.4999942760929235, 7.760375031448124e-06, 220428000000
0.6994637518816037, -0.4999942689559993, 7.83410586462852e-06, 220462000000
0.7021157793956426, -0.4999942616890589, 7.862119339243037e-06, 220496000000
0.7047677940480265, -0.49999425436375194, 7.795860258481416e-06, 220530000000
0.7074877909984767, -0.49999424702671735, 7.872605094927506e-06, 220564000000
0.710207877973918, -0.4999942394298616, 7.902840257351021e-06, 220598000000
0.7129280440268956, -0.499994231952558, 7.839819748182931e-06, 220632000000
0.7157160163012253, -0.4999942243222818, 7.913086738491264e-06, 220666000000
0.7185041755350172, -0.4999942164472365, 7.943739839273534e-06, 220700000000
0.7213600767452983, -0.49999420843137327, 7.96286014302442e-06, 220734000000
0.7242160561523759, -0.49999420039265674, 7.952494514960569e-06, 220768000000
0.7270720870275492, -0.49999419232258385, 7.930770139727383e-06, 220802000000
0.7299959356913336, -0.49999418385035144, 8.017955752584302e-06, 220836000000
0.7329198444398604, -0.49999417546019587, 8.02251084050146e-06, 220870000000
0.7358438335001275, -0.4999941668903269, 7.959515067953911e-06, 220904000000
0.7388356723450286, -0.4999941583223195, 8.043477303833568e-06, 220938000000
0.7418277170970875, -0.4999941493775634, 8.075826115430483e-06, 220972000000
0.744819675779315, -0.49999414059626235, 8.004454513594699e-06, 221006000000
0.7478796692408071, -0.4999941315309958, 8.076309249039356e-06, 221040000000
0.7509396673908653, -0.4999941224690791, 8.114077698704357e-06, 221074000000
0.7539997410594081, -0.499994113379124, 8.04797588598944e-06, 221108000000
0.7571277602026479, -0.49999410415894563, 8.115345012420437e-06, 221142000000
0.7602557811788961, -0.4999940947163301, 8.152368556585215e-06, 221176000000
0.763383858704781, -0.499994085417284, 8.092619750372452e-06, 221210000000
0.7665798218516497, -0.499994075803818, 8.15754879761407e-06, 221244000000
0.7697758450265929, -0.49999406616706016, 8.190749563016973e-06, 221278000000
0.7729718610933639, -0.4999940564714004, 8.131698541806915e-06, 221312000000
0.7762358164215494, -0.49999404644526413, 8.199404649639846e-06, 221346000000
0.7794997749080709, -0.49999403644036544, 8.231756135513395e-06, 221380000000
0.7827638339881374, -0.4999940262950515, 8.17528997960204e-06, 221414000000
0.7860956622203238, -0.4999940159904674, 8.248250669559284e-06, 221448000000
0.7894276761221853, -0.4999940053376334, 8.276445913220777e-06, 221482000000
0.7927596790515851, -0.4999939949360743, 8.212873781953683e-06, 221516000000
0.7961595857556923, -0.4999939842269532, 8.28730863445554e-06, 221550000000
0.7995596505280476, -0.49999397331812456, 8.320928052700788e-06, 221584000000
0.8029596289011621, -0.4999939625627524, 8.254891912763295e-06, 221618000000
0.806359709395232, -0.49999395183002543, 8.244626982953385e-06, 221652000000
0.8097597661646391, -0.4999939413363457, 8.272654185489345e-06, 221686000000
0.8131598624021041, -0.49999393069989073, 8.266716141256078e-06, 221720000000
0.816559903042681, -0.49999392007404, 8.24881579790428e-06, 221754000000
0.8199599586035156, -0.49999390963571927, 8.254023867600468e-06, 221788000000
0.8233600039438782, -0.4999938990822087, 8.260282886720317e-06, 221822000000
0.8267600477848539, -0.499993888603678, 8.25341516544669e-06, 221856000000
0.8301600579399091, -0.49999387802086476, 8.25077963900485e-06, 221890000000
0.8335600860313523, -0.4999938675511202, 8.255910010389227e-06, 221924000000
0.8369600388150165, -0.4999938570088588, 8.256015378387623e-06, 221958000000
0.8403600276868042, -0.4999938464616681, 8.253051182950206e-06, 221992000000
0.8437599746474663, -0.4999938359060166, 8.251844693624706e-06, 222026000000
0.8471599412946316, -0.4999938253504933, 8.2530548855304e-06, 222060000000
0.8505599163567757, -0.4999938147814653, 8.252968178816544e-06, 222094000000
0.8539599200454776, -0.49999380436487373, 8.252813220974769e-06, 222128000000
0.8573599148733307, -0.4999937939550034, 8.25209159552705e-06, 222162000000
0.860759925992094, -0.49999378350532603, 8.25197760401045e-06, 222196000000
0.864159915651155, -0.49999377299370257, 8.252549217750837e-06, 222230000000
0.867559924919886, -0.49999376261967415, 8.253342833651036e-06, 222264000000
0.8709599502291906, -0.4999937522039221, 8.253455514021443e-06, 222298000000
0.8743599713806204, -0.49999374169193833, 8.25387826035976e-06, 222332000000
0.8777600053012732, -0.4999937312438717, 8.25505685830914e-06, 222366000000
0.8811600406391632, -0.49999372072243464, 8.256072984056361e-06, 222400000000
0.8845600635816987, -0.49999371016525596, 8.256734303042635e-06, 222434000000
0.8879600699111124, -0.49999369963810164, 8.257464422221372e-06, 222468000000
0.8913600809518771, -0.4999936891071043, 8.258629343187384e-06, 222502000000
0.8947600599341001, -0.4999936784788601, 8.259334416763636e-06, 222536000000
0.8981600413716054, -0.49999366801003126, 8.259971606340375e-06, 222570000000
0.9015600142934646, -0.4999936573949133, 8.26081681806984e-06, 222604000000
0.9049599949863993, -0.4999936469424425, 8.26171053123059e-06, 222638000000
0.9083599794456263, -0.4999936364249664, 8.262598840160048e-06, 222672000000
0.9117599705081035, -0.49999362591019203, 8.263637377033423e-06, 222706000000
0.9151599718284238, -0.4999936153789662, 8.264798170780081e-06, 222740000000
0.9185599834083719, -0.49999360481549854, 8.266021222389265e-06, 222774000000
0.9219600061405105, -0.49999359437801, 8.267343498263263e-06, 222808000000
0.9253600370448042, -0.49999358389626974, 8.26868626978146e-06, 222842000000
0.9287600722179301, -0.4999935733393437, 8.270026039818902e-06, 222876000000
0.9321600931919863, -0.49999356274182416, 8.271307393025809e-06, 222910000000
0.9355600998365062, -0.49999355216571995, 8.27223691299789e-06, 222944000000
0.9389601084116079, -0.49999354157279774, 8.273140742449757e-06, 222978000000
0.9423600888823312, -0.49999353086908926, 8.273804493713072e-06, 223012000000
0.9457600690314638, -0.49999352031469074, 8.274374689687843e-06, 223046000000
0.9491600421463311, -0.49999350960358263, 8.274854780608246e-06, 223080000000
0.9525600222607424, -0.499993499051854, 8.275338511272993e-06, 223114000000
0.955960007064756, -0.49999348843377306, 8.275876229908424e-06, 223148000000
0.9593599983868786, -0.4999934778218117, 8.276522215547388e-06, 223182000000
0.9627600000145279, -0.4999934672009714, 8.277226965465362e-06, 223216000000
0.9661600119335264, -0.4999934565587639, 8.27802159402866e-06, 223250000000
0.9695600346243167, -0.4999934460522176, 8.278969148929117e-06, 223284000000
0.9729600657733649, -0.4999934355123742, 8.279971403245965e-06, 223318000000
0.9763601013012093, -0.4999934249054128, 8.281025769272096e-06, 223352000000
0.9797601225123105, -0.49999341425968746, 8.282106480507545e-06, 223386000000
0.9831601294670226, -0.4999934036297817, 8.282919997376715e-06, 223420000000
0.98656013818765, -0.49999339297041817, 8.283784682321283e-06, 223454000000
0.989960118927319, -0.4999933821841657, 8.28449532066895e-06, 223488000000
0.9933600992076309, -0.4999933715307868, 8.285200566053987e-06, 223522000000
0.9967600724683028, -0.4999933607032571, 8.285886798416298e-06, 223556000000
1.0001600526801864, -0.49999335002437995, 8.286641972076606e-06, 223590000000
1.0035600375908595, -0.49999333927127326, 8.287507117888345e-06, 223624000000
1.0069600289969003, -0.4999933285223238, 8.288522501356954e-06, 223658000000
1.0103600306975373, -0.49999331776810363, 8.289621142649842e-06, 223692000000
1.0137600426859161, -0.49999330700194305, 8.290821239346995e-06, 223726000000
1.0171600654162862, -0.49999329638339046, 8.292168045205189e-06, 223760000000
1.0205600966202033, -0.4999932857484202, 8.293544052063634e-06, 223794000000
1.0239601322257386, -0.49999327506462676, 8.294930794065652e-06, 223828000000
1.0273601535366752, -0.4999932643576376, 8.296288860203392e-06, 223862000000
1.0307601606137107, -0.49999325367807507, 8.297306926945133e-06, 223896000000
1.0341601694871503, -0.4999932429737871, 8.298290084611045e-06, 223930000000
1.0375601504357206, -0.49999323214022373, 8.299033045156261e-06, 223964000000
1.0409601309322325, -0.4999932214345297, 8.299679233926062e-06, 223998000000
1.0443601044681483, -0.49999321054307927, 8.300214400475775e-06, 224032000000
1.047760084965043, -0.49999319979386964, 8.300736350393742e-06, 224066000000
1.0511600701985, -0.49999318896255723, 8.301296165653163e-06, 224100000000
1.0545600619493505, -0.499993178131623, 8.301948037279339e-06, 224134000000
1.057960064012492, -0.49999316729580695, 8.302638948077945e-06, 224168000000
1.0613600763745414, -0.499993156452622, 8.303401060573994e-06, 224202000000
1.064760099490967, -0.4999931457640388, 8.304298941875229e-06, 224236000000
1.0681601310884912, -0.49999313506928456, 8.305235693696803e-06, 224270000000
1.0715601556316525, -0.4999931243581363, 8.306149523301983e-06, 224304000000
1.0749601808386113, -0.49999311363902643, 8.30708101412744e-06, 224338000000
1.0783601795456972, -0.49999310280096854, 8.30772105027772e-06, 224372000000
1.081760174882057, -0.4999930921684668, 8.308356655416749e-06, 224406000000
1.0851601626556486, -0.4999930813965003, 8.309019730653427e-06, 224440000000
1.0885601309957815, -0.49999307051411057, 8.309458069639457e-06, 224474000000
1.0919601171762379, -0.4999930595883251, 8.310086786243197e-06, 224508000000
1.0953601141474074, -0.49999304877452966, 8.310985815149502e-06, 224542000000
1.098760119732058, -0.4999930379171395, 8.311955617045567e-06, 224576000000
1.1021601298312993, -0.49999302700790815, 8.312951900453522e-06, 224610000000
1.1055601463189584, -0.49999301610327745, 8.314103990583772e-06, 224644000000
1.1089601729802148, -0.49999300519877055, 8.315408727892629e-06, 224678000000
1.1123601977318671, -0.4999929944207246, 8.31673537316678e-06, 224712000000
1.115760197621906, -0.4999929835346963, 8.317806642350199e-06, 224746000000
1.1191601894556278, -0.49999297281694, 8.318743714666448e-06, 224780000000
1.1225601806698486, -0.49999296204810084, 8.31972162748862e-06, 224814000000
1.1259601577298022, -0.49999295122631876, 8.320534659652016e-06, 224848000000
1.1293601509756646, -0.4999929403812993, 8.321486997506365e-06, 224882000000
1.1327601547802446, -0.49999292955818453, 8.322584299961392e-06, 224916000000
1.136160169059731, -0.49999291880267216, 8.323703147426602e-06, 224950000000
1.1395601890106557, -0.4999929079171843, 8.324759553425908e-06, 224984000000
1.142960197648691, -0.4999928969553583, 8.325778619552873e-06, 225018000000
1.1463602025694288, -0.49999288612019466, 8.32662901727011e-06, 225052000000
1.1497601943591131, -0.49999287515042157, 8.327287472049647e-06, 225086000000
1.15316017847963, -0.4999928642661456, 8.327833561800225e-06, 225120000000
1.1565601713892892, -0.4999928532733114, 8.32845160696384e-06, 225154000000
1.159960174959974, -0.4999928423709687, 8.329162510015337e-06, 225188000000
1.1633601890051966, -0.49999283158069935, 8.32997224557328e-06, 225222000000
1.1667602087115705, -0.49999282071820306, 8.330779594445768e-06, 225256000000
1.1701602170886676, -0.49999280982910677, 8.331562775189274e-06, 225290000000
1.1735602217481655, -0.4999927990962262, 8.332225936698847e-06, 225324000000
1.176960213245063, -0.4999927882446095, 8.332778289057045e-06, 225358000000
1.1803601970663664, -0.4999927774699026, 8.333272862602841e-06, 225392000000
1.183760189640434, -0.4999927665509299, 8.33388790079957e-06, 225426000000
1.1871601928615054, -0.499992755676241, 8.334655550860491e-06, 225460000000
1.1905602065409184, -0.4999927448623237, 8.33557866532823e-06, 225494000000
1.193960225847617, -0.4999927339156234, 8.336542453127374e-06, 225528000000
1.1973602338003262, -0.4999927228945147, 8.33752160484919e-06, 225562000000
1.2007602380222764, -0.4999927120026866, 8.338423848723113e-06, 225596000000
1.2041602290657316, -0.4999927009826735, 8.339244955892888e-06, 225630000000
1.2075602124233527, -0.49999269005180225, 8.340027677215669e-06, 225664000000
1.2109602045382373, -0.49999267901663286, 8.340942648287627e-06, 225698000000
1.2143602073030935, -0.499992668072675, 8.342012636704787e-06, 225732000000
1.217760220526791, -0.49999265724030295, 8.343224889472033e-06, 225766000000
1.2211602393976926, -0.49999264633365953, 8.344457171472303e-06, 225800000000
1.2245602469376637, -0.49999263539559136, 8.345671013441558e-06, 225834000000
1.227960250750388, -0.49999262460871724, 8.346756610677486e-06, 225868000000
1.231360241422094, -0.49999261369494347, 8.347700760704096e-06, 225902000000
1.2347602244198579, -0.499992602853088, 8.348539234892096e-06, 225936000000
1.2381602162153351, -0.4999925918615266, 8.349433776312454e-06, 225970000000
1.2415602186780335, -0.49999258091439447, 8.350406670175617e-06, 226004000000
1.244960231619658, -0.4999925700319175, 8.35145208104702e-06, 226038000000
1.248360250243405, -0.499992559024523, 8.352449514610619e-06, 226072000000
1.2517602636560456, -0.49999254802153065, 8.353413291929808e-06, 226106000000
1.2551602789162304, -0.4999925370234297, 8.354325380958517e-06, 226140000000
1.2585602696184341, -0.499992525946547, 8.354941072014628e-06, 226174000000
1.261960252329997, -0.49999251503819603, 8.355414390004321e-06, 226208000000
1.2653602395175862, -0.49999250409602347, 8.355979302024432e-06, 226242000000
1.2687602203053712, -0.4999924931312503, 8.356378012952514e-06, 226276000000
1.2721602093515825, -0.49999248219077064, 8.356906552421816e-06, 226310000000
1.2755602087049813, -0.4999924712407907, 8.357585315262834e-06, 226344000000
1.2789602183621467, -0.49999246026730076, 8.35834534317184e-06, 226378000000
1.2823602387786213, -0.4999924494273623, 8.35922034584823e-06, 226412000000
1.2857602676810602, -0.49999243855082015, 8.360173662157882e-06, 226446000000
1.2891602895303793, -0.4999924276245478, 8.361140889802412e-06, 226480000000
1.2925603120417613, -0.4999924166587929, 8.362131171570115e-06, 226514000000
1.2959603080573177, -0.4999924055543975, 8.362837247729803e-06, 226548000000
1.2993603007059755, -0.49999239465121453, 8.363561326986773e-06, 226582000000
1.3027602858008247, -0.49999238361873266, 8.364323152048555e-06, 226616000000
1.3061602575956768, -0.49999237253411705, 8.364936879135645e-06, 226650000000
1.3095602409359093, -0.49999236137187886, 8.365676892582911e-06, 226684000000
1.3129602352219556, -0.4999923503850674, 8.366640876755698e-06, 226718000000
1.3163602381354678, -0.49999233938409865, 8.367710535928647e-06, 226752000000
1.3197602455843997, -0.4999923283536949, 8.36880714328937e-06, 226786000000
1.3231602594390468, -0.499992317339096, 8.370013165179326e-06, 226820000000
1.3265602834868253, -0.4999923063244543, 8.371347210164948e-06, 226854000000
1.329960315081355, -0.49999229534254225, 8.372781454595663e-06, 226888000000
1.3333603298726655, -0.4999922844689687, 8.374015866092421e-06, 226922000000
1.3367603439753752, -0.49999227352399844, 8.375129963334474e-06, 226956000000
1.3401603335088916, -0.49999226247178163, 8.376047116174256e-06, 226990000000
1.3435603150461053, -0.4999922515509808, 8.376834444311975e-06, 227024000000
1.3469602933635016, -0.49999224053506636, 8.377539630395071e-06, 227058000000
1.3503602747919288, -0.49999222945278105, 8.378129971646979e-06, 227092000000
1.3537602627596552, -0.4999922183464074, 8.378878077322047e-06, 227126000000
1.357160261064191, -0.49999220720335247, 8.379687956782085e-06, 227160000000
1.3605602696961436, -0.499992196031273, 8.380486912222358e-06, 227194000000
1.3639602890937215, -0.49999218500590326, 8.38138529466576e-06, 227228000000
1.3673603170046744, -0.4999921739747183, 8.382329896582142e-06, 227262000000
1.3707603378920747, -0.4999921629400727, 8.383225912065048e-06, 227296000000
1.3741603594704757, -0.4999921519251315, 8.384093872743322e-06, 227330000000
1.3775603545868442, -0.49999214082708976, 8.384654477667907e-06, 227364000000
1.3809603463495603, -0.49999212996532183, 8.385194946810609e-06, 227398000000
1.3843603305852863, -0.4999921190032535, 8.385739347427374e-06, 227432000000
1.3877603015390363, -0.4999921079914075, 8.386114052217422e-06, 227466000000
1.3911602840430577, -0.49999209687596574, 8.386601254205875e-06, 227500000000
1.3945602775014814, -0.4999920859008172, 8.387303455970582e-06, 227534000000
1.3979602795883757, -0.49999207485978175, 8.38810891598048e-06, 227568000000
1.4013602862026189, -0.49999206373204175, 8.388952451434736e-06, 227602000000
1.404760299214322, -0.4999920525704682, 8.38992778789628e-06, 227636000000
1.4081603224068941, -0.4999920413730759, 8.391061569811795e-06, 227670000000
1.4115603557749, -0.4999920301475201, 8.392326876749549e-06, 227704000000
1.4149603831831172, -0.49999201912834423, 8.39359842349603e-06, 227738000000
1.4183603971750782, -0.4999920080160974, 8.394768551898908e-06, 227772000000
1.4217603904203828, -0.4999919969131678, 8.395661798360469e-06, 227806000000
1.4251603863697049, -0.49999198583963916, 8.396696464052836e-06, 227840000000
1.4285603560224833, -0.49999197467662077, 8.39750811791301e-06, 227874000000
1.4319603417514242, -0.4999919637399279, 8.398385473095555e-06, 227908000000
1.4353603333422302, -0.4999919526868538, 8.399351898135443e-06, 227942000000
1.438760329882954, -0.49999194162735056, 8.40043143674542e-06, 227976000000
1.4421603354539705, -0.4999919305339663, 8.401518286881912e-06, 228010000000
1.4455603513152606, -0.49999191938912696, 8.402643340303236e-06, 228044000000
1.4489603776639142, -0.49999190826403056, 8.403869378142782e-06, 228078000000
1.4523603949549007, -0.49999189721571435, 8.404979973955636e-06, 228112000000
1.4557604046132864, -0.49999188606156164, 8.405913413169006e-06, 228146000000
1.4591603890112468, -0.49999187481439855, 8.406509974411874e-06, 228180000000
1.4625603845382322, -0.4999918636946469, 8.407173160953979e-06, 228214000000
1.4659603583956446, -0.4999918524129081, 8.407679490544659e-06, 228248000000
1.4693603516404539, -0.4999918413136933, 8.408272464125036e-06, 228282000000
1.4727603535402054, -0.49999183020802546, 8.40894561077283e-06, 228316000000
1.4761603600039037, -0.49999181907378953, 8.409670762076023e-06, 228350000000
1.4795603728934232, -0.49999180795464954, 8.410447706991859e-06, 228384000000
1.4829603959891509, -0.4999917968331087, 8.411314821600012e-06, 228418000000
1.4863604172014846, -0.4999917858246298, 8.412226273617827e-06, 228452000000
1.4897604135702498, -0.49999177467987826, 8.41288415094795e-06, 228486000000
1.4931604019093179, -0.499991763673589, 8.41339530889174e-06, 228520000000
1.496560394548927, -0.4999917525761634, 8.414048830229881e-06, 228554000000
1.499960369137056, -0.4999917413903871, 8.41454473474011e-06, 228588000000
1.503360358830681, -0.4999917301537284, 8.415194340172115e-06, 228622000000
1.5067603590649687, -0.499991718930783, 8.416048631814728e-06, 228656000000
1.5101603697709318, -0.49999170777785346, 8.41705826908204e-06, 228690000000
1.5135603861169704, -0.49999169651414627, 8.418090838704719e-06, 228724000000
1.5169604072885392, -0.49999168525635546, 8.419237064330797e-06, 228758000000
1.520360427040558, -0.4999916739618155, 8.420508635076412e-06, 228792000000
1.5237604328667416, -0.49999166282351715, 8.421578851794686e-06, 228826000000
1.527160435349312, -0.49999165165534715, 8.42259362525802e-06, 228860000000
1.530560415691585, -0.49999164041049804, 8.423457933345258e-06, 228894000000
1.5339604015730863, -0.49999162935537783, 8.424410653696457e-06, 228928000000
1.5373603879557334, -0.4999916181879234, 8.425326798154574e-06, 228962000000
1.540760384691011, -0.4999916070112799, 8.426366013354648e-06, 228996000000
1.5441603917508238, -0.4999915957917126, 8.427513573942567e-06, 229030000000
1.5475604095721365, -0.4999915846902307, 8.428720372838742e-06, 229064000000
1.5509604359190297, -0.49999157353753776, 8.429909734167826e-06, 229098000000
1.5543604477699118, -0.4999915622791495, 8.431004839930786e-06, 229132000000
1.5577604587493512, -0.49999155108525084, 8.431953357112414e-06, 229166000000
1.5611604497173128, -0.4999915397855352, 8.432685584342452e-06, 229200000000
1.5645604352518157, -0.49999152852836387, 8.433250489187003e-06, 229234000000
1.5679604181910014, -0.49999151728861724, 8.433877132530872e-06, 229268000000
1.5713604082696826, -0.49999150600398257, 8.434404666667689e-06, 229302000000
1.574760403309961, -0.4999914947440434, 8.43503041092904e-06, 229336000000
1.5781604073839062, -0.4999914834884241, 8.435772316301527e-06, 229370000000
1.5815604217467647, -0.4999914722299727, 8.43656147077481e-06, 229404000000
1.5849604465958833, -0.49999146103768577, 8.43744500793819e-06, 229438000000
1.588360474038881, -0.4999914499656622, 8.438366976700775e-06, 229472000000
1.591760482672027, -0.49999143875986757, 8.439192767153385e-06, 229506000000
1.5951604771998482, -0.49999142761757553, 8.439737504848204e-06, 229540000000
1.5985604712477992, -0.49999141646350165, 8.440350208638524e-06, 229574000000
1.601960449600774, -0.49999140517438356, 8.440909191764309e-06, 229608000000
1.605360440907789, -0.4999913939419511, 8.441579090027686e-06, 229642000000
1.6087604410620242, -0.49999138269734617, 8.442352102743017e-06, 229676000000
1.6121604457523557, -0.4999913713714588, 8.443256629945361e-06, 229710000000
1.6155604568514306, -0.49999136002147704, 8.444276348826082e-06, 229744000000
1.6189604781452798, -0.49999134864730227, 8.445409083888017e-06, 229778000000
1.6223604975481387, -0.499991337384133, 8.446613592018268e-06, 229812000000
1.6257604921098219, -0.4999913260035724, 8.44759846854446e-06, 229846000000
1.6291604786383065, -0.49999131479106224, 8.448444033047642e-06, 229880000000
1.6325604693957718, -0.49999130348124243, 8.44939878600778e-06, 229914000000
1.6359604690777645, -0.49999129227753775, 8.45044821052102e-06, 229948000000
1.639360473305349, -0.49999128103659296, 8.451586048471983e-06, 229982000000
1.6427604839627719, -0.4999912697947215, 8.452779627325248e-06, 230016000000
1.6461604990970968, -0.49999125851941856, 8.454010541537499e-06, 230050000000
1.6495605062012562, -0.4999912473624892, 8.455135865276016e-06, 230084000000
1.652960505814071, -0.4999912360972979, 8.45609858469924e-06, 230118000000
1.6563604863269594, -0.49999122480117775, 8.456797271611969e-06, 230152000000
1.659760476820044, -0.4999912134286378, 8.457627002673379e-06, 230186000000
1.6631604762716983, -0.4999912021217712, 8.458429133826313e-06, 230220000000
1.6665604802942096, -0.4999911907447872, 8.459252951350602e-06, 230254000000
1.6699604907636947, -0.499991179355904, 8.460133104845517e-06, 230288000000
1.6733605114640158, -0.49999116795450343, 8.461053670930843e-06, 230322000000
1.6767605302940496, -0.49999115667303506, 8.46196244102049e-06, 230356000000
1.6801605243189053, -0.4999911452807228, 8.46259321015889e-06, 230390000000
1.683560510328444, -0.4999911340590302, 8.463046094278107e-06, 230424000000
1.6869605005828328, -0.4999911227392301, 8.463579228085357e-06, 230458000000
1.6903604997802402, -0.4999911115214153, 8.46418975516656e-06, 230492000000
1.6937605035290768, -0.4999911002586699, 8.464894705589937e-06, 230526000000
1.6971605137056611, -0.49999108898504274, 8.465680596928788e-06, 230560000000
1.7005605283447804, -0.49999107766673334, 8.466542183216709e-06, 230594000000
1.7039605349551956, -0.49999106645632796, 8.467351616776577e-06, 230628000000
1.7073605340348257, -0.4999910551291716, 8.468073794722207e-06, 230662000000
1.7107605139871152, -0.4999910437663999, 8.468613412916789e-06, 230696000000
1.7141605038760093, -0.4999910323271655, 8.4693725187038e-06, 230730000000
1.7175605027051262, -0.4999910209553295, 8.470196676721659e-06, 230764000000
1.7209605060648177, -0.4999910095183025, 8.471130925132803e-06, 230798000000
1.7243605158410964, -0.4999909980744558, 8.472204945256297e-06, 230832000000
1.727760535821505, -0.4999909866221344, 8.473395071924838e-06, 230866000000
1.7311605631195215, -0.4999909752910026, 8.474732092836603e-06, 230900000000
1.7345605620370466, -0.4999909638517307, 8.475792654150807e-06, 230934000000
1.7379605604581243, -0.49999095258875464, 8.476773132195591e-06, 230968000000
1.741360545745511, -0.4999909412213832, 8.47772732312807e-06, 231002000000
1.744760523380205, -0.4999909299467381, 8.478588559231829e-06, 231036000000
1.74816050982572, -0.4999909185497269, 8.479486875685186e-06, 231070000000
1.7515605069517195, -0.4999909072128244, 8.480504488740567e-06, 231104000000
1.754960514572759, -0.49999089594845564, 8.48162966756044e-06, 231138000000
1.7583605278981118, -0.4999908845554996, 8.482699180221113e-06, 231172000000
1.7617605460945807, -0.49999087313621915, 8.483776116109228e-06, 231206000000
1.7651605660434284, -0.49999086167667867, 8.484893124806242e-06, 231240000000
1.7685605821052435, -0.49999085028056617, 8.485887973331422e-06, 231274000000
1.771960585150327, -0.4999908388286924, 8.486677428746872e-06, 231308000000
1.7753605670584232, -0.49999082732895744, 8.487187116906591e-06, 231342000000
1.7787605604584553, -0.49999081593680156, 8.487811973397915e-06, 231376000000
1.7821605393844075, -0.49999080448542793, 8.488267226884047e-06, 231410000000
1.7855605332592621, -0.49999079304428395, 8.48884327160401e-06, 231444000000
1.7889605374605146, -0.49999078159359045, 8.489563238334104e-06, 231478000000
1.7923605524396573, -0.49999077029405575, 8.490390934101699e-06, 231512000000
1.795760575950879, -0.4999907589829037, 8.491233290184688e-06, 231546000000
1.799160592450383, -0.49999074764839047, 8.492082181193733e-06, 231580000000
1.8025606096430768, -0.4999907362972511, 8.492963342913086e-06, 231614000000
1.8059606003790725, -0.49999072481933043, 8.49354011812528e-06, 231648000000
1.809360587770544, -0.4999907135416287, 8.494114706200583e-06, 231682000000
1.8127605737880728, -0.49999070207070384, 8.494792915110283e-06, 231716000000
1.8161605606368774, -0.4999906906341887, 8.495413527458467e-06, 231750000000
1.8195605526068481, -0.49999067912775247, 8.496158935617859e-06, 231784000000
1.8229605535880289, -0.49999066758464306, 8.497102604271225e-06, 231818000000
1.8263605648488712, -0.4999906560101056, 8.498162693617219e-06, 231852000000
1.8297605865928126, -0.4999906444893116, 8.49934375607246e-06, 231886000000
1.8331606187153255, -0.4999906330785171, 8.500673203570743e-06, 231920000000
1.836560623967779, -0.4999906215456478, 8.501832464790558e-06, 231954000000
1.8399606287030164, -0.4999906101811039, 8.502881193774234e-06, 231988000000
1.843360625913057, -0.49999059875952656, 8.503904617741915e-06, 232022000000
1.8467605979604185, -0.49999058728231843, 8.50473420816867e-06, 232056000000
1.8501605861628125, -0.49999057589948437, 8.505659388796368e-06, 232090000000
1.8535605832368476, -0.49999056453204177, 8.506662096548512e-06, 232124000000
1.8569605848963437, -0.4999905530951193, 8.50772481692216e-06, 232158000000
1.8603605930097227, -0.4999905416248483, 8.508805549202942e-06, 232192000000
1.8637606113665406, -0.4999905301032707, 8.509916377937995e-06, 232226000000
1.8671606373127367, -0.49999051857276616, 8.51110887992748e-06, 232260000000
1.8705606464983442, -0.4999905071237963, 8.512081963930318e-06, 232294000000
1.873960655034681, -0.49999049559425673, 8.512886664734795e-06, 232328000000
1.8773606390354316, -0.4999904839736224, 8.513482616627261e-06, 232362000000
1.8807606253217404, -0.4999904725291579, 8.514032704714738e-06, 232396000000
1.884160605918481, -0.4999904609112692, 8.514541302669704e-06, 232430000000
1.8875606014734778, -0.4999904494011591, 8.51513787416323e-06, 232464000000
1.8909606075269914, -0.49999043800122067, 8.51588253088526e-06, 232498000000
1.8943606192853273, -0.4999904265251272, 8.516632055851741e-06, 232532000000
1.897760635910594, -0.4999904150690441, 8.517422186179308e-06, 232566000000
1.9011606542761579, -0.4999904036084952, 8.51830279003467e-06, 232600000000
1.9045606687497678, -0.4999903922268165, 8.51913466434057e-06, 232634000000
1.9079606701825575, -0.49999038078406166, 8.519834785393474e-06, 232668000000
1.9113606504563894, -0.49999036926573254, 8.520313174789817e-06, 232702000000
1.9147606422103465, -0.4999903578103999, 8.52097796606755e-06, 232736000000
1.9181606194615317, -0.4999903462416918, 8.521531811565485e-06, 232770000000
1.9215606116404698, -0.4999903346284847, 8.52226484829975e-06, 232804000000
1.9249606141274802, -0.49999032296031837, 8.52319023523133e-06, 232838000000
1.9283606273850105, -0.499990311417298, 8.524270002468949e-06, 232872000000
1.9317606491595867, -0.4999902998486273, 8.525400795573532e-06, 232906000000
1.935160675365601, -0.49999028824451863, 8.52662401813982e-06, 232940000000
1.9385606872949017, -0.4999902766511245, 8.527890823628967e-06, 232974000000
1.9419606850211135, -0.49999026512674577, 8.528868840519198e-06, 233008000000
1.945360683541453, -0.49999025363391, 8.529844777041171e-06, 233042000000
1.94876066369369, -0.4999902420573109, 8.530763779023923e-06, 233076000000
1.952160653184347, -0.4999902306237844, 8.531729182291825e-06, 233110000000
1.9555606433842883, -0.4999902191185605, 8.532655539989915e-06, 233144000000
1.9589606426160102, -0.49999020758305723, 8.533722332929992e-06, 233178000000
1.9623606521656867, -0.4999901959980393, 8.534854793272824e-06, 233212000000
1.9657606722272476, -0.49999018443260795, 8.536015071090229e-06, 233246000000
1.9691607026943954, -0.4999901729365563, 8.537228734986785e-06, 233280000000
1.9725607063472412, -0.4999901612637536, 8.53819940722028e-06, 233314000000
1.975960709503155, -0.4999901497212321, 8.538993635294536e-06, 233348000000
1.9793607051720508, -0.49999013808739967, 8.5396929361539e-06, 233382000000
1.982760681769373, -0.4999901264506341, 8.540191828061561e-06, 233416000000
1.9861606683513067, -0.4999901147829774, 8.540780588110242e-06, 233450000000
1.9895606639103989, -0.4999901032181177, 8.541352173388879e-06, 233484000000
1.9929606640506294, -0.49999009162206226, 8.542011382361056e-06, 233518000000
1.9963606706454227, -0.49999008004039536, 8.542759425412125e-06, 233552000000
1.9997606874773832, -0.4999900684574383, 8.543562773660338e-06, 233586000000
2.0031607118906742, -0.49999005690591947, 8.544483843053928e-06, 233620000000
2.0065607195459254, -0.49999004546037185, 8.545259107597462e-06, 233654000000
2.009960726524612, -0.4999900339414569, 8.545943847261299e-06, 233688000000
2.0133607089377246, -0.49999002231270917, 8.546477427036233e-06, 233722000000
2.016760704023135, -0.4999900108078983, 8.547117495980789e-06, 233756000000
2.020160703712662, -0.4999899991855261, 8.54787616285784e-06, 233790000000
2.023560709823, -0.4999899875204535, 8.548786507507565e-06, 233824000000
2.02696072614993, -0.4999899758074299, 8.54979557870623e-06, 233858000000
2.03036074060254, -0.49998996418342184, 8.550859761377865e-06, 233892000000
2.0337607302376313, -0.4999899524192181, 8.551720947119332e-06, 233926000000
2.037160721906065, -0.4999899407962428, 8.552509615163586e-06, 233960000000
2.0405607036987408, -0.4999899291001179, 8.55339811003074e-06, 233994000000
2.0439606984527843, -0.4999899174827843, 8.55434794691164e-06, 234028000000
2.0473606977779166, -0.4999899058409335, 8.555386799652812e-06, 234062000000
2.0507607035451816, -0.49998989421067286, 8.556553067406806e-06, 234096000000
2.0541607195472413, -0.4999898825742101, 8.55779831384219e-06, 234130000000
2.057560743132872, -0.4999898709629787, 8.559135716623028e-06, 234164000000
2.0609607499547247, -0.49998985945224783, 8.56029176085293e-06, 234198000000
2.064360756126686, -0.4999898478609166, 8.561316489463699e-06, 234232000000
2.0677607408838328, -0.499989836194883, 8.56212882156483e-06, 234266000000
2.0711607380343984, -0.49998982457493835, 8.563050598059936e-06, 234300000000
2.0745607369761974, -0.49998981288120703, 8.563890330008036e-06, 234334000000
2.0779607423656734, -0.4999898011534616, 8.564807996966394e-06, 234368000000
2.081360758014208, -0.4999897893891933, 8.565776566027051e-06, 234402000000
2.084760771811615, -0.4999897777258146, 8.566699774542132e-06, 234436000000
2.0881607608424466, -0.4999897659340371, 8.567323358718822e-06, 234470000000
2.091560751923711, -0.49998975429225007, 8.567815437733489e-06, 234504000000
2.094960733160915, -0.4999897425837488, 8.568359361557755e-06, 234538000000
2.098360727380434, -0.49998973095650195, 8.56891071751865e-06, 234572000000
2.1017607261907, -0.49998971930389713, 8.56952249793261e-06, 234606000000
2.105160731455039, -0.49998970765843026, 8.570253774059705e-06, 234640000000
2.1085607469573624, -0.4999896959989529, 8.571068280374552e-06, 234674000000
2.111960772683696, -0.49998968430846386, 8.571983672997654e-06, 234708000000
2.115360792490544, -0.49998967280576667, 8.572911680566645e-06, 234742000000
2.1187607989185513, -0.4999896611643318, 8.573726772314182e-06, 234776000000
2.12216078412387, -0.4999896494329213, 8.574271234281413e-06, 234810000000
2.1255607806523393, -0.4999896377486834, 8.574990863167115e-06, 234844000000
2.1289607538122217, -0.499989625922355, 8.575589593337535e-06, 234878000000
2.132360746276394, -0.4999896141385996, 8.576354830261843e-06, 234912000000
2.1357607492245565, -0.4999896024369616, 8.577313906873691e-06, 234946000000
2.1391607578655534, -0.499989590635085, 8.578353087856975e-06, 234980000000
2.1425607713697548, -0.4999895788472043, 8.579468276409482e-06, 235014000000
2.1459607938034924, -0.49998956706476955, 8.580714811051766e-06, 235048000000
2.1493608143811853, -0.4999895553770555, 8.58203255417851e-06, 235082000000
2.1527608083102514, -0.49998954356907704, 8.583043658110053e-06, 235116000000
2.156160798860446, -0.49998953199770874, 8.583974102299769e-06, 235150000000
2.159560787937222, -0.499989520279394, 8.584962182580751e-06, 235184000000
2.162960766114145, -0.49998950862434977, 8.585797180668802e-06, 235218000000
2.1663607551941233, -0.4999894968962757, 8.586697505434032e-06, 235252000000
2.16976075461738, -0.49998948511346963, 8.587715344964034e-06, 235286000000
2.1731607648296807, -0.49998947343964545, 8.588831247649575e-06, 235320000000
2.1765607836129823, -0.49998946170877434, 8.589901135329632e-06, 235354000000
2.1799608068810787, -0.4999894499014685, 8.590960519354337e-06, 235388000000
2.183360827885629, -0.49998943807974655, 8.592049340886398e-06, 235422000000
2.186760849072045, -0.49998942629055876, 8.593031746536605e-06, 235456000000
2.190160850276987, -0.4999894144364014, 8.593773155993213e-06, 235490000000
2.193560837406222, -0.4999894026623955, 8.59429745226203e-06, 235524000000
2.196960824101798, -0.49998939091523004, 8.594842966765994e-06, 235558000000
2.2003607951800435, -0.499989379085897, 8.595228161849314e-06, 235592000000
2.2037607792519993, -0.49998936736566, 8.595687370906892e-06, 235626000000
2.2071607722310644, -0.4999893556813024, 8.596245143377113e-06, 235660000000
2.2105607698056504, -0.49998934395458633, 8.5968873998364e-06, 235694000000
2.213960773836444, -0.4999893322205574, 8.597599708574666e-06, 235728000000
2.2173607881027944, -0.4999893204546999, 8.598413019318298e-06, 235762000000
2.220760812590439, -0.4999893086397207, 8.59936770877085e-06, 235796000000
2.2241608477765396, -0.49998929693862076, 8.600478488689162e-06, 235830000000
2.2275608706724106, -0.49998928518657937, 8.601493401250847e-06, 235864000000
2.230960890113199, -0.49998927337744326, 8.60247620195228e-06, 235898000000
2.234360880717893, -0.49998926151552864, 8.603192824503144e-06, 235932000000
2.2377608763979073, -0.49998924968594416, 8.604026142852697e-06, 235966000000
2.2411608521932527, -0.49998923777802445, 8.60479513425607e-06, 236000000000
2.244560834483919, -0.49998922594720296, 8.605482017596979e-06, 236034000000
2.2479608219151097, -0.4999892140875114, 8.606362923815703e-06, 236068000000
2.2513608183887603, -0.49998920222741455, 8.607441769122712e-06, 236102000000
2.2547608251743303, -0.499989190361473, 8.60857330064429e-06, 236136000000
2.2581608424673534, -0.4999891785603601, 8.609805136721855e-06, 236170000000
2.2615608701623557, -0.4999891668691064, 8.611176176249419e-06, 236204000000
2.2649608829213808, -0.4999891550831715, 8.612424323464012e-06, 236238000000
2.268360895009911, -0.4999891433464547, 8.613561387617378e-06, 236272000000
2.2717608824749, -0.49998913149392643, 8.614450194077563e-06, 236306000000
2.275160871981431, -0.49998911975431054, 8.61528117230281e-06, 236340000000
2.2785608516635354, -0.4999891078915613, 8.616092085412582e-06, 236374000000
2.2819608443390176, -0.4999890960606657, 8.616841152733619e-06, 236408000000
2.2853608416288234, -0.49998908415626075, 8.617637562779373e-06, 236442000000
2.2887608453949198, -0.49998907222698347, 8.618515561851452e-06, 236476000000
2.292160859424973, -0.4999890602725788, 8.619405298645184e-06, 236510000000
2.295560883707293, -0.4999890482999381, 8.620343277630306e-06, 236544000000
2.29896090207447, -0.4999890365398749, 8.621256142917692e-06, 236578000000
2.3023609071063107, -0.4999890246916565, 8.622001767146066e-06, 236612000000
2.305760890951336, -0.4999890128099022, 8.622427736139263e-06, 236646000000
2.309160886142686, -0.4999890010298839, 8.622983759617614e-06, 236680000000
2.3125608580006807, -0.4999889891553312, 8.62339174983593e-06, 236714000000
2.315960849182367, -0.4999889773488155, 8.623927708993608e-06, 236748000000
2.3193608508681915, -0.4999889656311898, 8.624632085590604e-06, 236782000000
2.322760858262436, -0.49998895379693725, 8.625398956440171e-06, 236816000000
2.3261608705270005, -0.49998894193934185, 8.626229974997625e-06, 236850000000
2.329560891721008, -0.49998893003458833, 8.627189883687416e-06, 236884000000
2.3329609187944054, -0.4999889180534478, 8.628286083061291e-06, 236918000000
2.336360933648445, -0.4999889062401725, 8.629297033894454e-06, 236952000000
2.339760944957658, -0.4999888942913302, 8.630223053568825e-06, 236986000000
2.343160929826516, -0.49998888222700644, 8.630972736677093e-06, 237020000000
2.346560911352698, -0.49998887038689077, 8.6317548447425e-06, 237054000000
2.3499608915477586, -0.49998885840341734, 8.632577329655777e-06, 237088000000
2.35336087260521, -0.49998884650004133, 8.633341570379798e-06, 237122000000
2.356760858823275, -0.49998883457480986, 8.63425359313686e-06, 237156000000
2.3601608540904038, -0.4999888226500163, 8.635329957863422e-06, 237190000000
2.363560859677169, -0.49998881071423634, 8.636472841239235e-06, 237224000000
2.3669608757794456, -0.49998879883348535, 8.637703790657252e-06, 237258000000
2.370360902290665, -0.49998878705015415, 8.639041509372867e-06, 237292000000
2.3737609343801678, -0.4999887751634008, 8.640375607166687e-06, 237326000000
2.377160955088403, -0.49998876321120866, 8.641646673122031e-06, 237360000000
2.3805609720315473, -0.4999887513823458, 8.642747379578e-06, 237394000000
2.383960968906227, -0.4999887393366333, 8.643598266761245e-06, 237428000000
2.3873609582242965, -0.499988727496841, 8.644362934790262e-06, 237462000000
2.3907609441952795, -0.4999887155153202, 8.645056090718836e-06, 237496000000
2.3941609172232954, -0.49998870349420715, 8.645490975776502e-06, 237530000000
2.3975609052161877, -0.4999886914607037, 8.646094568864995e-06, 237564000000
2.40096090357134, -0.49998867940556896, 8.646840390633389e-06, 237598000000
2.404360912724605, -0.4999886675004257, 8.647628210508716e-06, 237632000000
2.407760930450913, -0.49998865559109984, 8.648407083687844e-06, 237666000000
2.411160952655229, -0.49998864365785933, 8.649256210011989e-06, 237700000000
2.41456096786619, -0.49998863165997004, 8.650141130535374e-06, 237734000000
2.417960975083814, -0.49998861988755894, 8.650838339595642e-06, 237768000000
2.4213609747043763, -0.4999886080193174, 8.651456985708007e-06, 237802000000
2.424760954824583, -0.4999885960701083, 8.651919595639001e-06, 237836000000
2.42816094062692, -0.49998858422238446, 8.652508863838548e-06, 237870000000
2.431560926777769, -0.4999885722555992, 8.653059907956125e-06, 237904000000
2.4349609219852932, -0.4999885602464889, 8.653795604853268e-06, 237938000000
2.438360927493464, -0.4999885481746957, 8.654700176635311e-06, 237972000000
2.4417609435049767, -0.49998853612363015, 8.655716860928802e-06, 238006000000
2.445160969919729, -0.4999885241530092, 8.656859625422052e-06, 238040000000
2.448560990269323, -0.49998851210423273, 8.658006095211349e-06, 238074000000
2.4519610073262, -0.49998850005568657, 8.659194627473973e-06, 238108000000
2.4553609991013543, -0.49998848795816603, 8.660072351960715e-06, 238142000000
2.4587609903747496, -0.4999884760331079, 8.660984997597885e-06, 238176000000
2.462160968547761, -0.4999884640061609, 8.661885259677252e-06, 238210000000
2.465560959763783, -0.49998845207608833, 8.662803234864334e-06, 238244000000
2.46896095557483, -0.4999884401128763, 8.663841104621929e-06, 238278000000
2.472360957851087, -0.49998842814551364, 8.664985733857036e-06, 238312000000
2.475760970387172, -0.49998841615065587, 8.666158612507981e-06, 238346000000
2.47916099317937, -0.49998840411140333, 8.667395263803757e-06, 238380000000
2.4825610100518465, -0.49998839225213393, 8.6685990480473e-06, 238414000000
2.4859610136071733, -0.4999883802470597, 8.669606506913664e-06, 238448000000
2.4893609959945384, -0.49998836815393544, 8.670255842855146e-06, 238482000000
2.492760989740837, -0.4999883561180392, 8.670995953596128e-06, 238516000000
2.496160985287133, -0.49998834402420395, 8.671711069547106e-06, 238550000000
2.499560987292657, -0.49998833191660913, 8.672528426857235e-06, 238584000000
2.502960999568958, -0.4999883197945472, 8.673374941945433e-06, 238618000000
2.5063610194553503, -0.49998830770752656, 8.674278546428555e-06, 238652000000
2.509761022610573, -0.49998829574118353, 8.675008354093475e-06, 238686000000
2.5131610251296412, -0.49998828373574317, 8.675622732525654e-06, 238720000000
2.5165610062472914, -0.4999882717006376, 8.676056664622743e-06, 238754000000
2.519960999764926, -0.49998825975518757, 8.676643877927278e-06, 238788000000
2.5233609950747513, -0.49998824777224843, 8.677216345938931e-06, 238822000000
2.526760996825113, -0.49998823577524054, 8.677930149101225e-06, 238856000000
2.5301610088218127, -0.4999882237392758, 8.678761672966815e-06, 238890000000
2.5334926077026187, -0.49991649230373875, 0.0002356645825142076, 238924000000
2.5346989332264673, -0.4996655598869041, 0.0020381132039881053, 238958000000
2.5352686031351195, -0.49971880659049456, 0.005371156499894655, 238992000000
2.535778588333877, -0.4997431379398628, 0.010012910635512517, 239026000000
2.5363717475748646, -0.499862952099143, 0.0153953475289282, 239060000000
2.5370172545208813, -0.5001068617571091, 0.020290941095067606, 239094000000
2.5374098903608346, -0.5006272331192042, 0.025911871225750113, 239128000000
2.5380153712120643, -0.5008094787703419, 0.032397919634845646, 239162000000
2.5384501126139583, -0.5012357988294432, 0.039913749146935004, 239196000000
2.53934116605137, -0.5014534231262163, 0.04841942792366366, 239230000000
2.540279375776795, -0.5016978980286668, 0.05767767188262949, 239264000000
2.5412381546461775, -0.501991566535906, 0.06756191554531092, 239298000000
2.5423302123551212, -0.5022289936852068, 0.07796681380867063, 239332000000
2.5430389153238315, -0.502712865646633, 0.08894922989626734, 239366000000
2.544123801727055, -0.5030768803164413, 0.10050167842191261, 239400000000
2.545110646394292, -0.5035176921940298, 0.1124984537164371, 239434000000
2.5461207174034053, -0.5039811964720929, 0.12491344199503455, 239468000000
2.547214837849755, -0.5044777373150882, 0.13814742719237127, 239502000000
2.5484583604240303, -0.5050935014163971, 0.15259482759070292, 239536000000
2.549541912833928, -0.5057758113366659, 0.16772244255248756, 239570000000
2.549070047831593, -0.506634559199964, 0.18245561690854847, 239604000000
2.548542970666967, -0.5075306995409478, 0.19651839927549616, 239638000000
2.547763353453546, -0.5084696759310909, 0.2099566439219996, 239672000000
2.546845462507494, -0.509381260158878, 0.22292025218264855, 239706000000
2.5460172288566127, -0.5101980970512991, 0.2359625405927195, 239740000000
2.544536300042477, -0.5107239392172721, 0.24951496680638147, 239774000000
2.5427351502469135, -0.5111109871395518, 0.2637467603595053, 239808000000
2.5409388594732096, -0.5112094146341735, 0.2781246172218772, 239842000000
2.539081324365497, -0.5111872346435297, 0.29261872383926807, 239876000000
2.53724367857946, -0.5110692084181411, 0.3072304619332906, 239910000000
2.5354166078821363, -0.5108429185878913, 0.321961799122695, 239944000000
2.5336242015519588, -0.5105131099810383, 0.336800000374716, 239978000000
2.531851670787318, -0.5101352492887242, 0.351728355187966, 240012000000
2.5300867994950043, -0.5098427801833478, 0.3667425102622271, 240046000000
2.528561950638999, -0.5094712238553654, 0.3814620421796942, 240080000000
2.5272387479260185, -0.5088917033272468, 0.3958642590301294, 240114000000
2.5259594708811477, -0.508310231457223, 0.40995865255118485, 240148000000
2.5248445756679243, -0.5076833089475691, 0.4237387007867059, 240182000000
2.523859808523359, -0.5069972628697162, 0.437241620372116, 240216000000
2.52299881172038, -0.5062669220010158, 0.45049017021704835, 240250000000
2.522264959058371, -0.5054735554270852, 0.4635192053927855, 240284000000
2.5216261922492653, -0.5046306404634645, 0.47636073536055057, 240318000000
2.5210677851496754, -0.503737343293914, 0.4890459483565148, 240352000000
2.5218968586300785, -0.502525328328926, 0.501324296601792, 240386000000
2.52467836526177, -0.5008602431112678, 0.512578442281551, 240420000000
2.5257412422397025, -0.4990162174423681, 0.5233373140808941, 240454000000
2.528587794279126, -0.4968862805765247, 0.5335311771029014, 240488000000
2.5322710475159007, -0.4947347172266636, 0.5432811965246896, 240522000000
2.5358510978642532, -0.4926133158020295, 0.5525874989244955, 240556000000
2.5389120676917254, -0.4908397080311269, 0.5536013601632447, 240590000000
2.5419571509480954, -0.4890360089171308, 0.5481508970446082, 240624000000
2.545128500273547, -0.4871591449728028, 0.5479319204962305, 240658000000
2.5473402126032005, -0.4862224161539945, 0.5492336302060691, 240692000000
2.548175623501082, -0.4858175672110736, 0.5505599640757004, 240726000000
2.5492000146048404, -0.48561605163105037, 0.551995886401707, 240760000000
2.549632624677145, -0.4852180849978076, 0.5534728741406147, 240794000000
2.5499621574577835, -0.4848188697779719, 0.5549824726963675, 240828000000
2.5501105130484527, -0.48433028186775123, 0.5565001693150016, 240862000000
2.550326439825193, -0.483855993170622, 0.5580110131645105, 240896000000
2.5491910596158522, -0.48309610480279447, 0.5594424408995702, 240930000000
2.5485757874755026, -0.4822872436896752, 0.5593819747470837, 240964000000
2.54869228807492, -0.4812955796599798, 0.5533578271020946, 240998000000
2.549721907970204, -0.4801347300399138, 0.5434260492640894, 241032000000
2.5510100186703752, -0.4789824379085393, 0.5311473941691247, 241066000000
2.5524076877667916, -0.47800985377386485, 0.5176864508970344, 241100000000
2.5542543793505756, -0.4768110865093744, 0.5030187377188903, 241134000000
2.5549733622620754, -0.475984418536242, 0.4877807537903703, 241168000000
2.5540708956548133, -0.4764167303797269, 0.47295161791690055, 241202000000
2.55322217776061, -0.47702218242495187, 0.45780991325849213, 241236000000
2.5524368044871095, -0.47789017173688775, 0.4426754742202169, 241270000000
2.551683769844928, -0.4786056393444214, 0.4275884381433774, 241304000000
2.5511134823463464, -0.47946721405268633, 0.41228233918600643, 241338000000
2.5505250786693354, -0.48110575037410325, 0.39675294902898756, 241372000000
2.549394300333784, -0.4832391524839251, 0.3809242905820217, 241406000000
2.548146941085322, -0.48544262047626247, 0.3646808516944903, 241440000000
2.546833366941001, -0.48767674303623615, 0.3479377381424772, 241474000000
2.545464116492925, -0.4899408008345724, 0.3306110380867134, 241508000000
2.544048738328911, -0.49223414667923143, 0.312618680487951, 241542000000
2.5425958115640985, -0.4945561494772102, 0.2938806711480635, 241576000000
2.5411133735205906, -0.4969057776478213, 0.2743192645325734, 241610000000
2.5409958522419815, -0.49887751109927797, 0.2542081310625604, 241644000000
2.541491906359242, -0.500668763181164, 0.23401927291538732, 241678000000
2.5419379522536127, -0.5024596133394524, 0.21375858706241027, 241712000000
2.542340361906022, -0.504242710150166, 0.1934648743086365, 241746000000
2.5427052238107235, -0.5060114532342097, 0.1731775891973319, 241780000000
2.5430383453143697, -0.5077599506643641, 0.15293670708512827, 241814000000
2.5433452563287218, -0.5094829689264753, 0.13278262898084828, 241848000000
2.5436312126188843, -0.511175890482652, 0.11275602899673585, 241882000000
2.5439012032067683, -0.5128346673270391, 0.09289772723323997, 241916000000
2.544159957487026, -0.5144557801791783, 0.07324852880098906, 241950000000
2.5444119548051303, -0.5160361965931233, 0.05384908185292811, 241984000000
2.5446614337049756, -0.5175733335776924, 0.03473971845786185, 242018000000
2.544912402473346, -0.5190650208449129, 0.015960311599315543, 242052000000
2.5451686492200816, -0.5205094678913892, -0.0024498736418446555, 242086000000
2.5454337524318995, -0.5219052326577072, -0.020452314240532673, 242120000000
2.5457110908879876, -0.523251193567009, -0.03800936222845071, 242154000000
2.5460038534590113, -0.5245465236104692, -0.05508436446903535, 242188000000
2.546315048081292, -0.5257906674587886, -0.0716417779335366, 242222000000
2.546647401807563, -0.5269833450571179, -0.08764727392443654, 242256000000
2.5470035875480534, -0.5281244886989356, -0.1030678427930001, 242290000000
2.5473862491992136, -0.5292142222645341, -0.11787186665660726, 242324000000
2.5477977435036854, -0.5302528978408065, -0.13202922951159307, 242358000000
2.548240278219694, -0.5312410599620435, -0.14551139440377855, 242392000000
2.5487159149861864, -0.5321794363452895, -0.15829148866581488, 242426000000
2.5492265708153146, -0.5330689305094506, -0.17034439114468816, 242460000000
2.5497740181247663, -0.5339106161543322, -0.18164682391035084, 242494000000
2.5503599445533274, -0.5347056120694009, -0.19217746541066738, 242528000000
2.5509857583490674, -0.5354554060477653, -0.20191702710777942, 242562000000
2.55165277916687, -0.5361615779195148, -0.2108483751121009, 242596000000
2.552362170625734, -0.5368258565263773, -0.2189567142270769, 242630000000
2.5531149296902473, -0.5374501324388606, -0.22622967054532744, 242664000000
2.553911873004739, -0.5380364655371089, -0.23265751206934168, 242698000000
2.5547536275469205, -0.538587085223301, -0.23823329068457122, 242732000000
2.555582589846193, -0.5390858024275915, -0.2429014665189067, 242766000000
2.5556597203477387, -0.5393527272154522, -0.2464720574014045, 242800000000
2.554941210133143, -0.5393654706420893, -0.2489558506579843, 242834000000
2.553526765447511, -0.539249439392774, -0.2508339161091286, 242868000000
2.552236046983696, -0.5391212456648258, -0.2534986358225808, 242902000000
2.551213096254643, -0.5390860964328373, -0.257028240421156, 242936000000
2.550305721075813, -0.5391305619091366, -0.26141376731442734, 242970000000
2.5494301524644865, -0.5392340413399164, -0.2666499231336374, 243004000000
2.548576118214106, -0.539395558323747, -0.2727319353698021, 243038000000
2.547742194882756, -0.539616440065367, -0.2796536726395165, 243072000000
2.546926864220356, -0.5398977135889983, -0.28740528072449073, 243106000000
2.546128563591176, -0.5402402677739784, -0.2959752000249556, 243140000000
2.5453456303818927, -0.5406445784178275, -0.3053479522093299, 243174000000
2.5445763418281335, -0.5411111849253957, -0.31550683090173715, 243208000000
2.5438189264515882, -0.5416403322960192, -0.3264325307873202, 243242000000
2.5430715489677604, -0.5422320361931589, -0.3381035895338067, 243276000000
2.542332312103708, -0.5428861007229641, -0.3504964796522944, 243310000000
2.5415992570552994, -0.5436021103268033, -0.36358568213806985, 243344000000
2.5408703641263073, -0.5443794187393785, -0.3773437502074653, 243378000000
2.540143600711189, -0.5452171731763426, -0.391741354426736, 243412000000
2.539416895162149, -0.5461142371217407, -0.406746865059946, 243446000000
2.5386879825474202, -0.5470692319200262, -0.42232884135938115, 243480000000
2.537954584459236, -0.5480802639336004, -0.4384510661622447, 243514000000
2.537214425570043, -0.5491453979014834, -0.45507855738251, 243548000000
2.536465145692068, -0.5502621304772145, -0.4721726654133038, 243582000000
2.535704371096877, -0.5514277395536421, -0.48969489785899933, 243616000000
2.534929672141282, -0.5526389680821674, -0.5076042609588363, 243650000000
2.5341386038337714, -0.5538922066884748, -0.5258594633469524, 243684000000
2.533328688216668, -0.5551832968014135, -0.5444175308782957, 243718000000
2.5324974394468076, -0.5565076162325178, -0.5632351182344743, 243752000000
2.5316423598966393, -0.5578599493653057, -0.5822678442040689, 243786000000
2.5307609580920314, -0.5592345160777434, -0.6014711114895676, 243820000000
2.5302900974220934, -0.5609241475036496, -0.6206795503539488, 243854000000
2.530878630402913, -0.5633227071983035, -0.6390028451821929, 243888000000
2.5314877411046606, -0.5656979898522894, -0.6563850322563852, 243922000000
2.5321137167849757, -0.568049202783965, -0.6728872177319474, 243956000000
2.532752350012746, -0.5703753667766197, -0.6885711203933024, 243990000000
2.533398584996788, -0.5726753851294516, -0.7035017263515684, 244024000000
2.534046781400901, -0.5749479553200254, -0.7177445496266337, 244058000000
2.534690467308662, -0.5771915526825039, -0.7313670058010897, 244092000000
2.535322469838788, -0.5794043720876899, -0.7444370378050025, 244126000000
2.5359347657210365, -0.5815842947335557, -0.7570238930237336, 244160000000
2.536518538569836, -0.5837288431962859, -0.7691975363507522, 244194000000
2.536024467482229, -0.583556993164394, -0.7807798770616778, 244228000000
2.5352789697314995, -0.5826125464121147, -0.7911955959608639, 244262000000
2.534694555998757, -0.581842708718947, -0.8004380500563896, 244296000000
2.5342584266223245, -0.5810826367803709, -0.8087519380294015, 244330000000
2.5339058387336264, -0.5802097807061775, -0.8164583615654755, 244364000000
2.533646960756959, -0.5792870622169409, -0.8238914410322545, 244398000000
2.5334784351372406, -0.578299555399146, -0.8311401488595135, 244432000000
2.5335095395308143, -0.5769856354101262, -0.8389029514819394, 244466000000
2.5334414440921145, -0.575872634768162, -0.8470344391672395, 244500000000
2.5331493852116953, -0.5754794883991844, -0.8534612810357326, 244534000000
2.532877710751176, -0.5751365281869929, -0.857501599078259, 244568000000
2.5327802157991304, -0.5752783760832227, -0.8585952290645644, 244602000000
2.532285546944614, -0.5749512705534332, -0.857160593875726, 244636000000
2.530372670657799, -0.5734265025713393, -0.8526576219964845, 244670000000
2.5287529770326285, -0.5721957667128961, -0.8452978534116905, 244704000000
2.5275244661349943, -0.5715772698194951, -0.8351579109191937, 244738000000
2.5266557077506064, -0.5714918898685781, -0.822171595842896, 244772000000
2.526141019716363, -0.5719033175930316, -0.8060688385687205, 244806000000
2.5263510282145303, -0.5729968142047878, -0.785346608023844, 244840000000
2.5274539465110375, -0.5741308682795195, -0.7607982220338269, 244874000000
2.5284118267021576, -0.5751718849737808, -0.7363077344773101, 244908000000
2.5294069409438813, -0.576182971624018, -0.7120107715346266, 244942000000
2.530439148814868, -0.5771628790049287, -0.6878993076845693, 244976000000
2.531507985050035, -0.5781101068533923, -0.6639680435895098, 245010000000
2.532612890468408, -0.5790232397482892, -0.6402117918090464, 245044000000
2.533753131946669, -0.5799010828871061, -0.616624859393723, 245078000000
2.5349278031581934, -0.5807426935970388, -0.5932010284267912, 245112000000
2.536135838616084, -0.5815473952675815, -0.5699336285436676, 245146000000
2.5373760299869175, -0.5823147890284186, -0.5468156223075405, 245180000000
2.538647043417057, -0.5830447650225125, -0.5238396951804088, 245214000000
2.5399474377775806, -0.5837375132887023, -0.5009983500866745, 245248000000
2.540805842229128, -0.5844442372570114, -0.48066199779022173, 245282000000
2.542417556014391, -0.5851308342843581, -0.46474342134422697, 245316000000
2.5443689786732997, -0.5860099535272991, -0.44952953885979197, 245350000000
2.5439308279114785, -0.5858336244330788, -0.4343718774433583, 245384000000
2.543050934775857, -0.5852806741989369, -0.418544194171035, 245418000000
2.542091560111252, -0.5840163584752073, -0.40109705853650984, 245452000000
2.5414613898460727, -0.5792817641736047, -0.3828474948031255, 245486000000
2.5401843473411705, -0.5772055875686726, -0.3639610073840904, 245520000000
2.5389392653015257, -0.5751920464722405, -0.3447560559553087, 245554000000
2.537604293700286, -0.5731230677414589, -0.3251622486402568, 245588000000
2.536226463103815, -0.5708636595958321, -0.30509084133369835, 245622000000
2.5362825965995714, -0.5688919565610508, -0.2849271725762623, 245656000000
2.5366033136515256, -0.5669271993683885, -0.2647357110805129, 245690000000
2.5373924420400122, -0.5651114131405478, -0.244446595602638, 245724000000
2.538104776903537, -0.5632850700900704, -0.22407418237421933, 245758000000
2.5387449553404555, -0.5614538416325218, -0.20364854039795807, 245792000000
2.5393204401853517, -0.5596255522704444, -0.18320145540250904, 245826000000
2.5398383815058887, -0.5578071997172813, -0.16276523892936773, 245860000000
2.540305684177382, -0.5560051128225874, -0.14237368668863884, 245894000000
2.5407289392931633, -0.5542249017775696, -0.12206123204931936, 245928000000
2.5411144722225987, -0.552471572273412, -0.10186352689522657, 245962000000
2.541468303444162, -0.5507495108502164, -0.08181685678958434, 245996000000
2.541796183565692, -0.5490625689447416, -0.06195846780273603, 246030000000
2.542103573672309, -0.5474140681368752, -0.04232615325984783, 246064000000
2.542395671837037, -0.5458068633076051, -0.022958414983252202, 246098000000
2.5426774058039525, -0.5442433578050533, -0.0038941611725915827, 246132000000
2.542953453819933, -0.5427255516667391, 0.014827237222363555, 246166000000
2.54322824462721, -0.5412550604741007, 0.033166176994850735, 246200000000
2.5435059742290456, -0.5398331524176342, 0.051082831326371474, 246234000000
2.5437906097274228, -0.5384607671240179, 0.0685373348338176, 246268000000
2.5440859028285097, -0.5371385439864164, 0.08548983294392631, 246302000000
2.5443953951384457, -0.5358668388822168, 0.10190064021728075, 246336000000
2.5447224287100654, -0.5346457453884569, 0.11773031795888539, 246370000000
2.5450701106061904, -0.5334751158270078, 0.13293950692589238, 246404000000
2.545441388274336, -0.5323544792640765, 0.14749091485288635, 246438000000
2.5458391763598502, -0.5312833809588585, 0.16134443413605645, 246472000000
2.5462659654668496, -0.530260866969158, 0.17446483287584494, 246506000000
2.546724239425667, -0.5292859825614762, 0.18681530492117907, 246540000000
2.547205528315635, -0.5283606234657423, 0.19835452212944749, 246574000000
2.547630407899383, -0.5275119415684053, 0.2089033264806468, 246608000000
2.547421795650784, -0.526898787038039, 0.2183781487138416, 246642000000
2.5467618960592233, -0.5264704962337479, 0.22678273051019987, 246676000000
2.5452919964222387, -0.5262306408297799, 0.2344449920819715, 246710000000
2.5435845585979817, -0.5260378394783503, 0.24280918022460488, 246744000000
2.5418975553875183, -0.5258066458624486, 0.2520187996423094, 246778000000
2.5402251892451915, -0.525535648247244, 0.2621017624915842, 246812000000
2.538566244928043, -0.5252225404169828, 0.2730838597325581, 246846000000
2.5369193498538443, -0.524865306404228, 0.28498823158428727, 246880000000
2.535282994600504, -0.5244622137655206, 0.29783520135688935, 246914000000
2.533655553109709, -0.5240118032622634, 0.31164213644351524, 246948000000
2.532035300830657, -0.5235128836463279, 0.3264232473314019, 246982000000
2.5304204319452084, -0.5229645250684787, 0.3421893915249001, 247016000000
2.5288090749727847, -0.522366056229479, 0.35894783166315397, 247050000000
2.5271993073439405, -0.5217170616372611, 0.3767019888892784, 247084000000
2.5255891687250633, -0.5210173820322249, 0.3954511649980337, 247118000000
2.5239766734589244, -0.5202671159915918, 0.41519026112022805, 247152000000
2.522359822179229, -0.5194666245816364, 0.43590948262287116, 247186000000
2.5207366129022235, -0.5186165380019254, 0.45759405221924476, 247220000000
2.5191050518172036, -0.5177177653741208, 0.4802239322600236, 247254000000
2.517463164085181, -0.5167715071192491, 0.5037735764713531, 247288000000
2.5167031296290387, -0.515285839222063, 0.5278729393003458, 247322000000
2.5170003579224693, -0.5132553524947945, 0.5510381507986901, 247356000000
2.51733362358631, -0.5112547627539644, 0.5731309426764756, 247390000000
2.5177044633484438, -0.5092828833582254, 0.5941463346543484, 247424000000
2.5181138825081444, -0.5073382597784876, 0.6140887650208837, 247458000000
2.518562806443616, -0.5054193987290453, 0.6329655613161436, 247492000000
2.51905174880949, -0.503524626100416, 0.6507908270225327, 247526000000
2.519581055646154, -0.5016522196237668, 0.6675815824747405, 247560000000
2.5201507047196583, -0.4998003413136119, 0.6833597865153374, 247594000000
2.520760440343009, -0.4979671124741562, 0.6981500411230154, 247628000000
2.5214096476041608, -0.49615058542649476, 0.7119806179773939, 247662000000
2.5220974210133313, -0.4943487885585097, 0.7248820889518051, 247696000000
2.5228224805848987, -0.4925597190968478, 0.7368878337602045, 247730000000
2.523583199853915, -0.4907813733972256, 0.7480332223059533, 247764000000
2.5243775445747754, -0.48901175156121696, 0.7583558572500505, 247798000000
2.525203075299254, -0.487248881321049, 0.7678950853228278, 247832000000
2.5260568976137003, -0.4854908299778004, 0.7766921063129428, 247866000000
2.5256236472958675, -0.4849969321654658, 0.7852649467304039, 247900000000
2.524945273039138, -0.48466599164548885, 0.7946194734802647, 247934000000
2.5242427856598875, -0.4842771537363922, 0.804742626956635, 247968000000
2.52351388386707, -0.48383244180285573, 0.8155901976748329, 248002000000
2.522756337920464, -0.4833342008057002, 0.8271177476034115, 248036000000
2.5219679910285975, -0.4827851028370411, 0.8392808338091624, 248070000000
2.521146764671726, -0.4821881638978785, 0.8520351331397307, 248104000000
2.520290661663989, -0.4815467556484875, 0.8653366119583705, 248138000000
2.5193977712573834, -0.48086462532345714, 0.8791416398218408, 248172000000
2.518466273406382, -0.48014591394338474, 0.8934071247471902, 248206000000
2.517494444903306, -0.479395180314069, 0.9080906149004623, 248240000000
2.5164806659059558, -0.47861742504045995, 0.9231504077513217, 248274000000
2.51542342863837, -0.4778181186708877, 0.9385456363255626, 248308000000
2.5143213475848483, -0.4770032304286028, 0.9542363536918245, 248342000000
2.513173172376503, -0.47617925959285506, 0.9701835987850419, 248376000000
2.511977803098618, -0.4753532671473798, 0.986349454111601, 248410000000
2.5107343088043788, -0.47453290846790525, 1.0026970858707969, 248444000000
2.509441949113987, -0.47372646522618955, 1.0191907715736215, 248478000000
2.508100199345344, -0.472942876444213, 1.0357959098498848, 248512000000
2.50670877903913, -0.4721917671087423, 1.0524790147595835, 248546000000
2.5052676840182766, -0.47148347372017396, 1.0692076915590838, 248580000000
2.5037763167810767, -0.4708280666582961, 1.0859504182893371, 248614000000
2.5022210394136932, -0.4702222798548099, 1.1026615547567922, 248648000000
2.5005262363658334, -0.4694237592562495, 1.1192693356531278, 248682000000
2.498755605393474, -0.4682697274149931, 1.1356847436724107, 248716000000
2.4970283061651406, -0.4667896343138168, 1.1517984465292954, 248750000000
2.4952876963331714, -0.4659893765875358, 1.1676620455870697, 248784000000
2.4935178143494174, -0.46533648308826325, 1.1833417663730033, 248818000000
2.4935550005693816, -0.4635464937235204, 1.1991082004824776, 248852000000
2.4945530698854315, -0.46060388173773764, 1.2127705984054544, 248886000000
2.4959464192491194, -0.4569710770542262, 1.209907279078742, 248920000000
2.497096711617273, -0.45395232008869096, 1.20257296856397, 248954000000
2.496896045695634, -0.4538002794630403, 1.1949502251126884, 248988000000
2.4954487655656594, -0.456039561581519, 1.183230255329896, 249022000000
2.4945954823129726, -0.45819502562447156, 1.167878276573247, 249056000000
2.4938834063951703, -0.45875184122379414, 1.1461852569981206, 249090000000
2.4940964289934633, -0.45745363749342915, 1.1122635526616902, 249124000000
2.4942496041330697, -0.4565802332499222, 1.0766710816389362, 249158000000
2.4943979134905634, -0.45570621381334714, 1.0413226181656439, 249192000000
2.494583114802622, -0.4548301579214636, 1.0062217329474705, 249226000000
2.494807128984127, -0.45395535314054763, 0.9713762885434902, 249260000000
2.495071755754176, -0.4530852593356137, 0.9367943430789586, 249294000000
2.495378469558478, -0.45222335618562853, 0.9024824497319449, 249328000000
2.4957283830855874, -0.45137308708488366, 0.8684454289284365, 249362000000
2.496122248397125, -0.4505378259316575, 0.8346864467679643, 249396000000
2.4965604657453375, -0.4497208474398346, 0.801207146913255, 249430000000
2.4970430958357066, -0.4489252981164202, 0.7680077990505686, 249464000000
2.497569875006576, -0.44815416784507334, 0.7350874578976079, 249498000000
2.498140233139384, -0.4474102624131542, 0.7024441300560292, 249532000000
2.498753314101468, -0.4466961773634897, 0.6700749463113571, 249566000000
2.4994079987416313, -0.44601427387124476, 0.637976336257462, 249600000000
2.5001029284199414, -0.44536665548591214, 0.6061442026818423, 249634000000
2.500836532666112, -0.4447551478822634, 0.5745741030852242, 249668000000
2.5016070572142146, -0.44418128217745007, 0.5432614154880938, 249702000000
2.502412591655776, -0.44364627852852967, 0.5122015023815573, 249736000000
2.5032510992561403, -0.44315103356668534, 0.48138987032523006, 249770000000
2.5041204465178777, -0.44269611028731026, 0.4508223189221848, 249804000000
2.505018432595483, -0.4422817305962699, 0.42049507962078014, 249838000000
2.505810544121882, -0.4418903070873571, 0.390422130193267, 249872000000
2.5049570013533473, -0.4419202280248396, 0.3625639942908631, 249906000000
2.5065116309861026, -0.441449507725768, 0.33766958790821, 249940000000
2.507439567277862, -0.4409922531570974, 0.31376920975960004, 249974000000
2.5083417096958986, -0.44060810891217383, 0.2902228438297106, 250008000000
2.5092679722914566, -0.4403004743495301, 0.26691013991392704, 250042000000
2.510218776218256, -0.44006960322470573, 0.24371601746354915, 250076000000
2.5111944492405014, -0.4399154360268899, 0.22052541898248942, 250110000000
2.5116924272543613, -0.4402589472840477, 0.19747322948446155, 250144000000
2.5102423589559697, -0.4426511611497553, 0.17458850645786586, 250178000000
2.5084243463055196, -0.4453520347553358, 0.15133914926405403, 250212000000
2.506506781753214, -0.44805495628689906, 0.12761824428748597, 250246000000
2.5045008306708745, -0.45075890792302736, 0.10334489881040769, 250280000000
2.502416578596541, -0.4534627813731639, 0.07844376492105078, 250314000000
2.500263160333076, -0.45616536818696324, 0.052844797964463286, 250348000000
2.4980487366791975, -0.4588652427484013, 0.02648415626577667, 250382000000
2.495781427447198, -0.4615599022955491, -0.0006954652157870669, 250416000000
2.4934847907319817, -0.46422749040425765, -0.028684115038370792, 250450000000
2.4919387884781203, -0.46685267408016673, -0.0573477337646931, 250484000000
2.4925943622164786, -0.4696534226092996, -0.08613716564455941, 250518000000
2.493173407967137, -0.47248364085861727, -0.11513584266917153, 250552000000
2.4936845974401987, -0.4753363052015377, -0.14429104070316293, 250586000000
2.494135885074134, -0.4782050810589503, -0.17355018112265433, 250620000000
2.494534824669908, -0.4810844302564539, -0.20286008266038924, 250654000000
2.494888457485545, -0.483969630790458, -0.23216831120756895, 250688000000
2.495203393195548, -0.4868566623448652, -0.26142297654030944, 250722000000
2.4954857432540556, -0.4897421942115751, -0.2905737506222363, 250756000000
2.4957411766945676, -0.492623497913115, -0.3195719291589021, 250790000000
2.4959748830150916, -0.49549841847588116, -0.34837119720108484, 250824000000
2.4961916108718154, -0.498365305134693, -0.3769277989424133, 250858000000
2.496395649084894, -0.5012229751036147, -0.40520109137040644, 250892000000
2.4965908535474686, -0.5040706564910515, -0.4331537183894777, 250926000000
2.4967806385533247, -0.5069079496827189, -0.4607519775218515, 250960000000
2.4969679952769908, -0.5097347786409493, -0.48796593848849384, 250994000000
2.4971554882811287, -0.5125513524840711, -0.5147696463285849, 251028000000
2.4973452676225834, -0.5153581226305934, -0.5411411597904358, 251062000000
2.497539067238071, -0.5181557456829974, -0.5670626188753919, 251096000000
2.4977382118994425, -0.5209450446911265, -0.5925202041326764, 251130000000
2.497943615382128, -0.5237269736481345, -0.6175041016936744, 251164000000
2.4981557829546404, -0.5265025816613079, -0.6420084007500722, 251198000000
2.4983748079779096, -0.529272978950181, -0.6660309913235446, 251232000000
2.4986003702531723, -0.5320393030070043, -0.689573424761486, 251266000000
2.498831730139323, -0.5348026857342765, -0.7126407777388755, 251300000000
2.499067722853684, -0.537564220776243, -0.7352415013043969, 251334000000
2.4993067494806063, -0.5403249311998269, -0.7573872794222232, 251368000000
2.499546767238564, -0.5430857370985434, -0.7790928881262928, 251402000000
2.4997852770368314, -0.5458474229410328, -0.8003760695474714, 251436000000
2.5000193098492205, -0.5486106043382923, -0.8212574162727151, 251470000000
2.5002454108925156, -0.5513756938818954, -0.8417602737831308, 251504000000
2.500459622644759, -0.5541428657342363, -0.861910658135342, 251538000000
2.5006574663584424, -0.5569120185670716, -0.881737192536752, 251572000000
2.500833922946441, -0.559682736552694, -0.9012710606304144, 251606000000
2.5009834134079334, -0.5624542480649238, -0.9205459778380993, 251640000000
2.5010997797074, -0.5652253819082766, -0.9395981791121544, 251674000000
2.5011762666779513, -0.567994520926218, -0.9584664235891494, 251708000000
2.501205505974366, -0.5707595530467898, -0.9771920153755, 251742000000
2.501179502941548, -0.5735178199387754, -0.9958188412208937, 251776000000
2.5010896275375374, -0.576266063656411, -1.0143934252546667, 251810000000
2.5009266104292056, -0.5790003716704417, -1.032965000927301, 251844000000
2.5006805449242333, -0.5817161224936046, -1.0515856138059207, 251878000000
2.500340896886406, -0.5844079299933534, -1.0703102325156995, 251912000000
2.4998965229004666, -0.58706959037594, -1.0891968943886976, 251946000000
2.4993356981865373, -0.5896940321304901, -1.108306878614155, 251980000000
2.501594751311889, -0.5942045288646955, -1.1271645740487468, 252014000000
2.504261810013818, -0.5986735350620722, -1.1452694294063008, 252048000000
2.5039731374340053, -0.5972808711943892, -1.1612034462597978, 252082000000
2.5032511251157716, -0.5969828305849384, -1.1762103540806692, 252116000000
2.502274866251497, -0.5951671631402274, -1.1881043558410835, 252150000000
2.501807835744368, -0.5951204462952724, -1.198954947840803, 252184000000
2.500408974512839, -0.5930004802791988, -1.2073003589191258, 252218000000
2.500470785931475, -0.5932484989002829, -1.2137235708221623, 252252000000
2.4978677315116338, -0.5918088473723259, -1.218648755118925, 252286000000
2.4959733191695106, -0.5908167174074851, -1.224386376213613, 252320000000
2.49454044242773, -0.5909126902911326, -1.2314848420325981, 252354000000
2.493695088393938, -0.5916615761668733, -1.239372723075003, 252388000000
2.4940313069778144, -0.5935422708402325, -1.2487188870147492, 252422000000
2.4954486639014655, -0.5946072534478356, -1.259424065205034, 252456000000
2.4965105715351563, -0.5952268664771694, -1.270256595698205, 252490000000
2.4967099452874786, -0.5951263111487844, -1.2812031529105974, 252524000000
2.4957926723792276, -0.5943392347264853, -1.2922045544549627, 252558000000
2.494583951459879, -0.5941304131453956, -1.3026467540890767, 252592000000
2.493662914661225, -0.5935622194010363, -1.3131131721294866, 252626000000
2.4925760274063524, -0.5932536550577652, -1.3238071735649872, 252660000000
2.491407697879917, -0.5925066136807624, -1.334830751703832, 252694000000
2.4901843937346144, -0.5917051088636276, -1.346235409815847, 252728000000
2.4889961934024174, -0.5914892044601132, -1.3576879965858457, 252762000000
2.487826293389196, -0.5912058342247425, -1.3690737922258918, 252796000000
2.4867054794328403, -0.59110285376878, -1.3804120768157122, 252830000000
2.4856107475201474, -0.5913532661258831, -1.391734814864223, 252864000000
2.4845206208075967, -0.5915817807475963, -1.4030200560581598, 252898000000
2.483441092750218, -0.5917945448886368, -1.414231926642913, 252932000000
2.4823774357738366, -0.5919973648575872, -1.4253357528183923, 252966000000
2.4813343297872485, -0.5921956640955723, -1.4362980218669155, 253000000000
2.4803158849297358, -0.5923944853149317, -1.4470865432529891, 253034000000
2.479325681704582, -0.5925985080006068, -1.4576704720645717, 253068000000
2.4783667955070348, -0.5928120546489759, -1.4680204557623382, 253102000000
2.4774418308227806, -0.5930391060401197, -1.4781086923952513, 253136000000
2.476552944919164, -0.5932833088683681, -1.4879090628354263, 253170000000
2.475701876294729, -0.5935479882392177, -1.4973972057998473, 253204000000
2.474889965771949, -0.5938361547606463, -1.506550635642528, 253238000000
2.47411817931242, -0.594150513809615, -1.5153488229022642, 253272000000
2.473387133352861, -0.5944934599224614, -1.5237731238941628, 253306000000
2.472697047394379, -0.5948670426530935, -1.5318075613128075, 253340000000
2.4720478966482085, -0.595273171684185, -1.5394378606164565, 253374000000
2.471439303223872, -0.5957133726352336, -1.5466522376782712, 253408000000
2.470870582008003, -0.596188879859167, -1.5534412999378218, 253442000000
2.470340794712299, -0.5967006508351471, -1.5597981297347734, 253476000000
2.4698486557790034, -0.5972493128280457, -1.565718335368756, 253510000000
2.469392557611123, -0.5978351929961707, -1.5712001568394256, 253544000000
2.4689706254359844, -0.5984583149328477, -1.576244493624137, 253578000000
2.4685806796083107, -0.5991183728602046, -1.580855006979089, 253612000000
2.46822023498765, -0.5998147211593865, -1.5850381486453522, 253646000000
2.4678864893829893, -0.6005463551070587, -1.5888032387135875, 253680000000
2.46757631718288, -0.6013118941271596, -1.5921624957496883, 253714000000
2.4672937523274894, -0.6015089951432439, -1.5952386417480786, 253748000000
2.466998446817208, -0.6011403292297203, -1.5986855626365797, 253782000000
2.466667813378419, -0.600808219198395, -1.602611873700411, 253816000000
2.4663000667858044, -0.6005115902404901, -1.6070096191073031, 253850000000
2.46589375190963, -0.6002490477249454, -1.6118683560393958, 253884000000
2.465447741056, -0.6000188722673436, -1.6171753250922174, 253918000000
2.464961241732833, -0.5998190182419277, -1.622915566063739, 253952000000
2.4644338004352777, -0.5996471148663007, -1.6290720678854933, 253986000000
2.463865313348948, -0.5995004623063278, -1.6356258871761693, 254020000000
2.46325603549513, -0.5993760285741994, -1.6425562845570598, 254054000000
2.4626065945492175, -0.5992704428613573, -1.6498408427204145, 254088000000
2.4619180044402458, -0.599179988683923, -1.6574555927406887, 254122000000
2.461191682294564, -0.5991005943878572, -1.6653751285216893, 254156000000
2.4604294659066714, -0.5990278230648873, -1.6735727228304913, 254190000000
2.4596336337630462, -0.5989568606087772, -1.6820204330614057, 254224000000
2.458806925975847, -0.598882503282086, -1.6906892025675468, 254258000000
2.4579525672300724, -0.5987991443031324, -1.6995489497640777, 254292000000
2.457074290714149, -0.5987007605310849, -1.7085686463281562, 254326000000
2.4561763635250853, -0.5985808993132786, -1.717716378535738, 254360000000
2.455263612764399, -0.5984326665073707, -1.7269593903163891, 254394000000
2.454341452339546, -0.5982487161613068, -1.7362641027032737, 254428000000
2.4534154679200704, -0.5980242117343151, -1.7455936313243738, 254462000000
2.452492156062052, -0.5977627836512882, -1.754861112832162, 254496000000
2.4516277191771874, -0.5983360472867607, -1.7640834186321117, 254530000000
2.4509057506638805, -0.6013626229755961, -1.7734387548183623, 254564000000
2.45016773742404, -0.6044711961093521, -1.7825823412701345, 254598000000
2.449399670772146, -0.6074810091908619, -1.791654976888613, 254632000000
2.4486106933667324, -0.6104626425931116, -1.8005828469203389, 254666000000
2.447801769793867, -0.6134232061805002, -1.8092800823081594, 254700000000
2.44697416646292, -0.6163621049462872, -1.8177063058263836, 254734000000
2.446124028898541, -0.6193003651209276, -1.8258142393378662, 254768000000
2.445108547541106, -0.6228227570637309, -1.8290221056022475, 254802000000
2.444079458667761, -0.6263457045973471, -1.8236165245814886, 254836000000
2.443096519175032, -0.6298145973178905, -1.8211879047105533, 254870000000
2.4420808890429644, -0.6334245288495514, -1.8213748463920907, 254904000000
2.4410682396684744, -0.6370093351779551, -1.8211446147695594, 254938000000
2.4399963574615797, -0.6407665737839482, -1.820864673225086, 254972000000
2.4389968965892628, -0.6443689326900099, -1.8205519371081211, 255006000000
2.438259110808156, -0.6473285090524667, -1.8201100668688042, 255040000000
2.438136464588738, -0.6477342611774413, -1.8199503462546363, 255074000000
2.4380168054537115, -0.6481616130542458, -1.8199712106671768, 255108000000
2.4379026231651943, -0.6486086930913002, -1.8202194101737865, 255142000000
2.437796361248437, -0.6490734556269517, -1.8207431407313712, 255176000000
2.437700191630166, -0.6495539668621995, -1.8215908255295872, 255210000000
2.437616077260446, -0.6500483865410633, -1.8228125018974486, 255244000000
2.437545732696518, -0.65055496650135, -1.824459116745782, 255278000000
2.4374906645011913, -0.6510720361110202, -1.8265835044271408, 255312000000
2.4374521476829947, -0.6515979964133672, -1.8292399967447701, 255346000000
2.4374312507900506, -0.6521313078828627, -1.8324851187156925, 255380000000
2.437428821626903, -0.6526704824110399, -1.8363773956782916, 255414000000
2.437445501973327, -0.6532140725854939, -1.840977846993267, 255448000000
2.4374817183637245, -0.653760662948993, -1.846349898114935, 255482000000
2.4375376898087144, -0.6543088604376391, -1.8525597102729445, 255516000000
2.4376134210948215, -0.6548572857354789, -1.8596761145456246, 255550000000
2.4377304170467484, -0.6553082599239727, -1.867469151296567, 255584000000
2.4378528143759515, -0.65570967957333, -1.8750339397341353, 255618000000
2.437958963412967, -0.6561218129517921, -1.8822677481334975, 255652000000
2.438047150390406, -0.6565423161779395, -1.8891263678509473, 255686000000
2.4381158306173125, -0.6569690104859695, -1.8955643717978556, 255720000000
2.438163618551017, -0.6573998724258125, -1.901534806313346, 255754000000
2.43818928470554, -0.6578330276368509, -1.9069889300314218, 255788000000
2.4381498501577843, -0.6581089597150596, -1.9118693577131136, 255822000000
2.4379710921572464, -0.6578588150899626, -1.9160437559996975, 255856000000
2.43783028413643, -0.6577651699831325, -1.9194600255992407, 255890000000
2.437746267828697, -0.6578410414829283, -1.9220322513892294, 255924000000
2.4376772977438868, -0.6580724142137522, -1.9237115127299493, 255958000000
2.437588985901462, -0.6583391598661293, -1.9244797840616126, 255992000000
2.4374749383823144, -0.6585958707643289, -1.9242797721173295, 256026000000
2.4373352702354665, -0.6588418279638696, -1.9230466723453445, 256060000000
2.4371701599953113, -0.6590763536222328, -1.920708851902489, 256094000000
2.436979968459065, -0.6592988617154337, -1.9171919983962333, 256128000000
2.4367651541827113, -0.6595088129340537, -1.9124153268572486, 256162000000
2.4365263464723217, -0.6597057414112745, -1.9062940801690194, 256196000000
2.436264300095016, -0.6598892289305672, -1.8987372751312832, 256230000000
2.4359799417965853, -0.6600589192027255, -1.8896493818575946, 256264000000
2.4356440458852666, -0.6603297006413288, -1.8792889916189464, 256298000000
2.4352799041292807, -0.6607364551265882, -1.8694315587612829, 256332000000
2.43493297085614, -0.6611568348281801, -1.8603672798744326, 256366000000
2.4346050911580743, -0.6615907917708681, -1.8521554745554754, 256400000000
2.434297832439037, -0.6620382416333056, -1.844853574553125, 256434000000
2.4340126608136625, -0.6624991111020945, -1.8385254552417158, 256468000000
2.433750818980826, -0.6629732960686464, -1.8332362824925994, 256502000000
2.433513432012439, -0.6634606885514033, -1.8290579656149237, 256536000000
2.4333014374044315, -0.663961148978732, -1.8260666169461623, 256570000000
2.4331156480101854, -0.6644745215689322, -1.8243464267946063, 256604000000
2.4329567123578233, -0.6650006154175462, -1.8239888279309748, 256638000000
2.432825151870521, -0.6655392123052712, -1.8250955923806946, 256672000000
2.432721338364819, -0.6660900530383246, -1.8277791837160549, 256706000000
2.432645515672959, -0.6666528401118662, -1.8321655639927206, 256740000000
2.4325977865011037, -0.6672272269024115, -1.8383954211690738, 256774000000
2.4325781242889226, -0.6678128166224079, -1.8466269390912806, 256808000000
2.432586364710001, -0.6684091527469039, -1.8570376242527786, 256842000000
2.4326222110435634, -0.6690157150987275, -1.8698270154854, 256876000000
2.4326852274423927, -0.669631910454618, -1.8852186421683634, 256910000000
2.432774839617297, -0.6702570662872017, -1.903462160013827, 256944000000
2.432890328138764, -0.6708904209317077, -1.9248343740182965, 256978000000
2.43308248091187, -0.6713469313608611, -1.9482791462814293, 257012000000
2.433275429828504, -0.6717302191692436, -1.9710013343640589, 257046000000
2.433436923476265, -0.6721107065429135, -1.992850711633793, 257080000000
2.433561882144042, -0.6724687920240733, -2.013589426291938, 257114000000
2.433653088882518, -0.6728163406886553, -2.032920137668057, 257148000000
2.433711263240463, -0.6731600300233492, -2.050730805007683, 257182000000
2.4337272424505003, -0.6734857282464498, -2.0668934624454236, 257216000000
2.43365213142467, -0.6736717107999441, -2.0809007640395296, 257250000000
2.4335551833415514, -0.6738889692049415, -2.092406799724325, 257284000000
2.433446968216268, -0.6741375671779439, -2.1012822771088144, 257318000000
2.4333231066539063, -0.6744160448549401, -2.1074134615805504, 257352000000
2.433166544267721, -0.6746947429193174, -2.110750351599733, 257386000000
2.4329757364744062, -0.6749674404626311, -2.110996822903757, 257420000000
2.4327509416774284, -0.6752333112162879, -2.1077214826078765, 257454000000
2.432492833710017, -0.6754925354265346, -2.10037178627921, 257488000000
2.4322019039302054, -0.6757442233970063, -2.0882279801454757, 257522000000
2.431878721639672, -0.6759871050737807, -2.0703216465723826, 257556000000
2.431524236552849, -0.6762207416535756, -2.0453732118862122, 257590000000
2.431139572999281, -0.6764447060765716, -2.011693927403532, 257624000000
2.4307260280665024, -0.6766585804544555, -1.9670502373787828, 257658000000
2.4302152820315457, -0.6771003290260824, -1.9139729736148083, 257692000000
2.4297147231220353, -0.6775897543854883, -1.8570267309843647, 257726000000
2.429234420100028, -0.678105587747959, -1.7949975198282728, 257760000000
2.42877553541525, -0.6786479944555278, -1.726096659175008, 257794000000
2.4283390810853014, -0.679217054482881, -1.6476072348932045, 257828000000
2.427925928224264, -0.679812761200474, -1.5552939293621393, 257862000000
2.4275368126808456, -0.6804350149271979, -1.442380570911933, 257896000000
2.4271723422342752, -0.6810836187001962, -1.2978623536991103, 257930000000
2.4268330011422576, -0.6817582706699866, -1.1043464778571697, 257964000000
2.426519154979999, -0.6824585573180072, -0.838701979494478, 257998000000
2.4262310531961857, -0.6831839442135534, -0.4888538058327749, 258032000000
2.426176208229621, -0.6839989985982358, -0.11281400671004056, 258066000000
2.4262203679942567, -0.6848225713214124, 0.20276561731598206, 258100000000
2.426317429125745, -0.6856279101875061, 0.44276074109513236, 258134000000
2.426471979912654, -0.6864095278489567, 0.6251208812412967, 258168000000
2.4266876329942817, -0.6871626947129393, 0.770424094884296, 258202000000
2.4269670340658527, -0.6878834057631389, 0.8934248155591318, 258236000000
2.4273075751112647, -0.6885664761698288, 1.003671204463909, 258270000000
2.4276678073108577, -0.6891670255340226, 1.1041184906431065, 258304000000
2.4280615814189126, -0.6895449991107512, 1.1924920388664522, 258338000000
2.4281475564699706, -0.689522931835991, 1.2620000946085397, 258372000000
2.4282204137109495, -0.6893929694718208, 1.3162087778608675, 258406000000
2.428301311108366, -0.6892629272734924, 1.358966434413188, 258440000000
2.42832846570967, -0.6891714221613653, 1.392920030965567, 258474000000
2.4283649796457003, -0.6890652455961267, 1.4200547484718846, 258508000000
2.4283966934248986, -0.688908950899635, 1.4418027727728875, 258542000000
2.4284313157759234, -0.6886997704349187, 1.4594434569379982, 258576000000
2.428447889334739, -0.6884196192924471, 1.4740703469430376, 258610000000
2.428450376471744, -0.6880694277139073, 1.486166030972552, 258644000000
2.4284410565870944, -0.6876513221120779, 1.4959224442554253, 258678000000
2.428420074439426, -0.6871703840380317, 1.5030566713252824, 258712000000
2.4283877216985728, -0.6866338223376736, 1.5064539014487772, 258746000000
2.428344418940649, -0.6860500847344337, 1.5021767661495475, 258780000000
2.428290719869399, -0.6854289045375596, 1.4681249811348152, 258814000000
2.428242569477979, -0.6847674006326773, -0.9885107535748681, 258848000000
2.4283027329237905, -0.6840952535392895, -1.5751087551534717, 258882000000
2.4283889543197756, -0.6834419372915337, -1.6269929377630408, 258916000000
2.4285015592313752, -0.6828086264253495, -1.659934806357566, 258950000000
2.4286408323966224, -0.6821964348467009, -1.688389835070961, 258984000000
2.4288068660267905, -0.681606259829944, -1.7154557471180742, 259018000000
2.4289996944755003, -0.6810389191460383, -1.7422158829160364, 259052000000
2.429219194482411, -0.6804950634788827, -1.7691298298201807, 259086000000
2.429465162318835, -0.6799752557496919, -1.7964326843883878, 259120000000
2.429737254472431, -0.6794799240835306, -1.8242432134564257, 259154000000
2.4300350304380385, -0.6790094078384148, -1.852626761515343, 259188000000
2.430357916180069, -0.678563932837172, -1.881610129054831, 259222000000
2.430705226080743, -0.678143638091573, -1.91119871740228, 259256000000
2.4310761388456634, -0.6777485629777198, -1.9413786244730298, 259290000000
2.431469706675049, -0.677378662688745, -1.9721229358896057, 259324000000
2.431876586027021, -0.6770452470269798, -2.003015516128085, 259358000000
2.432246398303833, -0.6767526027013293, -2.028413081593293, 259392000000
2.4325857405074465, -0.6764503601137978, -2.047439512985741, 259426000000
2.4328936969161665, -0.6761388072811849, -2.0610831565676713, 259460000000
2.4331696440317105, -0.6758182737283487, -2.070144944102032, 259494000000
2.4334130193236305, -0.6754890915514999, -2.075256809554505, 259528000000
2.4336234841920947, -0.6751516343776673, -2.0769334553878815, 259562000000
2.433800792004539, -0.6748062931057082, -2.0755872377516087, 259596000000
2.433944880193901, -0.6744535014753834, -2.0715584057950815, 259630000000
2.434055794939868, -0.6740937231845334, -2.0651252278908205, 259664000000
2.4341337434347734, -0.6737274693162922, -2.056521642824835, 259698000000
2.434179051660278, -0.6733552925449373, -2.0459439779166124, 259732000000
2.4341921947281087, -0.6729777996725117, -2.0335614642891358, 259766000000
2.4341737742918514, -0.6725956502625772, -2.019520753745007, 259800000000
2.4341245372803035, -0.6722095663034675, -2.0039523574899225, 259834000000
2.434053200614642, -0.6718071776891745, -1.9871104274487839, 259868000000
2.4340164976544956, -0.6713604569610477, -1.972122653397277, 259902000000
2.434006812198081, -0.6709268923576465, -1.9600403447627075, 259936000000
2.4340244842394982, -0.6705070761059861, -1.9506241082982645, 259970000000
2.434069721987774, -0.6701015265217005, -1.943660074422441, 260004000000
2.4341426035896356, -0.6697106845884289, -1.9389577299867047, 260038000000
2.4342430818200884, -0.6693349222493039, -1.936347750611593, 260072000000
2.4343709828966853, -0.6689745450093467, -1.9356795426105902, 260106000000
2.434526008103164, -0.6686297977267639, -1.9368189911458256, 260140000000
2.43470773153167, -0.6683008669458881, -1.9396462118981572, 260174000000
2.4349155990065308, -0.6679878848031773, -1.9440535419540361, 260208000000
2.4351489242979687, -0.6676909307834937, -1.9499436345938226, 260242000000
2.435406885592512, -0.6674100341867373, -1.9572277676911871, 260276000000
2.435688519971947, -0.6671451752345843, -1.965824279060653, 260310000000
2.4359927176594867, -0.6668962864526926, -1.9756571794817819, 260344000000
2.4363046832464086, -0.6666805684250289, -1.986338726938773, 260378000000
2.4365858635004543, -0.6664850549043659, -1.9955414182393976, 260412000000
2.4368414797857714, -0.6662765509215243, -2.0029010274834347, 260446000000
2.4370709973647555, -0.6660552885810493, -2.008530697680531, 260480000000
2.4372739224146325, -0.6658215133096697, -2.0125305599158705, 260514000000
2.4374499743878975, -0.6655755619651759, -2.0149974886479463, 260548000000
2.437598949507797, -0.6653178075744878, -2.0160185522768335, 260582000000
2.437720818894431, -0.6650487068908685, -2.015676722909864, 260616000000
2.437815651290834, -0.6647687698495733, -2.014047635332598, 260650000000
2.437883669040502, -0.6644785897568539, -2.011203033205293, 260684000000
2.4379252051636784, -0.6641788277474058, -2.007209273277376, 260718000000
2.437940735876138, -0.6638702329533538, -2.00212947937507, 260752000000
2.437930857732985, -0.6635536360913554, -1.9960229500559723, 260786000000
2.4378963074135815, -0.6632299639476789, -1.9889465552989878, 260820000000
2.4378379508030448, -0.6629002385453404, -1.980954594988457, 260854000000
2.43778219884486, -0.6625286159572306, -1.9725046726286608, 260888000000
2.4377611843822113, -0.662131719517632, -1.9652663147080585, 260922000000
2.4377654955650327, -0.6617416095434143, -1.9593450900714606, 260956000000
2.437795236590058, -0.6613588276959016, -1.9546690499049073, 260990000000
2.4378503534405747, -0.6609838715876305, -1.951169523991478, 261024000000
2.4379306367943094, -0.6606172010089113, -1.9487811325177475, 261058000000
2.4380357206628314, -0.6602592423580075, -1.9474416556948204, 261092000000
2.4381650825804146, -0.6599103940574395, -1.9470918892765825, 261126000000
2.438318040994529, -0.6595710305886783, -1.9476754254012536, 261160000000
2.438493753128336, -0.6592415068815224, -1.949138430451808, 261194000000
2.438691210790444, -0.6589221617826105, -1.9514293879026103, 261228000000
2.4389092360422304, -0.6586133215577532, -1.9544988462041462, 261262000000
2.439146475271674, -0.6583153027541907, -1.958299154888449, 261296000000
2.4394013928114533, -0.6580284149563954, -1.9627842113579093, 261330000000
2.4396722632926617, -0.6577529630914479, -1.967909209734917, 261364000000
2.4399198652664063, -0.6575224200645949, -1.9727781587951196, 261398000000
2.4401478623351456, -0.6572797853303468, -1.9766808497726582, 261432000000
2.440356369595176, -0.6570242374255716, -1.9796738473198157, 261466000000
2.440545028174786, -0.656756494987468, -1.981811635945944, 261500000000
2.4407136181505473, -0.6564773905411564, -1.98314686854927, 261534000000
2.4408620528796936, -0.6561878730749285, -1.9837303928153183, 261568000000
2.440990380206156, -0.6558890145141111, -1.9836113889995002, 261602000000
2.4410987798138937, -0.6555820142316504, -1.9828374678927736, 261636000000
2.4411875646824703, -0.6552682061433278, -1.981454825556806, 261670000000
2.441257180589179, -0.6549490647689462, -1.9795083721328361, 261704000000
2.4413082081049473, -0.6546262130018116, -1.977041886438992, 261738000000
2.4413413636558263, -0.6543014293419183, -1.9740981515411238, 261772000000
2.4413575021276777, -0.6539766562183873, -1.97071909919812, 261806000000
2.4413576190662214, -0.6536540079875945, -1.9669459393660282, 261840000000
2.4413570262667927, -0.6533096741056622, -1.9629235603783326, 261874000000
2.4413868581049383, -0.6529276775849818, -1.9594243140949845, 261908000000
2.441433654485915, -0.652550644493833, -1.956551853447368, 261942000000
2.4414967199342565, -0.6521797527386406, -1.9542576650141652, 261976000000
2.4415751389964124, -0.6518161983170272, -1.952494234982673, 262010000000
2.44166777878992, -0.6514612012612803, -1.9512150336606753, 262044000000
2.4417732821431333, -0.6511160126487261, -1.9503744185564438, 262078000000
2.4418900662876015, -0.6507819214721706, -1.9499275652978916, 262112000000
2.442016316345845, -0.6504602613256015, -1.9498303528242245, 262146000000
2.442149981898796, -0.6501524166313377, -1.9500392595795237, 262180000000
2.44228877049168, -0.6498598286391596, -1.950511232107046, 262214000000
2.4424301429060518, -0.6495840007850485, -1.9512035549539646, 262248000000
2.4417104637583886, -0.6514990058936393, -1.9517127594161339, 262282000000
2.440601174433545, -0.6543717982272584, -1.9519709609709117, 262316000000
2.439470216132902, -0.6573290647589718, -1.9530816081825673, 262350000000
2.4383489358435035, -0.6602782234846292, -1.9548156947969206, 262384000000
2.4372397788797633, -0.6632009948262227, -1.9558809680889793, 262418000000
2.436113915822306, -0.6661361327604588, -1.9566058946773242, 262452000000
2.434981597432895, -0.6690647722974812, -1.9570618005706306, 262486000000
2.4338395625422864, -0.6719842445139882, -1.957283690550275, 262520000000
2.4326871558683774, -0.6748954260188224, -1.9573234777039876, 262554000000
2.431523604329259, -0.6777995591572349, -1.9572302372884924, 262588000000
2.4303482585131024, -0.6806979257732484, -1.9570514907205867, 262622000000
2.42916068130856, -0.6835919015668254, -1.9568344492059273, 262656000000
2.4279606651382144, -0.6864829676722075, -1.956626435710974, 262690000000
2.426776915015633, -0.6893277609387871, -1.9567861901366392, 262724000000
2.4256380922129743, -0.6920022658592033, -1.9579593145440919, 262758000000
2.4245212080553156, -0.6945314853237347, -1.9602279211656513, 262792000000
2.423975756498256, -0.6950543304935891, -1.963335357882239, 262826000000
2.4229905298297494, -0.6934750589388576, -1.9667476468199026, 262860000000
2.4214602857305643, -0.6954469261652938, -1.9704058590130322, 262894000000
2.4203235009418798, -0.6964618731530112, -1.9742104677684176, 262928000000
2.4191767130324484, -0.6974328564879523, -1.978160654472424, 262962000000
2.418003609717327, -0.6984456727509896, -1.982287843204619, 262996000000
2.417082712271499, -0.6990243474026732, -1.98664089020459, 263030000000
2.4161823050495825, -0.6994928875474224, -1.991189579883949, 263064000000
2.415421158972343, -0.6998021004563627, -1.9958899167816067, 263098000000
2.4147442526282195, -0.700027829521878, -2.0006706391521156, 263132000000
2.4141534500865234, -0.7001761165787286, -2.005459456036609, 263166000000
2.4136349931810894, -0.7002701724039426, -2.010189967492438, 263200000000
2.4131764240452562, -0.7003325182256088, -2.014802137011381, 263234000000
2.412765650539893, -0.7003764649867258, -2.0192411610384884, 263268000000
2.4123741844855764, -0.7004027520560298, -2.0234675766192045, 263302000000
2.4119879507797917, -0.7004165195508886, -2.0274688912694643, 263336000000
2.411606155086115, -0.7004141859880196, -2.031239271797231, 263370000000
2.4112341469815792, -0.7003795905756474, -2.0347323874791097, 263404000000
2.4108737846133743, -0.7003788611707974, -2.0379381762632414, 263438000000
2.4106642541893297, -0.7000821478149356, -2.0410670575478376, 263472000000
2.410448602077795, -0.6998220846289083, -2.044381365048608, 263506000000
2.4102431661040478, -0.699444355340148, -2.047933895799324, 263540000000
2.410078352538167, -0.6989580607901937, -2.0517810555206966, 263574000000
2.4098827200321145, -0.6984780577622319, -2.0559267432523325, 263608000000
2.409648524548073, -0.6980110236033978, -2.0603738495936366, 263642000000
2.409374802463321, -0.6975573067610855, -2.065119222002994, 263676000000
2.409061624600601, -0.6971178725793746, -2.0701487590174352, 263710000000
2.4087066787330156, -0.6966976510581802, -2.075439559761152, 263744000000
2.408299557710231, -0.6963572297262531, -2.0809367063576514, 263778000000
2.407828641819609, -0.6961732658578361, -2.0865758279798006, 263812000000
2.407383030873777, -0.6960598392660343, -2.0923050029084855, 263846000000
2.406948786882788, -0.6959191717981412, -2.0980809584251237, 263880000000
2.4064566948554775, -0.6957023870978619, -2.103845579830236, 263914000000
2.4059429689475267, -0.69556722633043, -2.1092244339871296, 263948000000
2.4054086833771584, -0.6954986999404261, -2.11420455120062, 263982000000
2.4048512343549766, -0.6955267321797131, -2.1188484391015394, 264016000000
2.404272128119863, -0.6956490826504698, -2.1232095841103646, 264050000000
2.4036795352883193, -0.6958322142470523, -2.127330569059544, 264084000000
2.403078998020622, -0.6960588894264499, -2.1312485987271286, 264118000000
2.4024858998475476, -0.696296431095132, -2.135014610690319, 264152000000
2.4018911159500043, -0.6965585673488301, -2.1386413997999076, 264186000000
2.4013056770838928, -0.6968194066861758, -2.142178084441048, 264220000000
2.4007268936837995, -0.6970790861036182, -2.145652487878893, 264254000000
2.4001573476727494, -0.6973280487853086, -2.1490988046711257, 264288000000
2.3995982313234907, -0.6975666908297955, -2.1525223994677263, 264322000000
2.3986858866717524, -0.6985710727439732, -2.155823792552416, 264356000000
2.397759327392625, -0.7000079264293586, -2.158394022216969, 264390000000
2.396019925254475, -0.7025438235600538, -2.160592254953509, 264424000000
2.3941216451156957, -0.7055829314185634, -2.1628953527894055, 264458000000
2.3920598559273936, -0.7086440643370899, -2.1628983209689188, 264492000000
2.390024365026924, -0.7116905880434129, -2.1621406069056732, 264526000000
2.388003006089124, -0.7147473105909176, -2.1618376902661303, 264560000000
2.3859875678656834, -0.7177896551122486, -2.161758096245472, 264594000000
2.3839727325090077, -0.7208222293518346, -2.161790932257764, 264628000000
2.381955439731084, -0.7238470657813835, -2.1618646618503656, 264662000000
2.3799359805676636, -0.7268635022264754, -2.1619394523860835, 264696000000
2.3779152003535926, -0.7298720073192759, -2.1620065116574376, 264730000000
2.3758986826798005, -0.7328681500620498, -2.16208302298409, 264764000000
2.37388104577917, -0.7358590261812082, -2.1621855570843396, 264798000000
2.371860787809763, -0.7388484945681612, -2.162196658005982, 264832000000
2.369839813162955, -0.7418414011504497, -2.1620275006983958, 264866000000
2.367880958215557, -0.7447386820446995, -2.1617932798877804, 264900000000
2.3659530914129445, -0.7476499198329252, -2.1616841237618347, 264934000000
2.365766320419449, -0.7479384948490018, -2.1607874243158514, 264968000000
2.3656144775336996, -0.7480837179521792, -2.159544144168699, 265002000000
2.3654615232839533, -0.7482351439166517, -2.158367621559127, 265036000000
2.36530944922358, -0.7483997055487707, -2.1574130255252255, 265070000000
2.36516073380873, -0.7485765909866091, -2.156715290038664, 265104000000
2.365017657278748, -0.748764993759714, -2.156310267079251, 265138000000
2.364882218763574, -0.7489640970757003, -2.156232690762671, 265172000000
2.364756212501207, -0.7491730830535279, -2.1565179270332133, 265206000000
2.3646411776449017, -0.749391120914473, -2.15720068909428, 265240000000
2.3645384468363075, -0.7496173718858952, -2.158316146690543, 265274000000
2.3644491169732698, -0.7498509796826435, -2.159899113725034, 265308000000
2.3643722374300413, -0.7500883281363416, -2.1618895234635986, 265342000000
2.3642880400953596, -0.7503212184833695, -2.1636404261750855, 265376000000
2.3641907312895687, -0.7505491557937888, -2.1649990771509935, 265410000000
2.3640800423142307, -0.750770330938879, -2.165933863125082, 265444000000
2.363955764972894, -0.750983076176838, -2.1664115023457953, 265478000000
2.363817818960405, -0.7511859512565833, -2.166400058490774, 265512000000
2.3636662001961817, -0.7513776644567023, -2.1658665392932166, 265546000000
2.363501023636902, -0.7515571218838127, -2.164778750953196, 265580000000
2.363322493587316, -0.7517233793453278, -2.163103863746656, 265614000000
2.3631309316192803, -0.7518756700155426, -2.1608095784896593, 265648000000
2.3629378499476243, -0.752014936283524, -2.1582000208902445, 265682000000
2.3627593413222803, -0.7521608027488399, -2.1560747471184607, 265716000000
2.3625959509499035, -0.7523160358963704, -2.154494166622186, 265750000000
2.3624490075083586, -0.7524804360588855, -2.1534891714909663, 265784000000
2.3623195842772695, -0.7526537443897985, -2.1530883962875227, 265818000000
2.3622086220647525, -0.7528356775686533, -2.153321864679045, 265852000000
2.3621168419613006, -0.7530258963167672, -2.154218159214372, 265886000000
2.3620448176777464, -0.7532240256345712, -2.155806573990244, 265920000000
2.3619929244098024, -0.7534296346534132, -2.1581153870562453, 265954000000
2.361961156947293, -0.753640726033612, -2.1611379692399413, 265988000000
2.361927761593208, -0.7538403797002599, -2.163933371435489, 266022000000
2.3618789066064383, -0.7540273411598182, -2.1660732596370553, 266056000000
2.3618142221538845, -0.7542005652286227, -2.1675304097064116, 266090000000
2.3617335054593864, -0.7543592163010658, -2.1682807692795745, 266124000000
2.3616366167806246, -0.7545025517258428, -2.1682985796290497, 266158000000
2.3615235578940275, -0.7546300038375451, -2.1675600723252404, 266192000000
2.3613944110456786, -0.7547411119777795, -2.166040607845027, 266226000000
2.361249386018586, -0.7548355694581164, -2.1637168902811434, 266260000000
2.3610887856489065, -0.7549131842151994, -2.1605653298849674, 266294000000
2.360932397361161, -0.7549789050307862, -2.1572610131494425, 266328000000
2.360796060395453, -0.7550534114768388, -2.154710857033916, 266362000000
2.3606799847814646, -0.7551376129897046, -2.1529348184646353, 266396000000
2.360584905273232, -0.7552315134813835, -2.1519546756124113, 266430000000
2.3605113272701135, -0.755335039047878, -2.151789159085872, 266464000000
2.360459653381213, -0.7554480877496123, -2.152458496729634, 266498000000
2.3604300918880474, -0.7555704885808117, -2.15398094388943, 266532000000
2.3604227294211477, -0.7557020293327458, -2.1563753862554447, 266566000000
2.360437477206363, -0.7558424308165, -2.1596592322622925, 266600000000
2.3604623743789057, -0.7559776459213249, -2.1631840001496117, 266634000000
2.3604710423406523, -0.7560966812540602, -2.165882949050748, 266668000000
2.3604622406713602, -0.7561998398510049, -2.167730519204506, 266702000000
2.360435705363524, -0.7562866301443182, -2.1687113418834625, 266736000000
2.360391309620676, -0.7563567025162186, -2.1688120213504534, 266770000000
2.3603290183550403, -0.7564098040869179, -2.168018900338322, 266804000000
2.360248923803971, -0.7564458105051568, -2.166319784239022, 266838000000
2.3601512202089006, -0.75646470068511, -2.163702702432126, 266872000000
2.3600362256551146, -0.7564665760716505, -2.160156985657385, 266906000000
2.359928118438759, -0.7564575189864227, -2.1565782373528024, 266940000000
2.3598417510953626, -0.7564584266875749, -2.153897664800575, 266974000000
2.3597774981946, -0.7564696343039776, -2.152123178190994, 267008000000
2.3597357433888395, -0.7564911989278, -2.151262307805034, 267042000000
2.359716722356339, -0.7565231183210128, -2.151321745415278, 267076000000
2.359720509790916, -0.7565653322549495, -2.152306521918793, 267110000000
2.35974711045423, -0.7566177577567023, -2.1542240522965304, 267144000000
2.359796258155618, -0.7566801929212591, -2.1570761333549147, 267178000000
2.3598669298083297, -0.7567504793089375, -2.160803313992203, 267212000000
2.3599331339017957, -0.7568072990983504, -2.1641008398413026, 267246000000
2.3599814791639253, -0.7568474871317357, -2.166467062484828, 267280000000
2.3600117112421652, -0.7568707615132257, -2.1679009945165344, 267314000000
2.3600236595729274, -0.7568769489226627, -2.16840253755539, 267348000000
2.3600172743282632, -0.756865994258294, -2.1679723311010517, 267382000000
2.3599926298307734, -0.756837970499281, -2.1666125489124055, 267416000000
2.3599498348906183, -0.7567930020166599, -2.164322928189603, 267450000000
2.3598892143599053, -0.7567314177162954, -2.161108741758979, 267484000000
2.3598245731830145, -0.7566555508300367, -2.1574564471942916, 267518000000
2.35978214953794, -0.7565862472979156, -2.1546717913565208, 267552000000
2.359762243535877, -0.7565269751497373, -2.152821862387671, 267586000000
2.3597650304752413, -0.7564778771310283, -2.1519005945835312, 267620000000
2.359790534173597, -0.7564390456998046, -2.151900390798577, 267654000000
2.3598386927195185, -0.7564105402948329, -2.1528153276422795, 267688000000
2.359909246684303, -0.7563923337813737, -2.154636827927125, 267722000000
2.3600017505589963, -0.7563843183215361, -2.1573542268434163, 267756000000
2.3601143838141687, -0.7563832127938415, -2.160850480345275, 267790000000
2.3602201314686293, -0.7563670653147826, -2.1637931197749802, 267824000000
2.360308465471149, -0.7563339534298906, -2.1658173151243343, 267858000000
2.360379119211636, -0.7562838005684862, -2.1669335432374672, 267892000000
2.3604320065431126, -0.7562167076117503, -2.1671563568613843, 267926000000
2.360467103883543, -0.7561328437105708, -2.1664985979425637, 267960000000
2.36048453819143, -0.7560325313353182, -2.1649757051320337, 267994000000
2.3604845202222573, -0.7559161853314299, -2.16260247182286, 268028000000
2.360468462919703, -0.7557838968585507, -2.15941885410967, 268062000000
2.360465147913996, -0.755646296782044, -2.156542071118177, 268096000000
2.3604838801512145, -0.7555176882097582, -2.1545465467709044, 268130000000
2.3605247276897097, -0.7553983195301016, -2.1534156461769904, 268164000000
2.3605875122917364, -0.7552883452831043, -2.1531287011305134, 268198000000
2.360671966681273, -0.7551878942989734, -2.1536669850775385, 268232000000
2.360777614428234, -0.7550970216576265, -2.155009327683967, 268266000000
2.360903857779713, -0.7550157478060293, -2.1571354517597663, 268300000000
2.3610497720219543, -0.754943173665819, -2.1600026177912324, 268334000000
2.361194413846723, -0.7548589957806696, -2.1625752594161978, 268368000000
2.3613231395099006, -0.7547581640442723, -2.1643254828795575, 268402000000
2.3614357586621684, -0.7546409390042481, -2.165277788923776, 268436000000
2.361532160855744, -0.7545076833794259, -2.1654557336272156, 268470000000
2.3616123635682347, -0.7543589141905271, -2.1648842210867563, 268504000000
2.3616764745125627, -0.7541952662593631, -2.1635877251810034, 268538000000
2.361724719364761, -0.7540175245253006, -2.1615916040793084, 268572000000
2.361760778647179, -0.7538259681202859, -2.1590052633939636, 268606000000
2.361812672156813, -0.7536332493170717, -2.156877503154901, 268640000000
2.3618849199412555, -0.7534483423995856, -2.1554907545385813, 268674000000
2.3619771073332823, -0.7532715865924492, -2.154815801263464, 268708000000
2.362088727681745, -0.7531033028325993, -2.1548258277323793, 268742000000
2.3622190404574273, -0.752943746599857, -2.155491831739489, 268776000000
2.362367173050511, -0.7527931455457604, -2.1567860506389374, 268810000000
2.3625320373140166, -0.7526516741325802, -2.1586793878658663, 268844000000
2.362707160117416, -0.7525108823651392, -2.1608423019300425, 268878000000
2.3628706606770944, -0.752355011357557, -2.162391933851858, 268912000000
2.3630200899801066, -0.7521850821488532, -2.1633032879283114, 268946000000
2.3631553139902133, -0.75200190055061, -2.1636078334486997, 268980000000
2.363276291832785, -0.7518064111507846, -2.1633364642798836, 269014000000
2.3633831023493115, -0.7515997361023873, -2.1625207611804513, 269048000000
2.3634759228729627, -0.7513831549621061, -2.1611920555114845, 269082000000
2.3635564225549253, -0.7511575516977554, -2.159407648513972, 269116000000
2.363647467724786, -0.7509302360982595, -2.1578879409184784, 269150000000
2.3637545032040843, -0.7507103306306284, -2.1569180410161732, 269184000000
2.363876594491249, -0.7504984220845584, -2.1564635525068714, 269218000000
2.36401264462677, -0.750295079307781, -2.1564912378394037, 269252000000
2.3641613148682272, -0.7501008384372249, -2.156966930736008, 269286000000
2.364321076106919, -0.7499162198945024, -2.1578570733332847, 269320000000
2.364490161659799, -0.7497417225082257, -2.1591275734001067, 269354000000
2.3646598097937694, -0.7495671307877572, -2.1603970360772617, 269388000000
2.3648175593905782, -0.7493838752671423, -2.1612216194355134, 269422000000
2.364962959090454, -0.749193670311497, -2.161636179969173, 269456000000
2.365095837291757, -0.7489981839735088, -2.161676408759073, 269490000000
2.3652161188554985, -0.7487992914052897, -2.1613779922077585, 269524000000
2.365323824057015, -0.7485990817120293, -2.1607766702032447, 269558000000
2.365419067237794, -0.7483998636862107, -2.159908269219359, 269592000000
2.3655102658963485, -0.7482034152329635, -2.1589946523089014, 269626000000
2.3648147013988092, -0.7492211678504287, -2.158227003040042, 269660000000
2.3630542750293078, -0.7518307434175517, -2.157387118467901, 269694000000
2.361273569421882, -0.7544918861666083, -2.1571990629215905, 269728000000
2.3595028496093886, -0.7571507994143907, -2.1575961384917504, 269762000000
2.357735799301501, -0.7598072019873747, -2.15769772253094, 269796000000
2.3559685973373212, -0.7624640382392618, -2.157710101573606, 269830000000
2.3542016767051646, -0.7651222441273442, -2.1579358320856463, 269864000000
2.352434085027304, -0.767780457526539, -2.158129051353649, 269898000000
2.3506660559722294, -0.7704383643224189, -2.158183982090964, 269932000000
2.34889813526708, -0.7730964744623986, -2.1582666369638925, 269966000000
2.347130216021322, -0.7757545473719148, -2.158395068646445, 270000000000
2.3453622944669443, -0.7784121328995484, -2.158472791868481, 270034000000
2.34359463694969, -0.7810691949574686, -2.158515522805315, 270068000000
2.3418273494303143, -0.7837256724043881, -2.1585744914006892, 270102000000
2.34006250352622, -0.786379667550967, -2.158629372565157, 270136000000
2.338308555150552, -0.7890096861041179, -2.1586716656077276, 270170000000
2.336606075059985, -0.7915265173081385, -2.1585265564721516, 270204000000
2.3353213245355793, -0.7930983080108822, -2.1575974520959402, 270238000000
2.334240925807935, -0.7943258536957924, -2.156558774438024, 270272000000
2.3326353400880326, -0.7958569137163454, -2.155042407003006, 270306000000
2.3313912352827417, -0.7974858019487795, -2.153584417503244, 270340000000
2.3298940233734617, -0.7996253802041176, -2.1521399513259776, 270374000000
2.328159984932228, -0.8018592992047422, -2.150629742923291, 270408000000
2.327123037344238, -0.8031914115296411, -2.149337017430937, 270442000000
2.3260080917486103, -0.8047156074639571, -2.1482452109670365, 270476000000
2.3248347322882674, -0.8062223536782711, -2.147361792373521, 270510000000
2.323754983475147, -0.8075672149665928, -2.146638294844988, 270544000000
2.322786749059805, -0.8087255771350796, -2.146058258029936, 270578000000
2.321866805516725, -0.8098066314205435, -2.145585939583564, 270612000000
2.3210349071799787, -0.8107898448585245, -2.1452288180568835, 270646000000
2.320574796861555, -0.8113113034603114, -2.1449449653032264, 270680000000
2.320006273662875, -0.8119341444875806, -2.144717272485419, 270714000000
2.3196280706855483, -0.812343354658973, -2.144552288006837, 270748000000
2.3192188336855395, -0.8127755342464357, -2.1444330027836345, 270782000000
2.3189753123444206, -0.8130187460157002, -2.14436005388823, 270816000000
2.318745365952498, -0.8132520953873158, -2.1442982933690913, 270850000000
2.3185479877549784, -0.8134537907971927, -2.1442416650603184, 270884000000
2.3183790516463385, -0.8136241978907103, -2.144222713601411, 270918000000
2.3182386330002314, -0.8137654580385687, -2.1442306598568597, 270952000000
2.3181247585880476, -0.8138935848868737, -2.144176704372821, 270986000000
2.3180198922188016, -0.8140067084448842, -2.1442102887063985, 271020000000
2.317927740993889, -0.8141239675149166, -2.144159457918681, 271054000000
2.3178310531673527, -0.814244428256652, -2.144167722170261, 271088000000
2.31772877855764, -0.8143708383748637, -2.1442204566679206, 271122000000
2.3176271114577287, -0.8145164350970683, -2.144167478293864, 271156000000
2.3175207443495114, -0.8146624724125522, -2.144194528385865, 271190000000
2.3174056492824673, -0.8148247340508998, -2.1442082533715583, 271224000000
2.3172893821477127, -0.8149992703542492, -2.144178116516772, 271258000000
2.317162951812632, -0.8151854119259592, -2.144172748087279, 271292000000
2.317030959336954, -0.8153796155967976, -2.144181230847628, 271326000000
2.316899900710033, -0.8155854977095718, -2.1441246943513574, 271360000000
2.3167574770932324, -0.8157951167455425, -2.1441470775520526, 271394000000
2.3166070524277655, -0.8160071330189415, -2.1442269532129594, 271428000000
2.3164613473723272, -0.8162272779414466, -2.1442209256040883, 271462000000
2.3163173844446625, -0.8164513265531256, -2.144182844713598, 271496000000
2.3161724905001173, -0.8166710844026415, -2.1441790516507484, 271530000000
2.3160324627304076, -0.8168781777578694, -2.1442059176835238, 271564000000
2.315886714016812, -0.8170823431127022, -2.1442828203619917, 271598000000
2.315754854145424, -0.8172759190185013, -2.1443115844544005, 271632000000
2.3151317686726576, -0.8182421188149914, -2.144184221620031, 271666000000
2.3139181627494536, -0.8201900225086425, -2.143462292737895, 271700000000
2.3123920697038316, -0.8226597955294623, -2.142514291115551, 271734000000
2.310448990878526, -0.8257085633196826, -2.1432071571039364, 271768000000
2.3084464807934464, -0.8287883146713331, -2.143647082010475, 271802000000
2.306499609057645, -0.8318105917259541, -2.14314911122659, 271836000000
2.3045629594173542, -0.8348244474112732, -2.143069658266953, 271870000000
2.302626109989577, -0.8378375520817901, -2.1434302542552683, 271904000000
2.300688834245167, -0.8408489835728398, -2.143468891055216, 271938000000
2.298751975633171, -0.8438596355855463, -2.143363904234514, 271972000000
2.296815607733014, -0.846870201611637, -2.143492634762164, 272006000000
2.2948790151164813, -0.849880146230261, -2.143656089859084, 272040000000
2.2929421360839544, -0.8528893208593002, -2.1436919700917803, 272074000000
2.291005359688442, -0.855898323338688, -2.1437506971883824, 272108000000
2.2890686162915794, -0.8589073231770875, -2.1438823119414336, 272142000000
2.287131488342826, -0.8619160315711542, -2.1439881295919085, 272176000000
2.2851940419097025, -0.864924631935099, -2.144063312524186, 272210000000
2.2832564313107433, -0.8679333765855275, -2.1441626099937854, 272244000000
2.2813240760837226, -0.8709378069390736, -2.144193149620843, 272278000000
2.2794655469633267, -0.8738696904807463, -2.144131608382695, 272312000000
2.2787631319716253, -0.8751079435258192, -2.1438947820644594, 272346000000
2.2785982205546205, -0.8753348446140554, -2.1431432288679724, 272380000000
2.2784662027222327, -0.8754487392184853, -2.141630715435594, 272414000000
2.2783644826166625, -0.8755207135724727, -2.1403441778475045, 272448000000
2.278269330559753, -0.8756011284068356, -2.139324347636107, 272482000000
2.278182434392471, -0.875689218438915, -2.138599832154159, 272516000000
2.278105247473857, -0.8757842134515746, -2.1381986627814547, 272550000000
2.2780389961888265, -0.8758853368490446, -2.1381483867813182, 272584000000
2.2779416540658852, -0.8760489509855969, -2.1383122954353135, 272618000000
2.2778145041161895, -0.8762405202049076, -2.138183980087504, 272652000000
2.277676851272376, -0.8764256096877489, -2.137701336193094, 272686000000
2.27752861751139, -0.8766028060613551, -2.1368392236619087, 272720000000
2.2773698006410745, -0.8767708516324417, -2.1355719040697823, 272754000000
2.2772005236465334, -0.8769287087697282, -2.13387518665596, 272788000000
2.277070522232423, -0.877012155098889, -2.131968182810067, 272822000000
2.2769703387778657, -0.8770728884980279, -2.1304332689405765, 272856000000
2.276883753259208, -0.87713959619528, -2.129316324604506, 272890000000
2.2768117902264615, -0.8772118798370003, -2.1286393603164355, 272924000000
2.2767552837643907, -0.877289319962282, -2.1284240151104603, 272958000000
2.276714858340121, -0.8773714686239962, -2.128690916653423, 272992000000
2.27663487677724, -0.8775257903183771, -2.1291039878093314, 273026000000
2.276533882517334, -0.8776851096361586, -2.1290586635005395, 273060000000
2.2764212182657566, -0.8778326309415749, -2.1285265757975296, 273094000000
2.2762968053527333, -0.8779676060383074, -2.127490564947191, 273128000000
2.2761606471885676, -0.8780894090790434, -2.1259330153484868, 273162000000
2.2760279192874084, -0.8781759141145817, -2.1238810208614045, 273196000000
2.275949795864052, -0.8781898027377649, -2.1220705060493827, 273230000000
2.2758885743585915, -0.878208880129022, -2.1207763207810193, 273264000000
2.2758448928234016, -0.878232927340207, -2.120012304140196, 273298000000
2.275819214238687, -0.8782617027599456, -2.119791783821138, 273332000000
2.2758117990600844, -0.8782949280590266, -2.120126606528485, 273366000000
2.275770367804674, -0.8783961832806273, -2.1206693313756797, 273400000000
2.275706149359681, -0.8785023228135926, -2.1206844099592117, 273434000000
2.2756294202217475, -0.8785944962965402, -2.120140599544408, 273468000000
2.27554011230327, -0.8786723557381984, -2.1190292560727957, 273502000000
2.275438271087089, -0.8787357044076723, -2.117342864371441, 273536000000
2.275352833345249, -0.878745505661281, -2.115214406321935, 273570000000
2.2753136064503328, -0.8787051629328151, -2.113507586325216, 273604000000
2.2752930000056573, -0.8786694669254413, -2.112373942760691, 273638000000
2.275291274630871, -0.878638350381718, -2.111818098098932, 273672000000
2.275308482237905, -0.8786117103076213, -2.1118430403135986, 273706000000
2.275333100791645, -0.8786066218252829, -2.1124219787336185, 273740000000
2.2753132590347853, -0.8786610485747578, -2.112764997740729, 273774000000
2.2752806013265365, -0.8787009270982602, -2.1125245706509075, 273808000000
2.275235005001437, -0.8787261818808271, -2.111700765327807, 273842000000
2.275176479393876, -0.8787368881441234, -2.11029529089534, 273876000000
2.275106754119818, -0.8787305481644508, -2.1083108693928123, 273910000000
2.2750954811167126, -0.8786307790715646, -2.1064030954006125, 273944000000
2.2751030231636005, -0.878535372191888, -2.1050794347916866, 273978000000
2.2751294137568383, -0.878444400005634, -2.1043356840881544, 274012000000
2.2751745013032454, -0.8783579069934866, -2.104166472437245, 274046000000
2.275237951032285, -0.8782759032499057, -2.1045652453747987, 274080000000
2.275260113858182, -0.8782668043075474, -2.1050134625583383, 274114000000
2.2752651803421746, -0.8782508740461336, -2.1048904625165963, 274148000000
2.275257424533438, -0.8782208207728992, -2.1042040089427636, 274182000000
2.275236855726323, -0.8781769854482011, -2.1029643308855572, 274216000000
2.27520360137951, -0.8781198554464241, -2.1011827758282458, 274250000000
2.275220351623434, -0.8779751219403057, -2.0993727170614433, 274284000000
2.2752598379572087, -0.877826460140697, -2.0981177225449676, 274318000000
2.2753170965770115, -0.8776820732931692, -2.0974045984223575, 274352000000
2.275391664587726, -0.8775421328942875, -2.0972189262079466, 274386000000
2.275478404876045, -0.8774139794568221, -2.0975374578425634, 274420000000
2.2755194998477255, -0.8773555523904887, -2.097720608166328, 274454000000
2.2755484295311037, -0.87728413449759, -2.097386183973462, 274488000000
2.2755651466712767, -0.8772003323966167, -2.096551788694044, 274522000000
2.275569730890937, -0.8771048954979459, -2.095235903113206, 274556000000
2.275584494352763, -0.8769662407373797, -2.0935458373278673, 274590000000
2.2756425185049522, -0.8767746294367242, -2.0921986382096502, 274624000000
2.2757162710368615, -0.8765873113836377, -2.091329342103629, 274658000000
2.275805013152471, -0.8764046657802931, -2.0909168130285507, 274692000000
2.275907797173237, -0.8762270618198673, -2.0909391687459213, 274726000000
2.2759738366034243, -0.8761189270237134, -2.091040435160243, 274760000000
2.2760217245830905, -0.8760126614144415, -2.0907086034548126, 274794000000
2.276058231782238, -0.8758969699322849, -2.0899611414254826, 274828000000
2.2760834264259366, -0.8757730263587384, -2.0888222321058922, 274862000000
2.2761150909503605, -0.8756148858844097, -2.087368894550479, 274896000000
2.2761883089817743, -0.8754006962729379, -2.086170644627276, 274930000000
2.2762735894050463, -0.8751918138368429, -2.0853551510087613, 274964000000
2.2763697689418554, -0.8749888979127424, -2.084895785457529, 274998000000
2.276475460884664, -0.8747926121711203, -2.0847653367022336, 275032000000
2.2765351076077156, -0.8746760632964107, -2.084612813865835, 275066000000
2.276582833468128, -0.8745564329758315, -2.0841302656515466, 275100000000
2.2766199917218284, -0.8744328775328181, -2.0833464118071965, 275134000000
2.276646676412868, -0.8743071766726112, -2.0822903617215194, 275168000000
2.2759430011381294, -0.8755746261589549, -2.0810011608421877, 275202000000
2.2743568408961687, -0.8783875468357416, -2.0806155014639707, 275236000000
2.272777666427797, -0.881208230028718, -2.081226549492828, 275270000000
2.2712015618127843, -0.8840244146602956, -2.0811613282318646, 275304000000
2.2696285164601324, -0.8868375431638338, -2.08077552518919, 275338000000
2.268058225081178, -0.8896539834740124, -2.081102153121413, 275372000000
2.266486628274316, -0.8924699427071885, -2.0814189270684578, 275406000000
2.2649135251736263, -0.8952842319411528, -2.0813023685518557, 275440000000
2.263341025059282, -0.8980990713925978, -2.0812681836996214, 275474000000
2.261768771257156, -0.9009141370545756, -2.0814247324958655, 275508000000
2.260195907728734, -0.9037284509322421, -2.0814579542145903, 275542000000
2.2586230092103112, -0.9065422201560943, -2.0813899280234214, 275576000000
2.2570504222285686, -0.9093557199260941, -2.0813929167650094, 275610000000
2.255477886981173, -0.9121686104333077, -2.08141291731266, 275644000000
2.253905468738602, -0.9149806844668208, -2.081369505290154, 275678000000
2.252333400068088, -0.9177919855868871, -2.081315406593515, 275712000000
2.250761693199713, -0.9206024118886316, -2.081284126286548, 275746000000
2.2491928078316414, -0.9234103044419545, -2.0812503559711413, 275780000000
2.247657756272717, -0.9261273807637838, -2.081241569228491, 275814000000
2.2461700912800153, -0.9286751668887854, -2.0825721731925513, 275848000000
2.2449222555510056, -0.9298782505412603, -2.0851037812812603, 275882000000
2.243372135937296, -0.9308132274417172, -2.0877498859363097, 275916000000
2.241623846916412, -0.9320241835101418, -2.0905433892781233, 275950000000
2.240357322144093, -0.9333473438019485, -2.0934097113281984, 275984000000
2.238326428881689, -0.9363717903059031, -2.0962205097438487, 276018000000
2.237005569311002, -0.9377344664730661, -2.0991029901883316, 276052000000
2.2356692271076324, -0.9397027007503084, -2.102074275326155, 276086000000
2.2340495804074267, -0.9418581176004525, -2.1051076426551707, 276120000000
2.2325681146276737, -0.9436672432772568, -2.108225370682601, 276154000000
2.2312830979941847, -0.9450733834706551, -2.1114228032135745, 276188000000
2.2300594725623037, -0.9464138394424809, -2.114685359664273, 276222000000
2.2289481291060147, -0.9474692250079412, -2.117866405790122, 276256000000
2.22783577234664, -0.9486193855120995, -2.12091466090941, 276290000000
2.226809927916848, -0.9496741861518762, -2.123841600921534, 276324000000
2.2258656842069957, -0.9505635430537085, -2.1266811187566557, 276358000000
2.2250658072718945, -0.951196737374722, -2.129404401662277, 276392000000
2.224324453825169, -0.9517392133368988, -2.132124893704411, 276426000000
2.223573269356866, -0.9522782453583988, -2.1348169003480746, 276460000000
2.2228381008468086, -0.9528200590170544, -2.137471176719217, 276494000000
2.2221488390701354, -0.9533135471518082, -2.1400761765376335, 276528000000
2.2215367055241355, -0.9537161421261906, -2.142621646455547, 276562000000
2.2209729884721936, -0.9540408792528482, -2.1452017912208965, 276596000000
2.220401050532892, -0.9543658744839102, -2.1478156705608313, 276630000000
2.219834130824857, -0.954683238998257, -2.150471452926309, 276664000000
2.2192924390996076, -0.954953784108199, -2.1531762550865783, 276698000000
2.2187737636005083, -0.9551827462719693, -2.1559334137904846, 276732000000
2.2182692094273846, -0.9554025657589861, -2.1586376376770082, 276766000000
2.217772775037933, -0.9556302246219314, -2.16124422145552, 276800000000
2.2172872030789237, -0.9558601487494051, -2.1637614579016384, 276834000000
2.2168102897760273, -0.9560936367022124, -2.1662018352777537, 276868000000
2.2163386972531596, -0.9563308472146059, -2.1685819772484574, 276902000000
2.2158578787494645, -0.9565879560532241, -2.1709048372501822, 276936000000
2.2153882846273674, -0.9568219719379099, -2.173283613509137, 276970000000
2.214969089953474, -0.9569782204709109, -2.1756928641646325, 277004000000
2.2145006523011777, -0.9571964385952674, -2.1781313477925592, 277038000000
2.2140615722726915, -0.9573672155494163, -2.180592516719552, 277072000000
2.212993471071381, -0.9586287697969093, -2.183311531442179, 277106000000
2.211683808767797, -0.9601927967977706, -2.1867591458792366, 277140000000
2.210049010422771, -0.9621691291751309, -2.1904919250999675, 277174000000
2.208031836568994, -0.9650315713554204, -2.1907087814708284, 277208000000
2.205926556117471, -0.9679495941668184, -2.1886773327354185, 277242000000
2.203805595780423, -0.9708917914225497, -2.1890335840176127, 277276000000
2.2017315474031434, -0.973783233601418, -2.1899827745766385, 277310000000
2.199662096488722, -0.9766732538472838, -2.189378423586361, 277344000000
2.197614563179017, -0.9795438065107704, -2.1887245405649893, 277378000000
2.19555679760576, -0.9824257306706173, -2.188507843427073, 277412000000
2.193492242707752, -0.9853138969093057, -2.188309938563296, 277446000000
2.191428293579201, -0.9882030637344285, -2.1881143875145237, 277480000000
2.1893652513746105, -0.9910926991016983, -2.1879181024047085, 277514000000
2.187303248564555, -0.9939825394717383, -2.1877212361450744, 277548000000
2.1852423351140886, -0.9968724612779821, -2.1875256296494583, 277582000000
2.1831825161631504, -0.9997624182120258, -2.187333968923783, 277616000000
2.181123773090284, -1.0026524062742397, -2.1871493231218224, 277650000000
2.1790660746091013, -1.005542444050134, -2.1869748946385723, 277684000000
2.177009543437809, -1.0084324621369216, -2.18681342355452, 277718000000
2.1749538218837747, -1.0113225179496999, -2.1866656708813257, 277752000000
2.1728988901689656, -1.0142128294884414, -2.1865391163557857, 277786000000
2.1708575736451317, -1.0170896506477092, -2.186458106642829, 277820000000
2.168827280448669, -1.0199585309673782, -2.186339070453679, 277854000000
2.1668565061311718, -1.0227876908835398, -2.186258724856268, 277888000000
2.1660798337851856, -1.0240938031364109, -2.1864089200935166, 277922000000
2.166037591370871, -1.0241898751688538, -2.186955795634831, 277956000000
2.165667228572564, -1.0250875372210633, -2.1880990856831715, 277990000000
2.165641325470128, -1.0252077303325464, -2.189419740509936, 278024000000
2.165607411815788, -1.0253247412387527, -2.1905035177770933, 278058000000
2.165565359560695, -1.0254365847795812, -2.1913287096584875, 278092000000
2.165515027262995, -1.0255416958965333, -2.1918734485868057, 278126000000
2.165456384704498, -1.0256387479626032, -2.192117608229992, 278160000000
2.1653894824576185, -1.0257265910315194, -2.1920413289571306, 278194000000
2.165314478170595, -1.0258042914951817, -2.1916262110540203, 278228000000
2.165231618989898, -1.0258710945302911, -2.1908544391149802, 278262000000
2.165141258724101, -1.0259264473778975, -2.189709534664592, 278296000000
2.1650408308272904, -1.0259786109780877, -2.1882527477396025, 278330000000
2.1649413257909362, -1.026042920949007, -2.1870225591194044, 278364000000
2.1648530829452564, -1.026111839420159, -2.1861340682514077, 278398000000
2.164777274245373, -1.0261852437468824, -2.185602559739605, 278432000000
2.1647148146321338, -1.0262629681141482, -2.1854410326586993, 278466000000
2.164666445604694, -1.0263448206196715, -2.185662222343633, 278500000000
2.1646326754694893, -1.0264305690370394, -2.1862770252103787, 278534000000
2.1646138287375436, -1.026519950728852, -2.1872956841813767, 278568000000
2.1646100107103377, -1.0266126638101665, -2.1887268463167526, 278602000000
2.1646211355297886, -1.0267083726819448, -2.1905782458196206, 278636000000
2.164653811313763, -1.0267817673704744, -2.192578747311404, 278670000000
2.164683318433993, -1.0268375071019304, -2.194193699994192, 278704000000
2.1647045655450916, -1.0268808557801827, -2.1954031193541863, 278738000000
2.1647173515952383, -1.026911251703393, -2.1962020693418296, 278772000000
2.1647215492473357, -1.0269282751395836, -2.196585318418232, 278806000000
2.164717141481397, -1.0269317021060358, -2.196550183560084, 278840000000
2.1647042042816693, -1.0269214825755764, -2.1960946764151736, 278874000000
2.1646828795728736, -1.0268976953181947, -2.1952168252475817, 278908000000
2.164653462137301, -1.0268606827474074, -2.193918184925216, 278942000000
2.164614100906842, -1.026815807593631, -2.192232473657669, 278976000000
2.1645751527847663, -1.0267820264756664, -2.1907550815239905, 279010000000
2.164551276166166, -1.0267515423942728, -2.1897033919422686, 279044000000
2.164542806055411, -1.0267245674245358, -2.1890751247011098, 279078000000
2.164549880494402, -1.0267012755362837, -2.188866783648135, 279112000000
2.1645724399512134, -1.026681803441086, -2.189073664757219, 279146000000
2.1646102278513903, -1.026666250620347, -2.189689866668593, 279180000000
2.164662789082094, -1.0266546789346296, -2.1907082862299068, 279214000000
2.1647294684470846, -1.0266471122878857, -2.1921206133760833, 279248000000
2.164809407618802, -1.0266435360689943, -2.1939173165283434, 279282000000
2.1649093859294353, -1.0266171087366904, -2.1958019296166693, 279316000000
2.1650058491791913, -1.0265726480864643, -2.197278189047093, 279350000000
2.165094440742503, -1.0265154707254878, -2.1983487315481764, 279384000000
2.1651749080544462, -1.0264458474446647, -2.199025094933466, 279418000000
2.1652470994033886, -1.0263642322701394, -2.1993199894897684, 279452000000
2.1653109622611186, -1.026271263771865, -2.1992472615893823, 279486000000
2.1653665427182425, -1.0261677687197028, -2.1988218730257767, 279520000000
2.165413984475005, -1.026054765164088, -2.1980598759483643, 279554000000
2.1654535285569794, -1.0259334670514035, -2.1969783977429587, 279588000000
2.1654825014929635, -1.0258164721854415, -2.1957192254025135, 279622000000
2.165517290298535, -1.0257095426266658, -2.194778238497252, 279656000000
2.165564358346851, -1.0256064075381288, -2.1941881198791657, 279690000000
2.165623104102557, -1.0255075916296224, -2.1939297100674895, 279724000000
2.1656927066123393, -1.0254135927733363, -2.1939829059898783, 279758000000
2.165772122275476, -1.0253248849464216, -2.1943266929999834, 279792000000
2.1658600820410365, -1.0252419209534813, -2.194939172167565, 279826000000
2.164537938831332, -1.027368279584649, -2.195397847166252, 279860000000
2.162658505216471, -1.0300176036084072, -2.195824388899197, 279894000000
2.1608210522406117, -1.032659091612706, -2.1967695613529106, 279928000000
2.15893877729289, -1.035315381865066, -2.197722523113518, 279962000000
2.1570544917980876, -1.0379593382463574, -2.19856558072635, 279996000000
2.1551653381249913, -1.0406019961107782, -2.199036139139219, 280030000000
2.1532703184156947, -1.0432488421756205, -2.199230313769297, 280064000000
2.1513734806537435, -1.0458962027993286, -2.1993736557412316, 280098000000
2.149476312941066, -1.0485415857990366, -2.199464410503969, 280132000000
2.14757770092273, -1.051185034988377, -2.1994881365165306, 280166000000
2.145675293880491, -1.053825887672942, -2.1994125516586935, 280200000000
2.1437692964071395, -1.056463654787027, -2.1992458542430726, 280234000000
2.141859197857303, -1.0590986179886082, -2.1990141886242363, 280268000000
2.1399459692722513, -1.0617310011932966, -2.198737468365701, 280302000000
2.138030881607223, -1.0643618177907412, -2.198448934073069, 280336000000
2.1361164642456663, -1.0669914121700967, -2.1981748587741325, 280370000000
2.1342024301732856, -1.069620282963461, -2.1979334621406452, 280404000000
2.13228856356753, -1.0722482367515236, -2.197714394176242, 280438000000
2.1303749244268633, -1.0748752189131578, -2.1975149300209162, 280472000000
2.1284615908069795, -1.0775011804617398, -2.197345966412591, 280506000000
2.1265485389281276, -1.0801260166701985, -2.1972105726106417, 280540000000
2.1246375816345515, -1.0827411699645548, -2.197141154984397, 280574000000
2.1227672681062084, -1.085274693652341, -2.197386321467609, 280608000000
2.1209237069918525, -1.0877449106375168, -2.198794494112723, 280642000000
2.1191877230126965, -1.0894637602529702, -2.201102472277967, 280676000000
2.117298090143494, -1.091109279569898, -2.20316006399022, 280710000000
2.115185481835793, -1.0927572542521373, -2.2051817608971467, 280744000000
2.113180730375539, -1.0954092393174453, -2.2071102644804843, 280778000000
2.1117283960554083, -1.097155091725186, -2.209074785909784, 280812000000
2.1092990806783187, -1.1004692015618331, -2.2111690811185776, 280846000000
2.1077367255744197, -1.1020606700208448, -2.213354813993405, 280880000000
2.1062014683096337, -1.1041620330036277, -2.2156468381544214, 280914000000
2.1042676362538146, -1.1066113627397913, -2.2180164574098655, 280948000000
2.102467257543945, -1.1086933832157044, -2.2204759141786305, 280982000000
2.1010058394152478, -1.1102217821747307, -2.22302094755382, 281016000000
2.0996655219016107, -1.111704518650452, -2.2256227014198777, 281050000000
2.0983321556123933, -1.1132155257174048, -2.2281979796184666, 281084000000
2.096899300400845, -1.114758537623972, -2.230659785921207, 281118000000
2.0955325967009313, -1.1162188500585382, -2.2330057765895157, 281152000000
2.094262554324683, -1.1175173772151723, -2.2352535292854783, 281186000000
2.093063344146066, -1.1187097817057599, -2.2374284452817945, 281220000000
2.0920212583796434, -1.1196758730075462, -2.239546118418857, 281254000000
2.091036783802608, -1.1205630784018366, -2.2416383564560696, 281288000000
2.09011994346663, -1.121360673786098, -2.243720410972504, 281322000000
2.089203940174536, -1.1221817753144707, -2.245789856853063, 281356000000
2.0883308364576085, -1.1229406338646482, -2.2478356818888012, 281390000000
2.0874555966651385, -1.1237188358688612, -2.2498568848127953, 281424000000
2.086538474170515, -1.124550370614462, -2.251853115428014, 281458000000
2.085678256671678, -1.1253101769748481, -2.2538193100750434, 281492000000
2.084884565139793, -1.125986297838015, -2.2557659644318626, 281526000000
2.0841656719226647, -1.126569426513369, -2.2577019858389593, 281560000000
2.08333155284212, -1.1273196716961942, -2.259630964437572, 281594000000
2.082577709416879, -1.1279550397651774, -2.261562061896515, 281628000000
2.0818450269458153, -1.128568135150611, -2.2635070590363626, 281662000000
2.081112221522939, -1.1291791330579917, -2.2654571375438692, 281696000000
2.079492537295652, -1.131029268434188, -2.26790804237576, 281730000000
2.077777162770658, -1.1329479493334063, -2.271024574632327, 281764000000
2.0757139314303763, -1.1353447539082793, -2.2747480169535557, 281798000000
2.073587570310071, -1.1378213998310396, -2.279121163153594, 281832000000
2.071280878761496, -1.1405333193373992, -2.28075019006423, 281866000000
2.068938205480761, -1.1432452260119828, -2.2784212221245843, 281900000000
2.066615794367791, -1.1459457593749174, -2.278248039446533, 281934000000
2.0643133563278497, -1.1486225692476613, -2.279686711306664, 281968000000
2.062010937630857, -1.1512958694751951, -2.2794671302515046, 282002000000
2.0597113708365087, -1.1539693902330794, -2.278738958487412, 282036000000
2.057413292077591, -1.1566442659421223, -2.279037675468722, 282070000000
2.0551146584015587, -1.1593176948510469, -2.2793309133826014, 282104000000
2.0528170675783155, -1.161989390987243, -2.2790260213201234, 282138000000
2.0505209883851525, -1.164661484696782, -2.2788554185058247, 282172000000
2.048225665003658, -1.1673338063661325, -2.278966677906482, 282206000000
2.0459307051270814, -1.1700049783163793, -2.278913974646855, 282240000000
2.04363657131383, -1.1726754841615021, -2.278731646916722, 282274000000
2.0413434191120774, -1.1753461008841681, -2.2786632458891556, 282308000000
2.0390508801440252, -1.1780163765617502, -2.278629334254937, 282342000000
2.0367588642141796, -1.1806859815645787, -2.2785160335437276, 282376000000
2.0344675820830114, -1.183355306146391, -2.2783991790145515, 282410000000
2.0321770105513424, -1.1860244823436832, -2.2783251166469185, 282444000000
2.0298869783498166, -1.1886932672296222, -2.2782413149485023, 282478000000
2.0275974970357913, -1.191361666267371, -2.278136948397878, 282512000000
2.0253086355489827, -1.1940298457673235, -2.2780458042654352, 282546000000
2.0230203358252736, -1.196697779588081, -2.27796677221659, 282580000000
2.0207215243968797, -1.199357509861948, -2.2780039934340715, 282614000000
2.018476280397644, -1.2019773368338404, -2.2779410992236113, 282648000000
2.0162655529885427, -1.2045766747059528, -2.27757568261333, 282682000000
2.014590222322543, -1.2068284867047379, -2.2781422673745753, 282716000000
2.0137695822091533, -1.207989086863754, -2.280953253806894, 282750000000
2.013889945261082, -1.2080091626626368, -2.283773266663318, 282784000000
2.014006487184381, -1.2080183507345124, -2.286354231553675, 282818000000
2.0141171538938965, -1.2080197110118525, -2.2886794666027357, 282852000000
2.0142221476547726, -1.2080122580285897, -2.2907339308020296, 282886000000
2.0143217459784313, -1.2079952185670513, -2.2925036514867925, 282920000000
2.014392029482528, -1.2079956568874797, -2.2939781255907645, 282954000000
2.0142823809780843, -1.2082018481689123, -2.295494923702225, 282988000000
2.014182295733564, -1.2084121560350716, -2.2973048199731774, 283022000000
2.0140925749327487, -1.2086265648711119, -2.2994187764098197, 283056000000
2.0140138417600353, -1.208844976862601, -2.3018467281280106, 283090000000
2.013946498887567, -1.2090672446481698, -2.3045972747349968, 283124000000
2.0138907395079997, -1.209293171383851, -2.3076778771086386, 283158000000
2.014049229869801, -1.2092801901586432, -2.3107157193757617, 283192000000
2.0142026029455433, -1.209256431882262, -2.313437224108318, 283226000000
2.014350791037667, -1.2092214050903665, -2.3158360264849263, 283260000000
2.0144938325685184, -1.2091747172044487, -2.3179063513006732, 283294000000
2.0146318631780145, -1.2091162307682195, -2.319644904959952, 283328000000
2.0147650744450236, -1.209045973946313, -2.32104867259737, 283362000000
2.014710215506157, -1.209174441517611, -2.3223920765849595, 283396000000
2.014648740851895, -1.2093266359315786, -2.324067400173994, 283430000000
2.0145994209302827, -1.2094829955617166, -2.326077936584119, 283464000000
2.014562284202877, -1.2096436214936541, -2.328422512511775, 283498000000
2.0145371561619445, -1.2098085498974431, -2.331098643879823, 283532000000
2.0145236721211903, -1.209977756743485, -2.3341025232113077, 283566000000
2.014708430538468, -1.2099394468037217, -2.337098359330852, 283600000000
2.01490742594363, -1.2098697213655374, -2.339755635328773, 283634000000
2.015101684337268, -1.2097884537318966, -2.342081533684073, 283668000000
2.015291163094647, -1.2096958936411883, -2.3440823761987133, 283702000000
2.0154758883185457, -1.209592496166497, -2.3457657866479003, 283736000000
2.0156253700928732, -1.2095104781428683, -2.34714857450108, 283770000000
2.015601432640589, -1.2096102616164586, -2.348629305564546, 283804000000
2.0155886357080677, -1.2097144836713978, -2.350421643117149, 283838000000
2.0155865087252574, -1.209823437869424, -2.352514447052344, 283872000000
2.0155943997894537, -1.2099373265344049, -2.3548954304457554, 283906000000
2.015611444383079, -1.210056288856943, -2.35755116881355, 283940000000
2.015729302231198, -1.2100845056831844, -2.360391678483107, 283974000000
2.015936256122222, -1.210029605684595, -2.363002269788107, 284008000000
2.014118871425296, -1.2121726069108145, -2.3657454957415194, 284042000000
2.012078617160017, -1.2143774174690072, -2.368387728760059, 284076000000
2.009708275506629, -1.2166800839253986, -2.3685428928012544, 284110000000
2.0073323479648972, -1.218964832309747, -2.3664346558945417, 284144000000
2.004966383277768, -1.2212598835857382, -2.366518972091226, 284178000000
2.002603274519276, -1.2235592724119682, -2.367433238462949, 284212000000
2.000239548160716, -1.2258453000756493, -2.3664275617490214, 284246000000
1.9978798729010436, -1.2281349736269842, -2.365714604517371, 284280000000
1.9955212212260884, -1.2304310626674129, -2.366143639729174, 284314000000
1.9931607655004036, -1.2327258811744353, -2.3662111942955835, 284348000000
1.990810704831769, -1.2350048556318816, -2.365786673876041, 284382000000
1.9884705250369203, -1.2372820235533002, -2.3655060726581167, 284416000000
1.9861267901373434, -1.2395671679910565, -2.36536743354283, 284450000000
1.9837811115960273, -1.241856760319263, -2.365318999458927, 284484000000
1.9814348749826187, -1.2441489798759022, -2.365330217068331, 284518000000
1.9790888529442365, -1.2464427899215618, -2.365382450697382, 284552000000
1.976743473170485, -1.248737588464688, -2.3654637546545296, 284586000000
1.9743989707526817, -1.2510330149545759, -2.365565965677174, 284620000000
1.9720553092588713, -1.253329102168321, -2.365684399740035, 284654000000
1.96971270561609, -1.2556252220112663, -2.365816888470668, 284688000000
1.96737131599613, -1.2579212700416353, -2.365951105840676, 284722000000
1.9650311555589395, -1.260217202737107, -2.3660820990125844, 284756000000
1.9626922331666314, -1.2625129900996788, -2.3662124152716815, 284790000000
1.9603545550170487, -1.2648085777048452, -2.3663387098657513, 284824000000
1.9580181400238639, -1.2671039115397356, -2.366455074668152, 284858000000
1.9556830108200631, -1.2693989530306848, -2.36655969139795, 284892000000
1.9533549871798588, -1.2716905513629353, -2.366639339556228, 284926000000
1.9510406984903221, -1.2739698291180241, -2.3666212661466584, 284960000000
1.9487411537452066, -1.2762403413575778, -2.3662698324640146, 284994000000
1.9464486350151555, -1.2785142341573281, -2.3655823236299924, 285028000000
1.9441747491572252, -1.2808684352189914, -2.3650367326241333, 285062000000
1.9417305769866586, -1.2832357682563522, -2.3647156676396044, 285096000000
1.9392902551847189, -1.285548825388837, -2.3644404397894037, 285130000000
1.9369551906133675, -1.2878277058888787, -2.364117081708656, 285164000000
1.934634950674906, -1.2901093524960627, -2.363773598484011, 285198000000
1.9330001569482715, -1.2917514038262725, -2.3633644352640806, 285232000000
1.930091049239279, -1.294627436782906, -2.362829167220979, 285266000000
1.9286447161624043, -1.2961286745291591, -2.362192845983907, 285300000000
1.9266446041027645, -1.2981264428311905, -2.3614877908511565, 285334000000
1.9242288786247068, -1.3005526251187816, -2.3607083925951455, 285368000000
1.922682585644923, -1.3021789193873554, -2.359831790469366, 285402000000
1.9212533011875659, -1.3036638978814994, -2.358899409418062, 285436000000
1.9193268324670223, -1.3056293403382409, -2.3579199328142066, 285470000000
1.9175283753415138, -1.307495996058931, -2.356889489755079, 285504000000
1.9163076242694632, -1.3088126957559683, -2.355923286252703, 285538000000
1.9149700140584065, -1.310210302072532, -2.3550099917558267, 285572000000
1.913397423601986, -1.3118399565152474, -2.3541482376663585, 285606000000
1.9118525028941635, -1.3134507908779138, -2.3533355110297833, 285640000000
1.9107213239609053, -1.3146644840008725, -2.3525631838868946, 285674000000
1.909696415699342, -1.3157609017372722, -2.351815037704026, 285708000000
1.9082097843113213, -1.3173095176672849, -2.351090143844177, 285742000000
1.9070704716442572, -1.3185253395323142, -2.3504068085441028, 285776000000
1.906185450853117, -1.319483256583811, -2.3497490717463307, 285810000000
1.9048490212637992, -1.3208818410788605, -2.349144984571593, 285844000000
1.904060861574364, -1.321748873476352, -2.3485364669693056, 285878000000
1.9026160369600547, -1.323249488836692, -2.3479671819653904, 285912000000
1.9006452371065214, -1.3252683992236078, -2.3480802453294665, 285946000000
1.898643771461531, -1.3273144603879579, -2.348897828274382, 285980000000
1.8963104741838133, -1.3296685275107467, -2.350297618779526, 286014000000
1.8939726203140532, -1.3319678917264692, -2.352201977497645, 286048000000
1.891674470385931, -1.3341894844626843, -2.3532211076656115, 286082000000
1.8891996821502313, -1.3366690265268935, -2.3522816634424357, 286116000000
1.8867184433986508, -1.3391537391151271, -2.3520528927071145, 286150000000
1.8842208497569348, -1.3416661197007171, -2.352710322178536, 286184000000
1.8817376093233424, -1.3441495687305847, -2.3526877883862247, 286218000000
1.8792624978892412, -1.3466271819099562, -2.352297534143613, 286252000000
1.876788304308039, -1.3491058136413372, -2.3523397610672405, 286286000000
1.8743148539071268, -1.3515838250910943, -2.3524419598142483, 286320000000
1.8718427921181646, -1.3540609257967768, -2.3522550084161526, 286354000000
1.869375100455469, -1.3565387937368498, -2.3520787273016133, 286388000000
1.8669051241975143, -1.3590172758352972, -2.352040323983006, 286422000000
1.8644384224779647, -1.3615028189688034, -2.351984402576138, 286456000000
1.8619696026960855, -1.363981722791943, -2.3519046793722413, 286490000000
1.859502864245496, -1.3664597785594246, -2.3518135509439033, 286524000000
1.857037940549962, -1.368937321406955, -2.351718374654675, 286558000000
1.854574658941716, -1.3714145238365776, -2.3516243077121937, 286592000000
1.8521129109305254, -1.373891482897486, -2.3515351969069505, 286626000000
1.8496527021559512, -1.376368254801851, -2.351454071322432, 286660000000
1.8471940060616434, -1.3788446531237537, -2.351381237700438, 286694000000
1.844736521234711, -1.3813209360537162, -2.3513190381059794, 286728000000
1.8422802595301695, -1.3837971449029354, -2.3512754179936666, 286762000000
1.839825194461671, -1.3862732626516712, -2.3512509879643617, 286796000000
1.8373713063984138, -1.3887492707234443, -2.3512440083156356, 286830000000
1.8349185841992204, -1.391225172090319, -2.3512572540834524, 286864000000
1.8324670092210686, -1.3937009590264176, -2.351293205444667, 286898000000
1.8300163500585316, -1.3961764033044266, -2.3513460916662132, 286932000000
1.8275665008623116, -1.398651412038653, -2.35141365237688, 286966000000
1.825117330298161, -1.401125854271747, -2.3514930525331574, 287000000000
1.8226686212706322, -1.403599526345303, -2.35157785159992, 287034000000
1.8202203589598176, -1.4060724143703425, -2.351666770724354, 287068000000
1.8177725425281226, -1.408544519427686, -2.3517590160221946, 287102000000
1.8153365178543925, -1.4110093863768343, -2.352082987061363, 287136000000
1.8128949778388022, -1.413482859278304, -2.3525907366096424, 287170000000
1.8104618061821107, -1.415954793634914, -2.353104429921754, 287204000000
1.808092077793482, -1.4183657809304309, -2.353397344669131, 287238000000
1.8077583098241425, -1.418712130912794, -2.353167774306215, 287272000000
1.8076229436545885, -1.4188715095910747, -2.3525713452569845, 287306000000
1.807075387456065, -1.420261256638127, -2.3501777575167186, 287340000000
1.8061472621496502, -1.421260036474455, -2.3456106196319695, 287374000000
1.8060416557205816, -1.4213462093267513, -2.3410943697556754, 287408000000
1.8057979827910864, -1.422337434610322, -2.3371639212029254, 287442000000
1.8058662881027079, -1.4220798699144537, -2.333620169262577, 287476000000
1.8054926278023014, -1.4228243481963836, -2.3306508865409197, 287510000000
1.805211966063267, -1.42341302031633, -2.327888662968395, 287544000000
1.8049734264496033, -1.423505330998997, -2.324851773573437, 287578000000
1.8047311994092263, -1.4235881089986577, -2.3215427481702267, 287612000000
1.8046244705332335, -1.4235161026318777, -2.3180473223091522, 287646000000
1.8046804521867013, -1.423280413928329, -2.314776958340694, 287680000000
1.8047462666286944, -1.4230477917838376, -2.311779006661664, 287714000000
1.8048219131925, -1.4228181733762115, -2.3090536635939953, 287748000000
1.804705405415929, -1.4228074917434559, -2.3064775170008835, 287782000000
1.804503013418156, -1.4228790792020543, -2.303661634646004, 287816000000
1.8043123529308567, -1.4243343542429914, -2.3007813543186635, 287850000000
1.8027368305655131, -1.4265382888800102, -2.297875050502123, 287884000000
1.8009914973594165, -1.4285829792214813, -2.2956915233184674, 287918000000
1.7991381791407048, -1.4307168643930053, -2.2953169370727045, 287952000000
1.7971175814500586, -1.4331090740035546, -2.296606657189509, 287986000000
1.7952030971991295, -1.4353777569254578, -2.2989261094593103, 288020000000
1.7933246072406497, -1.4375735588821035, -2.299683991894005, 288054000000
1.7912168954418588, -1.44000134574378, -2.2988013474423803, 288088000000
1.7889950020168648, -1.442467409062517, -2.2973845962143953, 288122000000
1.7867774762435975, -1.4449578889614603, -2.2982870845232046, 288156000000
1.7845612671022617, -1.4474426011550146, -2.2986737090134177, 288190000000
1.78234434908996, -1.4499216866606859, -2.297823182239832, 288224000000
1.780132721266868, -1.4524042278258584, -2.297682153857212, 288258000000
1.7779227187689157, -1.4548887042861394, -2.2981923767216323, 288292000000
1.7757111668099805, -1.457369252829921, -2.298143229416421, 288326000000
1.7735003831608562, -1.4598486739418441, -2.297875635425006, 288360000000
1.7712913965745507, -1.4623293973841132, -2.2979812781503637, 288394000000
1.7690827067988293, -1.4648092824688668, -2.2981174542112255, 288428000000
1.7668741919823046, -1.4672875708436974, -2.298039589688707, 288462000000
1.7646666667236224, -1.4697655973251078, -2.2980020595530184, 288496000000
1.762459963328666, -1.4722434109874267, -2.298076553911872, 288530000000
1.7602537091381891, -1.474720276153326, -2.2981017987338888, 288564000000
1.7580481013677485, -1.477196347213758, -2.298078604833472, 288598000000
1.7558432770450088, -1.479671962583453, -2.2980968691360286, 288632000000
1.7536390981803618, -1.4821469385147221, -2.2981328418969222, 288666000000
1.7514355424451211, -1.484621129942474, -2.2981419640420495, 288700000000
1.7492326945498775, -1.4870946567238308, -2.2981487078833736, 288734000000
1.747030547253018, -1.4895675471636025, -2.298171554114355, 288768000000
1.7448290693644124, -1.4920397132203052, -2.2981918463455795, 288802000000
1.7426282864975717, -1.494511144625874, -2.298203799096061, 288836000000
1.740428218795408, -1.4969818699282242, -2.298219163309792, 288870000000
1.7382288603333718, -1.4994518652989994, -2.2982380082835436, 288904000000
1.7360302191375687, -1.5019210994352326, -2.2982535738547356, 288938000000
1.7338323136000782, -1.5043895687342186, -2.298267406400174, 288972000000
1.7316351524281135, -1.5068572643153775, -2.2982827718344536, 289006000000
1.729438744329701, -1.5093241628868386, -2.2982978535493515, 289040000000
1.7272431053743595, -1.5117902461923982, -2.2983111820319864, 289074000000
1.7250482506860643, -1.5142555001558038, -2.2983240607357467, 289108000000
1.7228533746112948, -1.5167207624486276, -2.2983365393170305, 289142000000
1.720658006464067, -1.519186710319687, -2.2983327638723727, 289176000000
1.718456079391119, -1.5216537846007143, -2.29833113826314, 289210000000
1.716257761051569, -1.5241201089539516, -2.298302361743414, 289244000000
1.714066500042349, -1.5265782741634062, -2.298281477034196, 289278000000
1.711931086998701, -1.529028408439328, -2.2982611651169162, 289312000000
1.7098069777418075, -1.531489152345394, -2.298322026800028, 289346000000
1.7076231813445382, -1.5339646262077438, -2.2984057991428117, 289380000000
1.7054129478770244, -1.5364442708208166, -2.2984528257675407, 289414000000
1.703203735880689, -1.5389202094240637, -2.298466697425353, 289448000000
1.7010024725735302, -1.5413960016081487, -2.2984945132177867, 289482000000
1.6988004074459357, -1.5438698896225174, -2.298547616602268, 289516000000
1.6965954885454264, -1.5463422856267919, -2.2986276834986774, 289550000000
1.6950384787236201, -1.5480325164524424, -2.2985632875765383, 289584000000
1.6924762200685302, -1.5510172592055647, -2.298464841638214, 289618000000
1.6907253257871913, -1.5528610490814463, -2.298481934252792, 289652000000
1.6890018945805247, -1.5549174988769139, -2.2985448340404218, 289686000000
1.6866754968241962, -1.5574983420680717, -2.2986750504259783, 289720000000
1.685489243880514, -1.5588232959151485, -2.2987931598589064, 289754000000
1.6832065269399592, -1.561435253808146, -2.298912006220387, 289788000000
1.6817598708076777, -1.5629632131251276, -2.2989813361432896, 289822000000
1.6801051436439107, -1.5649225804782256, -2.2990496511893848, 289856000000
1.6782759496769764, -1.5669570577421659, -2.2990785966443794, 289890000000
1.677166476326737, -1.5682382493144378, -2.2991189764045465, 289924000000
1.675248496371175, -1.57043357274552, -2.299164878756485, 289958000000
1.67379963905067, -1.572066747719653, -2.299164724851423, 289992000000
1.6723162407099055, -1.5737684628781756, -2.2991132926951456, 290026000000
1.6706208267614282, -1.57569727747701, -2.2990713051291203, 290060000000
1.6687328106957102, -1.5778375895983543, -2.298960567450847, 290094000000
1.6667627713464437, -1.5800729114266825, -2.2987561024015393, 290128000000
1.6646428031366318, -1.5824709274100048, -2.2985102672425626, 290162000000
1.662379811885629, -1.585014199115311, -2.29835845796447, 290196000000
1.6600715457000543, -1.5876064283227471, -2.2982896740502867, 290230000000
1.6577572542702306, -1.5902066680225593, -2.298320581306287, 290264000000
1.6554447249399453, -1.5928054724627865, -2.298349276357276, 290298000000
1.6531322683609144, -1.5954038161451538, -2.29833580451506, 290332000000
1.6508182297349774, -1.5980027937779018, -2.298331272598506, 290366000000
1.6485038381901695, -1.6006022748108406, -2.2983367682617435, 290400000000
1.6461902906110693, -1.6032010059021389, -2.298339919629281, 290434000000
1.6438769188286193, -1.6057994278210515, -2.2983440488661504, 290468000000
1.6415642437393154, -1.6083969624882677, -2.298349822543422, 290502000000
1.6392523006531374, -1.6109935786128158, -2.298354888105529, 290536000000
1.6369410858423066, -1.6135892903109863, -2.2983598309742432, 290570000000
1.6346305926541886, -1.616184107935897, -2.2983656771400653, 290604000000
1.6323208147628576, -1.6187780383707087, -2.29837167516268, 290638000000
1.6300117481787029, -1.6213710896823301, -2.2983772966211595, 290672000000
1.6277033893432356, -1.623963270635525, -2.298382962567366, 290706000000
1.6253957341220746, -1.6265545880001728, -2.2983887389636357, 290740000000
1.6230887790297104, -1.6291450475103804, -2.2983942644705584, 290774000000
1.6207825216193823, -1.631734655330874, -2.298399497230208, 290808000000
1.6184769596382562, -1.6343234171738448, -2.2984045635694756, 290842000000
1.6161720908875037, -1.6369113376628384, -2.2984093789639637, 290876000000
1.613867913721619, -1.6394984210591717, -2.2984138288734437, 290910000000
1.6115644270035765, -1.64208467151144, -2.2984179338153505, 290944000000
1.609261629774623, -1.6446700926025652, -2.2984217056861236, 290978000000
1.6069595213166208, -1.6472546873537786, -2.298425091625215, 291012000000
1.6046581013102452, -1.6498384585350316, -2.2984280680986435, 291046000000
1.6023573697340223, -1.6524214086262667, -2.298430647798837, 291080000000
1.6000573267596252, -1.6550035396822045, -2.298432824780038, 291114000000
1.597757972806342, -1.6575848534229214, -2.2984345840485902, 291148000000
1.595459308558463, -1.6601653513279713, -2.298435929323438, 291182000000
1.5931613348989966, -1.6627450345901562, -2.2984368701110216, 291216000000
1.5908640528819833, -1.6653239041041545, -2.298437408969384, 291250000000
1.588567463748184, -1.6679019605241088, -2.29843755152567, 291284000000
1.5862715689066953, -1.6704792042823644, -2.2984373105918454, 291318000000
1.5839763698997573, -1.6730556355755533, -2.298436699075691, 291352000000
1.5816818683933265, -1.6756312543810907, -2.2984357290615933, 291386000000
1.5793880661739566, -1.6782060604859723, -2.298434415607738, 291420000000
1.5770949632570785, -1.6807800537552129, -2.298432778464504, 291454000000
1.5748025652293476, -1.6833532332029997, -2.2984308294788502, 291488000000
1.5725108724398906, -1.6859255982687444, -2.298428587098318, 291522000000
1.570219887021093, -1.6884971481257383, -2.298426075231814, 291556000000
1.5679296111667962, -1.6910678817867912, -2.298423310597337, 291590000000
1.5656400471359586, -1.6936377981636048, -2.298420310623419, 291624000000
1.5633511972439271, -1.696206896089364, -2.2984170972164404, 291658000000
1.561063063836142, -1.6987751743009276, -2.2984136911374655, 291692000000
1.5587756492828782, -1.7013426314501314, -2.2984101111148814, 291726000000
1.5564889559786954, -1.7039092661294664, -2.298406377025259, 291760000000
1.5542029863276934, -1.7064750768759576, -2.2984025093947364, 291794000000
1.5519177427288413, -1.7090400621710677, -2.298398527573293, 291828000000
1.5496332275696063, -1.7116042204532547, -2.298394450322233, 291862000000
1.5473494432188502, -1.7141675501294689, -2.298390296542147, 291896000000
1.5450663920177887, -1.7167300495802584, -2.298386084623619, 291930000000
1.5427833515606744, -1.7192897003232614, -2.2982223219689404, 291964000000
1.5405023585250932, -1.7218463480593174, -2.2981290451897607, 291998000000
1.5382265433536437, -1.7244047547703314, -2.298625036255963, 292032000000
1.5359542790958862, -1.7269603493390233, -2.2987253227336244, 292066000000
1.5336821196675174, -1.7295036713569325, -2.2978643526055107, 292100000000
1.5314100376088182, -1.7320536106285769, -2.297929758080909, 292134000000
1.529157077045862, -1.7345966419259475, -2.299145140118353, 292168000000
1.5268789411800692, -1.7371420898191625, -2.2983288614079163, 292202000000
1.524622044670763, -1.739673148040125, -2.2976981713534417, 292236000000
1.5223588899511304, -1.7422221286716921, -2.2986803895534225, 292270000000
1.5201037304245797, -1.7447480437930074, -2.298364745884874, 292304000000
1.5178489094785088, -1.7472811397351617, -2.298361139416715, 292338000000
1.515600848835675, -1.7498032292302317, -2.298117175550648, 292372000000
1.5133483879105891, -1.7523338614811317, -2.298499770713064, 292406000000
1.5110972979764616, -1.7548552571343285, -2.298175662481895, 292440000000
1.5088565998186594, -1.7573757474015124, -2.2984391784402183, 292474000000
1.5066107093659684, -1.7598970196502082, -2.2985124831948474, 292508000000
1.5043674038153543, -1.762413537214284, -2.298190939150463, 292542000000
1.5021271051010412, -1.7649314019547124, -2.2983691107619766, 292576000000
1.4998868916984485, -1.767447852437245, -2.2985284224599947, 292610000000
1.4976466179911905, -1.7699620659461277, -2.298409607339648, 292644000000
1.4954075932780106, -1.7724760816025502, -2.2983697612794067, 292678000000
1.4931695534548486, -1.774989837456105, -2.298463203284385, 292712000000
1.490931852731729, -1.7775022314134246, -2.298475966220746, 292746000000
1.4886947953445189, -1.7800135979697984, -2.298432348568458, 292780000000
1.4864586718211399, -1.7825244394772015, -2.2984462062917594, 292814000000
1.4842232378119402, -1.785034452946943, -2.2984749112139067, 292848000000
1.4819883825948632, -1.7875434655297653, -2.2984657989623534, 292882000000
1.4797542768075893, -1.7900516831487843, -2.2984562244693394, 292916000000
1.4775209354989522, -1.7925591533309833, -2.2984662526271626, 292950000000
1.4752882625345354, -1.7950657572295563, -2.298470015936046, 292984000000
1.4730562751883527, -1.7975715049750316, -2.298462986001848, 293018000000
1.4708250209562066, -1.8000764639064126, -2.298460892861653, 293052000000
1.468594478366162, -1.8025806162633309, -2.2984623857817352, 293086000000
1.4663646280985232, -1.805083934918127, -2.298459122465855, 293120000000
1.4641354874687684, -1.8075864410823574, -2.2984540858743836, 293154000000
1.4619070630432038, -1.810088148267726, -2.2984512886762265, 293188000000
1.4596793448452552, -1.8125890455029865, -2.2984481449563443, 293222000000
1.457452333306537, -1.815089131985286, -2.298443166421907, 293256000000
1.4552260351069228, -1.8175884171199623, -2.298438272641247, 293290000000
1.4530004499377807, -1.8200869017781742, -2.2984338989604107, 293324000000
1.4507755763523318, -1.8225845831285317, -2.2984289482422455, 293358000000
1.4485514172222942, -1.8250814634298502, -2.2984235394002686, 293392000000
1.4463279751456246, -1.827577545098063, -2.2984183347794294, 293426000000
1.4441052508571053, -1.830072827247537, -2.298413173919449, 293460000000
1.4418832461311997, -1.8325673092101131, -2.298407797865487, 293494000000
1.4396619638283938, -1.8350609914219658, -2.298402428716793, 293528000000
1.4374414063821075, -1.8375538732761914, -2.2983972166125906, 293562000000
1.4352215762451295, -1.8400459531887408, -2.298392056798698, 293596000000
1.4330024759443707, -1.8425372298566582, -2.298386946037804, 293630000000
1.4307841090480014, -1.8450277016289154, -2.2983819957246454, 293664000000
1.4285664807691405, -1.8475173655235186, -2.2983772173927943, 293698000000
1.426349594076431, -1.8500062188531305, -2.2983725930515675, 293732000000
1.424133453437151, -1.8524942583544013, -2.2983681567336007, 293766000000
1.42191806364801, -1.8549814802083524, -2.298363943496364, 293800000000
1.4197034299185345, -1.8574678799810873, -2.2983599552718323, 293834000000
1.4174895579358673, -1.8599534527277704, -2.2983561983245604, 293868000000
1.4152764538383362, -1.8624381929516016, -2.298352692890454, 293902000000
1.4130641242320046, -1.8649220945149785, -2.298349449839857, 293936000000
1.4108525762430426, -1.867405150638816, -2.2983464713873976, 293970000000
1.4086418175336906, -1.8698873539016108, -2.298343764114734, 294004000000
1.4064318563126366, -1.8723686961918955, -2.2983413353723074, 294038000000
1.4042215761407255, -1.8748503165636912, -2.298339036419515, 294072000000
1.4020112194500765, -1.8773320825331508, -2.2983356575631366, 294106000000
1.3998012248538338, -1.879813720123005, -2.298333836648876, 294140000000
1.397591223126666, -1.8822954353296821, -2.2983354836469463, 294174000000
1.3953789882223506, -1.884779494725533, -2.29833584651863, 294208000000
1.3931643061190366, -1.887266202513654, -2.2983329639669527, 294242000000
1.390944742456406, -1.8897573489243762, -2.2983311983145978, 294276000000
1.3887250614343658, -1.8922489584030073, -2.2983296416231047, 294310000000
1.3865120231355132, -1.8947338699403884, -2.2983288913184077, 294344000000
1.3843010600034664, -1.8972163260626476, -2.298332228046186, 294378000000
1.3820892422525193, -1.8996995315841934, -2.2983373044404853, 294412000000
1.3798749613628842, -1.9021859205208425, -2.2983400021206406, 294446000000
1.3776586373454647, -1.9046751087561118, -2.29833995473877, 294480000000
1.3754409937854135, -1.9071664223581082, -2.2983363110156843, 294514000000
1.373220309825225, -1.9096612645226743, -2.2983319343104083, 294548000000
1.3709974837712111, -1.9121583439011813, -2.298328311292303, 294582000000
1.3687718469904608, -1.914658549446377, -2.2983250502289896, 294616000000
1.3665425584209197, -1.9171624135542698, -2.29832462839132, 294650000000
1.3643388701669836, -1.9196408871847401, -2.298323353169471, 294684000000
1.3627756791255539, -1.9215333121642444, -2.2978509971708156, 294718000000
1.3620592480686367, -1.922671757268148, -2.2963638128539454, 294752000000
1.3617025623562031, -1.9233792011679312, -2.2939879672789036, 294786000000
1.3613540177782955, -1.9239562275929705, -2.290822054507906, 294820000000
1.3610143084993105, -1.9244156565027823, -2.2869085522208166, 294854000000
1.3606917715212972, -1.9247595612392006, -2.282287901356916, 294888000000
1.3606367424573655, -1.9249899231095184, -2.277358186636479, 294922000000
1.3603239987965476, -1.9250394908237551, -2.273299485606161, 294956000000
1.3601704122800558, -1.9245426618881534, -2.2702577281890446, 294990000000
1.3601732718933337, -1.9237111583821942, -2.2676944676447874, 295024000000
1.359942857921453, -1.923083020489428, -2.264911094112192, 295058000000
1.3595247379754254, -1.9222012452015653, -2.261989455374673, 295092000000
1.3593847481459493, -1.9216664674758015, -2.259046164952051, 295126000000
1.3592530737027446, -1.9211519271442032, -2.25604915292906, 295160000000
1.359202472096563, -1.9207483019953877, -2.2529997266897572, 295194000000
1.3592508405267436, -1.9204780797414052, -2.2498962394504245, 295228000000
1.3593617402955973, -1.9202934880797013, -2.2467339508646114, 295262000000
1.3595392707030645, -1.9201981711735505, -2.243515246418415, 295296000000
1.3582309804339088, -1.9219463948929216, -2.2397171499158413, 295330000000
1.356927052524878, -1.9237744221960802, -2.23519691947856, 295364000000
1.3562427994351791, -1.9249411276934716, -2.229074939570512, 295398000000
1.355538468772147, -1.9254677152644482, -2.2216008664392275, 295432000000
1.3546418952851325, -1.9261773461304172, -2.212823619199391, 295466000000
1.3536382313317834, -1.9269927769843351, -2.2024830535527613, 295500000000
1.3525084648185852, -1.9279356851627085, -2.1905755541270358, 295534000000
1.3514434559554447, -1.9286027098097458, -2.177173177077644, 295568000000
1.3502630316639295, -1.9293072224382506, -2.1623791387404743, 295602000000
1.3490316482098577, -1.930406440856749, -2.146960858910642, 295636000000
1.3477898518630014, -1.9313946700371851, -2.1315114810817226, 295670000000
1.3465579891529684, -1.9323326544121509, -2.116082842511653, 295704000000
1.345358271424133, -1.9333220110130995, -2.100652099091689, 295738000000
1.3441436706639505, -1.9343337758912056, -2.085192056946498, 295772000000
1.3429699448814478, -1.935425321889836, -2.0696600076213523, 295806000000
1.3418289846259446, -1.9366058069554235, -2.0540322814166867, 295840000000
1.340637223740678, -1.937690777350856, -2.038188875107152, 295874000000
1.33942052552131, -1.9385406766131918, -2.0220215669089625, 295908000000
1.3383574780067387, -1.9399714277204603, -2.005429922137575, 295942000000
1.337224016678227, -1.941195369010598, -1.9886027004379956, 295976000000
1.3360930338103765, -1.9424488028230913, -1.9714947231710076, 296010000000
1.3349010988040118, -1.9436177146424758, -1.9541162648788653, 296044000000
1.3340846749423916, -1.9450956111852409, -1.9363349369028797, 296078000000
1.333115115233846, -1.9462360153765415, -1.9180925067941796, 296112000000
1.3323915488748397, -1.9477648910638303, -1.8995940628092345, 296146000000
1.3317685044728245, -1.9492514838305472, -1.8808685126651379, 296180000000
1.331183820136551, -1.9507133017452387, -1.8619816533999671, 296214000000
1.3306135148804883, -1.9521267216418219, -1.8429641788990856, 296248000000
1.3301447330814413, -1.9536383172988965, -1.8238118727374353, 296282000000
1.3296802076982484, -1.9552293080538903, -1.8045927663311407, 296316000000
1.329277021474493, -1.9566904775505434, -1.7853653886398808, 296350000000
1.3289742743941422, -1.9581634101037857, -1.7661404189739536, 296384000000
1.3287598743282625, -1.9596453200200397, -1.7470882097714313, 296418000000
1.3285727645889667, -1.9611701178450462, -1.7285751154126237, 296452000000
1.329046293010932, -1.9623612700267692, -1.7106627262766059, 296486000000
1.3304729418725687, -1.9615421643204485, -1.6931116154231898, 296520000000
1.3305485657158433, -1.9612650624342864, -1.679140286242449, 296554000000
1.329949075751241, -1.9622111070324433, -1.6673311943346587, 296588000000
1.3293357442166627, -1.9631704137046615, -1.6556073513920309, 296622000000
1.3285698932618333, -1.9646032624461414, -1.6420312716559522, 296656000000
1.3277084241041488, -1.9661820056124382, -1.624328317912975, 296690000000
1.3269902157059807, -1.9675832825921855, -1.6034076768473449, 296724000000
1.326422241482135, -1.9688030352561343, -1.57931828272105, 296758000000
1.3260150903723233, -1.9698541168040462, -1.5521997551641737, 296792000000
1.3257702435669512, -1.9707578600367255, -1.5235460590750214, 296826000000
1.3256366224016538, -1.9716090742782688, -1.4942159465454412, 296860000000
1.3270973650903022, -1.9726110814703437, -1.4655430959088855, 296894000000
1.3279846431952311, -1.973912822525032, -1.4358180341532791, 296928000000
1.3280468746796716, -1.9748182399367251, -1.4065793886851825, 296962000000
1.3280724001040791, -1.9759099042029697, -1.377809989590911, 296996000000
1.3282117820742285, -1.976985983733318, -1.3494393992232387, 297030000000
1.3284142958131393, -1.9781154913171644, -1.3214031083472462, 297064000000
1.3286874373317408, -1.9793112417657996, -1.2937728304254472, 297098000000
1.3290610097255353, -1.9806351725798186, -1.2661195093469928, 297132000000
1.3294303826346352, -1.9817911534715156, -1.2384940440754715, 297166000000
1.3298513831681233, -1.9829318099975646, -1.2108944487785942, 297200000000
1.330324377703633, -1.9840569933791792, -1.1833255455766865, 297234000000
1.3308491067538017, -1.9851642850939522, -1.155791622610877, 297268000000
1.3314250925079556, -1.98625140592206, -1.1282965809064651, 297302000000
1.3320530825227996, -1.987319161509685, -1.1008441602702395, 297336000000
1.3327311344934123, -1.9883636044718056, -1.0734381447315597, 297370000000
1.3334579375467523, -1.9894087710904844, -1.046080090902913, 297404000000
1.3342555659264286, -1.990545432631248, -1.0187663966642084, 297438000000
1.3351624398359505, -1.9916513052538471, -0.9915056930156465, 297472000000
1.3361160871067053, -1.9927237292623199, -0.9643041450573115, 297506000000
1.3371142672373915, -1.9937613722451084, -0.9371652872909477, 297540000000
1.338154942145671, -1.994763103172392, -0.9100929514760067, 297574000000
1.3392359444378779, -1.9957280033274143, -0.8830913663317979, 297608000000
1.340355033575578, -1.9966553799170883, -0.8561651756075368, 297642000000
1.3415098013314193, -1.9975446695688543, -0.8293196063285203, 297676000000
1.3426976401037278, -1.9983959182404332, -0.8025608644017993, 297710000000
1.3439159918584695, -1.9992090766423163, -0.7758953912417526, 297744000000
1.3451622948818602, -1.9999844253636825, -0.749330359585429, 297778000000
1.3464339300864843, -2.0007225193858935, -0.7228737208356437, 297812000000
1.3474091503755674, -2.0014205241089065, -0.6963804164360918, 297846000000
1.3480760513470973, -2.0019063498908554, -0.6689888679321316, 297880000000
1.3488184416299418, -2.0022994740343583, -0.6406193985447178, 297914000000
1.3495854127869586, -2.002637410070497, -0.6114620856174984, 297948000000
1.3503602566589032, -2.0029394897713884, -0.5814138074789226, 297982000000
1.351148792941666, -2.003170808391194, -0.5505859684037147, 298016000000
1.3513793398661313, -2.0032915595179377, -0.5193259732795371, 298050000000
1.3493306824776647, -2.0024667620008323, -0.48734773907327095, 298084000000
1.3473378283654498, -2.0014064979222903, -0.45398657939846426, 298118000000
1.3453144983549221, -2.0003364105624546, -0.41950779723215353, 298152000000
1.3432649309626463, -1.9993068456516963, -0.38419979444503205, 298186000000
1.3411858967241157, -1.9985589963362296, -0.3482798991665813, 298220000000
1.3386178370197028, -1.9983079987328667, -0.3116454381739471, 298254000000
1.3361587203460268, -1.9982644682436408, -0.2742977774111009, 298288000000
1.3337401943834988, -1.998187035985695, -0.23699213297494826, 298322000000
1.3316006630277735, -1.9980446189727432, -0.20068979809235593, 298356000000
1.3310787128321981, -1.9978812165008335, -0.1894650130597104, 298390000000
1.332181576555056, -1.9980244754217957, -0.20821658423296474, 298424000000
1.333470950763023, -1.9984106694034187, -0.23828901706100233, 298458000000
1.334348721228331, -1.9984228226161889, -0.2684087527855926, 298492000000
1.33521487138203, -1.9984880997030692, -0.2981602321426779, 298526000000
1.3359140047415032, -1.998619002885956, -0.3273751545616304, 298560000000
1.336483837963013, -1.9987822831343183, -0.35548883309690404, 298594000000
1.3353363566635768, -1.9996186768279134, -0.38224647386626287, 298628000000
1.332397508373596, -2.001192456443463, -0.40879063914321484, 298662000000
1.3294231550637088, -2.002690292001792, -0.4353806856218652, 298696000000
1.3264171077484406, -2.0041166538587483, -0.46203822007036166, 298730000000
1.3233825408852926, -2.0054756140481453, -0.4887817782988507, 298764000000
1.3203221359903057, -2.0067707798798935, -0.5156268211741911, 298798000000
1.3172381301699652, -2.0080052741635406, -0.5425857430321606, 298832000000
1.3141323643220615, -2.0091817193127994, -0.5696678976262948, 298866000000
1.311006330072096, -2.0103022229019274, -0.5968796397069368, 298900000000
1.307861123968574, -2.0113680090564383, -0.6242243912843292, 298934000000
1.304697555076569, -2.01237963746653, -0.6517027151555084, 298968000000
1.3015165586037771, -2.013338441988197, -0.6793124023556151, 299002000000
1.2983186765579662, -2.014244348619683, -0.7070486138052774, 299036000000
1.2951043221345133, -2.0150967119689644, -0.7349040106747363, 299070000000
1.2918738220116321, -2.0158943039258186, -0.7628689121428013, 299104000000
1.2886274589088487, -2.016635302064116, -0.7909314704123717, 299138000000
1.2853655148053558, -2.0173172778076562, -0.8190778610567088, 299172000000
1.2820883464991926, -2.0179373362097865, -0.8472924870468016, 299206000000
1.278796554906499, -2.0184927504073116, -0.8755582039545308, 299240000000
1.2764810597595386, -2.0191039591888753, -0.9039111000456234, 299274000000
1.277059356848566, -2.0201867079673725, -0.9325116533414456, 299308000000
1.2776354649880257, -2.0213398668617333, -0.9611441417271748, 299342000000
1.278252822886998, -2.0226219448716924, -0.989555998971768, 299376000000
1.2789013562790723, -2.0240218287280913, -1.0178095895805377, 299410000000
1.2795102841630726, -2.025436751844578, -1.0459303568982474, 299444000000
1.2800815510691486, -2.0268644902836006, -1.0738990998379256, 299478000000
1.2806159413201645, -2.0283029785455637, -1.1017006799296405, 299512000000
1.2811141528836119, -2.029750275059325, -1.1293203204104623, 299546000000
1.2815770231393346, -2.0312044708763533, -1.156742770035579, 299580000000
1.282005560860017, -2.0326636902543678, -1.1839521340660437, 299614000000
1.2824012399365663, -2.0341222383532616, -1.2109312547077276, 299648000000
1.282788994787108, -2.035409284859233, -1.2375815886980142, 299682000000
1.283377938250232, -2.034736989405626, -1.2638109706391347, 299716000000
1.2836708556038385, -2.0328429998413085, -1.2899620050589236, 299750000000
1.2841803464081631, -2.0314373688835343, -1.316062746832852, 299784000000
1.2838076700944745, -2.0307033477556353, -1.3405956948538738, 299818000000
1.2832546458170107, -2.0303911384768445, -1.3625401980908356, 299852000000
1.2825451194750013, -2.0297677526844438, -1.3821069168348608, 299886000000
1.2816428568410811, -2.0306185506531094, -1.399472351738402, 299920000000
1.2809618331287635, -2.032190630104527, -1.4147904427641511, 299954000000
1.2801138250575135, -2.0325408936632017, -1.4282290737387902, 299988000000
1.2796698781699958, -2.0352838793328067, -1.4393706017267842, 300022000000
1.2785434808842369, -2.0354292414267436, -1.4486516551001603, 300056000000
1.277898512403848, -2.037371024425671, -1.4555599875282255, 300090000000
1.2773482573284334, -2.0397689525017215, -1.4609726221690809, 300124000000
1.2772300297501957, -2.043132362008273, -1.463499403658382, 300158000000
1.2766340322928964, -2.0457238699206446, -1.463188998778347, 300192000000
1.2763560571933485, -2.0486113497003275, -1.4602568873003707, 300226000000
1.276012666222794, -2.0512457171154717, -1.454555470955716, 300260000000
1.275597684439983, -2.0536651180019443, -1.4463158654393644, 300294000000
1.2751248469801078, -2.0558946962089397, -1.4358957185967494, 300328000000
1.2745764969406934, -2.0580280524924706, -1.42376580786436, 300362000000
1.2739667782349409, -2.060116018083605, -1.4104866224444557, 300396000000
1.2733259445680936, -2.062182499717778, -1.3966014040629433, 300430000000
1.2727528427279324, -2.064313233740881, -1.382813955086235, 300464000000
1.2722993340679978, -2.066304949567988, -1.3698321497956722, 300498000000
1.271949145887959, -2.068078144904295, -1.3572193979275264, 300532000000
1.2715944913474677, -2.069826832829934, -1.344848478185963, 300566000000
1.2712017901682773, -2.07157449018541, -1.3327365819551815, 300600000000
1.2708741825687095, -2.0732832666563534, -1.320912502210921, 300634000000
1.2706369373693114, -2.074813354736639, -1.309378104813747, 300668000000
1.270449876867134, -2.0764762807913995, -1.2980984423863537, 300702000000
1.2703276226532862, -2.0784462810604523, -1.2870535066110462, 300736000000
1.2703077506478035, -2.08000066350688, -1.276321170607558, 300770000000
1.2703365659384105, -2.081062031856249, -1.2659321219894677, 300804000000
1.2703258673946656, -2.0795979513287883, -1.2558248008908173, 300838000000
1.2703121795754464, -2.078163713926693, -1.2457592777238577, 300872000000
1.2703005202313398, -2.076762600481792, -1.2357130152547318, 300906000000
1.2702957256046044, -2.075396832283154, -1.2256656873776284, 300940000000
1.2703022816963068, -2.0740682517265303, -1.2155989833343868, 300974000000
1.2703243461547218, -2.0727783554191266, -1.2054965072377617, 301008000000
1.2703657667570196, -2.0715283211745277, -1.1953436918973965, 301042000000
1.2704301011764596, -2.0703190345561038, -1.1851277096028046, 301076000000
1.2705206338248418, -2.069151111056912, -1.1748373924213313, 301110000000
1.2706403925423662, -2.0680249170796166, -1.1644631515029522, 301144000000
1.2707921626584824, -2.0669405875944027, -1.1539969030555406, 301178000000
1.270978500043728, -2.065898042384297, -1.1434319947144929, 301212000000
1.2712017417203714, -2.0648969997654967, -1.1327631368886715, 301246000000
1.2714640149970633, -2.063936988953867, -1.1219863353486486, 301280000000
1.2717672443188128, -2.0630173605139914, -1.1110988276990965, 301314000000
1.2721131564211963, -2.06213729561036, -1.1000990214648085, 301348000000
1.2725032689184577, -2.061295805610007, -1.0889864339080193, 301382000000
1.272938880641642, -2.060491718018024, -1.0777617331207705, 301416000000
1.2734212999070578, -2.05972387802488, -1.0664262214273637, 301450000000
1.2739512908207702, -2.0589907176342783, -1.0549827263462552, 301484000000
1.2745297290787658, -2.058290759744081, -1.043434413610161, 301518000000
1.275157053827642, -2.05762222352344, -1.0317857073437844, 301552000000
1.2758336622693267, -2.056983314358516, -1.0200415091757864, 301586000000
1.2765595919110908, -2.056372007211986, -1.0082076820001553, 301620000000
1.277334742313336, -2.055786208766455, -0.9962906026214807, 301654000000
1.2781586820173374, -2.0552236329778224, -0.9842973939233967, 301688000000
1.2790521644966195, -2.054760023149045, -0.9722303127323325, 301722000000
1.281299878995772, -2.0572280542894514, -0.9597056130320737, 301756000000
1.2835993726576884, -2.0596688737615327, -0.9467737994471701, 301790000000
1.2859712218721884, -2.062121817692072, -0.9336492850955735, 301824000000
1.288395056501018, -2.0646255817392056, -0.9205342253931804, 301858000000
1.2907958555873424, -2.0670157981097734, -0.9074377721175556, 301892000000
1.2933049402673387, -2.0695313794151575, -0.8943642978921303, 301926000000
1.29579852029525, -2.071956966522832, -0.8812593629587459, 301960000000
1.2983113760967073, -2.074348268197044, -0.8681188622580989, 301994000000
1.298378384557355, -2.0751819837839625, -0.8514481628636582, 302028000000
1.2989016974828473, -2.076033525092291, -0.8276302573916005, 302062000000
1.2999954010041344, -2.077013425579418, -0.7988477858082177, 302096000000
1.3016455376320173, -2.0777927552561426, -0.7678812082623513, 302130000000
1.3019356684814134, -2.0784680162851195, -0.7367085540114641, 302164000000
1.3022625542395976, -2.078902323405075, -0.7056116802465228, 302198000000
1.302724942404656, -2.079606639562058, -0.6746892099613133, 302232000000
1.303238533780419, -2.0799494816406465, -0.6440197835266376, 302266000000
1.3037560983749528, -2.080398910492088, -0.6136189430390859, 302300000000
1.3016424792350516, -2.0799231434421106, -0.5845910315853731, 302334000000
1.3000872334677471, -2.0793268333335035, -0.5612623960165176, 302368000000
1.2988258556330075, -2.0789273554691547, -0.5427243032601562, 302402000000
1.2983951682586663, -2.077231979568202, -0.5261405233963014, 302436000000
1.2980004844887403, -2.0755617361713563, -0.5095024765994888, 302470000000
1.2976434337717564, -2.0739108364273076, -0.4928058759454824, 302504000000
1.2973260502926236, -2.0722773538138437, -0.4760473439562442, 302538000000
1.297049819305087, -2.07065933731471, -0.4592247575421205, 302572000000
1.2968159009468494, -2.0690547819702023, -0.44233715070841, 302606000000
1.2966251710144974, -2.067461648390252, -0.42538465946537124, 302640000000
1.2964782296813087, -2.065877865758557, -0.40836842236403925, 302674000000
1.296375406565889, -2.0643013417237044, -0.3912905048794049, 302708000000
1.2963167998603566, -2.062729980679772, -0.3741538255681012, 302742000000
1.2976938466164127, -2.062433964654295, -0.35706500669699687, 302776000000
1.2972597015179241, -2.062788294825987, -0.340364462093395, 302810000000
1.2949688744764662, -2.062465253132221, -0.32434832336363745, 302844000000
1.293245776257398, -2.0617186562450183, -0.3108791150116735, 302878000000
1.2921685870931545, -2.0610211563174685, -0.3020337605656317, 302912000000
1.291385725141787, -2.060701301735323, -0.2963496910608868, 302946000000
1.290911285227007, -2.060498606644223, -0.29304273571808903, 302980000000
1.290694653050684, -2.0604270135504223, -0.2916479330234327, 303014000000
1.2905337302331343, -2.060393134407651, -0.2907528984085838, 303048000000
1.2903439182348333, -2.0604139986170744, -0.29004470800750315, 303082000000
1.2901753512252132, -2.0603500332035134, -0.28916867792107365, 303116000000
1.2900185376832487, -2.0602725095865937, -0.28822232485656124, 303150000000
1.2898823582512575, -2.0602068969871064, -0.28736420467687457, 303184000000
1.2897690632132606, -2.060151889712817, -0.2866604842740063, 303218000000
1.2896852358657045, -2.060111119514618, -0.2861965819382726, 303252000000
1.2896278336565792, -2.0600855393159496, -0.28599908561437465, 303286000000
1.289717157464789, -2.0600981082316427, -0.2867003225314047, 303320000000
1.2900265660733106, -2.060152436997785, -0.28885523607279495, 303354000000
1.2903656781081825, -2.060216882828678, -0.291375337811589, 303388000000
1.2907935576497693, -2.060288252518407, -0.29418689020568217, 303422000000
1.2912208373630343, -2.06036724892667, -0.2973149627001524, 303456000000
1.291731704000496, -2.0604648342329046, -0.30071944230048775, 303490000000
1.292242690576824, -2.0605688582096895, -0.3044412378157799, 303524000000
1.2927728320337728, -2.0607178956639363, -0.3083743035209373, 303558000000
1.2939096653300974, -2.0605078894411086, -0.3134077568330906, 303592000000
1.2951305928971122, -2.0605006005501045, -0.3198273099182199, 303626000000
1.2956521900370648, -2.0609781227335042, -0.3267316344885897, 303660000000
1.2961165488306112, -2.06124008870968, -0.3332857413653412, 303694000000
1.2969315273912772, -2.0614648929510255, -0.3392813133303078, 303728000000
1.2988074795954139, -2.0611513525413154, -0.3443622811648064, 303762000000
1.299147688519797, -2.0607392343050046, -0.3474678072681417, 303796000000
1.2992976544382477, -2.060530845186529, -0.3472576543951281, 303830000000
1.2993708788817921, -2.0603659071057066, -0.3458312690698337, 303864000000
1.2995351254698222, -2.060114658633326, -0.3442426225101706, 303898000000
1.2997834510755657, -2.0595871988809087, -0.34267102288219065, 303932000000
1.30010919004109, -2.059058195417077, -0.34111381430193805, 303966000000
1.3004457581715811, -2.058497898972915, -0.3395027756944276, 304000000000
1.3007329630347186, -2.057959244502206, -0.3378261726200681, 304034000000
1.3011173280250294, -2.0573414097194638, -0.3366006498822327, 304068000000
1.3014947766637797, -2.056734564662482, -0.33522568881661385, 304102000000
1.3018571399418513, -2.0561632503925638, -0.3336906816597871, 304136000000
1.3022475288239401, -2.055543173743431, -0.33220374434471217, 304170000000
1.3026190321586477, -2.0549496766247954, -0.33062918133310465, 304204000000
1.303039947655811, -2.054297892133667, -0.3291620724316101, 304238000000
1.3034572388805508, -2.053700049845624, -0.3276696404355981, 304272000000
1.3038682889004254, -2.0530746560502364, -0.3262229015976039, 304306000000
1.3043302006701334, -2.0524143108268365, -0.32500899693127866, 304340000000
1.3047604614096904, -2.051823307695351, -0.3238670392279581, 304374000000
1.3052317501561301, -2.0511862172071305, -0.3228119679080509, 304408000000
1.3057211588378776, -2.0505627369041206, -0.3219286486478396, 304442000000
1.3062134543859798, -2.0499625842402227, -0.321189624294499, 304476000000
1.306671409534382, -2.049411353172575, -0.3205007219501896, 304510000000
1.3071685239143056, -2.048849493595517, -0.31990190916055383, 304544000000
1.307624779217123, -2.048341813437767, -0.3193683124458733, 304578000000
1.3081076167101438, -2.0478355490962254, -0.31885809693042955, 304612000000
1.308563318427432, -2.047358483584134, -0.3184282267769321, 304646000000
1.3089797882011818, -2.0469638067116174, -0.3178324459839431, 304680000000
1.3094100145212484, -2.046551858169873, -0.3173187213478092, 304714000000
1.3098250153953375, -2.046186203631673, -0.31694962067525795, 304748000000
1.3102094256233685, -2.04587460277614, -0.3165769045131384, 304782000000
1.310603005912811, -2.0455829192498975, -0.31623981766905734, 304816000000
1.3109406125775716, -2.0453862054711323, -0.3159180451084837, 304850000000
1.3112709282433799, -2.0451939135068518, -0.31562172500669555, 304884000000
1.3115670436837397, -2.0451078519512618, -0.315366080843588, 304918000000
1.3112856461772162, -2.0452665177028075, -0.31475873159386986, 304952000000
1.3110920571180025, -2.045376096831837, -0.3142060627263355, 304986000000
1.3118569731827834, -2.0455961880068076, -0.31423830284506626, 305020000000
1.3129699437399447, -2.045586454684001, -0.3265359761065815, 305054000000
1.3148244786574919, -2.045958175968398, -0.354386817150863, 305088000000
1.3159915124123804, -2.0460308214196075, -0.38604206776694877, 305122000000
1.3170637682340007, -2.046074395027502, -0.4177856085373646, 305156000000
1.3181640692891352, -2.046132699886716, -0.4496142227494938, 305190000000
1.3192887810128768, -2.0462104503812375, -0.4814994192117849, 305224000000
1.3204339182279052, -2.0463122241403897, -0.5134152812386151, 305258000000
1.3215952702809373, -2.046442302724738, -0.545338081375485, 305292000000
1.3223578309944224, -2.046207220433644, -0.5772024962353339, 305326000000
1.321142317063788, -2.0444267864209578, -0.6085696275369626, 305360000000
1.3198171648204442, -2.0427337756527026, -0.6393259155504737, 305394000000
1.318424275142193, -2.0411777067629897, -0.6686590751742948, 305428000000
1.3173395994592223, -2.039181034953771, -0.6968468840646248, 305462000000
1.3161939132581066, -2.0370398654895014, -0.7257456980602877, 305496000000
1.3149834576361354, -2.0348590070275234, -0.7551542186993884, 305530000000
1.3136132066153055, -2.0326008148302352, -0.7854771031159549, 305564000000
1.3113100540645826, -2.0308999213622667, -0.8156237778708815, 305598000000
1.3071925053646318, -2.0299623766852153, -0.8454111710244198, 305632000000
1.3030854645618768, -2.028821499299101, -0.8750055916393513, 305666000000
1.2989953221822874, -2.027489254513429, -0.9045005226483964, 305700000000
1.2949280114715052, -2.025979520057024, -0.9339862085028419, 305734000000
1.290888531829294, -2.024305432681556, -0.9635510979932748, 305768000000
1.2868810203775454, -2.022479063441296, -0.9932814947938526, 305802000000
1.2829088502769805, -2.0205116469036195, -1.0232626524916935, 305836000000
1.2789747250943304, -2.0184134000741953, -1.0535785735455756, 305870000000
1.2750807603739196, -2.0161936795586737, -1.0843127904333265, 305904000000
1.2712285825701883, -2.013860894580334, -1.1155482304232582, 305938000000
1.2674194011532276, -2.0114226212608517, -1.1473677083228468, 305972000000
1.263654102627286, -2.0088855756053325, -1.1798537652702736, 306006000000
1.2599333161034802, -2.0062557032798956, -1.2130888717029555, 306040000000
1.2562574981734438, -2.0035381894615396, -1.2471551391119033, 306074000000
1.2526269929186105, -2.0007375348103302, -1.2821341959465247, 306108000000
1.2490421065108588, -1.9978575870215716, -1.3181066574243534, 306142000000
1.245503162086157, -1.99490160880447, -1.3551516010383202, 306176000000
1.2420105647362742, -1.9918723214699738, -1.3933456657274157, 306210000000
1.2385648518417958, -1.9887719679494904, -1.432762028650429, 306244000000
1.2351667501275978, -1.985602362538688, -1.4734690057132473, 306278000000
1.2318172224576058, -1.982364950660958, -1.515528437103557, 306312000000
1.228517519132602, -1.979060861555968, -1.5589937028698908, 306346000000
1.2252692225039945, -1.9756909660905688, -1.6039074929316615, 306380000000
1.2220742948142644, -1.9722559311292793, -1.6502992713529618, 306414000000
1.2189351221076445, -1.968756276828833, -1.6981825743851713, 306448000000
1.2158545606769031, -1.9651924328831047, -1.7475521881240565, 306482000000
1.2128359815214222, -1.9615647971096162, -1.7983814022633051, 306516000000
1.209883316852855, -1.9578737948174452, -1.850619496747188, 306550000000
1.2070011057093701, -1.9541199408661607, -1.904189723460967, 306584000000
1.2041945409663941, -1.9503039040606893, -1.9589880148971217, 306618000000
1.2014695156374169, -1.946426575031912, -2.014882691597316, 306652000000
1.198832669438462, -1.9424891377566238, -2.0717153713942333, 306686000000
1.1962914338188877, -1.938493145399143, -2.1293032357019683, 306720000000
1.1938540753904303, -1.9344406007031814, -2.1874426780168323, 306754000000
1.1915297359238854, -1.9303340412069434, -2.245914240506342, 306788000000
1.1871235561165416, -1.9288650967371703, -2.303491307377332, 306822000000
1.1820618488789827, -1.928126017242386, -2.359272331284384, 306856000000
1.1770153724703032, -1.9272872879262815, -2.4132545707779043, 306890000000
1.1719890969827182, -1.9263529626391047, -2.4653701786049473, 306924000000
1.1669876051104946, -1.9253266229092874, -2.5155880687151946, 306958000000
1.1620151592636117, -1.9242110363522595, -2.5639127073680266, 306992000000
1.157075838265461, -1.9230084423751466, -2.610376207008375, 307026000000
1.1521736496130992, -1.9217203636429339, -2.6550350122478905, 307060000000
1.1473126363711736, -1.9203477805423328, -2.697963614175589, 307094000000
1.1424970028534693, -1.9188910373042145, -2.739251165397501, 307128000000
1.1377312121245973, -1.9173499545531745, -2.7789969985806775, 307162000000
1.1330201126462747, -1.9157237937064955, -2.8173080152667653, 307196000000
1.128369034235516, -1.9140113382956896, -2.8542958130599696, 307230000000
1.1237839098711757, -1.9122108963077673, -2.8900750098515853, 307264000000
1.119271370823418, -1.910320369085776, -2.9247616221349877, 307298000000
1.114838859643337, -1.908337280283061, -2.9584721976954342, 307332000000
1.1104947210783005, -1.9062588432070973, -2.9913230910282316, 307366000000
1.1062483021531913, -1.904082009558134, -3.0234302106106723, 307400000000
1.1021100334351563, -1.9018035407405798, -3.054908913361047, 307434000000
1.0980915117186811, -1.8994200718479222, -3.0858741971340558, 307468000000
1.0942055655557896, -1.896928189539789, -3.1164410204166657, 307502000000
1.090466315760488, -1.8943245087818656, 3.1364604923882164, 307536000000
1.0868892188061845, -1.8916057594922864, 3.106343207275664, 307570000000
1.0834910993899114, -1.8887688763398127, 3.0762740820453662, 307604000000
1.0802901638479714, -1.885811097835538, 3.046132118780478, 307638000000
1.0757390259707844, -1.8837582908202823, 3.0159996491677927, 307672000000
1.0686015425533062, -1.8833604249494473, 2.98633711206736, 307706000000
1.061845801242356, -1.8827580135184614, 2.9566107577544285, 307740000000
1.0551975084857625, -1.8819573883072065, 2.9264764052666905, 307774000000
1.048647089844301, -1.880967494521404, 2.8958154981283495, 307808000000
1.0422041436061968, -1.879788646392262, 2.8645184542593705, 307842000000
1.035878286574222, -1.8784211614211643, 2.83248017433445, 307876000000
1.029679097456277, -1.8768650155123474, 2.7996002749531588, 307910000000
1.0236164884033503, -1.8751199361244, 2.765784062932687, 307944000000
1.0182748422918857, -1.8734201400671482, 2.7316203443311298, 307978000000
1.016385753376773, -1.8729998512018913, 2.7098102012683682, 308012000000
1.0138726267313392, -1.8723662194903268, 2.6883574057642647, 308046000000
1.0112683343697366, -1.8717329742253128, 2.666210293791979, 308080000000
1.0085877365597309, -1.8711065281024817, 2.6433675280410087, 308114000000
1.0059202587036344, -1.8705558316643531, 2.6198433018188934, 308148000000
1.003238245283473, -1.87005393068735, 2.5956429698589245, 308182000000
1.0004334041179914, -1.8695429983381975, 2.5707468575355015, 308216000000
0.9975740903216308, -1.8690382277013255, 2.5451844776132093, 308250000000
0.9947646947303751, -1.8686185947605782, 2.518997863343002, 308284000000
0.9917977717753239, -1.8681111738074643, 2.49219726499152, 308318000000
0.988751343123595, -1.8675880897072172, 2.4648374414606407, 308352000000
0.9856922997359695, -1.8670858788070848, 2.436965791373593, 308386000000
0.9827209079341473, -1.8666740602674985, 2.4086346298015937, 308420000000
0.9795494769813471, -1.8661313910836184, 2.379843811392153, 308454000000
0.9763839949486776, -1.865608040623701, 2.350656902899335, 308488000000
0.9732127444570728, -1.86509573632072, 2.321133683255229, 308522000000
0.9700134289419176, -1.8645714496424346, 2.291306397057287, 308556000000
0.9667920694358229, -1.8640380700328332, 2.2612099789559927, 308590000000
0.9635729221490283, -1.8635102462064295, 2.2308837446011824, 308624000000
0.960299945420483, -1.8629490261175534, 2.2003702237516265, 308658000000
0.9569825454601264, -1.8623256544959201, 2.169743854329661, 308692000000
0.9536559574792863, -1.8617019768126561, 2.1390372119552814, 308726000000
0.9504326682607941, -1.8611671305505535, 2.108308478578248, 308760000000
0.9470495834808447, -1.8604675050320856, 2.07757363978877, 308794000000
0.9436612612192872, -1.859759195404258, 2.046875080525271, 308828000000
0.9402851555487787, -1.85904751893834, 2.0162471430870177, 308862000000
0.9369088282830227, -1.8583199680103117, 1.985715213302247, 308896000000
0.9335471560754056, -1.8575889367328562, 1.955302870020095, 308930000000
0.930088026715413, -1.8567497306828988, 1.9250325759294062, 308964000000
0.926678810587694, -1.8559328143001412, 1.8949418546376906, 308998000000
0.9232589149484222, -1.8550830974909196, 1.8650538148102587, 309032000000
0.9199046149881386, -1.854276667805522, 1.8353781375332068, 309066000000
0.9163906952753382, -1.853290277841584, 1.8059099300739192, 309100000000
0.9129508871417115, -1.8523467613767595, 1.7767079121353286, 309134000000
0.9094950790891274, -1.8513677563067497, 1.7477359762215827, 309168000000
0.9060423343654235, -1.8503574395496958, 1.7190597625556303, 309202000000
0.9025744578203243, -1.8493123655613428, 1.6906238187251794, 309236000000
0.8991176762188418, -1.8482432585617288, 1.6625151619248202, 309270000000
0.895630461964922, -1.847117779128382, 1.6346503609204777, 309304000000
0.8921460587943407, -1.8459683780503997, 1.6070863321617739, 309338000000
0.8886576005305019, -1.8447768256894785, 1.579861846827879, 309372000000
0.8852222351643219, -1.843604528285499, 1.5529620790039411, 309406000000
0.8816716551324446, -1.8422941000780644, 1.5262895012777438, 309440000000
0.8781653157570218, -1.841002237081626, 1.4999236370769753, 309474000000
0.8746544851443873, -1.8396704282229317, 1.4738839567958832, 309508000000
0.8711390139209114, -1.8382993327854797, 1.4481649226996156, 309542000000
0.867618169413852, -1.8368898765037802, 1.4227588780321159, 309576000000
0.8640912625494341, -1.8354428896058304, 1.397658995198516, 309610000000
0.8605576428913309, -1.8339591314622488, 1.3728591157863217, 309644000000
0.8570166357738369, -1.8324393352238058, 1.348353431754249, 309678000000
0.8534675047952343, -1.8308842310675253, 1.324136339545105, 309712000000
0.8499094347890304, -1.8292945552914457, 1.300202402082688, 309746000000
0.8463415248052101, -1.8276710526685076, 1.2765463538005728, 309780000000
0.8427627850799669, -1.8260144758775314, 1.2531631178714466, 309814000000
0.8391721347696872, -1.8243255841352302, 1.2300478239296175, 309848000000
0.8355683985583708, -1.8226051424233205, 1.207195822432983, 309882000000
0.8319503010587848, -1.8208539221664688, 1.1846026946121007, 309916000000
0.828316458392543, -1.8190727038500205, 1.1622642578903244, 309950000000
0.8246653663938267, -1.8172622819922362, 1.1401765669789976, 309984000000
0.8209953845861696, -1.8154234730751828, 1.1183359109714437, 310018000000
0.8173047145311145, -1.8135571274066309, 1.0967388067997006, 310052000000
0.813591370369797, -1.8116641464226955, 1.0753819894087822, 310086000000
0.8098531382802674, -1.8097455077511617, 1.0542623989511835, 310120000000
0.8060875198885133, -1.8078023016501377, 1.033377165210677, 310154000000
0.8022916518617329, -1.8058357845668929, 1.0127235893300703, 310188000000
0.7984621890204295, -1.8038474591802813, 0.9922991227399748, 310222000000
0.7945951296253303, -1.8018391967651013, 0.9721013429496392, 310256000000
0.790685545632342, -1.7998134300182547, 0.9521279255265428, 310290000000
0.7867271501891038, -1.7977734692900509, 0.932376611072864, 310324000000
0.7827115719418524, -1.7957240486228012, 0.912845165113276, 310358000000
0.7786270667348798, -1.7936723332478757, 0.8935313270656681, 310392000000
0.7744560598377884, -1.7916299468135843, 0.8744327405409094, 310426000000
0.7701699934206955, -1.7896175567840948, 0.8555468466983008, 310460000000
0.7657170628631976, -1.7876771225300134, 0.8368706869318668, 310494000000
0.7609875800538767, -1.7859141271612848, 0.8184003945191932, 310528000000
0.755701110400562, -1.784721851165268, 0.8001288274152488, 310562000000
0.7498673944643244, -1.7863065048181055, 0.7820255435439624, 310596000000
0.7466187067732324, -1.7912137019007979, 0.7640470621203826, 310630000000
0.7447738007653218, -1.7962795439815302, 0.746207712299514, 310664000000
0.7433508384377269, -1.8012525015591054, 0.7284951623945912, 310698000000
0.7421643930389983, -1.8061481574794098, 0.7107760717637145, 310732000000
0.7411771846662192, -1.8110200442310653, 0.6930135710935093, 310766000000
0.7403489345965406, -1.8158495133098707, 0.6750939339781401, 310800000000
0.7395577615777919, -1.8205934514404651, 0.656935222656778, 310834000000
0.7389876738928344, -1.8253484461120366, 0.6384282940472842, 310868000000
0.7380646251759829, -1.8298394011603505, 0.6193594767088899, 310902000000
0.7358737421841145, -1.8337579718091046, 0.5998726625444583, 310936000000
0.733746275970214, -1.8376981729024997, 0.5799915854031206, 310970000000
0.7316845978127079, -1.8416619773244143, 0.5596735144325892, 311004000000
0.729689336637327, -1.8456507771631334, 0.5388812134560902, 311038000000
0.7277597011336367, -1.8496653427684162, 0.5175831646771084, 311072000000
0.7278688721702046, -1.8542527548587886, 0.49562306349337, 311106000000
0.7284813859645473, -1.8575025300091412, 0.4727816754972752, 311140000000
0.7289886575781475, -1.8603014206016808, 0.4497944255135169, 311174000000
0.7295035847764384, -1.8630568102873823, 0.42673871032457905, 311208000000
0.7300288628653174, -1.865769446484986, 0.40363655182239055, 311242000000
0.7305670058768206, -1.8684403775238716, 0.38050978040335026, 311276000000
0.731120340438193, -1.871070921476122, 0.3573799034676121, 311310000000
0.7316910065922714, -1.873662632738801, 0.3342679672058787, 311344000000
0.7322809518813039, -1.8762172759858309, 0.31119442227682825, 311378000000
0.732891928352439, -1.8787367981778038, 0.28817898771488465, 311412000000
0.7335254849252681, -1.8812233049834868, 0.2652405209133724, 311446000000
0.7341829609281868, -1.8836790365451497, 0.2423968903615032, 311480000000
0.7348654763199363, -1.8861063458821834, 0.2196648565122781, 311514000000
0.7355739220880324, -1.8885076771621094, 0.19705995890240785, 311548000000
0.7363089481675676, -1.8908855454924014, 0.1745964130197648, 311582000000
0.7370709509615937, -1.8932425166919093, 0.15228701575301987, 311616000000
0.7378600588630703, -1.8955811878178586, 0.13014306139147339, 311650000000
0.7386761169753581, -1.8979041675561839, 0.1081742671230938, 311684000000
0.7395186700155064, -1.9002140567822468, 0.08638870863554024, 311718000000
0.7403869440255719, -1.902513428735977, 0.06479276440785986, 311752000000
0.7415090225770403, -1.9048560387977689, 0.04338060040819244, 311786000000
0.7447972689837143, -1.9078674932463013, 0.021557790516903323, 311820000000
0.7481556040712142, -1.9108349391968327, -0.0008591304291838247, 311854000000
0.7516092102878004, -1.9137112063391106, -0.023373543074045953, 311888000000
0.7552316119425576, -1.916494241556668, -0.045790580086663896, 311922000000
0.7588017852552081, -1.9191653018332306, -0.06806090195393869, 311956000000
0.7626427768929145, -1.9217499450678672, -0.09017031440776738, 311990000000
0.7664595418154209, -1.9242188312256283, -0.11213413316969498, 312024000000
0.7703314017746066, -1.9265730418759262, -0.1339631917057644, 312058000000
0.7742555653967476, -1.9288090370363575, -0.1556714464858047, 312092000000
0.7782289245617235, -1.9309240695405483, -0.17727302433942838, 312126000000
0.7822479395443913, -1.9329159820570896, -0.19878190014349092, 312160000000
0.7863087383394197, -1.9347832402910012, -0.2202119128616126, 312194000000
0.7904072215415707, -1.9365249796357908, -0.2415767812905474, 312228000000
0.7945391639062714, -1.9381410173433593, -0.2628900875143885, 312262000000
0.7987003028171402, -1.939631836898228, -0.2841652413054944, 312296000000
0.802886416658767, -1.940998552483107, -0.3054154372880769, 312330000000
0.8070933932577528, -1.9422428603010191, -0.326653610967794, 312364000000
0.81131728805394, -1.9433669813429855, -0.34789239648015, 312398000000
0.8155543718357843, -1.9443735986832529, -0.36914408748037536, 312432000000
0.8198011681578798, -1.945265791715273, -0.39042060199121487, 312466000000
0.8240544807794934, -1.9460469696137455, -0.4117334517267748, 312500000000
